id,ident,type,airport_name,latitude,longitude,elevation_ft,iso_region,municipality,scheduled_service,icao_code,iata_code,state_abbr,airport_name_clean
6539,00IL,small_airport,Hammer Airport,41.978401,-89.560402,840.0,US-IL,Polo,no,,,IL,HAMMER AIRPORT
6541,00IS,small_airport,Hayenga's Cant Find Farms Airport,40.02560043334961,-89.1229019165039,820.0,US-IL,Kings,no,,,IL,HAYENGA'S CANT FIND FARMS AIRPORT
6544,00LL,heliport,Ac & R Components Heliport,39.66529846191406,-89.70559692382812,600.0,US-IL,Chatham,no,,,IL,AC & R COMPONENTS HELIPORT
321919,00NK,seaplane_base,Cliche Cove Seaplane Base,44.8118612,-73.3698057,96.0,US-NY,Beekmantown,no,,,NY,CLICHE COVE SEAPLANE BASE
6554,00NY,small_airport,Weiss Airfield,42.89576,-77.495263,1000.0,US-NY,West Bloomfield,no,,,NY,WEISS AIRFIELD
6585,01CO,heliport,St Vincent General Hospital Heliport,39.24530029296875,-106.24600219726562,10175.0,US-CO,Leadville,no,,,CO,ST VINCENT GENERAL HOSPITAL HELIPORT
6594,01IL,heliport,Hoopeston Community Memorial Hospital Heliport,40.45859909057617,-87.65950012207031,583.0,US-IL,Hoopeston,no,,,IL,HOOPESTON COMMUNITY MEMORIAL HOSPITAL HELIPORT
6596,01IS,small_airport,William E. Koenig Airport,39.01620101928711,-90.31819915771484,670.0,US-IL,Dow,no,,,IL,WILLIAM E. KOENIG AIRPORT
6602,01LL,small_airport,Schumaier Restricted Landing Area,38.12580108642578,-89.46389770507812,555.0,US-IL,Pinckneyville,no,,,IL,SCHUMAIER RESTRICTED LANDING AREA
6616,01NY,heliport,Vassar Hospital Heliport,41.692415,-73.93683,100.0,US-NY,Poughkeepsie,no,,,NY,VASSAR HOSPITAL HELIPORT
6644,02CO,small_airport,Mc Cullough Airport,37.64329910279999,-106.04699707,7615.0,US-CO,Monte Vista,no,,,CO,MC CULLOUGH AIRPORT
6655,02IS,heliport,Condell Medical Center Heliport,42.274600982666016,-87.9572982788086,762.0,US-IL,Libertyville,no,,,IL,CONDELL MEDICAL CENTER HELIPORT
6672,02NY,heliport,Hansen Heliport,43.132598876953125,-75.65550231933594,435.0,US-NY,Durhamville,no,,,NY,HANSEN HELIPORT
6709,03IL,small_airport,Wix Airport,41.40230178833008,-87.81670379638672,750.0,US-IL,Monee,no,,,IL,WIX AIRPORT
6711,03IS,heliport,OSF St Anthony's Health Center Heliport,38.904999,-90.173401,580.0,US-IL,Alton,no,,,IL,OSF ST ANTHONY'S HEALTH CENTER HELIPORT
6732,03NY,small_airport,Talmage Field,40.958308,-72.717326,95.0,US-NY,Riverhead,no,,,NY,TALMAGE FIELD
6766,04IL,small_airport,Schertz Aerial Service - Hudson Airport,40.6375007629,-89.0070037842,755.0,US-IL,Hudson,no,,,IL,SCHERTZ AERIAL SERVICE - HUDSON AIRPORT
6767,04IS,small_airport,Van Gorder Airport,40.1786003112793,-88.56900024414062,728.0,US-IL,Mansfield,no,,,IL,VAN GORDER AIRPORT
6785,04NY,small_airport,Klaverack Airport,42.262298584,-73.6961975098,250.0,US-NY,Hudson,no,,,NY,KLAVERACK AIRPORT
6798,04V,small_airport,Saguache Municipal Airport,38.099083,-106.174389,7826.0,US-CO,Saguache,no,,,CO,SAGUACHE MUNICIPAL AIRPORT
6813,05CO,small_airport,Rancho de Aereo Airport,40.214984,-104.984423,4978.0,US-CO,Mead,no,,,CO,RANCHO DE AEREO AIRPORT
6822,05IL,small_airport,Classic Landings Airport,41.156700134277344,-88.0167007446289,635.0,US-IL,Bonfield,no,,,IL,CLASSIC LANDINGS AIRPORT
6824,05IS,small_airport,Hardy Airport,39.72589874267578,-89.26399993896484,605.0,US-IL,Mount Auburn,no,,,IL,HARDY AIRPORT
6828,05LL,heliport,Midwest Heliport,41.749228,-87.935783,710.0,US-IL,Willowbrook,no,,,IL,MIDWEST HELIPORT
6840,05NY,heliport,Oswego County At Pulaski Heliport,43.55199813842773,-76.09020233154297,445.0,US-NY,Pulaski,no,,,NY,OSWEGO COUNTY AT PULASKI HELIPORT
6854,05V,small_airport,Blanca Airport,37.411098,-105.552002,7720.0,US-CO,Blanca,no,,,CO,BLANCA AIRPORT
6867,06CO,small_airport,Jecan Airport,37.385754,-103.691482,5100.0,US-CO,Branson,no,,,CO,JECAN AIRPORT
6875,06IL,small_airport,Humm Airport,41.5994987487793,-88.86990356445312,708.0,US-IL,Earlville,no,,,IL,HUMM AIRPORT
6877,06IS,small_airport,Sinele Strip,40.5463981628418,-91.27429962158205,695.0,US-IL,Nauvoo,no,,,IL,SINELE STRIP
6889,06N,small_airport,Randall Airport,41.431999,-74.391602,523.0,US-NY,Middletown,no,,,NY,RANDALL AIRPORT
6895,06NY,small_airport,Murphy Field,42.836797,-76.437614,1100.0,US-NY,Auburn,no,,,NY,MURPHY FIELD
6921,07CO,small_airport,Comanche Creek Airport,39.26359939575195,-104.427001953125,6620.0,US-CO,Kiowa,no,,,CO,COMANCHE CREEK AIRPORT
6948,07NY,heliport,Mmc Heliport,42.66640090942383,-74.76499938964844,1320.0,US-NY,Monticello,no,,,NY,MMC HELIPORT
6969,08CO,small_airport,Terra Firma Airport,38.73249816894531,-104.04100036621094,5600.0,US-CO,Rush,no,,,CO,TERRA FIRMA AIRPORT
6980,08IS,small_airport,Hemmer RLA Restricted Landing Area,37.9777984619,-89.20290374759999,400.0,US-IL,Du Quoin,no,,,IL,HEMMER RLA RESTRICTED LANDING AREA
6984,08LL,small_airport,Sauer Airport,41.074423,-88.488693,665.0,US-IL,Dwight,no,,,IL,SAUER AIRPORT
7000,08NY,small_airport,Md1 Airport,41.36809921264648,-74.50559997558594,650.0,US-NY,Middletown,no,,,NY,MD1 AIRPORT
7020,09CO,small_airport,Cottonwood Field,38.055275,-103.650769,4180.0,US-CO,Rocky Ford,no,,,CO,COTTONWOOD FIELD
7031,09IS,heliport,Swedish American Heliport,42.26499938964844,-89.07430267333984,874.0,US-IL,Rockford,no,,,IL,SWEDISH AMERICAN HELIPORT
7035,09LL,small_airport,Pine Hill Airport,42.46810150146485,-88.74320220947266,1000.0,US-IL,Capron,no,,,IL,PINE HILL AIRPORT
7042,09N,small_airport,Airhaven Airport,41.83259963989258,-73.8759994506836,450.0,US-NY,Staatsburg,no,,,NY,AIRHAVEN AIRPORT
7046,09NY,heliport,Spring Lake Fire Department Heliport,41.92890167236328,-74.04889678955078,254.0,US-NY,Kingston,no,,,NY,SPRING LAKE FIRE DEPARTMENT HELIPORT
7102,0C2,small_airport,Hinckley Airport,41.770901,-88.7034,760.0,US-IL,Hinckley,no,,,IL,HINCKLEY AIRPORT
7104,0C7,small_airport,Grandpas' Farm Mendota Airport,41.521999,-89.132599,727.0,US-IL,Mendota,no,,,IL,GRANDPAS' FARM MENDOTA AIRPORT
7105,0C8,small_airport,Cushing Field Ltd Airport,41.51885,-88.605079,640.0,US-IL,Newark,no,,,IL,CUSHING FIELD LTD AIRPORT
7117,0CD0,heliport,Delta County Memorial Hospital Heliport,38.745155,-108.047973,5000.0,US-CO,Delta,no,,,CO,DELTA COUNTY MEMORIAL HOSPITAL HELIPORT
7118,0CD1,heliport,Colorado Plains Medical Center Heliport,40.2610917,-103.7963389,4356.0,US-CO,Fort Morgan,no,,,CO,COLORADO PLAINS MEDICAL CENTER HELIPORT
7119,0CD2,small_airport,Foxx Valley Airport,38.652500152600005,-104.23400116,5800.0,US-CO,Yoder,no,,,CO,FOXX VALLEY AIRPORT
7121,0CD4,heliport,Kauffman Heliport,40.1463012695,-104.887001038,5120.0,US-CO,Denver,no,,,CO,KAUFFMAN HELIPORT
7122,0CD5,small_airport,Piñon Canyon Airport,37.490501,-104.143997,5686.0,US-CO,Model,no,,,CO,PIÑON CANYON AIRPORT
7123,0CD6,heliport,Exempla Good Samaritan Heliport,39.970843,-105.08741,5204.0,US-CO,Lafayette,no,,,CO,EXEMPLA GOOD SAMARITAN HELIPORT
7124,0CD7,small_airport,Fox Hole Airport,40.003917,-105.07185,5135.0,US-CO,Lafayette,no,,,CO,FOX HOLE AIRPORT
7125,0CD8,heliport,Prowers Medical Center Heliport,38.0710983276,-102.60900116,3575.0,US-CO,Lamar,no,,,CO,PROWERS MEDICAL CENTER HELIPORT
7126,0CD9,heliport,Swedish S.W. Medical Heliport,39.603099823,-105.091003418,5563.0,US-CO,Littleton,no,,,CO,SWEDISH S.W. MEDICAL HELIPORT
7137,0CO0,heliport,Longmont United Hospital Heliport,40.181606,-105.124774,5047.0,US-CO,Longmont,no,,,CO,LONGMONT UNITED HOSPITAL HELIPORT
7138,0CO1,small_airport,Dave's Airport,40.0332984924,-105.124000549,5170.0,US-CO,Louisville,no,,,CO,DAVE'S AIRPORT
7139,0CO2,small_airport,Crested Butte Airpark,38.851918,-106.928341,8980.0,US-CO,Crested Butte,no,,CSE,CO,CRESTED BUTTE AIRPARK
7141,0CO4,heliport,Geo-Seis Helicopters Heliport,40.5899009705,-105.04599762,4935.0,US-CO,Fort Collins,no,,,CO,GEO-SEIS HELICOPTERS HELIPORT
7143,0CO6,small_airport,Flying M & M Ranch Airport,38.2193984985,-108.212997437,8000.0,US-CO,Norwood,no,,,CO,FLYING M & M RANCH AIRPORT
7144,0CO7,heliport,Century Helicopters Heliport,40.5854988098,-105.040000916,4935.0,US-CO,Fort Collins,no,,,CO,CENTURY HELICOPTERS HELIPORT
7145,0CO8,small_airport,Cartwheel Airport,40.2083015442,-105.013000488,5010.0,US-CO,Mead,no,,,CO,CARTWHEEL AIRPORT
7146,0CO9,small_airport,Van Treese Airport,37.6582984924,-106.033996582,7613.0,US-CO,Monte Vista,no,,,CO,VAN TREESE AIRPORT
7180,0G0,small_airport,North Buffalo Suburban Airport,43.103199,-78.7033,588.0,US-NY,Lockport,no,,,NY,NORTH BUFFALO SUBURBAN AIRPORT
7227,0IL0,heliport,Hamilton Memorial Hospital Heliport,38.086700439453125,-88.53890228271484,440.0,US-IL,Mc Leansboro,no,,,IL,HAMILTON MEMORIAL HOSPITAL HELIPORT
7228,0IL1,heliport,Loyola University Medical Center Heliport,41.86090087890625,-87.8364028930664,623.0,US-IL,Broadview,no,,,IL,LOYOLA UNIVERSITY MEDICAL CENTER HELIPORT
45950,0IL2,small_airport,Griffin Airport,38.803056,-88.997778,541.0,US-IL,Alma,no,,,IL,GRIFFIN AIRPORT
7230,0IL4,heliport,Advocate Good Samaritan Hospital Heliport,41.818743,-88.007677,772.0,US-IL,Downers Grove,no,,,IL,ADVOCATE GOOD SAMARITAN HOSPITAL HELIPORT
323339,0IL5,heliport,OSF St Luke Medical Center Heliport,41.221865,-89.947788,849.0,US-IL,Kewanee,no,,,IL,OSF ST LUKE MEDICAL CENTER HELIPORT
7231,0IL6,heliport,Northwestern Memorial Healthcare Heliport,41.960636,-88.721781,852.0,US-IL,DeKalb,no,,,IL,NORTHWESTERN MEMORIAL HEALTHCARE HELIPORT
352229,0IL7,small_airport,Davis Restricted Landing Area,39.782917,-88.546708,682.0,US-IL,Hammond,no,,,IL,DAVIS RESTRICTED LANDING AREA
7233,0IL9,small_airport,Jack W Watson Airport,41.853699,-88.786513,880.0,US-IL,DeKalb,no,,,IL,JACK W WATSON AIRPORT
7242,0IS0,heliport,Trinity Medical Center West Heliport,41.48109817504883,-90.57140350341795,664.0,US-IL,Rock Island,no,,,IL,TRINITY MEDICAL CENTER WEST HELIPORT
7243,0IS2,heliport,Evanston/Glenbrook Heliport,42.09310150146485,-87.85260009765625,678.0,US-IL,Glenview,no,,,IL,EVANSTON/GLENBROOK HELIPORT
7244,0IS3,small_airport,Cady Aerial Restricted Landing Area,41.660089,-89.694443,630.0,US-IL,Rock Falls,no,,,IL,CADY AERIAL RESTRICTED LANDING AREA
7246,0IS6,heliport,Dongola Heliport,37.3656005859375,-89.1635971069336,383.0,US-IL,Dongola,no,,,IL,DONGOLA HELIPORT
7247,0IS8,heliport,Blessing Hospital At 11th St Heliport,39.936012,-91.398659,650.0,US-IL,Quincy,no,,,IL,BLESSING HOSPITAL AT 11TH ST HELIPORT
7248,0IS9,heliport,Bernardin Heliport,41.70840072631836,-89.2029037475586,830.0,US-IL,West Brooklyn,no,,,IL,BERNARDIN HELIPORT
7283,0LL0,small_airport,Kaufield Airport,42.265259,-88.727754,783.0,US-IL,Belvidere,no,,,IL,KAUFIELD AIRPORT
7284,0LL1,small_airport,Jerseyville Aviation Inc Airport,39.094200134277344,-90.31340026855467,604.0,US-IL,Jerseyville,no,,,IL,JERSEYVILLE AVIATION INC AIRPORT
7285,0LL2,small_airport,Murk's Strip,40.738899231,-90.3806991577,700.0,US-IL,St. Augustine,no,,,IL,MURK'S STRIP
7286,0LL3,small_airport,Koenig Airport,39.05500030517578,-90.34210205078124,614.0,US-IL,Jerseyville,no,,,IL,KOENIG AIRPORT
7287,0LL4,small_airport,Flaherty Field,41.419592,-89.121394,664.0,US-IL,La Salle,no,,,IL,FLAHERTY FIELD
7288,0LL5,small_airport,Busboom RLA Restricted Landing Area,40.1100006104,-88.07839965820001,675.0,US-IL,St Joseph,no,,,IL,BUSBOOM RLA RESTRICTED LANDING AREA
7289,0LL6,small_airport,Gord Airport,41.69839859008789,-88.60759735107422,710.0,US-IL,Sandwich,no,,,IL,GORD AIRPORT
7290,0LL7,heliport,Northwestern Medicine Valley West Hospital Heliport,41.657994,-88.621297,670.0,US-IL,Sandwich,no,,,IL,NORTHWESTERN MEDICINE VALLEY WEST HOSPITAL HELIPORT
7416,0NK0,small_airport,Berdick Field,42.33399963378906,-78.79090118408203,1690.0,US-NY,Cattaraugus,no,,,NY,BERDICK FIELD
7417,0NK1,small_airport,Spring Brook Airport,43.361698150634766,-76.22019958496094,450.0,US-NY,Central Square,no,,,NY,SPRING BROOK AIRPORT
7418,0NK2,small_airport,Westwind Farm Airport,42.9833984375,-74.01619720458984,800.0,US-NY,Charlton,no,,,NY,WESTWIND FARM AIRPORT
7419,0NK3,small_airport,Seven Gullies Airport,42.695653,-77.792451,600.0,US-NY,Groveland,no,,,NY,SEVEN GULLIES AIRPORT
7420,0NK4,heliport,Nassau University Medical Center Heliport,40.726482,-73.552773,80.0,US-NY,Hempstead,no,,,NY,NASSAU UNIVERSITY MEDICAL CENTER HELIPORT
7422,0NK6,small_airport,Cochran Airport,42.438421,-76.089272,1280.0,US-NY,Marathon,no,,,NY,COCHRAN AIRPORT
7423,0NK7,heliport,King Street Heliport,41.10279,-73.725087,470.0,US-NY,Armonk,no,,,NY,KING STREET HELIPORT
7429,0NY0,small_airport,Bennetts Airport,43.692973,-73.978013,1040.0,US-NY,North Creek,no,,,NY,BENNETTS AIRPORT
7430,0NY1,small_airport,Russell Field,43.139198303222656,-73.6531982421875,260.0,US-NY,Northumberland,no,,,NY,RUSSELL FIELD
346774,0NY2,heliport,Amar Heliport,41.231009,-74.047353,507.0,US-NY,Stony Point,no,,,NY,AMAR HELIPORT
7431,0NY3,small_airport,Kermizian Airport,43.31399917602539,-74.93209838867188,1440.0,US-NY,Ohio,no,,,NY,KERMIZIAN AIRPORT
347051,0NY4,heliport,Bridgeview Heliport,41.982698,-73.963206,133.0,US-NY,Kingston,no,,,NY,BRIDGEVIEW HELIPORT
7433,0NY6,heliport,New York State Police Troop E Zone 2 Auburn Heliport,42.928843,-76.615734,600.0,US-NY,Auburn,no,,,NY,NEW YORK STATE POLICE TROOP E ZONE 2 AUBURN HELIPORT
7434,0NY7,small_airport,Murphys Landing Strip,43.026623,-74.177055,940.0,US-NY,Amsterdam,no,,,NY,MURPHYS LANDING STRIP
7435,0NY8,small_airport,Wenskoski Field,42.99729919433594,-74.24539947509766,800.0,US-NY,Perth,no,,,NY,WENSKOSKI FIELD
7665,10IL,heliport,Riverside Medical Center Heliport,41.12360000610352,-87.88529968261719,620.0,US-IL,Kankakee,no,,,IL,RIVERSIDE MEDICAL CENTER HELIPORT
346195,10NK,heliport,Glens Falls Hospital Heliport,43.307336,-73.646211,328.0,US-NY,Glens Falls,no,,,NY,GLENS FALLS HOSPITAL HELIPORT
596705,11CO,heliport,Middle Park Health Fraser Campus Heliport,39.926861,-105.790317,8738.0,US-CO,Fraser,no,,,CO,MIDDLE PARK HEALTH FRASER CAMPUS HELIPORT
7713,11IL,heliport,Presence St Mary's Hospital - Kankakee Heliport,41.120718,-87.873075,610.0,US-IL,Kankakee,no,,,IL,PRESENCE ST MARY'S HOSPITAL - KANKAKEE HELIPORT
7715,11IS,heliport,St Anthony Memorial Hospital Heliport,39.125,-88.55059814453125,593.0,US-IL,Effingham,no,,,IL,ST ANTHONY MEMORIAL HOSPITAL HELIPORT
7719,11LL,small_airport,Thacker Airport,40.722514,-88.769108,720.0,US-IL,Chenoa,no,,,IL,THACKER AIRPORT
7731,11NK,small_airport,Hop House Airpark,42.91389846801758,-74.61170196533203,530.0,US-NY,Fort Plain,no,,,NY,HOP HOUSE AIRPARK
7754,12CO,small_airport,Omega 1 Airport,38.835499,-107.815184,6409.0,US-CO,Hotchkiss,no,,,CO,OMEGA 1 AIRPORT
7766,12IS,heliport,Mercer County Hospital Heliport,41.206084,-90.759419,729.0,US-IL,Aledo,no,,,IL,MERCER COUNTY HOSPITAL HELIPORT
7785,12NK,small_airport,Westport Airport,44.15840148925781,-73.43289947509766,276.0,US-NY,Westport,no,,,NY,WESTPORT AIRPORT
7813,13CO,heliport,Mann Heliport,40.55559921264648,-106.84400177001952,7500.0,US-CO,Steamboat Springs,no,,,CO,MANN HELIPORT
350762,13IL,heliport,Midwest Medical Center Heliport,42.449757,-90.456925,865.0,US-IL,Galena,no,,,IL,MIDWEST MEDICAL CENTER HELIPORT
7827,13LL,heliport,Henry Valve Company Heliport,41.9088890358,-87.87408247590001,640.0,US-IL,Melrose Park,no,,,IL,HENRY VALVE COMPANY HELIPORT
7841,13NK,heliport,Quaker Valley Farm Heliport,41.59749984741211,-73.53150177001953,1100.0,US-NY,Pawling,no,,,NY,QUAKER VALLEY FARM HELIPORT
7843,13NY,heliport,Stony Brook University Hospital Heliport,40.909885,-73.11465,190.0,US-NY,Stony Brook,no,,,NY,STONY BROOK UNIVERSITY HOSPITAL HELIPORT
7884,14IS,heliport,Marshall Browning Hospital Heliport,38.025239,-89.237025,454.0,US-IL,Du Quoin,no,,,IL,MARSHALL BROWNING HOSPITAL HELIPORT
7889,14LL,heliport,Gottlieb Heliport,41.91138164349999,-87.843619287,688.0,US-IL,Melrose Park,no,,,IL,GOTTLIEB HELIPORT
7903,14NK,small_airport,Mountain View Airport,43.34000015258789,-73.47899627685547,243.0,US-NY,Kingsbury,no,,,NY,MOUNTAIN VIEW AIRPORT
7904,14NY,heliport,Windy's Heliport,40.79755,-73.4179,222.0,US-NY,Melville,no,,,NY,WINDY'S HELIPORT
7932,15CO,heliport,Swedish Medical Center Heliport,39.65470123291016,-104.97100067138672,5374.0,US-CO,Englewood,no,,,CO,SWEDISH MEDICAL CENTER HELIPORT
7939,15IL,small_airport,Gittleson Farms Airport,41.79729843139648,-89.27320098876953,836.0,US-IL,Franklin Grove,no,,,IL,GITTLESON FARMS AIRPORT
7944,15LL,small_airport,Cloverleaf Ranch Airport,41.23749923706055,-89.53669738769531,807.0,US-IL,Tiskilwa,no,,,IL,CLOVERLEAF RANCH AIRPORT
7958,15NY,heliport,Peninsula Hospital Center Heliport,40.59180068969727,-73.78009796142578,757.0,US-NY,Far Rockaway,no,,,NY,PENINSULA HOSPITAL CENTER HELIPORT
45322,16CO,small_airport,Dry Pen Airport,39.40227,-108.07602,5331.0,US-CO,Parachute,no,,,CO,DRY PEN AIRPORT
7991,16IL,small_airport,Harold Bunger Airport,42.067857,-88.827176,830.0,US-IL,Kirkland,no,,,IL,HAROLD BUNGER AIRPORT
7993,16IS,small_airport,Kellums Airport,37.577608,-89.008583,720.0,US-IL,Goreville,no,,,IL,KELLUMS AIRPORT
7997,16LL,heliport,Oak Landing Heliport,42.29999923706055,-88.38059997558594,870.0,US-IL,Bull Valley,no,,,IL,OAK LANDING HELIPORT
8009,16NK,heliport,Delaware Valley Hospital Heliport,42.16239929199219,-75.12799835205078,1220.0,US-NY,Walton,no,,,NY,DELAWARE VALLEY HOSPITAL HELIPORT
45331,17CO,small_airport,Skylane Ranch Airport,40.272258,-105.032625,5000.0,US-CO,Berthoud,no,,,CO,SKYLANE RANCH AIRPORT
8058,17NK,small_airport,Re-Dun Field,42.457059,-76.951053,1351.0,US-NY,Rock Stream,no,,,NY,RE-DUN FIELD
8085,18CO,heliport,Rangely District Hospital Heliport,40.0807991027832,-108.8040008544922,5224.0,US-CO,Rangely,no,,,CO,RANGELY DISTRICT HOSPITAL HELIPORT
8092,18IL,heliport,AMITA Health Medical Center La Grange Heliport,41.79699,-87.887281,700.0,US-IL,La Grange,no,,,IL,AMITA HEALTH MEDICAL CENTER LA GRANGE HELIPORT
8109,18NY,small_airport,Strip in the Woods Airport,42.017362,-74.047593,500.0,US-NY,Woodstock,no,,,NY,STRIP IN THE WOODS AIRPORT
8132,19CO,heliport,UCH-MHS Memorial Central Heliport,38.840375,-104.799385,6155.0,US-CO,Colorado Springs,no,,,CO,UCH-MHS MEMORIAL CENTRAL HELIPORT
8140,19IS,small_airport,Skillet Fork Farm Airport,38.2958984375,-88.55699920654297,430.0,US-IL,Wayne City,no,,,IL,SKILLET FORK FARM AIRPORT
8144,19LL,small_airport,Neiner Airport,41.25699996948242,-87.91950225830078,650.0,US-IL,Manteno,no,,,IL,NEINER AIRPORT
8153,19NK,small_airport,Riveredge Airpark,43.243900299072266,-76.15280151367188,378.0,US-NY,Central Square,no,,,NY,RIVEREDGE AIRPARK
8154,19NY,small_airport,Four Seasons Airport,42.40620040893555,-77.96080017089844,1650.0,US-NY,Reading,no,,,NY,FOUR SEASONS AIRPORT
8172,1A1,small_airport,Green Acres Airport,42.14870071411133,-73.7509994506836,295.0,US-NY,Livingston,no,,,NY,GREEN ACRES AIRPORT
8216,1B8,small_airport,Chapin Field,43.050098,-73.366203,508.0,US-NY,Cambridge,no,,,NY,CHAPIN FIELD
8217,1C3,small_airport,Argyle Airport,43.2542,-73.470901,330.0,US-NY,Argyle,no,,,NY,ARGYLE AIRPORT
8219,1C8,small_airport,Cottonwood Airport,42.29169845581055,-89.13619995117188,741.0,US-IL,Rockford,no,,,IL,COTTONWOOD AIRPORT
8231,1CD0,heliport,Murphy Heliport,40.142799377441406,-105.00299835205078,4870.0,US-CO,Longmont,no,,,CO,MURPHY HELIPORT
8232,1CD1,small_airport,Reed International Airport,40.688277,-104.862271,5350.0,US-CO,Nunn,no,,,CO,REED INTERNATIONAL AIRPORT
8233,1CD2,small_airport,Tonga Airport,40.167377,-104.798575,4925.0,US-CO,Platteville,no,,,CO,TONGA AIRPORT
8234,1CD4,small_airport,Eagle Soaring Airport,40.506168,-106.947948,6600.0,US-CO,Steamboat Springs,no,,,CO,EAGLE SOARING AIRPORT
8235,1CD5,heliport,Rio Grande Hospital Heliport,37.67499923706055,-106.36299896240234,7190.0,US-CO,Del Norte,no,,,CO,RIO GRANDE HOSPITAL HELIPORT
8245,1CO0,heliport,Aurora Regional Medical Center Heliport,39.68830108642578,-104.83200073242188,5604.0,US-CO,Aurora,no,,,CO,AURORA REGIONAL MEDICAL CENTER HELIPORT
8246,1CO1,heliport,Mount Morrison Heliport,39.6692008972168,-105.22000122070312,7881.0,US-CO,Morrison,no,,,CO,MOUNT MORRISON HELIPORT
8247,1CO2,small_airport,Williams Ranch Airport,38.163733,-108.338398,6842.0,US-CO,Norwood,no,,,CO,WILLIAMS RANCH AIRPORT
8248,1CO3,small_airport,Bellmore Farms Airport,40.7041015625,-104.7979965209961,5225.0,US-CO,Nunn,no,,,CO,BELLMORE FARMS AIRPORT
8249,1CO4,small_airport,Clifford Field,38.57500076293945,-107.95899963378906,5560.0,US-CO,Olathe,no,,,CO,CLIFFORD FIELD
8250,1CO5,small_airport,Melon Field,38.016229,-103.69464,4260.0,US-CO,Rocky Ford,no,,,CO,MELON FIELD
8251,1CO6,heliport,Lands End Microwave Heliport,39.0848,-108.219509,9940.0,US-CO,Palisade,no,,,CO,LANDS END MICROWAVE HELIPORT
8252,1CO7,small_airport,Dodsworth Airport,38.55139923095703,-105.99199676513672,7480.0,US-CO,Salida,no,,,CO,DODSWORTH AIRPORT
8253,1CO8,small_airport,Everitt Airport,39.52920150756836,-104.65799713134766,6295.0,US-CO,Parker,no,,,CO,EVERITT AIRPORT
8254,1CO9,heliport,MCHD Heliport,37.36299896240234,-108.5749969482422,6153.0,US-CO,Cortez,no,,,CO,MCHD HELIPORT
8260,1D5,small_airport,Luther Airport,43.029556,-75.849814,740.0,US-NY,Chittenango,no,,,NY,LUTHER AIRPORT
8268,1E8,small_airport,Degrasse Moores Airport,44.388266,-75.066376,814.0,US-NY,Russell,no,,,NY,DEGRASSE MOORES AIRPORT
8271,1F2,small_airport,Plateau Sky Ranch Airport,43.225101,-74.114899,1070.0,US-NY,Edinburg,no,,,NY,PLATEAU SKY RANCH AIRPORT
8295,1G6,small_airport,Michael Airfield,43.181702,-76.1278,400.0,US-NY,Cicero,no,,,NY,MICHAEL AIRFIELD
8316,1H1,small_airport,Airlane Enterprises Airport,43.205101,-76.178802,385.0,US-NY,Clay,no,,,NY,AIRLANE ENTERPRISES AIRPORT
8317,1H4,small_airport,Greenville-Rainbow Airport,42.419465,-74.006889,840.0,US-NY,Greenville,no,,,NY,GREENVILLE-RAINBOW AIRPORT
8319,1I1,small_airport,Marcy Field,44.220901,-73.791298,985.0,US-NY,Keene,no,,,NY,MARCY FIELD
8348,1IL0,small_airport,Barnstorm Field,40.775001525878906,-89.0010986328125,731.0,US-IL,El Paso,no,,,IL,BARNSTORM FIELD
8349,1IL1,small_airport,Horsefeathers Ranch Airport,39.241595,-89.426565,653.0,US-IL,Irving,no,,,IL,HORSEFEATHERS RANCH AIRPORT
8351,1IL3,heliport,Alton Memorial Hospital Heliport,38.90219879150391,-90.1613998413086,525.0,US-IL,Alton,no,,,IL,ALTON MEMORIAL HOSPITAL HELIPORT
8352,1IL4,small_airport,Flight Park Inc Airport,38.418701,-90.131203,631.0,US-IL,Millstadt,no,,,IL,FLIGHT PARK INC AIRPORT
350768,1IL5,heliport,Highland Heliport,38.76032,-89.674326,560.0,US-IL,Highland,no,,,IL,HIGHLAND HELIPORT
8354,1IL7,heliport,Gearhart-Hollow Heliport,41.86479949951172,-89.50289916992188,800.0,US-IL,Dixon,no,,,IL,GEARHART-HOLLOW HELIPORT
8355,1IL8,small_airport,Loy Airport,40.93199920654297,-87.59590148925781,665.0,US-IL,Donovan,no,,,IL,LOY AIRPORT
8356,1IL9,small_airport,Holland Field,40.30059814453125,-89.12439727783203,715.0,US-IL,Mc Lean,no,,,IL,HOLLAND FIELD
8366,1IS2,small_airport,Triple Creek Airport,39.89640045166016,-88.52230072021484,666.0,US-IL,Bement,no,,,IL,TRIPLE CREEK AIRPORT
8367,1IS3,small_airport,Cribbet Airport,39.69556,-89.05953,620.0,US-IL,Blue Mound,no,,,IL,CRIBBET AIRPORT
8368,1IS4,small_airport,Swan Valley Farm Airport,42.134783,-89.824208,916.0,US-IL,Lanark,no,,,IL,SWAN VALLEY FARM AIRPORT
8369,1IS5,small_airport,Walder's Farm Airport,41.653099060058594,-89.00150299072266,900.0,US-IL,Paw Paw,no,,,IL,WALDER'S FARM AIRPORT
8370,1IS7,heliport,Ingersoll Heliport,42.29949951171875,-89.06929779052734,745.0,US-IL,Rockford,no,,,IL,INGERSOLL HELIPORT
8371,1IS8,heliport,Sword's Heliport,41.86249923706055,-89.22119903564453,799.0,US-IL,Ashton,no,,,IL,SWORD'S HELIPORT
8415,1LL1,heliport,Lawrence Co Memorial Hospital Heliport,38.728099823,-87.69470214840001,470.0,US-IL,Lawrenceville,no,,,IL,LAWRENCE CO MEMORIAL HOSPITAL HELIPORT
8416,1LL2,small_airport,Spring Brook Airport,41.300628,-88.633271,500.0,US-IL,Seneca,no,,,IL,SPRING BROOK AIRPORT
8417,1LL4,small_airport,Sies Landing Area Airport,39.183227,-89.69726,690.0,US-IL,Litchfield,no,,,IL,SIES LANDING AREA AIRPORT
347011,1LL5,small_airport,Justison Airport,39.24277,-89.55083,650.0,US-IL,Hillsboro,no,,,IL,JUSTISON AIRPORT
8418,1LL6,small_airport,Janssen Airport,42.22809982299805,-89.73819732666016,877.0,US-IL,Shannon,no,,,IL,JANSSEN AIRPORT
8419,1LL7,small_airport,Edwin G. Bennett Airport,41.34980010986328,-89.77320098876953,690.0,US-IL,Sheffield,no,,,IL,EDWIN G. BENNETT AIRPORT
8420,1LL8,small_airport,Zoomer Field,40.788654,-87.559361,680.0,US-IL,Sheldon,no,,,IL,ZOOMER FIELD
8421,1LL9,heliport,Reyhan Heliport,39.6776008605957,-89.80509948730469,600.0,US-IL,Loami,no,,,IL,REYHAN HELIPORT
8509,1N2,small_airport,Spadaro Airport,40.82789993286133,-72.74870300292969,50.0,US-NY,East Moriches,no,,,NY,SPADARO AIRPORT
8544,1NK0,small_airport,Roxbury Runway Airport,42.29729843139648,-74.54820251464844,1600.0,US-NY,Roxbury,no,,,NY,ROXBURY RUNWAY AIRPORT
8545,1NK1,heliport,Stone Ridge Heliport,41.89059829711914,-74.152099609375,285.0,US-NY,Stone Ridge,no,,,NY,STONE RIDGE HELIPORT
8547,1NK3,heliport,Troy Armory Heliport,42.69060134887695,-73.70369720458984,188.0,US-NY,Troy,no,,,NY,TROY ARMORY HELIPORT
8548,1NK4,heliport,Wagstaff Heliport,40.686798095703125,-73.3042984008789,11.0,US-NY,West Islip,no,,,NY,WAGSTAFF HELIPORT
8550,1NK6,small_airport,Catalano Airfield,44.423807,-73.758777,840.0,US-NY,Wilmington,no,,,NY,CATALANO AIRFIELD
8551,1NK7,small_airport,Boonville Inc Airport,43.46670150756836,-75.24960327148438,1200.0,US-NY,Boonville,no,,,NY,BOONVILLE INC AIRPORT
8552,1NK8,small_airport,Chenango Bridge Airport,42.19169998168945,-75.84130096435547,940.0,US-NY,Binghamton,no,,,NY,CHENANGO BRIDGE AIRPORT
8553,1NK9,heliport,Huntington Emergency Helistop,40.88399887084961,-73.42289733886719,12.0,US-NY,Huntington,no,,,NY,HUNTINGTON EMERGENCY HELISTOP
42769,1NY0,heliport,Woodlawn Beach State Park Heliport,42.7881126404,-78.8494796753,590.0,US-NY,Hamburg,no,,,NY,WOODLAWN BEACH STATE PARK HELIPORT
325870,1NY1,heliport,Seatuck Cove Heliport,40.816772,-72.730781,8.0,US-NY,Eastport,no,,,NY,SEATUCK COVE HELIPORT
8558,1NY3,small_airport,Richland Airpark,43.5667,-76.032997,560.0,US-NY,Richland,no,,,NY,RICHLAND AIRPARK
8559,1NY4,small_airport,High Banks Farm Landing Area Airport,44.61750030517578,-73.91100311279297,1520.0,US-NY,Saranac,no,,,NY,HIGH BANKS FARM LANDING AREA AIRPORT
8561,1NY6,heliport,Tgp-249 Heliport,42.75400161743164,-74.40070343017578,1300.0,US-NY,Carlisle,no,,,NY,TGP-249 HELIPORT
8781,20CO,heliport,Lookout Center Field Heliport,39.73465,-105.205024,5918.0,US-CO,Golden,no,,,CO,LOOKOUT CENTER FIELD HELIPORT
8789,20IL,heliport,Palos Community Hospital Heliport,41.66913,-87.812392,717.0,US-IL,Palos Heights,no,,,IL,PALOS COMMUNITY HOSPITAL HELIPORT
8791,20IS,small_airport,Mitek Airport,42.49720001220703,-89.79180145263672,777.0,US-IL,Winslow,no,,,IL,MITEK AIRPORT
322011,20LL,heliport,Abraham Lincoln Memorial Hospital Heliport,40.153042,-89.390726,583.0,US-IL,Lincoln,no,,,IL,ABRAHAM LINCOLN MEMORIAL HOSPITAL HELIPORT
8804,20NY,small_airport,Stafford Airport,43.005303,-78.039572,891.0,US-NY,Le Roy,no,,,NY,STAFFORD AIRPORT
8835,21IL,heliport,Sarah Bush Lincoln Health Center Heliport,39.48889923095703,-88.27330017089844,702.0,US-IL,Mattoon,no,,,IL,SARAH BUSH LINCOLN HEALTH CENTER HELIPORT
8848,21N,small_airport,Mattituck Airport,40.987598,-72.518997,30.0,US-NY,Mattituck,no,,,NY,MATTITUCK AIRPORT
8854,21NK,small_airport,Don Kichote-Quixote Airport,42.552799,-75.191102,1750.0,US-NY,Morris,no,,,NY,DON KICHOTE-QUIXOTE AIRPORT
45328,22CD,heliport,Platte Valley Medical Center Heliport,39.96603,-104.76745,5115.0,US-CO,Brighton,no,,,CO,PLATTE VALLEY MEDICAL CENTER HELIPORT
8880,22CO,small_airport,Flying E Airport,39.9580574036,-104.485557556,5100.0,US-CO,Brighton,no,,,CO,FLYING E AIRPORT
8887,22IL,small_airport,Heller Airport,42.412795,-90.399606,820.0,US-IL,Galena,no,,,IL,HELLER AIRPORT
8889,22IS,small_airport,Johnson Farm Airport,40.726200103759766,-91.06990051269533,535.0,US-IL,Carman,no,,,IL,JOHNSON FARM AIRPORT
8905,22NK,heliport,Alstar North Heliport,42.4827995300293,-79.3292007446289,580.0,US-NY,Dunkirk,no,,,NY,ALSTAR NORTH HELIPORT
8906,22NY,heliport,New York State Police Troop A Headquarters Heliport,43.031349,-78.186543,903.0,US-NY,Batavia,no,,,NY,NEW YORK STATE POLICE TROOP A HEADQUARTERS HELIPORT
45319,23CD,small_airport,Aviation Acres Airport,39.297425,-102.321222,4210.0,US-CO,Burlington,no,,,CO,AVIATION ACRES AIRPORT
8934,23CO,small_airport,High Mesa Airport,38.84389877319336,-103.98999786376952,6000.0,US-CO,Rush,no,,,CO,HIGH MESA AIRPORT
8942,23IL,heliport,Amita Health-Alexian Brothers Medical Center Heliport,42.004744,-88.017907,707.0,US-IL,Elk Grove Village,no,,,IL,AMITA HEALTH-ALEXIAN BROTHERS MEDICAL CENTER HELIPORT
8944,23IS,small_airport,Clark Airport,40.325682,-90.827633,570.0,US-IL,Plymouth,no,,,IL,CLARK AIRPORT
8949,23LL,heliport,Rotor Swing Heliport,42.16780090332031,-88.02649688720703,750.0,US-IL,Palatine,no,,,IL,ROTOR SWING HELIPORT
8958,23N,small_airport,Bayport Aerodrome,40.75804,-73.052716,41.0,US-NY,Bayport,no,,,NY,BAYPORT AERODROME
8964,23NK,small_airport,Long Acre Farms Airport,43.11249923706055,-77.3125,520.0,US-NY,Macedon,no,,,NY,LONG ACRE FARMS AIRPORT
8965,23NY,small_airport,Jolamtra Landing Area Airport,42.27980041503906,-77.33999633789062,1700.0,US-NY,Bath,no,,,NY,JOLAMTRA LANDING AREA AIRPORT
45327,24CD,heliport,Michigan River Ranch Heliport,40.567914,-106.060647,8620.0,US-CO,Walden,no,,,CO,MICHIGAN RIVER RANCH HELIPORT
8999,24IL,heliport,City of Geneseo Heliport,41.477500915527344,-90.15779876708984,640.0,US-IL,Geneseo,no,,,IL,CITY OF GENESEO HELIPORT
9006,24LL,small_airport,Lambert Airport,38.085932,-89.460326,510.0,US-IL,Pinckneyville,no,,,IL,LAMBERT AIRPORT
45334,25CD,small_airport,Lux Field,39.152333,-105.720167,9300.0,US-CO,Hartsel,no,,,CO,LUX FIELD
9046,25CO,small_airport,Crystal Lakes Airport,40.851600646972656,-105.63300323486328,8440.0,US-CO,Red Feather Lakes,no,,,CO,CRYSTAL LAKES AIRPORT
9052,25IL,small_airport,Holzwarth Flying Service Airport,39.516421,-89.869581,680.0,US-IL,Virden,no,,,IL,HOLZWARTH FLYING SERVICE AIRPORT
9054,25IS,heliport,Shag Bark Farms Heliport,39.70370101928711,-89.7490005493164,570.0,US-IL,Chatham,no,,,IL,SHAG BARK FARMS HELIPORT
9071,25NK,small_airport,Loucks Airport,42.43619918823242,-77.1322021484375,1425.0,US-NY,Hammondsport,no,,,NY,LOUCKS AIRPORT
9072,25NY,heliport,Carter's Heliport,40.80009841918945,-72.69950103759766,5.0,US-NY,Remsenburg,no,,,NY,CARTER'S HELIPORT
9103,26IS,small_airport,Ficklin-Airtech Airport,40.766700744628906,-88.50559997558594,672.0,US-IL,Fairbury,no,,,IL,FICKLIN-AIRTECH AIRPORT
9119,26NY,heliport,Vamc Heliport,40.92509841918945,-73.30619812011719,100.0,US-NY,Northport,no,,,NY,VAMC HELIPORT
9150,27IL,heliport,Jersey Community Hospital Heliport,39.11000061035156,-90.34369659423828,630.0,US-IL,Jerseyville,no,,,IL,JERSEY COMMUNITY HOSPITAL HELIPORT
9152,27IS,small_airport,Gelfius International Airport,38.14889907836914,-88.67030334472656,530.0,US-IL,Dahlgren,no,,,IL,GELFIUS INTERNATIONAL AIRPORT
9156,27LL,small_airport,Ralph Jacobs Airport,38.375099182128906,-90.31929779052734,400.0,US-IL,Valmeyer,no,,,IL,RALPH JACOBS AIRPORT
45669,27NK,small_airport,Mohawk Air Park,43.113317,-75.044467,1079.0,US-NY,Schyler,no,,,NY,MOHAWK AIR PARK
9166,27NY,heliport,Don's Heliport,41.622693,-74.241485,385.0,US-NY,Wallkill,no,,,NY,DON'S HELIPORT
9193,28CO,heliport,Blm Fire Center Heliport,39.117801666259766,-108.53900146484376,4820.0,US-CO,Grand Junction,no,,,CO,BLM FIRE CENTER HELIPORT
9201,28IS,small_airport,O K Flying Club Inc Airport,39.194801330566406,-89.31179809570312,665.0,US-IL,Fillmore,no,,,IL,O K FLYING CLUB INC AIRPORT
9205,28LL,small_airport,Williamson Airport,39.46030044555664,-88.86840057373047,630.0,US-IL,Westervelt,no,,,IL,WILLIAMSON AIRPORT
45670,28NK,small_airport,Ritchie Airfield,44.186789,-76.075981,385.0,US-NY,Clayton,no,,,NY,RITCHIE AIRFIELD
45671,28NY,small_airport,Spaudling Aerodrome,42.308333,-79.225,1607.0,US-NY,Cassadaga,no,,,NY,SPAUDLING AERODROME
9241,29CO,heliport,St Mary's Hospital & Medical Center Heliport,39.089815,-108.562855,4650.0,US-CO,Grand Junction,no,,,CO,ST MARY'S HOSPITAL & MEDICAL CENTER HELIPORT
9250,29IS,heliport,Norman Rittenhouse Heliport,40.75749969482422,-88.51339721679688,640.0,US-IL,Fairbury,no,,,IL,NORMAN RITTENHOUSE HELIPORT
9254,29LL,heliport,Monroe County Ambulance Service Heliport,38.33919906616211,-90.1624984741211,630.0,US-IL,Waterloo,no,,,IL,MONROE COUNTY AMBULANCE SERVICE HELIPORT
526305,29NK,heliport,UHS Wilson Tower Helipad,42.115033,-75.958461,985.0,US-NY,Johnson City,no,,,NY,UHS WILSON TOWER HELIPAD
9333,2C6,small_airport,Tri-County Airport,40.773998,-90.074402,661.0,US-IL,Yates City,no,,,IL,TRI-COUNTY AIRPORT
45326,2CD2,heliport,UCHealth Medical Center of the Rockies Heliport,40.416182,-104.99694,5010.0,US-CO,Loveland,no,,,CO,UCHEALTH MEDICAL CENTER OF THE ROCKIES HELIPORT
45320,2CD3,small_airport,Bijou Springs Ranch Airport,39.119472,-104.431806,6600.0,US-CO,Peyton,no,,,CO,BIJOU SPRINGS RANCH AIRPORT
45333,2CD4,small_airport,West Divide Airport,39.430788,-107.623111,6352.0,US-CO,Silt,no,,,CO,WEST DIVIDE AIRPORT
45323,2CD5,heliport,Elk Mountain Resort Heliport,38.253333,-107.972222,8965.0,US-CO,Montrose,no,,,CO,ELK MOUNTAIN RESORT HELIPORT
45329,2CD6,small_airport,Safer Airport,39.39485,-104.547033,6510.0,US-CO,Elizabeth,no,,,CO,SAFER AIRPORT
45332,2CD7,heliport,Turnberry Ranch Heliport,39.469083,-107.135722,7100.0,US-CO,Carbondale,no,,,CO,TURNBERRY RANCH HELIPORT
45321,2CD8,heliport,Children's Hospital Heliport,39.742381,-104.835581,5557.0,US-CO,Aurora,no,,,CO,CHILDREN'S HOSPITAL HELIPORT
45335,2CD9,small_airport,Kellogg Airstrip,40.6814,-105.13855,5180.0,US-CO,Fort Collins,no,,,CO,KELLOGG AIRSTRIP
9355,2CO0,heliport,"Heli-One American Support, LLC Heliport",40.583585,-106.985331,4935.0,US-CO,Fort Collins,no,,,CO,"HELI-ONE AMERICAN SUPPORT, LLC HELIPORT"
9358,2CO3,small_airport,Jackrabbit Strip,40.375,-104.8730010986328,5000.0,US-CO,Milliken,no,,,CO,JACKRABBIT STRIP
9359,2CO4,heliport,Presbyterian/St Luke's Medical Center Heliport,39.747752,-104.967866,5291.0,US-CO,Denver,no,,,CO,PRESBYTERIAN/ST LUKE'S MEDICAL CENTER HELIPORT
9360,2CO5,small_airport,Edenway Airport,38.347198486328125,-104.63200378417967,4970.0,US-CO,Pueblo,no,,,CO,EDENWAY AIRPORT
9361,2CO6,heliport,Manor House Heliport,39.58689880371094,-105.16899871826172,6220.0,US-CO,Littleton,no,,,CO,MANOR HOUSE HELIPORT
9362,2CO7,heliport,St Mary-Corwin Hospital Heliport,38.23360061645508,-104.6230010986328,4817.0,US-CO,Pueblo,no,,,CO,ST MARY-CORWIN HOSPITAL HELIPORT
9363,2CO8,heliport,East Morgan County Hospital Heliport,40.25830078125,-103.64900207519533,4280.0,US-CO,Brush,no,,,CO,EAST MORGAN COUNTY HOSPITAL HELIPORT
9364,2CO9,heliport,Lands End Heliport,39.072167,-108.511167,4630.0,US-CO,Grand Junction,no,,,CO,LANDS END HELIPORT
9450,2IL0,small_airport,Sneek Airport,42.181400299072266,-89.6769027709961,909.0,US-IL,Shannon,no,,,IL,SNEEK AIRPORT
9451,2IL1,small_airport,Mc Cartney Airport,42.413898468,-89.32929992679999,908.0,US-IL,Durand,no,,,IL,MC CARTNEY AIRPORT
9452,2IL2,small_airport,Watters Airport,41.055176,-88.462375,660.0,US-IL,Dwight,no,,,IL,WATTERS AIRPORT
9453,2IL3,small_airport,McNeal's Field,41.5159,-90.379601,575.0,US-IL,East Moline,no,,,IL,MCNEAL'S FIELD
9457,2IL7,small_airport,Ben Emge Airport,38.515301,-90.027901,555.0,US-IL,Belleville,no,,,IL,BEN EMGE AIRPORT
9459,2IL9,small_airport,Meadow Creek Airport,41.43280029296875,-87.78170013427734,770.0,US-IL,Monee,no,,,IL,MEADOW CREEK AIRPORT
9469,2IS1,heliport,Carle Health - Proctor Heliport,40.753463,-89.598791,645.0,US-IL,Peoria,no,,,IL,CARLE HEALTH - PROCTOR HELIPORT
9470,2IS3,small_airport,Jackson Field,41.17169952392578,-89.80680084228516,760.0,US-IL,Elmira,no,,,IL,JACKSON FIELD
9471,2IS4,small_airport,Ritter Field,41.337831,-91.013507,552.0,US-IL,Illinois City,no,,,IL,RITTER FIELD
9475,2IS9,small_airport,Pontiac Flying/Cooksville Airport,40.578098,-88.707802,741.0,US-IL,Lexington,no,,,IL,PONTIAC FLYING/COOKSVILLE AIRPORT
299725,2LL0,heliport,Taylorville Memorial Hospital Heliport,39.554444,-89.294166,620.0,US-IL,Taylorville,no,,,IL,TAYLORVILLE MEMORIAL HOSPITAL HELIPORT
9518,2LL1,small_airport,Cwian Field,41.540247,-88.68802,550.0,US-IL,Sheridan,no,,,IL,CWIAN FIELD
9519,2LL2,small_airport,Weihler Airport,41.31480026245117,-90.5521011352539,740.0,US-IL,Sherrard,no,,,IL,WEIHLER AIRPORT
9522,2LL5,small_airport,Justus Airport,39.99860000610352,-88.05999755859375,685.0,US-IL,Sidney,no,,,IL,JUSTUS AIRPORT
9523,2LL6,heliport,Genesis Medical Center - Illini Campus Heliport,41.4944992065,-90.4181976318,700.0,US-IL,Silvis,no,,,IL,GENESIS MEDICAL CENTER - ILLINI CAMPUS HELIPORT
9524,2LL7,small_airport,Adams Restricted Landing Area Number 2,40.934816,-88.740664,630.0,US-IL,Pontiac,no,,,IL,ADAMS RESTRICTED LANDING AREA NUMBER 2
9525,2LL8,heliport,Washington County Hospital Heliport,38.338726,-89.392299,700.0,US-IL,Nashville,no,,,IL,WASHINGTON COUNTY HOSPITAL HELIPORT
9526,2LL9,small_airport,George Airport,41.704200744628906,-88.69309997558594,740.0,US-IL,Somonauk,no,,,IL,GEORGE AIRPORT
9640,2NK2,heliport,Cove Neck Heliport,40.88370132446289,-73.49120330810547,10.0,US-NY,Cove Neck,no,,,NY,COVE NECK HELIPORT
9641,2NK3,small_airport,Rose Field,41.151686,-72.266564,20.0,US-NY,Orient,no,,,NY,ROSE FIELD
9642,2NK4,heliport,Wheelabrator Westchester Heliport,41.27748,-73.940418,72.0,US-NY,Peekskill,no,,,NY,WHEELABRATOR WESTCHESTER HELIPORT
9644,2NK6,heliport,Bertrand Chaffee Hospital Heliport,42.508399963378906,-78.65809631347656,1420.0,US-NY,Springville,no,,,NY,BERTRAND CHAFFEE HOSPITAL HELIPORT
9645,2NK7,small_airport,Walton Airport,42.157901763916016,-75.14790344238281,1200.0,US-NY,Walton,no,,,NY,WALTON AIRPORT
9646,2NK8,heliport,Landmark Plaza Heliport,40.78200149536133,-73.82569885253906,80.0,US-NY,Whitestone,no,,,NY,LANDMARK PLAZA HELIPORT
9647,2NK9,small_airport,Old Orchard Airpark,41.65719985961914,-74.07720184326172,660.0,US-NY,Modena,no,,,NY,OLD ORCHARD AIRPARK
9651,2NY0,small_airport,Catskill Valley Airpark,42.28060150146485,-73.9529037475586,190.0,US-NY,South Cairo,no,,,NY,CATSKILL VALLEY AIRPARK
45555,2NY2,heliport,High View Too Heliport,41.349667,-74.333167,586.0,US-NY,Chester,no,,,NY,HIGH VIEW TOO HELIPORT
9652,2NY3,heliport,Kwp Heliport,41.99039840698242,-74.08760070800781,610.0,US-NY,Hurley,no,,,NY,KWP HELIPORT
9654,2NY5,heliport,Strong Memorial Hospital Heliport,43.122299,-77.622803,554.0,US-NY,Rochester,no,,,NY,STRONG MEMORIAL HOSPITAL HELIPORT
9655,2NY6,heliport,Slate Hill Heliport,41.37200164794922,-74.50769805908203,505.0,US-NY,Middletown,no,,,NY,SLATE HILL HELIPORT
9656,2NY7,small_airport,Towner Farm Airport,42.12149810791016,-77.2114028930664,1248.0,US-NY,Addison,no,,,NY,TOWNER FARM AIRPORT
9657,2NY8,heliport,Benbyre Farm Heliport,41.80339813232422,-74.18289947509766,260.0,US-NY,Alligerville,no,,,NY,BENBYRE FARM HELIPORT
9658,2NY9,small_airport,Kayutah Lake/James & Helene D Allen Memorial Airport,42.367811,-76.724406,1385.0,US-NY,Alpine,no,,,NY,KAYUTAH LAKE/JAMES & HELENE D ALLEN MEMORIAL AIRPORT
9763,2T2,small_airport,Percival Springs Airport,39.013901,-88.538902,550.0,US-IL,Watson,no,,,IL,PERCIVAL SPRINGS AIRPORT
9912,30CO,small_airport,Coyote Creek Ranch Airport,38.67250061035156,-105.33599853515624,8030.0,US-CO,Guffey,no,,,CO,COYOTE CREEK RANCH AIRPORT
9919,30IL,heliport,Clay County Hospital Heliport,38.67940139770508,-88.47250366210938,475.0,US-IL,Flora,no,,,IL,CLAY COUNTY HOSPITAL HELIPORT
9921,30IS,small_airport,Aero Lake Estates Airport,42.077383,-88.625372,875.0,US-IL,Genoa,no,,,IL,AERO LAKE ESTATES AIRPORT
9925,30LL,small_airport,Williams Airpark,39.75419998168945,-90.36540222167967,614.0,US-IL,Chapin,no,,,IL,WILLIAMS AIRPARK
9934,30NY,small_airport,Coye Field,42.750099182128906,-77.55809783935547,1610.0,US-NY,Canadice,no,,,NY,COYE FIELD
345289,31CD,small_airport,Diamond Star Ranch Airport,37.870856,-104.789057,6010.0,US-CO,Colorado City,no,,,CO,DIAMOND STAR RANCH AIRPORT
9961,31IL,heliport,Tamms Correctional Center Heliport,37.25279998779297,-89.28060150146484,346.0,US-IL,Tamms,no,,,IL,TAMMS CORRECTIONAL CENTER HELIPORT
9963,31IS,heliport,Mason District Hospital Heliport,40.30780029,-90.05460358,479.0,US-IL,Havana,no,,,IL,MASON DISTRICT HOSPITAL HELIPORT
9995,32CO,small_airport,Braun Airport,38.45472,-105.081899,5543.0,US-CO,Penrose,no,,,CO,BRAUN AIRPORT
10001,32IL,heliport,Village of Tamms Heliport,37.23889923095703,-89.26580047607422,340.0,US-IL,Tamms,no,,,IL,VILLAGE OF TAMMS HELIPORT
10003,32IS,small_airport,Baker Airport,40.14061,-89.99601,510.0,US-IL,Kilbourne,no,,,IL,BAKER AIRPORT
10018,32NY,heliport,S J M Landing Heliport,42.4297981262207,-72.216796875,380.0,US-NY,Washingtonville,no,,,NY,S J M LANDING HELIPORT
10040,33CO,small_airport,Melby Ranch Airstrip,37.06499862670898,-105.46399688720705,8820.0,US-CO,San Luis,no,,,CO,MELBY RANCH AIRSTRIP
10047,33IL,small_airport,John Scharff Airport,40.16609954833984,-88.89830017089844,730.0,US-IL,Clinton,no,,,IL,JOHN SCHARFF AIRPORT
10049,33IS,small_airport,Howell Airport,39.54449844360352,-88.75759887695312,672.0,US-IL,Findlay,no,,,IL,HOWELL AIRPORT
10053,33LL,small_airport,Isley Airport,39.086978,-88.290671,595.0,US-IL,Wheeler,no,,,IL,ISLEY AIRPORT
10062,33NY,small_airport,Wayne Delp Airport,42.393243,-73.867779,800.0,US-NY,West Coxsackie,no,,,NY,WAYNE DELP AIRPORT
45964,34CD,small_airport,Elk Park Ranch Airport,40.262683,-105.448011,7900.0,US-CO,Allenspark,no,,,CO,ELK PARK RANCH AIRPORT
10084,34CO,small_airport,Simons Airport,39.716400146484375,-104.73200225830078,5525.0,US-CO,Aurora,no,,,CO,SIMONS AIRPORT
10091,34IL,small_airport,G. Bray Airport,40.361545,-90.109849,550.0,US-IL,Lewistown,no,,,IL,G. BRAY AIRPORT
10093,34IS,small_airport,Jim Wehrli Memorial Airport,41.444801330566406,-88.7166976928711,630.0,US-IL,Marseilles,no,,,IL,JIM WEHRLI MEMORIAL AIRPORT
10097,34LL,heliport,Il Dept of Corrections/Lawrence County Heliport,38.7282981873,-87.90809631350001,490.0,US-IL,Sumner,no,,,IL,IL DEPT OF CORRECTIONS/LAWRENCE COUNTY HELIPORT
514278,34NK,heliport,CHS Lockport Heliport,43.148652,-78.708077,617.0,US-NY,Lockport,no,,,NY,CHS LOCKPORT HELIPORT
599684,34NY,small_airport,Horizon Air Airport,42.980774,-76.930488,490.0,US-NY,Waterloo,no,,,NY,HORIZON AIR AIRPORT
10131,35CO,small_airport,Lone Tree Ranch Airport,38.886555,-103.812561,5525.0,US-CO,Punkin Center,no,,,CO,LONE TREE RANCH AIRPORT
10137,35IL,small_airport,7th Heaven Airport,41.534065,-89.204532,800.0,US-IL,La Moille,no,,,IL,7TH HEAVEN AIRPORT
10139,35IS,small_airport,Enoch Airport,39.52840042114258,-88.76399993896484,676.0,US-IL,Findlay,no,,,IL,ENOCH AIRPORT
10145,35LL,heliport,Crawford Memorial Hospital Heliport,39.015899658203125,-87.75,550.0,US-IL,Robinson,no,,,IL,CRAWFORD MEMORIAL HOSPITAL HELIPORT
350298,35NK,small_airport,Tiger Paw Aerodrome,43.367099,-78.414026,295.0,US-NY,Lyndonville,no,,,NY,TIGER PAW AERODROME
10178,36CO,small_airport,Fat Chance Airport,39.10609817504883,-104.54399871826172,7100.0,US-CO,Peyton,no,,,CO,FAT CHANCE AIRPORT
10185,36IL,heliport,Batchtown Heliport,39.033353,-90.666094,595.0,US-IL,Batchtown,no,,,IL,BATCHTOWN HELIPORT
10187,36IS,small_airport,Gillen Airport,40.92639923095703,-90.731201171875,750.0,US-IL,Monmouth,no,,,IL,GILLEN AIRPORT
10191,36LL,heliport,Calhoun Medical Center Heliport,39.15890121459961,-90.62220001220705,460.0,US-IL,Hardin,no,,,IL,CALHOUN MEDICAL CENTER HELIPORT
10221,37CO,heliport,Ash Mesa Heliport,38.56719970703125,-107.99600219726562,5681.0,US-CO,Olathe,no,,,CO,ASH MESA HELIPORT
10228,37IL,small_airport,Minder Airport,40.133399963378906,-89.32510375976562,600.0,US-IL,Lincoln,no,,,IL,MINDER AIRPORT
10230,37IS,small_airport,Hilbert Airport,42.33219909667969,-88.60559844970703,890.0,US-IL,Marengo,no,,,IL,HILBERT AIRPORT
10234,37LL,small_airport,Dale Curten Farm Airport,38.04779815673828,-89.99710083007812,615.0,US-IL,Modoc,no,,,IL,DALE CURTEN FARM AIRPORT
10245,37NY,heliport,Cuba Memorial Hospital Heliport,42.2209014893,-78.26640319820001,1600.0,US-NY,Cuba,no,,,NY,CUBA MEMORIAL HOSPITAL HELIPORT
10271,38CO,heliport,Basin Clinic Heliport,38.21860122680664,-108.2760009765625,5400.0,US-CO,Naturita,no,,,CO,BASIN CLINIC HELIPORT
10279,38IS,small_airport,Winchester Airport,40.58200073242188,-91.3584976196289,685.0,US-IL,Nauvoo,no,,,IL,WINCHESTER AIRPORT
10284,38LL,heliport,Gateway Regional Medical Center Heliport,38.70830154418945,-90.1438980102539,425.0,US-IL,Granite City,no,,,IL,GATEWAY REGIONAL MEDICAL CENTER HELIPORT
10294,38NY,small_airport,Greenlawn Farm Airport,42.54869842529297,-76.95800018310547,1010.0,US-NY,Dundee,no,,,NY,GREENLAWN FARM AIRPORT
10319,39CO,small_airport,Flying M Ranch Airport,38.50354,-107.72149,7200.0,US-CO,Montrose,no,,,CO,FLYING M RANCH AIRPORT
600340,39IL,small_airport,Kieser Field,40.442267,-89.066645,712.0,US-IL,Bloomington,no,,,IL,KIESER FIELD
45403,39LL,small_airport,Sullivan Airport,40.401389,-91.303056,635.0,US-IL,Hamilton,no,,,IL,SULLIVAN AIRPORT
10340,39NY,heliport,Print Pad Heliport,40.65330123901367,-73.57360076904297,63.0,US-NY,Freeport,no,,,NY,PRINT PAD HELIPORT
10423,3CO0,small_airport,Sky Island Ranch Airport,38.738329,-108.000614,5300.0,US-CO,Delta,no,,,CO,SKY ISLAND RANCH AIRPORT
10424,3CO1,small_airport,Cridler Field,38.849516,-107.832739,6460.0,US-CO,Hotchkiss,no,,,CO,CRIDLER FIELD
10425,3CO2,small_airport,Mertens Airport,40.616391,-103.332436,4192.0,US-CO,Sterling,no,,,CO,MERTENS AIRPORT
10426,3CO3,heliport,Sterling Regional Medical Center Heliport,40.61249923706055,-103.22000122070312,3946.0,US-CO,Sterling,no,,,CO,STERLING REGIONAL MEDICAL CENTER HELIPORT
10427,3CO4,small_airport,Tercio Ranch Airstrip,37.070899963378906,-105.0189971923828,7957.0,US-CO,Stonewall,no,,,CO,TERCIO RANCH AIRSTRIP
10428,3CO5,heliport,Texas Creek Heliport,38.409400939941406,-105.58499908447266,6250.0,US-CO,Texas Creek,no,,,CO,TEXAS CREEK HELIPORT
10429,3CO7,small_airport,Dietrichs Airport,39.33250045776367,-104.56600189208984,6780.0,US-CO,Elizabeth,no,,,CO,DIETRICHS AIRPORT
10430,3CO8,heliport,Estes Park Medical Center Heliport,40.371371,-105.515024,7674.0,US-CO,Estes Park,no,,,CO,ESTES PARK MEDICAL CENTER HELIPORT
10431,3CO9,heliport,D B Smith Memorial Heliport,38.712501525878906,-105.14199829101562,9710.0,US-CO,Victor,no,,,CO,D B SMITH MEMORIAL HELIPORT
10461,3G8,small_airport,Gen-Airpark,41.43980026245117,-90.11009979248048,645.0,US-IL,Geneseo,no,,,IL,GEN-AIRPARK
10483,3H5,small_airport,Erie Air Park,41.679199,-90.078697,600.0,US-IL,Erie,no,,,IL,ERIE AIR PARK
10508,3IL1,small_airport,Silver Creek Gliderport,38.9253005981,-89.66220092770001,595.0,US-IL,New Douglas,no,,,IL,SILVER CREEK GLIDERPORT
10510,3IL3,heliport,Stillman Fire Heliport,42.10559844970703,-89.18329620361328,720.0,US-IL,Stillman Valley,no,,,IL,STILLMAN FIRE HELIPORT
10511,3IL4,heliport,Maaks Heliport,40.13140106201172,-89.59320068359375,527.0,US-IL,Middletown,no,,,IL,MAAKS HELIPORT
10513,3IL6,heliport,Pinckneyville Correctional Center Heliport,38.08330154418945,-89.31999969482422,463.0,US-IL,Pinckneyville,no,,,IL,PINCKNEYVILLE CORRECTIONAL CENTER HELIPORT
10516,3IL9,small_airport,Alekat Acres Airport,40.281024,-89.312593,600.0,US-IL,Atlanta,no,,,IL,ALEKAT ACRES AIRPORT
10525,3IS1,small_airport,Mc Coy Airport,39.702827,-89.209628,615.0,US-IL,Blue Mound,no,,,IL,MC COY AIRPORT
10526,3IS2,small_airport,Earp Airport,40.7406005859375,-90.66960144042967,740.0,US-IL,Roseville,no,,,IL,EARP AIRPORT
10527,3IS3,small_airport,Noland Farms Airport,39.739237,-89.146113,600.0,US-IL,Blue Mound,no,,,IL,NOLAND FARMS AIRPORT
10528,3IS4,small_airport,Merkle Airport,42.288898,-90.345398,970.0,US-IL,Hanover,no,,,IL,MERKLE AIRPORT
10529,3IS5,small_airport,Holmes Southeast Airport,39.685394,-89.598722,590.0,US-IL,Pawnee,no,,,IL,HOLMES SOUTHEAST AIRPORT
10530,3IS6,small_airport,Davy Jones Private Airport,38.222808,-88.883858,500.0,US-IL,Bonnie,no,,,IL,DAVY JONES PRIVATE AIRPORT
10531,3IS7,small_airport,Foote Airport,41.086700439453125,-89.09590148925781,650.0,US-IL,Wenona,no,,,IL,FOOTE AIRPORT
10532,3IS8,small_airport,Rinkenberger Restricted Landing Area,41.2308998108,-89.61569976810001,808.0,US-IL,Bradford,no,,BDF,IL,RINKENBERGER RESTRICTED LANDING AREA
10533,3IS9,heliport,Grand Tower Heliport,37.6328010559082,-89.5062026977539,370.0,US-IL,Grand Tower,no,,,IL,GRAND TOWER HELIPORT
10538,3KK,small_airport,Kankakee Airport,41.096431,-87.909594,625.0,US-IL,Kankakee,no,,,IL,KANKAKEE AIRPORT
10569,3LL0,small_airport,Miller Airport,42.49169921875,-89.09590148925781,760.0,US-IL,South Beloit,no,,,IL,MILLER AIRPORT
10570,3LL1,small_airport,Herschel Hunter Airport,38.223785,-89.706689,470.0,US-IL,Marissa,no,,,IL,HERSCHEL HUNTER AIRPORT
10571,3LL2,heliport,Hammond-Henry Hospital Heliport,41.46110153198242,-90.15689849853516,650.0,US-IL,Geneseo,no,,,IL,HAMMOND-HENRY HOSPITAL HELIPORT
10572,3LL3,small_airport,Kibler Airport,39.44609832763672,-87.64450073242188,588.0,US-IL,Marshall,no,,,IL,KIBLER AIRPORT
10573,3LL4,small_airport,Pillow Hill Airport,42.44720077514648,-88.20149993896484,815.0,US-IL,Spring Grove,no,,,IL,PILLOW HILL AIRPORT
10574,3LL5,small_airport,Richardson Field,42.464500427246094,-88.23429870605469,860.0,US-IL,Spring Grove,no,,,IL,RICHARDSON FIELD
45401,3LL6,small_airport,Bickel Airport,38.335,-89.769722,530.0,US-IL,Lenzburg,no,,,IL,BICKEL AIRPORT
10575,3LL7,heliport,St Margarets Hospital Heliport,41.32500076293945,-89.19730377197266,625.0,US-IL,Spring Valley,no,,,IL,ST MARGARETS HOSPITAL HELIPORT
10576,3LL8,small_airport,McLeansboro Airport,38.076011,-88.538446,415.0,US-IL,McLeansboro,no,,,IL,MCLEANSBORO AIRPORT
10577,3LL9,small_airport,Compton Airport,38.80419921875,-89.60890197753906,535.0,US-IL,Pocahontas,no,,,IL,COMPTON AIRPORT
10578,3LS7,small_airport,Bock Farms Airport,39.98640060424805,-89.51170349121094,592.0,US-IL,Williamsville,no,,,IL,BOCK FARMS AIRPORT
10675,3NK0,small_airport,Mc Kinney Airport,43.2030982971,-77.90249633790002,547.0,US-NY,Brockport,no,,,NY,MC KINNEY AIRPORT
10676,3NK1,heliport,Catskills Medical Center Heliport,41.708723,-74.736359,1250.0,US-NY,Monticello,no,,,NY,CATSKILLS MEDICAL CENTER HELIPORT
10677,3NK2,heliport,Bassett Heliport,42.68949890136719,-74.92150115966797,1243.0,US-NY,Cooperstown,no,,,NY,BASSETT HELIPORT
10678,3NK3,heliport,Linuo American Campus Heliport,41.533948,-73.833359,322.0,US-NY,Hopewell Junction,no,,,NY,LINUO AMERICAN CAMPUS HELIPORT
10679,3NK4,small_airport,Laska Airport,42.028193,-79.19765,1480.0,US-NY,Jamestown,no,,,NY,LASKA AIRPORT
10680,3NK5,small_airport,Secret Spot Airport,44.61669921875,-73.46530151367188,155.0,US-NY,Plattsburgh,no,,,NY,SECRET SPOT AIRPORT
10681,3NK6,small_airport,Tuscarora Plateau Airport,42.637001037597656,-77.88390350341797,900.0,US-NY,Tuscarora,no,,,NY,TUSCARORA PLATEAU AIRPORT
10682,3NK7,heliport,B/G Heliport,42.424800872802734,-74.45099639892578,1100.0,US-NY,Gilboa/Grand Gorge,no,,,NY,B/G HELIPORT
10683,3NK8,small_airport,B Flat Farm Airport,42.14059829711914,-73.61190032958984,800.0,US-NY,Copake,no,,,NY,B FLAT FARM AIRPORT
10684,3NK9,heliport,Arnot Ogden Hospital Heliport,42.100595,-76.826406,909.0,US-NY,Elmira,no,,,NY,ARNOT OGDEN HOSPITAL HELIPORT
10688,3NY0,small_airport,The Ranch Airport,42.827301,-74.403999,1110.0,US-NY,Sprakers,no,,,NY,THE RANCH AIRPORT
10690,3NY2,heliport,Astoria Heliport,40.78620147705078,-73.91210174560547,15.0,US-NY,Astoria,no,,,NY,ASTORIA HELIPORT
10691,3NY3,small_airport,De Ronda Airport,42.85979843139648,-74.82430267333984,1650.0,US-NY,Springfield,no,,,NY,DE RONDA AIRPORT
10693,3NY5,small_airport,Luke Airport,42.02370071411133,-75.95709991455078,1558.0,US-NY,Binghamton,no,,,NY,LUKE AIRPORT
10694,3NY6,small_airport,Six Ponds Airport,42.84120178222656,-74.17870330810547,1125.0,US-NY,Duanesburg,no,,,NY,SIX PONDS AIRPORT
10695,3NY7,small_airport,Hiserts Airpark Inc Airport,42.984398,-74.519083,813.0,US-NY,Ephratah,no,,,NY,HISERTS AIRPARK INC AIRPORT
10919,40IL,small_airport,Antique Aerodrome,41.006637,-88.658001,683.0,US-IL,Cornell,no,,,IL,ANTIQUE AERODROME
10921,40IS,heliport,Children's Memorial Hospital Heliport,41.92559814453125,-87.64640045166016,720.0,US-IL,Chicago,no,,,IL,CHILDREN'S MEMORIAL HOSPITAL HELIPORT
350743,40LL,heliport,Kirby Medical Center Heliport,40.059988,-88.560035,673.0,US-IL,Monticello,no,,,IL,KIRBY MEDICAL CENTER HELIPORT
10950,41CO,small_airport,Flying Dog Ranch Airstrip,39.971195,-107.611082,7020.0,US-CO,Buford,no,,,CO,FLYING DOG RANCH AIRSTRIP
10957,41IS,small_airport,Rees Field,41.204498291015625,-88.80339813232422,675.0,US-IL,Grand Ridge,no,,,IL,REES FIELD
299708,41NK,small_airport,Winchell Mountain Airport,41.947778,-73.518055,1141.0,US-NY,Millerton,no,,,NY,WINCHELL MOUNTAIN AIRPORT
10966,41NY,small_airport,Bonebender Airport,44.31240081787109,-73.38490295410156,336.0,US-NY,Essex,no,,,NY,BONEBENDER AIRPORT
10990,42CO,heliport,Ptarmigan Heliport,39.6875,-105.39600372314452,8198.0,US-CO,Evergreen,no,,,CO,PTARMIGAN HELIPORT
10995,42IL,heliport,Lynn Heliport,42.20330047607422,-88.49749755859375,870.0,US-IL,Union,no,,,IL,LYNN HELIPORT
11009,42NY,small_airport,Walter's Field,42.66899871826172,-76.05619812011719,1560.0,US-NY,East Homer,no,,,NY,WALTER'S FIELD
345475,43IL,heliport,Vertiport Chicago Heliport,41.862142,-87.670249,594.0,US-IL,Chicago,no,,,IL,VERTIPORT CHICAGO HELIPORT
11036,43IS,heliport,Igoe Heliport,40.097801208496094,-88.42060089111328,695.0,US-IL,Seymour,no,,,IL,IGOE HELIPORT
11070,44CO,small_airport,Redlands Airport,38.839885,-107.792802,6100.0,US-CO,Hotchkiss,no,,,CO,REDLANDS AIRPORT
11076,44IL,heliport,Wilson Heliport,41.53919982910156,-88.32489776611328,595.0,US-IL,Minooka,no,,,IL,WILSON HELIPORT
11078,44IS,small_airport,Potter Airport,39.74480056762695,-91.07489776611328,700.0,US-IL,Barry,no,,,IL,POTTER AIRPORT
11083,44LL,heliport,Carlinville Area Hospital Heliport,39.28120040893555,-89.86949920654297,620.0,US-IL,Carlinville,no,,,IL,CARLINVILLE AREA HOSPITAL HELIPORT
567703,44NK,small_airport,Bengtsson Field,42.464067,-74.385428,2078.0,US-NY,Gilboa,no,,,NY,BENGTSSON FIELD
11092,44NY,small_airport,Tomcat Airport,42.93429946899414,-74.65239715576172,460.0,US-NY,Fort Plain,no,,,NY,TOMCAT AIRPORT
11113,45CO,heliport,Ag-Air Inc Heliport,40.20550155639648,-104.97599792480467,5025.0,US-CO,Mead,no,,,CO,AG-AIR INC HELIPORT
11119,45IL,heliport,Lake Forest Hospital Heliport,42.25415,-87.863559,680.0,US-IL,Lake Forest,no,,,IL,LAKE FOREST HOSPITAL HELIPORT
11121,45IS,heliport,UChicago Medicine AdventHealth Bolingbrook Hospital Heliport,41.68091,-88.086345,690.0,US-IL,Bolingbrook,no,,,IL,UCHICAGO MEDICINE ADVENTHEALTH BOLINGBROOK HOSPITAL HELIPORT
609842,45NK,small_airport,Negrich Field,43.128772,-74.264085,975.0,US-NY,Mayfield,no,,,NY,NEGRICH FIELD
45667,45NY,heliport,Turning Stone Resort & Casino Heliport,43.110569,-75.593658,359.0,US-NY,Verona,no,,,NY,TURNING STONE RESORT & CASINO HELIPORT
11154,46CO,small_airport,Huerfano Agricultural Airport,38.09999847412109,-104.4260025024414,4790.0,US-CO,Pueblo,no,,,CO,HUERFANO AGRICULTURAL AIRPORT
11160,46IL,heliport,Mc Donough County Hospital Heliport,40.4500007629,-90.6668014526,685.0,US-IL,Macomb,no,,,IL,MC DONOUGH COUNTY HOSPITAL HELIPORT
11165,46LL,heliport,Lefkowitz Heliport,42.16109848022461,-87.98609924316406,713.0,US-IL,Long Grove,no,,,IL,LEFKOWITZ HELIPORT
11170,46N,small_airport,Sky Park Airport,41.9846,-73.835999,323.0,US-NY,Red Hook,no,,,NY,SKY PARK AIRPORT
11174,46NY,small_airport,Savannah Agri-Air Airport,43.018798828125,-76.76100158691406,465.0,US-NY,Savannah,no,,,NY,SAVANNAH AGRI-AIR AIRPORT
11194,47CO,small_airport,Mile Hi Airport,40.900001525878906,-104.83399963378906,5270.0,US-CO,New Raymer,no,,,CO,MILE HI AIRPORT
11202,47IS,small_airport,Flying Z Ranch Airport,42.49169921875,-89.35690307617188,945.0,US-IL,Durand,no,,,IL,FLYING Z RANCH AIRPORT
11214,47NY,small_airport,Elk Creek Airport,42.04499816894531,-77.3499984741211,1540.0,US-NY,Borden,no,,,NY,ELK CREEK AIRPORT
11235,48CO,small_airport,Shaull Farm Airstrip,40.72159957885742,-104.77799987792967,5235.0,US-CO,Nunn,no,,,CO,SHAULL FARM AIRSTRIP
11243,48IS,small_airport,P.J. Killian Airport,40.60219955444336,-88.8333969116211,757.0,US-IL,Lexington,no,,,IL,P.J. KILLIAN AIRPORT
11246,48LL,small_airport,Rock Cut Farms Airport,42.125575,-89.460555,812.0,US-IL,Leaf River,no,,,IL,ROCK CUT FARMS AIRPORT
11279,49CO,small_airport,Air Dusters Inc Airport,40.093299865722656,-104.375,4780.0,US-CO,Roggen,no,,,CO,AIR DUSTERS INC AIRPORT
11285,49IL,small_airport,Walnut Creek Airport,41.593299865722656,-88.69170379638672,666.0,US-IL,Somonauk,no,,,IL,WALNUT CREEK AIRPORT
11287,49IS,heliport,Katherine Shaw Bethea Hospital Heliport,41.84450149536133,-89.47930145263672,582.0,US-IL,Dixon,no,,,IL,KATHERINE SHAW BETHEA HOSPITAL HELIPORT
11292,49LL,heliport,Decatur Conference Center and Hotel Heliport,39.846698761,-89.02700042720001,678.0,US-IL,Decatur,no,,,IL,DECATUR CONFERENCE CENTER AND HOTEL HELIPORT
11296,49N,small_airport,Lufker Airport,40.824799,-72.7509,57.0,US-NY,East Moriches,no,,,NY,LUFKER AIRPORT
350111,49NK,small_airport,Trump MTN Airport,42.793259,-78.292372,1501.0,US-NY,Attica,no,,,NY,TRUMP MTN AIRPORT
11300,49NY,small_airport,Westmoreland Airport,41.055672,-72.360486,22.0,US-NY,Shelter Island,no,,,NY,WESTMORELAND AIRPORT
11358,4B0,small_airport,South Albany Airport,42.56069946289063,-73.83390045166016,196.0,US-NY,South Bethlehem,no,,,NY,SOUTH ALBANY AIRPORT
11359,4B1,small_airport,Duanesburg Airport,42.7584,-74.132896,710.0,US-NY,Duanesburg,no,,,NY,DUANESBURG AIRPORT
345285,4CD0,heliport,Parkview Medical Center West Heliport,38.329142,-104.702132,5005.0,US-CO,Pueblo,no,,,CO,PARKVIEW MEDICAL CENTER WEST HELIPORT
11385,4CO0,small_airport,Glen-Aspen Airport,39.389609,-107.163722,6835.0,US-CO,Carbondale,no,,,CO,GLEN-ASPEN AIRPORT
11386,4CO1,heliport,Martin Heliport,39.499698638916016,-105.1060028076172,5718.0,US-CO,Waterton,no,,,CO,MARTIN HELIPORT
11387,4CO2,small_airport,Owl Canyon Gliderport,40.8046989440918,-104.98500061035156,5545.0,US-CO,Wellington,no,,,CO,OWL CANYON GLIDERPORT
11388,4CO3,small_airport,Griffin Field,37.392936,-102.283058,3964.0,US-CO,Walsh,no,,,CO,GRIFFIN FIELD
11389,4CO4,heliport,St Anthony North Heliport,39.850375,-105.017211,5506.0,US-CO,Westminster,no,,,CO,ST ANTHONY NORTH HELIPORT
11390,4CO5,heliport,Pioneers Heliport,40.04140090942383,-107.91100311279295,6298.0,US-CO,Meeker,no,,,CO,PIONEERS HELIPORT
11391,4CO6,heliport,Lutheran Medical Center Heliport,39.76588,-105.09264,5500.0,US-CO,Wheat Ridge,no,,,CO,LUTHERAN MEDICAL CENTER HELIPORT
11392,4CO7,small_airport,Ambrosich Field,39.220351,-104.680738,7028.0,US-CO,Elbert,no,,,CO,AMBROSICH FIELD
11393,4CO8,small_airport,Kelgun Airport,39.30690002441406,-104.81600189208984,6800.0,US-CO,Castle Rock,no,,,CO,KELGUN AIRPORT
11394,4CO9,heliport,Beaver Creek Heliport,39.63123,-106.52436,7500.0,US-CO,Beaver Creek,no,,,CO,BEAVER CREEK HELIPORT
11422,4G2,small_airport,Hamburg Inc Airport,42.70090103149414,-78.91480255126953,751.0,US-NY,Hamburg,no,,,NY,HAMBURG INC AIRPORT
11438,4H1,heliport,Schaumburg Municipal Helistop,42.047784,-88.052663,730.0,US-IL,Chicago/Schaumburg,no,,,IL,SCHAUMBURG MUNICIPAL HELISTOP
11457,4IL0,heliport,Litchfield Fire Department West Side Emergency Services Heliport,39.160542,-89.665877,677.0,US-IL,Litchfield,no,,,IL,LITCHFIELD FIRE DEPARTMENT WEST SIDE EMERGENCY SERVICES HELIPORT
11458,4IL2,small_airport,Wayne Ziller Jr Airport,40.809941,-88.539584,661.0,US-IL,Fairbury,no,,,IL,WAYNE ZILLER JR AIRPORT
11459,4IL3,small_airport,Thrifty Acres Airport,42.142987,-89.228468,725.0,US-IL,Stillman Valley,no,,,IL,THRIFTY ACRES AIRPORT
11460,4IL4,small_airport,Kuebler Airport,39.0564,-88.816101,620.0,US-IL,St Elmo,no,,,IL,KUEBLER AIRPORT
11461,4IL5,small_airport,Frank's Flying Service Airport,41.724989,-90.002639,600.0,US-IL,Morrison,no,,,IL,FRANK'S FLYING SERVICE AIRPORT
11463,4IL7,heliport,Brussels Heliport,38.94580078125,-90.58719635009766,515.0,US-IL,Brussels,no,,,IL,BRUSSELS HELIPORT
11464,4IL8,small_airport,Rendleman Airport,37.75630187988281,-89.38330078125,500.0,US-IL,Murphysboro,no,,,IL,RENDLEMAN AIRPORT
11465,4IL9,small_airport,Unzicker Airport,40.82749938964844,-89.12079620361328,745.0,US-IL,Benson,no,,,IL,UNZICKER AIRPORT
11475,4IS0,heliport,Joan Graves Edwards Heliport,37.46390151977539,-89.24590301513672,624.0,US-IL,Anna,no,,,IL,JOAN GRAVES EDWARDS HELIPORT
11477,4IS2,heliport,Memorial Hospital Heliport,37.92369842529297,-88.80619812011719,620.0,US-IL,Chester,no,,,IL,MEMORIAL HOSPITAL HELIPORT
11478,4IS3,heliport,University of Chicago Hospitals Heliport,41.78839874267578,-87.60420227050781,665.0,US-IL,Chicago,no,,,IL,UNIVERSITY OF CHICAGO HOSPITALS HELIPORT
11479,4IS4,heliport,Harrisburg Medical Center Heliport,37.73059844970703,-88.52369689941406,397.0,US-IL,Harrisburg,no,,,IL,HARRISBURG MEDICAL CENTER HELIPORT
11480,4IS5,small_airport,Smith Restricted Landing Area,38.258399963378906,-89.93810272216797,420.0,US-IL,Hecker,no,,,IL,SMITH RESTRICTED LANDING AREA
11481,4IS6,small_airport,Hattan Farms Airport,40.93059921264648,-89.12059783935547,710.0,US-IL,Minonk,no,,,IL,HATTAN FARMS AIRPORT
11482,4IS7,small_airport,Litchfield Restricted Landing Area,40.073101,-88.399498,704.0,US-IL,Seymour,no,,,IL,LITCHFIELD RESTRICTED LANDING AREA
11483,4IS8,small_airport,Leigh Farm Airport,40.02170181274414,-89.55010223388672,730.0,US-IL,Sparland,no,,,IL,LEIGH FARM AIRPORT
11484,4IS9,small_airport,Weidner Airport,39.085899353027344,-89.95890045166016,667.0,US-IL,Bunker Hill,no,,,IL,WEIDNER AIRPORT
11515,4LL0,small_airport,Ranken Airport,41.835899353027344,-89.09339904785156,785.0,US-IL,Steward,no,,,IL,RANKEN AIRPORT
11516,4LL1,small_airport,Staton Airport,41.85419845581055,-89.08760070800781,770.0,US-IL,Steward,no,,,IL,STATON AIRPORT
11517,4LL2,heliport,Covenant Medical Center Heliport,40.11309814453125,-88.23419952392578,728.0,US-IL,Champaign,no,,,IL,COVENANT MEDICAL CENTER HELIPORT
11518,4LL3,small_airport,John L Coppernoll Airport,42.30830001831055,-89.9834976196289,930.0,US-IL,Stockton,no,,,IL,JOHN L COPPERNOLL AIRPORT
11519,4LL4,small_airport,Enjoy Field,40.976448,-87.999365,685.0,US-IL,Clifton,no,,,IL,ENJOY FIELD
11520,4LL7,small_airport,Willadae Farms Airport,42.001719,-88.664927,850.0,US-IL,Sycamore,no,,,IL,WILLADAE FARMS AIRPORT
11521,4LL8,small_airport,Colonial Acres Airport,41.999315,-88.648585,840.0,US-IL,Sycamore,no,,,IL,COLONIAL ACRES AIRPORT
11522,4LL9,small_airport,Alan B. Janssen Airport,39.34370040893555,-89.42369842529297,642.0,US-IL,Morrisonville,no,,,IL,ALAN B. JANSSEN AIRPORT
11582,4N2,small_airport,Middlesex Valley Airport,42.713133,-77.27271,735.0,US-NY,Middlesex,no,,,NY,MIDDLESEX VALLEY AIRPORT
11584,4N7,small_airport,Greene Airport,42.30419921875,-75.78710174560547,935.0,US-NY,Greene,no,,,NY,GREENE AIRPORT
11617,4NK0,heliport,Wca Hospital Heliport,42.0900993347168,-79.23059844970703,1340.0,US-NY,Jamestown,no,,,NY,WCA HOSPITAL HELIPORT
11618,4NK1,small_airport,B-Ville Airpark,43.144798278808594,-76.3113021850586,375.0,US-NY,Baldwinsville,no,,,NY,B-VILLE AIRPARK
45672,4NK2,small_airport,Tracy Field,43.145233,-73.41965,455.0,US-NY,Greenwich,no,,,NY,TRACY FIELD
11619,4NK3,small_airport,Evans Airways Airport,42.669911,-78.96831,940.0,US-NY,Evans,no,,,NY,EVANS AIRWAYS AIRPORT
11620,4NK4,small_airport,Woodford Airfield,42.82720184326172,-76.02580261230469,1280.0,US-NY,Fabius,no,,,NY,WOODFORD AIRFIELD
11621,4NK5,small_airport,Harvs Airport,43.101200103759766,-77.3677978515625,500.0,US-NY,Macedon,no,,,NY,HARVS AIRPORT
11623,4NK7,heliport,Apollo Fields Heliport,41.831326,-73.659353,945.0,US-NY,Millbrook,no,,,NY,APOLLO FIELDS HELIPORT
11625,4NK9,heliport,Corporate Park of Staten Island Heliport,40.6171989440918,-74.17579650878906,5.0,US-NY,Staten Island,no,,,NY,CORPORATE PARK OF STATEN ISLAND HELIPORT
11626,4NY0,small_airport,Mountain View Airpark,44.66889953613281,-73.54620361328125,500.0,US-NY,Beekmantown,no,,,NY,MOUNTAIN VIEW AIRPARK
11627,4NY1,small_airport,Orange Poultry Farm Airport,41.32789993286133,-74.32460021972656,420.0,US-NY,Chester,no,,,NY,ORANGE POULTRY FARM AIRPORT
11628,4NY2,seaplane_base,Edo Seaplane Base,40.783401,-73.866203,757.0,US-NY,College Point,no,,,NY,EDO SEAPLANE BASE
45553,4NY3,heliport,Greenville Mountain Heliport,41.376111,-79.613056,1044.0,US-NY,Port Jervis,no,,,NY,GREENVILLE MOUNTAIN HELIPORT
11629,4NY4,small_airport,Cross' Farm Airport,42.55950164794922,-73.77210235595703,55.0,US-NY,Delmar,no,,,NY,CROSS' FARM AIRPORT
11630,4NY5,heliport,Bistrians Heliport,40.98759841918945,-72.17340087890625,70.0,US-NY,East Hampton,no,,,NY,BISTRIANS HELIPORT
11631,4NY6,heliport,Station 237 Heliport,42.934799,-77.183601,740.0,US-NY,Clifton Springs,no,,,NY,STATION 237 HELIPORT
11632,4NY8,small_airport,Harris Hill Gliderport,42.12089920043945,-76.9011001586914,1709.0,US-NY,Elmira,no,,,NY,HARRIS HILL GLIDERPORT
11633,4NY9,heliport,Belmont Park Heliport,40.714500427246094,-73.71040344238281,72.0,US-NY,Elmont,no,,,NY,BELMONT PARK HELIPORT
11832,50IL,small_airport,Midland Airport,42.48889923095703,-88.17430114746094,750.0,US-IL,Antioch,no,,,IL,MIDLAND AIRPORT
11834,50IS,heliport,Memorial Heliport,42.29449844360352,-89.63790130615234,870.0,US-IL,Freeport,no,,,IL,MEMORIAL HELIPORT
11847,50NY,small_airport,Old Fort Farm Airport,42.81449890136719,-77.57330322265625,1050.0,US-NY,Hemlock,no,,,NY,OLD FORT FARM AIRPORT
11865,51CO,small_airport,Flying W No.2 Airport,38.885601043701,-107.80400085449,7105.0,US-CO,Hotchkiss,no,,,CO,FLYING W NO.2 AIRPORT
11870,51IL,small_airport,Marvin D Bradd Airport,40.27170181274414,-88.49449920654297,797.0,US-IL,Mansfield,no,,,IL,MARVIN D BRADD AIRPORT
299727,51NK,heliport,The Moriches Bay Heliport,40.7992302243,-72.7628991008,5.0,US-NY,East Moriches,no,,,NY,THE MORICHES BAY HELIPORT
11908,52CO,small_airport,Mountain View Ranch Airport,39.10969924926758,-104.65399932861328,7500.0,US-CO,Monument,no,,,CO,MOUNTAIN VIEW RANCH AIRPORT
11916,52IS,heliport,Dresden Power Station Heliport,41.387088,-88.265889,509.0,US-IL,Minooka,no,,,IL,DRESDEN POWER STATION HELIPORT
11928,52NY,small_airport,Bedson's Land Base Airport,42.93059921264648,-77.64420318603516,804.0,US-NY,Honeoye Falls,no,,,NY,BEDSON'S LAND BASE AIRPORT
11951,53CO,small_airport,Rons Field,37.5531005859375,-102.39199829101562,4096.0,US-CO,Two Buttes,no,,,CO,RONS FIELD
11959,53IS,heliport,Franklin Hospital Heliport,38.0093994140625,-88.9186019897461,445.0,US-IL,Benton,no,,,IL,FRANKLIN HOSPITAL HELIPORT
11972,53NY,small_airport,Smiths Land Base Airport,42.95840072631836,-77.61579895019531,627.0,US-NY,Honeoye Falls,no,,,NY,SMITHS LAND BASE AIRPORT
11994,54CO,heliport,The Memorial Hospital Heliport,40.519239,-107.579708,6316.0,US-CO,Craig,no,,,CO,THE MEMORIAL HOSPITAL HELIPORT
11999,54IL,small_airport,Rothrock Airport,41.126271,-88.801848,653.0,US-IL,Streator,no,,,IL,ROTHROCK AIRPORT
12001,54IS,small_airport,Zea Mays Field,41.52669906616211,-89.41809844970703,766.0,US-IL,Ohio,no,,,IL,ZEA MAYS FIELD
12006,54LL,heliport,Memorial Medical Center - Springfield Heliport,39.8097991943,-89.65509796139999,688.0,US-IL,Springfield,no,,,IL,MEMORIAL MEDICAL CENTER - SPRINGFIELD HELIPORT
12036,55CO,heliport,Elizabeth Emergency Heliport,39.36249923706055,-104.5999984741211,6512.0,US-CO,Elizabeth,no,,,CO,ELIZABETH EMERGENCY HELIPORT
12049,55LL,small_airport,Sky Soaring Airport,42.15420150756836,-88.5114974975586,884.0,US-IL,Union,no,,,IL,SKY SOARING AIRPORT
354780,55NK,heliport,Unity Hospital Helipad,43.192913,-77.703152,456.0,US-NY,Rochester,no,,,NY,UNITY HOSPITAL HELIPAD
12059,55NY,small_airport,Ridgeview Airport,42.082456,-79.312096,1645.0,US-NY,Jamestown,no,,,NY,RIDGEVIEW AIRPORT
12078,56CO,heliport,Animas Air Park,37.203098,-107.867996,6660.0,US-CO,Durango,no,,,CO,ANIMAS AIR PARK
12084,56IL,small_airport,Lee Creek Airport,42.462161,-88.875082,965.0,US-IL,Caledonia,no,,,IL,LEE CREEK AIRPORT
12086,56IS,small_airport,Liannimal's Landing,40.243215,-88.083991,690.0,US-IL,Thomasboro,no,,,IL,LIANNIMAL'S LANDING
12090,56LL,small_airport,Wade Airport,41.755001068115234,-88.77120208740234,810.0,US-IL,Waterman,no,,,IL,WADE AIRPORT
325432,56NK,heliport,Buffalo General Hospital Heliport,42.901116,-78.866489,1026.0,US-NY,Buffalo,no,,,NY,BUFFALO GENERAL HOSPITAL HELIPORT
12098,56NY,small_airport,Maynard's Airport,43.324857,-78.051548,342.0,US-NY,Kendall,no,,,NY,MAYNARD'S AIRPORT
12131,57IS,small_airport,Dozier Airport,38.31669998168945,-88.27230072021484,420.0,US-IL,Fairfield,no,,,IL,DOZIER AIRPORT
12143,57NY,heliport,Athens Emergency Med-Evac Heliport,42.287326,-73.844937,135.0,US-NY,Athens,no,,,NY,ATHENS EMERGENCY MED-EVAC HELIPORT
12164,58CO,heliport,Purgatory Nr One Heliport,37.627201080322266,-107.8040008544922,8700.0,US-CO,Durango,no,,,CO,PURGATORY NR ONE HELIPORT
12172,58IS,heliport,Va Medical Center Heliport,37.72370147705078,-88.95700073242188,464.0,US-IL,Marion,no,,,IL,VA MEDICAL CENTER HELIPORT
12184,58NY,heliport,Freeport Heliport,40.65060043334961,-73.56790161132812,28.0,US-NY,Freeport,no,,,NY,FREEPORT HELIPORT
12210,59IL,small_airport,Ruder Airport,41.92580032348633,-88.64640045166016,855.0,US-IL,Maple Park,no,,,IL,RUDER AIRPORT
12212,59IS,heliport,HSHS Holy Family Hospital Heliport,38.903334,-89.406725,585.0,US-IL,Greenville,no,,,IL,HSHS HOLY FAMILY HOSPITAL HELIPORT
12225,59NY,small_airport,Bent-Wing Airport,43.230821,-78.686485,370.0,US-NY,Lockport,no,,,NY,BENT-WING AIRPORT
12284,5B7,small_airport,Rensselaer County Airport,42.69089889526367,-73.57959747314453,440.0,US-NY,Troy,no,,,NY,RENSSELAER COUNTY AIRPORT
12310,5CO0,small_airport,Windy Plains Airport,38.829496,-102.30064,4184.0,US-CO,Cheyenne Wells,no,,,CO,WINDY PLAINS AIRPORT
12311,5CO1,small_airport,Spruce Point Tree Farm LLC Airport,38.834454,-107.859128,6200.0,US-CO,Austin,no,,,CO,SPRUCE POINT TREE FARM LLC AIRPORT
12312,5CO2,heliport,McKee Medical Center Heliport,40.41227,-105.05118,4872.0,US-CO,Loveland,no,,,CO,MCKEE MEDICAL CENTER HELIPORT
12313,5CO3,heliport,Jim's Heliport,38.703611,-108.063164,5093.0,US-CO,Delta,no,,,CO,JIM'S HELIPORT
12314,5CO4,small_airport,Spickard Farm Airport,39.699158,-104.256443,5320.0,US-CO,Byers,no,,,CO,SPICKARD FARM AIRPORT
12315,5CO5,heliport,Black Hollow Heliport,40.673099517822266,-104.91999816894533,5294.0,US-CO,Carr,no,,,CO,BLACK HOLLOW HELIPORT
12318,5CO8,small_airport,Pleasant Valley Airport,40.341400146484375,-106.8489990234375,7120.0,US-CO,Oak Creek,no,,,CO,PLEASANT VALLEY AIRPORT
12319,5CO9,heliport,Wray Community District Hospital Heliport,40.076401,-102.235504,3640.0,US-CO,Wray,no,,,CO,WRAY COMMUNITY DISTRICT HOSPITAL HELIPORT
12358,5G0,small_airport,Le Roy Airport,42.9814,-77.9375,780.0,US-NY,Le Roy,no,,,NY,LE ROY AIRPORT
12396,5IL0,heliport,Herrin Hospital Heliport,37.80189895629883,-89.0261001586914,444.0,US-IL,Herrin,no,,,IL,HERRIN HOSPITAL HELIPORT
12397,5IL1,heliport,Olson Heliport,42.346099853515625,-89.2864990234375,750.0,US-IL,Pecatonica,no,,,IL,OLSON HELIPORT
12398,5IL2,small_airport,Panther Field,38.063286,-89.387441,432.0,US-IL,Pinckneyville,no,,,IL,PANTHER FIELD
12399,5IL3,heliport,Galesburg Cottage Hospital Heliport,40.95560073852539,-90.38249969482422,850.0,US-IL,Galesburg,no,,,IL,GALESBURG COTTAGE HOSPITAL HELIPORT
328307,5IL5,small_airport,Hope Field,41.259925,-88.356535,558.0,US-IL,Mazon,no,,,IL,HOPE FIELD
12401,5IL6,heliport,Heartland Regional Medical Center Heliport,37.742645,-88.992469,451.0,US-IL,Marion,no,,,IL,HEARTLAND REGIONAL MEDICAL CENTER HELIPORT
12404,5IL9,heliport,Salem Township Hospital Heliport,38.642323,-88.94889,570.0,US-IL,Salem,no,,,IL,SALEM TOWNSHIP HOSPITAL HELIPORT
12414,5IS1,heliport,Memorial Hosp Of Carbondale Heliport,37.7270011902,-89.2211990356,500.0,US-IL,Carbondale,no,,,IL,MEMORIAL HOSP OF CARBONDALE HELIPORT
12415,5IS2,heliport,Boyd Hospital Heliport,39.295958,-90.414137,600.0,US-IL,Carrollton,no,,,IL,BOYD HOSPITAL HELIPORT
12416,5IS3,small_airport,Riverveiw Airport,38.078399658203125,-89.97959899902344,490.0,US-IL,Evansville,no,,,IL,RIVERVEIW AIRPORT
12417,5IS4,small_airport,Corman Acres Airport,39.7661018371582,-88.77950286865234,710.0,US-IL,Lake City,no,,,IL,CORMAN ACRES AIRPORT
12418,5IS6,heliport,Webster Heliport,41.10559844970703,-89.83899688720703,750.0,US-IL,Toulon,no,,,IL,WEBSTER HELIPORT
12419,5IS7,small_airport,Cast Airport,40.03889846801758,-87.78170013427734,670.0,US-IL,Fairmount,no,,,IL,CAST AIRPORT
12420,5IS8,heliport,Northwestern Medicine McHenry Hospital Heliport,42.317015,-88.280017,815.0,US-IL,McHenry,no,,,IL,NORTHWESTERN MEDICINE MCHENRY HOSPITAL HELIPORT
12421,5IS9,small_airport,Mc Pherson Airport,40.3306007385,-91.0501022339,640.0,US-IL,Carthage,no,,,IL,MC PHERSON AIRPORT
12426,5K4,small_airport,Schuy-Rush Airport,40.1175,-90.590401,665.0,US-IL,Rushville,no,,,IL,SCHUY-RUSH AIRPORT
12457,5LL0,small_airport,Beckerman Field,38.40840148925781,-87.8375015258789,424.0,US-IL,Mount Carmel,no,,,IL,BECKERMAN FIELD
12458,5LL1,small_airport,Hilvety Airport,39.650001525878906,-88.97509765625,674.0,US-IL,Moweaqua,no,,,IL,HILVETY AIRPORT
12459,5LL2,small_airport,Paul E. Kroenlein Airport,39.6083984375,-88.8583984375,710.0,US-IL,Moweaqua,no,,,IL,PAUL E. KROENLEIN AIRPORT
12460,5LL3,small_airport,Mayhall Airport,39.76950073242188,-88.09529876708984,643.0,US-IL,Murdock,no,,,IL,MAYHALL AIRPORT
12461,5LL5,small_airport,Gordon Brown Airport,40.70140075683594,-89.88400268554688,745.0,US-IL,Trivoli,no,,,IL,GORDON BROWN AIRPORT
12462,5LL7,small_airport,Funny Farm Airport,42.210476,-88.520056,875.0,US-IL,Union,no,,,IL,FUNNY FARM AIRPORT
12463,5LL8,small_airport,Hugh Van Voorst Airport,41.112300872802734,-88.14009857177734,617.0,US-IL,Union Hill,no,,,IL,HUGH VAN VOORST AIRPORT
12464,5LL9,heliport,Morrison Community Hospital Heliport,41.80937,-89.957368,634.0,US-IL,Morrison,no,,,IL,MORRISON COMMUNITY HOSPITAL HELIPORT
12525,5N5,small_airport,Kirkwood Airpark,42.00040054321289,-75.76020050048828,870.0,US-NY,Kirkwood,no,,,NY,KIRKWOOD AIRPARK
12561,5NK0,small_airport,Salubrious Point Airport,44.0442008972168,-76.14360046386719,295.0,US-NY,Chaumont,no,,,NY,SALUBRIOUS POINT AIRPORT
12562,5NK1,small_airport,Toggenburg Farms Airport,43.111752,-77.052231,435.0,US-NY,Newark,no,,,NY,TOGGENBURG FARMS AIRPORT
12563,5NK2,heliport,Alexander's East Heliport,40.80139923095703,-72.6624984741211,5.0,US-NY,Westhampton Beach,no,,,NY,ALEXANDER'S EAST HELIPORT
12564,5NK3,heliport,Westhampton Beach Heliport,40.80229949951172,-72.66290283203125,5.0,US-NY,Westhampton Beach,no,,,NY,WESTHAMPTON BEACH HELIPORT
12565,5NK4,heliport,Olean General Heliport,42.09170150756836,-78.42780303955078,1426.0,US-NY,Olean,no,,,NY,OLEAN GENERAL HELIPORT
12568,5NK7,heliport,Hammersley Hill Heliport,41.59450149536133,-73.55599975585938,940.0,US-NY,Pawling,no,,,NY,HAMMERSLEY HILL HELIPORT
12569,5NK8,heliport,South Quaker Heliport,41.52690124511719,-73.58059692382812,700.0,US-NY,Pawling,no,,,NY,SOUTH QUAKER HELIPORT
12570,5NK9,small_airport,Treichler Farm Airport,42.76169967651367,-78.49610137939453,1140.0,US-NY,Wales,no,,,NY,TREICHLER FARM AIRPORT
12572,5NY1,small_airport,Tomahawk Hills Airport,42.39979934692383,-74.90630340576172,2380.0,US-NY,Meridale,no,,,NY,TOMAHAWK HILLS AIRPORT
12573,5NY2,heliport,Tennessee Gas Pipeline Heliport,42.0547981262207,-79.69450378417969,1650.0,US-NY,Clymer,no,,,NY,TENNESSEE GAS PIPELINE HELIPORT
12575,5NY4,small_airport,Stanwix Heights Airport,43.15760040283203,-75.43070220947266,610.0,US-NY,Rome,no,,,NY,STANWIX HEIGHTS AIRPORT
12576,5NY5,small_airport,Gardiner Airport,41.66680145263672,-74.14959716796875,340.0,US-NY,Gardiner,no,,,NY,GARDINER AIRPORT
12578,5NY7,small_airport,Rolling Hills Airport,41.32789993286133,-74.40989685058594,410.0,US-NY,Goshen,no,,,NY,ROLLING HILLS AIRPORT
12579,5NY8,heliport,Bowline Point Heliport,41.205536,-73.963974,10.0,US-NY,Haverstraw,no,,,NY,BOWLINE POINT HELIPORT
12707,5V4,small_airport,Calhan Airport,39.047983,-104.293224,6450.0,US-CO,Calhan,no,,,CO,CALHAN AIRPORT
345320,60IL,small_airport,Beulah Land Farm Airport,40.840373,-90.805306,723.0,US-IL,Biggsville,no,,,IL,BEULAH LAND FARM AIRPORT
12777,60IS,small_airport,Nelson Private Airport,38.40060043334961,-87.98860168457031,420.0,US-IL,Browns,no,,,IL,NELSON PRIVATE AIRPORT
12782,60LL,heliport,Memorial Hospital Belleville Heliport,38.550679,-90.021887,584.0,US-IL,Belleville,no,,,IL,MEMORIAL HOSPITAL BELLEVILLE HELIPORT
12791,60NY,heliport,Samaritan Medical Center Heliport,43.972198486328125,-75.9083023071289,490.0,US-NY,Watertown,no,,,NY,SAMARITAN MEDICAL CENTER HELIPORT
12811,61CO,heliport,Monument Helibase Heliport,39.08580017089844,-104.90299987792967,7120.0,US-CO,Monument,no,,,CO,MONUMENT HELIBASE HELIPORT
430711,61IL,heliport,Memorial Hospital East Shiloh Heliport,38.574236,-89.906827,610.0,US-IL,Shiloh,no,,,IL,MEMORIAL HOSPITAL EAST SHILOH HELIPORT
12819,61IS,small_airport,Jim & Peg Airport,41.054798,-88.387299,630.0,US-IL,Dwight,no,,,IL,JIM & PEG AIRPORT
12826,61LL,small_airport,Smith Restricted Landing Area,38.77310180664063,-89.59359741210938,530.0,US-IL,Peirron,no,,,IL,SMITH RESTRICTED LANDING AREA
12865,62IL,small_airport,Ferris Field,42.186005,-88.604037,841.0,US-IL,Marengo,no,,,IL,FERRIS FIELD
12867,62IS,small_airport,Wilson Airport,40.087501525878906,-87.90750122070312,670.0,US-IL,Fithian,no,,,IL,WILSON AIRPORT
310043,62LL,heliport,Rush Copley Emergency Center Heliport,41.65944,-88.46956,637.0,US-IL,Yorkville,no,,,IL,RUSH COPLEY EMERGENCY CENTER HELIPORT
45546,62NY,heliport,Adirondack Helicopters Heliport,44.43515,-75.472217,449.0,US-NY,Gouverneur,no,,,NY,ADIRONDACK HELICOPTERS HELIPORT
12897,63CO,small_airport,Hendricks Field At West Creek Ranch Airport,38.70550155639648,-108.93699645996094,4820.0,US-CO,Gateway,no,,,CO,HENDRICKS FIELD AT WEST CREEK RANCH AIRPORT
12903,63IL,small_airport,Emerick Airport,42.18339920043945,-88.59449768066406,840.0,US-IL,Marengo,no,,,IL,EMERICK AIRPORT
12905,63IS,small_airport,Corn Alley Airport,40.7692985534668,-88.98310089111328,715.0,US-IL,El Paso,no,,,IL,CORN ALLEY AIRPORT
12914,63NY,small_airport,Shear Airport,43.2593,-78.9656,325.0,US-NY,Youngstown,no,,,NY,SHEAR AIRPORT
12948,64IL,small_airport,Walpole Airport,42.237985,-88.662288,790.0,US-IL,Marengo,no,,,IL,WALPOLE AIRPORT
12950,64IS,heliport,Precision Chrome Heliport,42.38970184326172,-88.18150329589844,745.0,US-IL,Fox Lake,no,,,IL,PRECISION CHROME HELIPORT
12953,64LL,heliport,Rose Nr 3 Heliport,41.8125,-87.66310119628906,646.0,US-IL,Chicago,no,,,IL,ROSE NR 3 HELIPORT
12985,65CO,small_airport,WKR Airport,40.52076,-104.966707,4840.0,US-CO,Fort Collins,no,,,CO,WKR AIRPORT
609514,65IL,heliport,Ferrell Hospital Heliport,37.815897,-88.443614,422.0,US-IL,Eldorado,no,,,IL,FERRELL HOSPITAL HELIPORT
12992,65IS,small_airport,Frings Airport,41.02389907836914,-88.98370361328125,675.0,US-IL,Leeds,no,,,IL,FRINGS AIRPORT
13001,65NY,small_airport,Chautauqua Lake Airpark,42.28390121459961,-79.44390106201172,1655.0,US-NY,Mayville,no,,,NY,CHAUTAUQUA LAKE AIRPARK
13021,66CO,heliport,Rotor Leasing Heliport,39.09080123901367,-104.54399871826172,7260.0,US-CO,Elbert,no,,,CO,ROTOR LEASING HELIPORT
13027,66IL,small_airport,Aerogrange Airport,42.26919937133789,-88.57119750976562,820.0,US-IL,Marengo,no,,,IL,AEROGRANGE AIRPORT
13038,66NY,small_airport,Maple Ridge Airport,43.20280075073242,-78.35389709472656,646.0,US-NY,Medina,no,,,NY,MAPLE RIDGE AIRPORT
13059,67CO,small_airport,Highline Farm Airstrip,40.46998,-104.813792,4745.0,US-CO,Bracewell,no,,,CO,HIGHLINE FARM AIRSTRIP
13065,67IL,small_airport,Mitchell Restricted Landing Area Airport,41.358054,-88.646215,705.0,US-IL,Marseilles,no,,,IL,MITCHELL RESTRICTED LANDING AREA AIRPORT
13067,67IS,heliport,Wabash General Hospital Heliport,38.4213981628418,-87.76950073242188,469.0,US-IL,Mount Carmel,no,,,IL,WABASH GENERAL HOSPITAL HELIPORT
13100,68CO,small_airport,Singleton Ranch Airport,39.870245,-104.141246,4940.0,US-CO,Byers,no,,,CO,SINGLETON RANCH AIRPORT
13108,68IS,small_airport,Casa De Aero Park Airport,42.148605,-88.561965,860.0,US-IL,Hampshire,no,,,IL,CASA DE AERO PARK AIRPORT
13120,68NY,small_airport,Merrimac Farms Airport,42.750099182128906,-77.78389739990234,910.0,US-NY,Mount Morris,no,,,NY,MERRIMAC FARMS AIRPORT
13138,69CO,heliport,Porter Memorial Hospital Heliport,39.67079925537109,-104.97599792480467,5349.0,US-CO,Denver,no,,,CO,PORTER MEMORIAL HOSPITAL HELIPORT
13145,69IL,small_airport,David Gillespie Airport,41.364858,-88.677827,730.0,US-IL,Marseilles,no,,,IL,DAVID GILLESPIE AIRPORT
13147,69IS,small_airport,Sinele's Sunset Strip,40.579498291015625,-91.29180145263672,690.0,US-IL,Niota,no,,,IL,SINELE'S SUNSET STRIP
13151,69LL,small_airport,Maas Airstrip,41.288707,-91.050385,534.0,US-IL,New Boston,no,,,IL,MAAS AIRSTRIP
13159,69NY,heliport,UVMHN-Elizabethtown Community Hospital Heliport,43.849329,-73.436408,280.0,US-NY,Ticonderoga,no,,,NY,UVMHN-ELIZABETHTOWN COMMUNITY HOSPITAL HELIPORT
13201,6B4,small_airport,Frankfort-Highland Airport,43.016101,-75.169573,1325.0,US-NY,Frankfort,no,,,NY,FRANKFORT-HIGHLAND AIRPORT
13224,6CO0,small_airport,Doctors Mesa Airport,38.852236,-108.017833,5680.0,US-CO,Eckert,no,,,CO,DOCTORS MESA AIRPORT
13225,6CO1,small_airport,Burnham Field,40.78139877319336,-104.91699981689452,5615.0,US-CO,Wellington,no,,,CO,BURNHAM FIELD
13226,6CO2,small_airport,Mesawood Airpark,38.960694,-107.958418,7200.0,US-CO,Cedaredge,no,,,CO,MESAWOOD AIRPARK
13228,6CO4,small_airport,Hat-Field STOLport,40.51029968261719,-105.0009994506836,4885.0,US-CO,Fort Collins,no,,,CO,HAT-FIELD STOLPORT
13230,6CO6,small_airport,Skywagon Ranch Airport,40.311886,-105.145833,5187.0,US-CO,Berthoud,no,,,CO,SKYWAGON RANCH AIRPORT
13231,6CO7,heliport,Monument Heliport,39.096900939941406,-108.5999984741211,4575.0,US-CO,Grand Junction,no,,,CO,MONUMENT HELIPORT
13232,6CO8,heliport,West Area Pwr Admin Ops Center Heliport,38.4660987854,-107.873001099,5825.0,US-CO,Montrose,no,,,CO,WEST AREA PWR ADMIN OPS CENTER HELIPORT
13233,6CO9,heliport,Salida Hospital Heliport,38.53279876708984,-105.98999786376952,7050.0,US-CO,Salida,no,,,CO,SALIDA HOSPITAL HELIPORT
13291,6IL0,small_airport,Idlas Restricted Landing Area,42.131503,-88.700358,850.0,US-IL,Genoa,no,,,IL,IDLAS RESTRICTED LANDING AREA
13292,6IL1,heliport,The American Coal Company Heliport,37.8384017944,-88.5828018188,439.0,US-IL,Galatia,no,,,IL,THE AMERICAN COAL COMPANY HELIPORT
13293,6IL2,small_airport,Phyllis Field,42.221099853515625,-88.41790008544922,855.0,US-IL,Huntley,no,,,IL,PHYLLIS FIELD
13295,6IL4,small_airport,Foxfield Aerodrome,42.160301208496094,-89.88619995117188,895.0,US-IL,Lanark,no,,,IL,FOXFIELD AERODROME
13296,6IL5,small_airport,Keil Airport,37.38639831542969,-89.160400390625,525.0,US-IL,Dongola,no,,,IL,KEIL AIRPORT
13299,6IL8,heliport,Centralia Correctional Center Heliport,38.55440139770508,-89.19640350341797,465.0,US-IL,Centralia,no,,,IL,CENTRALIA CORRECTIONAL CENTER HELIPORT
506094,6IL9,small_airport,Geldean Airport,41.513995,-89.631052,745.0,US-IL,Walnut,no,,,IL,GELDEAN AIRPORT
13308,6IS0,small_airport,Day Aero-Place Airport,40.095001220703125,-88.12870025634766,690.0,US-IL,Urbana,no,,,IL,DAY AERO-PLACE AIRPORT
13309,6IS1,heliport,Cary Fire Dept Heliport,42.2125015259,-88.2522964478,830.0,US-IL,Cary,no,,,IL,CARY FIRE DEPT HELIPORT
13310,6IS2,heliport,Lemont Fire Department Heliport,41.672156,-88.006368,590.0,US-IL,Lemont,no,,,IL,LEMONT FIRE DEPARTMENT HELIPORT
13311,6IS4,heliport,Good Samaritan Regional Health Care Center Heliport,38.32229995727539,-88.91059875488281,500.0,US-IL,Mount Vernon,no,,,IL,GOOD SAMARITAN REGIONAL HEALTH CARE CENTER HELIPORT
13312,6IS5,heliport,Presence Holy Family Medical Center Heliport,42.054945,-87.891348,650.0,US-IL,Des Plaines,no,,,IL,PRESENCE HOLY FAMILY MEDICAL CENTER HELIPORT
13314,6IS7,heliport,Presence Sts Mary and Elizabeth Medical Center Heliport,41.902802,-87.6828,597.0,US-IL,Chicago,no,,,IL,PRESENCE STS MARY AND ELIZABETH MEDICAL CENTER HELIPORT
13315,6IS8,small_airport,Trisler Airport,39.98949813842773,-87.9052963256836,672.0,US-IL,Homer,no,,,IL,TRISLER AIRPORT
13316,6IS9,heliport,St Joseph Medical Center - Joliet Heliport,41.529122,-88.137063,641.0,US-IL,Joliet,no,,,IL,ST JOSEPH MEDICAL CENTER - JOLIET HELIPORT
13319,6JY8,heliport,Cablevision Bethpage Heliport,40.7593994140625,-73.49690246582031,142.0,US-NY,Bethpage,no,,,NY,CABLEVISION BETHPAGE HELIPORT
13345,6LL0,small_airport,Williamson Airport,39.31890106201172,-88.42500305175781,664.0,US-IL,Neoga,no,,,IL,WILLIAMSON AIRPORT
13347,6LL2,small_airport,Young Airport,41.16450119018555,-90.55740356445312,760.0,US-IL,Viola,no,,,IL,YOUNG AIRPORT
13348,6LL4,small_airport,Wildy Field,38.266855,-89.89352,450.0,US-IL,New Athens,no,,,IL,WILDY FIELD
13349,6LL5,small_airport,Smith Restricted Landing Area,39.78950119018555,-89.99120330810547,632.0,US-IL,New Berlin,no,,,IL,SMITH RESTRICTED LANDING AREA
13350,6LL6,small_airport,Fischer's RLA Restricted Landing Area,38.4916992188,-89.6633987427,440.0,US-IL,New Memphis,no,,,IL,FISCHER'S RLA RESTRICTED LANDING AREA
13351,6LL7,heliport,Jasper County Safety Council Heliport,38.98949813842773,-88.17639923095703,540.0,US-IL,Newton,no,,,IL,JASPER COUNTY SAFETY COUNCIL HELIPORT
13353,6LL9,heliport,Hurst Aviation Heliport,38.19229888916016,-89.59539794921875,529.0,US-IL,Coulterville,no,,,IL,HURST AVIATION HELIPORT
13405,6N5,heliport,East 34th Street Heliport,40.742372,-73.972074,10.0,US-NY,New York,yes,,TSS,NY,EAST 34TH STREET HELIPORT
13406,6N6,seaplane_base,Evers Seaplane Base,40.84590148925781,-73.81620025634766,757.0,US-NY,New York,no,,,NY,EVERS SEAPLANE BASE
13407,6N7,seaplane_base,New York Skyports Inc Seaplane Base,40.735061,-73.972814,757.0,US-NY,New York,yes,,NYS,NY,NEW YORK SKYPORTS INC SEAPLANE BASE
13443,6NK,small_airport,Syracuse Suburban Airport,43.26499938964844,-76.1781005859375,400.0,US-NY,Syracuse,no,,,NY,SYRACUSE SUBURBAN AIRPORT
13444,6NK0,small_airport,Knapp Airport,42.595618,-74.820607,1300.0,US-NY,Schenevus,no,,,NY,KNAPP AIRPORT
13446,6NK2,small_airport,Meerwarth Airport,42.95059967041016,-73.33470153808594,640.0,US-NY,White Creek,no,,,NY,MEERWARTH AIRPORT
13447,6NK3,heliport,North Shore University Hospital Nr 2 Heliport,40.76940155029297,-73.7052993774414,200.0,US-NY,Manhasset,no,,,NY,NORTH SHORE UNIVERSITY HOSPITAL NR 2 HELIPORT
13448,6NK4,small_airport,TTT Air Airport,42.62946,-78.96506,891.0,US-NY,North Collins,no,,,NY,TTT AIR AIRPORT
13449,6NK5,heliport,Erie County Medical Center Heliport,42.926700592041016,-78.83280181884766,728.0,US-NY,Buffalo,no,,,NY,ERIE COUNTY MEDICAL CENTER HELIPORT
13450,6NK6,heliport,New York State D.E.C. Indian Lake Heliport,43.76810073852539,-74.26329803466797,1705.0,US-NY,Indian Lake,no,,,NY,NEW YORK STATE D.E.C. INDIAN LAKE HELIPORT
13451,6NK7,heliport,Computer Associates Heliport,40.8122,-73.175631,152.0,US-NY,Islandia,no,,,NY,COMPUTER ASSOCIATES HELIPORT
13452,6NK8,small_airport,Flying K Airport,43.00979995727539,-76.6405029296875,1350.0,US-NY,Oneida,no,,,NY,FLYING K AIRPORT
13453,6NK9,heliport,Cec Heliport,43.17720031738281,-75.22779846191406,1072.0,US-NY,Marcy,no,,,NY,CEC HELIPORT
350782,6NY0,heliport,Orange Regional Medical Center Heliport,41.442151,-74.366707,437.0,US-NY,Middletown,no,,,NY,ORANGE REGIONAL MEDICAL CENTER HELIPORT
13454,6NY1,small_airport,Old Port Royal Airport,42.11289978027344,-77.08940124511719,1700.0,US-NY,Corning,no,,,NY,OLD PORT ROYAL AIRPORT
13455,6NY2,small_airport,Omni Airpark,42.23199844360352,-76.8469009399414,970.0,US-NY,Horseheads,no,,,NY,OMNI AIRPARK
13456,6NY3,small_airport,Airy-Acres Airport,42.64400100708008,-76.72969818115234,805.0,US-NY,Interlaken,no,,,NY,AIRY-ACRES AIRPORT
13457,6NY4,small_airport,West Township Airport,42.700401,-74.155098,1260.0,US-NY,Delanson,no,,,NY,WEST TOWNSHIP AIRPORT
13458,6NY5,heliport,Mary Immaculate Hospital Heliport,40.70539855957031,-73.80460357666016,15.0,US-NY,Jamaica Queens,no,,,NY,MARY IMMACULATE HOSPITAL HELIPORT
13459,6NY6,seaplane_base,Firemans White Lake Seaplane Base,41.68429946899414,-74.83159637451172,1323.0,US-NY,Kauneonga Lake,no,,,NY,FIREMANS WHITE LAKE SEAPLANE BASE
13460,6NY7,small_airport,Piolis Brookside Airport,41.86539840698242,-74.33290100097656,1060.0,US-NY,Kerhonkson,no,,,NY,PIOLIS BROOKSIDE AIRPORT
13461,6NY8,heliport,Tech City Commerce Park Heliport,41.97347,-73.997017,170.0,US-NY,Kingston,no,,,NY,TECH CITY COMMERCE PARK HELIPORT
13462,6NY9,heliport,Health Alliance Mary's Avenue Heliport,41.920898,-73.999603,262.0,US-NY,Kingston,no,,,NY,HEALTH ALLIANCE MARY'S AVENUE HELIPORT
13650,70IS,heliport,Waste Management Inc Heliport,41.841400146484375,-87.9927978515625,800.0,US-IL,Oak Brook,no,,,IL,WASTE MANAGEMENT INC HELIPORT
13654,70LL,small_airport,Adams Restricted Landing Area Number 1,40.936926,-88.753739,640.0,US-IL,Pontiac,no,,,IL,ADAMS RESTRICTED LANDING AREA NUMBER 1
45556,70NY,heliport,Lakeside Heliport,41.422053,-74.571475,876.0,US-NY,Middletown,no,,,NY,LAKESIDE HELIPORT
13681,71CO,heliport,Houston Heliport,39.550899505615234,-104.50599670410156,6039.0,US-CO,Elizabeth,no,,,CO,HOUSTON HELIPORT
13685,71IL,heliport,Advocate Lutheran General Hospital Helipad,42.038192,-87.84777,805.0,US-IL,Park Ridge,no,,,IL,ADVOCATE LUTHERAN GENERAL HOSPITAL HELIPAD
13687,71IS,small_airport,Ted's Place Airport,40.42559814453125,-88.00060272216797,780.0,US-IL,Paxton,no,,,IL,TED'S PLACE AIRPORT
13692,71LL,small_airport,Riverode Farms Airport,40.843992,-88.56082,651.0,US-IL,Pontiac,no,,,IL,RIVERODE FARMS AIRPORT
13700,71NY,heliport,St. Elizabeth Hospital Heliport,43.08219909667969,-75.26570129394531,600.0,US-NY,Utica,no,,,NY,ST. ELIZABETH HOSPITAL HELIPORT
13717,72CO,small_airport,Idler Bro's Airport,39.67940139770508,-102.59100341796876,4200.0,US-CO,Kirk,no,,,CO,IDLER BRO'S AIRPORT
13721,72IL,heliport,Cornerstone Heliport,41.810161,-88.168238,773.0,US-IL,Warrenville,no,,,IL,CORNERSTONE HELIPORT
13728,72LL,small_airport,Foley Airport,41.37360000610352,-89.34449768066406,690.0,US-IL,Princeton,no,,,IL,FOLEY AIRPORT
13766,73IL,heliport,St Francis Hospital - Litchfield Heliport,39.181366,-89.640291,690.0,US-IL,Litchfield,no,,,IL,ST FRANCIS HOSPITAL - LITCHFIELD HELIPORT
45673,73NY,small_airport,Olmstead Landing Strip,42.265767,-75.310033,1160.0,US-NY,Masonville,no,,,NY,OLMSTEAD LANDING STRIP
13798,74CO,small_airport,Westberg-Rosling Farms Airport,40.04719924926758,-104.20899963378906,4857.0,US-CO,Roggen,no,,,CO,WESTBERG-ROSLING FARMS AIRPORT
13803,74IL,heliport,Mendota Community Hospital Heliport,41.5519981384,-89.13150024410001,770.0,US-IL,Mendota,no,,,IL,MENDOTA COMMUNITY HOSPITAL HELIPORT
13805,74IS,heliport,Quad City Medical Force Heliport,41.49420166015625,-90.31279754638672,654.0,US-IL,Colona,no,,,IL,QUAD CITY MEDICAL FORCE HELIPORT
13810,74LL,heliport,Illinois Dept of Transportation Nr 6 Heliport,39.7789001465,-89.77839660640001,630.0,US-IL,Springfield,no,,,IL,ILLINOIS DEPT OF TRANSPORTATION NR 6 HELIPORT
505751,74NK,small_airport,Sunside Airport,42.327207,-74.063501,360.0,US-NY,Cairo,no,,,NY,SUNSIDE AIRPORT
13817,74NY,small_airport,New Salem Aerodrome,43.00559997558594,-77.29139709472656,660.0,US-NY,Farmington,no,,,NY,NEW SALEM AERODROME
13847,75IL,heliport,Crossroads Community Hospital Heliport,38.312198638916016,-88.93609619140625,545.0,US-IL,Mount Vernon,no,,,IL,CROSSROADS COMMUNITY HOSPITAL HELIPORT
13849,75IS,small_airport,Reinke Airport,41.899200439453125,-89.17040252685547,790.0,US-IL,Rochelle,no,,,IL,REINKE AIRPORT
346785,75NK,heliport,Upstate Medical University Hospital Helipad,43.042265,-76.139374,685.0,US-NY,Syracuse,no,,,NY,UPSTATE MEDICAL UNIVERSITY HOSPITAL HELIPAD
13863,75NY,small_airport,Reiss Game Farm Airport,42.11669921875,-78.31559753417969,1698.0,US-NY,Olean,no,,,NY,REISS GAME FARM AIRPORT
13886,76CO,small_airport,Hoy Airstrip,39.83580017089844,-104.4219970703125,5310.0,US-CO,Bennett,no,,,CO,HOY AIRSTRIP
13891,76IL,heliport,Northwestern Medicine Delnor Hospital Heliport,41.887263,-88.344737,770.0,US-IL,Geneva,no,,,IL,NORTHWESTERN MEDICINE DELNOR HOSPITAL HELIPORT
13893,76IS,heliport,Steel Supply Heliport,42.0584947372,-88.01926240319999,700.0,US-IL,Rolling Meadows,no,,,IL,STEEL SUPPLY HELIPORT
13897,76LL,heliport,Rose Number 2 Heliport,42.0691410594,-88.1424321234,827.0,US-IL,Barrington,no,,,IL,ROSE NUMBER 2 HELIPORT
346524,76NY,heliport,Independent Heliport,41.492778,-74.104361,512.0,US-NY,New Windsor,no,,,NY,INDEPENDENT HELIPORT
13927,77CO,heliport,UCH-MHS Memorial North Helipad,38.966362,-104.755997,6901.0,US-CO,Colorado Springs,no,,,CO,UCH-MHS MEMORIAL NORTH HELIPAD
13930,77IL,heliport,Arch - Effingham Heliport,39.0800018311,-88.5441970825,585.0,US-IL,Effingham,no,,,IL,ARCH - EFFINGHAM HELIPORT
13932,77IS,heliport,Mc Donald's Plaza Heliport,41.8480987549,-87.9443969727,665.0,US-IL,Oak Brook,no,,,IL,MC DONALD'S PLAZA HELIPORT
13965,78CO,heliport,Pfister Ranch Heliport,39.17720031738281,-106.8560028076172,8000.0,US-CO,Aspen,no,,,CO,PFISTER RANCH HELIPORT
13971,78IL,heliport,Dixon Correctional Center Heliport,41.872501373291016,-89.48390197753906,794.0,US-IL,Dixon,no,,,IL,DIXON CORRECTIONAL CENTER HELIPORT
13973,78IS,heliport,Red Bud Regional Hospital Heliport,38.20970153808594,-89.99669647216797,420.0,US-IL,Red Bud,no,,,IL,RED BUD REGIONAL HOSPITAL HELIPORT
606045,78NK,heliport,Franjo Heliport,41.293906,-74.345515,735.0,US-NY,Warwick,no,,,NY,FRANJO HELIPORT
13943,78NY,small_airport,Flying F Airport,43.081362,-78.779447,582.0,US-NY,Pendleton,no,,,NY,FLYING F AIRPORT
14004,79CO,heliport,Boulder Community Hospital Heliport,40.02780151367188,-105.28399658203124,5373.0,US-CO,Boulder,no,,,CO,BOULDER COMMUNITY HOSPITAL HELIPORT
610159,79IL,heliport,Norman Headings Heliport,40.998101,-89.201236,678.0,US-IL,Toluca,no,,,IL,NORMAN HEADINGS HELIPORT
14012,79IS,small_airport,Hartwell Ranch Airport,39.444221,-90.557719,427.0,US-IL,Hillview,no,,,IL,HARTWELL RANCH AIRPORT
14023,79NY,small_airport,Smith Airport,43.087002,-78.811401,580.0,US-NY,Pendleton,no,,,NY,SMITH AIRPORT
14054,7B1,heliport,Rainbow Heliport,40.775299072265625,-89.6759033203125,700.0,US-IL,Peoria,no,,,IL,RAINBOW HELIPORT
14079,7CO0,small_airport,Parkland Airport,40.07170104980469,-105.03399658203124,5050.0,US-CO,Erie,no,,,CO,PARKLAND AIRPORT
14085,7CO6,small_airport,Vantage View Airport,38.760278,-104.101389,5780.0,US-CO,Rush,no,,,CO,VANTAGE VIEW AIRPORT
14086,7CO7,heliport,Frontier Helicopters Heliport,40.33806,-104.90381,4900.0,US-CO,Johnstown,no,,,CO,FRONTIER HELICOPTERS HELIPORT
14087,7CO8,small_airport,West Pueblo Airport,38.36330032348633,-104.73799896240234,5135.0,US-CO,Pueblo West,no,,,CO,WEST PUEBLO AIRPORT
14088,7CO9,heliport,K2 Heliport Nr 1a Heliport,37.85279846191406,-107.5749969482422,9500.0,US-CO,Silverton,no,,,CO,K2 HELIPORT NR 1A HELIPORT
14144,7IL0,small_airport,Mussman Airport,41.27090072631836,-87.57779693603516,705.0,US-IL,Grant Park,no,,,IL,MUSSMAN AIRPORT
355668,7IL1,heliport,Heading Heli Heliport,41.605111,-89.740611,637.0,US-IL,New Bedford,no,,,IL,HEADING HELI HELIPORT
14147,7IL4,heliport,Northwest Community Hospital Heliport,42.067723,-87.993396,758.0,US-IL,Arlington Heights,no,,,IL,NORTHWEST COMMUNITY HOSPITAL HELIPORT
14150,7IL7,small_airport,Edward Getzelman Airport,42.127336,-88.529991,870.0,US-IL,Hampshire,no,,,IL,EDWARD GETZELMAN AIRPORT
14162,7IS2,small_airport,Aero Estates Airport,38.52450180053711,-90.05690002441406,565.0,US-IL,Belleville,no,,,IL,AERO ESTATES AIRPORT
14163,7IS3,small_airport,Hooterville Airport,40.142911,-89.092276,730.0,US-IL,Clinton,no,,,IL,HOOTERVILLE AIRPORT
14164,7IS4,heliport,Danville Correctional Center Heliport,40.13169860839844,-87.53610229492188,650.0,US-IL,Danville,no,,,IL,DANVILLE CORRECTIONAL CENTER HELIPORT
14165,7IS5,small_airport,Koppie Airport,42.12139892578125,-88.37809753417969,890.0,US-IL,Gilberts,no,,,IL,KOPPIE AIRPORT
14166,7IS6,heliport,Elmhurst Memorial Hospital Heliport,41.9126042083,-87.9378452897,705.0,US-IL,Elmhurst,no,,,IL,ELMHURST MEMORIAL HOSPITAL HELIPORT
14167,7IS7,small_airport,Hammock Field,38.914077,-89.669809,595.0,US-IL,Leef Township,no,,,IL,HAMMOCK FIELD
14168,7IS8,heliport,Rush-Copley Medical Center Heliport,41.728482,-88.27193,700.0,US-IL,Aurora,no,,,IL,RUSH-COPLEY MEDICAL CENTER HELIPORT
14169,7IS9,small_airport,King Airport,38.47639846801758,-90.23619842529295,407.0,US-IL,Columbia,no,,,IL,KING AIRPORT
14198,7LL1,heliport,Vista Medical Center West Heliport,42.35779953,-87.8656005859,700.0,US-IL,Waukegan,no,,,IL,VISTA MEDICAL CENTER WEST HELIPORT
14199,7LL2,heliport,Vista Medical Center East Heliport,42.377708,-87.833406,624.0,US-IL,Waukegan,no,,,IL,VISTA MEDICAL CENTER EAST HELIPORT
14200,7LL3,small_airport,Jasper County Flying Club Airport,38.930605,-88.155928,575.0,US-IL,Newton,no,,,IL,JASPER COUNTY FLYING CLUB AIRPORT
14201,7LL4,small_airport,Bakers Strip,40.1172981262207,-88.75900268554688,715.0,US-IL,Weldon,no,,,IL,BAKERS STRIP
14202,7LL6,small_airport,Gehant Airport,41.6974983215332,-89.14430236816406,952.0,US-IL,West Brooklyn,no,,,IL,GEHANT AIRPORT
14203,7LL7,small_airport,Delhotal Airport,41.73682,-89.175941,760.0,US-IL,West Brooklyn,no,,,IL,DELHOTAL AIRPORT
14205,7LL9,small_airport,Brammeier Airport,38.26169967651367,-89.47090148925781,530.0,US-IL,Oakdale,no,,,IL,BRAMMEIER AIRPORT
14258,7N3,seaplane_base,Sands Point Seaplane Base,40.83760070800781,-73.71620178222656,757.0,US-NY,Port Washington,no,,,NY,SANDS POINT SEAPLANE BASE
14295,7NK0,small_airport,Valley View Airport,42.64528,-74.390514,1160.0,US-NY,Middleburgh,no,,,NY,VALLEY VIEW AIRPORT
14296,7NK1,small_airport,Deer Run Air Field,42.94309997558594,-75.75360107421875,1725.0,US-NY,Nelson,no,,,NY,DEER RUN AIR FIELD
14297,7NK2,heliport,Saratoga Hospital Heliport,43.08610153198242,-73.802001953125,379.0,US-NY,Saratoga Springs,no,,,NY,SARATOGA HOSPITAL HELIPORT
14298,7NK4,small_airport,Ridge Road West Airport,43.222599029541016,-77.81060028076172,400.0,US-NY,Spenceport,no,,,NY,RIDGE ROAD WEST AIRPORT
14300,7NK6,small_airport,Blueberry Field,42.29169845581055,-75.06670379638672,2100.0,US-NY,Treadwell,no,,,NY,BLUEBERRY FIELD
14301,7NK7,small_airport,Morin Airport,42.71329879760742,-75.88999938964844,1068.0,US-NY,Sherburne,no,,,NY,MORIN AIRPORT
14302,7NK8,heliport,Westchester Medical Center Heliport,41.084891,-73.805332,409.0,US-NY,Valhalla,no,,,NY,WESTCHESTER MEDICAL CENTER HELIPORT
14303,7NY0,small_airport,Campis Airport,41.68339920043945,-75.01629638671875,1200.0,US-NY,Lake Huntington,no,,,NY,CAMPIS AIRPORT
14304,7NY1,small_airport,Gar Field,42.76340103149414,-74.27850341796875,640.0,US-NY,Esperance,no,,,NY,GAR FIELD
14306,7NY3,heliport,North Shore University Hospital Heliport,40.77790069580078,-73.7051010131836,93.0,US-NY,Manhasset,no,,,NY,NORTH SHORE UNIVERSITY HOSPITAL HELIPORT
14307,7NY4,small_airport,Culver Airfield,42.42509841918945,-76.71499633789062,1455.0,US-NY,Mecklenburg,no,,,NY,CULVER AIRFIELD
14308,7NY5,heliport,State Police Troop K Heliport,41.782816,-73.752704,350.0,US-NY,Millbrook,no,,,NY,STATE POLICE TROOP K HELIPORT
14309,7NY6,small_airport,Sherwood Farm Airport,42.893699645996094,-73.50789642333984,530.0,US-NY,Johnsonville,no,,,NY,SHERWOOD FARM AIRPORT
14310,7NY7,heliport,HNA Palisades Premier Conference Center Heliport,41.01911,-73.91819,173.0,US-NY,Palisades,no,,,NY,HNA PALISADES PREMIER CONFERENCE CENTER HELIPORT
515816,7NY9,heliport,Yorktown Helipad,41.211825,-73.803363,499.0,US-NY,Yorktown,no,,,NY,YORKTOWN HELIPAD
14486,80CO,small_airport,Simonson Field,38.15169906616211,-104.70600128173828,5130.0,US-CO,Pueblo,no,,,CO,SIMONSON FIELD
14523,81CO,small_airport,Mesa 1 Airport,40.40610122680664,-106.8209991455078,7000.0,US-CO,Steamboat Springs,no,,,CO,MESA 1 AIRPORT
14529,81IL,small_airport,Illinois Valley Parachute Club Airport,40.433943,-89.356585,646.0,US-IL,Minier,no,,,IL,ILLINOIS VALLEY PARACHUTE CLUB AIRPORT
14534,81LL,small_airport,Otterbach Farm Airport,41.572305,-89.171391,840.0,US-IL,Mendota,no,,,IL,OTTERBACH FARM AIRPORT
14560,82CO,heliport,Mountain Bell Heliport,39.09749984741211,-108.58399963378906,4580.0,US-CO,Grand Junction,no,,,CO,MOUNTAIN BELL HELIPORT
330515,82IL,heliport,Mercyhealth System-Riverside Heliport,42.315222,-88.960166,908.0,US-IL,Rockford,no,,,IL,MERCYHEALTH SYSTEM-RIVERSIDE HELIPORT
14566,82IS,small_airport,Landings Condominium Airport,42.14310073852539,-88.40290069580078,880.0,US-IL,Huntley,no,,,IL,LANDINGS CONDOMINIUM AIRPORT
299714,82NY,small_airport,Silvernails Field,42.001389,-73.67111,571.0,US-NY,Gallatin,no,,,NY,SILVERNAILS FIELD
14592,83CO,heliport,Snake River Health Services Inc Heliport,39.60419845581055,-105.95899963378906,9300.0,US-CO,Keystone,no,,,CO,SNAKE RIVER HEALTH SERVICES INC HELIPORT
14597,83IL,small_airport,Oltman-Shuck Airport,40.892799377441406,-89.10399627685547,736.0,US-IL,Minonk,no,,,IL,OLTMAN-SHUCK AIRPORT
14599,83IS,small_airport,Prairie Airport,38.42639923095703,-89.1312026977539,550.0,US-IL,Irvington,no,,,IL,PRAIRIE AIRPORT
14605,83LL,small_airport,Lindauer Airport,38.3036003112793,-89.8551025390625,437.0,US-IL,New Athens,no,,,IL,LINDAUER AIRPORT
14613,83NY,heliport,Norcross Helipad Heliport,43.12369918823242,-77.64969635009766,530.0,US-NY,Rochester,no,,,NY,NORCROSS HELIPAD HELIPORT
14634,84CO,heliport,Rampart Heliport,39.344239,-104.841906,6480.0,US-CO,Castle Rock,no,,,CO,RAMPART HELIPORT
14641,84IS,heliport,Passavant Area Hospital Heliport,39.747743,-90.260396,604.0,US-IL,Jacksonville,no,,,IL,PASSAVANT AREA HOSPITAL HELIPORT
45972,84NK,heliport,St. Luke's Cornwall Hospital Heliport,41.434583,-74.041111,264.0,US-NY,Cornwall,no,,,NY,ST. LUKE'S CORNWALL HOSPITAL HELIPORT
14653,84NY,small_airport,Skyview Airport,42.98619842529297,-77.61250305175781,642.0,US-NY,Rush,no,,,NY,SKYVIEW AIRPORT
14673,85CO,heliport,Anderson Heliport,40.11249923706055,-105.16200256347656,5160.0,US-CO,Niwot,no,,,CO,ANDERSON HELIPORT
14679,85IL,small_airport,Durbin Airport,39.636894,-88.619413,664.0,US-IL,Sullivan,no,,,IL,DURBIN AIRPORT
14684,85LL,small_airport,Wormley Airport,41.68389892578125,-88.26229858398438,680.0,US-IL,Oswego,no,,,IL,WORMLEY AIRPORT
14688,85N,small_airport,Hollands International Field,43.254726,-78.76575,360.0,US-NY,Newfane,no,,,NY,HOLLANDS INTERNATIONAL FIELD
14693,85NY,small_airport,High Acres Airport,42.578399658203125,-78.5199966430664,1540.0,US-NY,Sardinia,no,,,NY,HIGH ACRES AIRPORT
14714,86CO,small_airport,Lazy W Airport,40.3135986328125,-105.1449966430664,5200.0,US-CO,Berthoud,no,,,CO,LAZY W AIRPORT
607986,86IL,small_airport,Wenona RLA,41.033753,-88.995376,667.0,US-IL,Wenona,no,,,IL,WENONA RLA
14721,86IS,small_airport,Michael Pfister Airport,40.77939987182617,-89.25779724121094,805.0,US-IL,Roanoke,no,,,IL,MICHAEL PFISTER AIRPORT
45552,86NY,heliport,East Farm Heliport,40.913264,-73.155689,10.0,US-NY,Head Of The Harbor,no,,,NY,EAST FARM HELIPORT
345650,87CD,small_airport,The Flying Z Airport,37.98994,-104.760845,5440.0,US-CO,Pueblo,no,,,CO,THE FLYING Z AIRPORT
14750,87CO,small_airport,Young's Strip,39.69110107421875,-104.41600036621094,5650.0,US-CO,Bennett,no,,,CO,YOUNG'S STRIP
14754,87IL,small_airport,Bushby RLA Restricted Landing Area,41.5167007446,-88.2667007446,580.0,US-IL,Minooka,no,,,IL,BUSHBY RLA RESTRICTED LANDING AREA
14762,87N,heliport,Southampton Heliport,40.846217,-72.466379,5.0,US-NY,Southampton,no,,,NY,SOUTHAMPTON HELIPORT
346698,87NY,heliport,Clearview Heliport,40.826444,-72.745944,50.0,US-NY,East Moriches,no,,,NY,CLEARVIEW HELIPORT
14783,88CO,small_airport,Tranquila Airport,38.88610076904297,-104.2490005493164,6320.0,US-CO,Yoder,no,,,CO,TRANQUILA AIRPORT
14791,88IS,small_airport,Blickhan Lndg Area Airport,40.0083999634,-91.3821029663,635.0,US-IL,Quincy,no,,,IL,BLICKHAN LNDG AREA AIRPORT
14794,88LL,small_airport,Block Airport,42.19169998168945,-89.83820343017578,917.0,US-IL,Pearl City,no,,,IL,BLOCK AIRPORT
14800,88NY,small_airport,Zelazny Airport,43.15779876708984,-78.3583984375,635.0,US-NY,Shelby,no,,,NY,ZELAZNY AIRPORT
610156,89IL,heliport,Ag Farmacy Heliport,41.591775,-90.088276,631.0,US-IL,Erie,no,,,IL,AG FARMACY HELIPORT
14826,89IS,small_airport,Voges Airstrip,38.21670150756836,-89.97509765625,424.0,US-IL,Red Bud,no,,,IL,VOGES AIRSTRIP
14830,89LL,small_airport,Norman Airport,41.3583984375,-87.7249984741211,750.0,US-IL,Peotone,no,,,IL,NORMAN AIRPORT
19113,89NY,small_airport,Maxson Airfield,44.312002,-75.90034,340.0,US-NY,Alexandria Bay,no,,AXB,NY,MAXSON AIRFIELD
505723,8CD0,heliport,Yuma District Hospital Heliport,40.121167,-102.73763,4153.0,US-CO,Yuma,no,,,CO,YUMA DISTRICT HOSPITAL HELIPORT
598337,8CD4,small_airport,Basin Field,39.258742,-104.63475,6943.0,US-CO,Elizabeth,no,,,CO,BASIN FIELD
14891,8CO0,small_airport,Kent Airport,40.249152,-103.994473,4480.0,US-CO,Wiggins,no,,,CO,KENT AIRPORT
14892,8CO1,heliport,Prospect Peak Heliport,38.47779846191406,-105.52100372314452,8660.0,US-CO,Texas Creek,no,,,CO,PROSPECT PEAK HELIPORT
14893,8CO2,small_airport,William Leon Schawo Airport,40.67079925537109,-104.20800018310548,4950.0,US-CO,Briggsdale,no,,,CO,WILLIAM LEON SCHAWO AIRPORT
14894,8CO3,heliport,Fremont Peak Heliport,38.45389938354492,-105.28600311279295,7100.0,US-CO,Canon City,no,,,CO,FREMONT PEAK HELIPORT
14895,8CO4,small_airport,East Moore Field,39.670501708984375,-104.13600158691406,5250.0,US-CO,Byers,no,,,CO,EAST MOORE FIELD
14896,8CO5,small_airport,Widner Airport,38.833618,-107.892838,6020.0,US-CO,Hotchkiss,no,,,CO,WIDNER AIRPORT
14897,8CO6,heliport,Arkansas Valley Regional Medical Center Heliport,37.96139907836914,-103.5500030517578,4124.0,US-CO,La Junta,no,,,CO,ARKANSAS VALLEY REGIONAL MEDICAL CENTER HELIPORT
14898,8CO7,small_airport,Colorado Antique Field,40.122501373291016,-105.1719970703125,5069.0,US-CO,Niwot,no,,,CO,COLORADO ANTIQUE FIELD
14899,8CO8,small_airport,Koenig Airport,40.108022,-102.724035,4150.0,US-CO,Yuma,no,,,CO,KOENIG AIRPORT
14900,8CO9,small_airport,Pine View Airport,39.344398498535,-104.58100128174,6572.0,US-CO,Elizabeth,no,,,CO,PINE VIEW AIRPORT
14924,8G3,small_airport,Giermek Executive Airport,42.06869888305664,-78.40450286865234,1420.0,US-NY,Olean,no,,,NY,GIERMEK EXECUTIVE AIRPORT
14953,8IL0,small_airport,Adkins Restricted Landing Area,42.352864,-88.637442,853.0,US-IL,Harvard,no,,,IL,ADKINS RESTRICTED LANDING AREA
14955,8IL2,small_airport,Kirkpatrick Airport,42.48469924926758,-88.60009765625,950.0,US-IL,Harvard,no,,,IL,KIRKPATRICK AIRPORT
14957,8IL4,heliport,Mercy Harvard Hospital Heliport,42.42657,-88.605908,980.0,US-IL,Harvard,no,,,IL,MERCY HARVARD HOSPITAL HELIPORT
14958,8IL5,small_airport,O'Connor Field,42.368327,-89.354301,900.0,US-IL,Pecatonica,no,,,IL,O'CONNOR FIELD
14961,8IL8,heliport,Advocate South Suburban Hospital Heliport,41.567695,-87.697161,665.0,US-IL,Hazel Crest,no,,,IL,ADVOCATE SOUTH SUBURBAN HOSPITAL HELIPORT
14969,8IS0,heliport,St Joseph's Hospital - Breese Heliport,38.6263999939,-89.5236968994,755.0,US-IL,Breese,no,,,IL,ST JOSEPH'S HOSPITAL - BREESE HELIPORT
14970,8IS1,small_airport,Nelson Airport,39.308265,-89.99289,615.0,US-IL,Carlinville,no,,,IL,NELSON AIRPORT
14972,8IS3,heliport,Dept of Corrections Heliport,38.973400116,-90.4611968994,450.0,US-IL,Grafton,no,,,IL,DEPT OF CORRECTIONS HELIPORT
14973,8IS4,heliport,Hillsboro Area Hospital Heliport,39.15169906616211,-89.48139953613281,650.0,US-IL,Hillsboro,no,,,IL,HILLSBORO AREA HOSPITAL HELIPORT
14974,8IS5,small_airport,Raymond Classen Memorial Airport,40.814178,-87.98813,650.0,US-IL,Danforth,no,,,IL,RAYMOND CLASSEN MEMORIAL AIRPORT
14975,8IS6,heliport,Decatur Memorial Hospital Heliport,39.8671989440918,-88.9614028930664,750.0,US-IL,Decatur,no,,,IL,DECATUR MEMORIAL HOSPITAL HELIPORT
14976,8IS8,heliport,Vista Surgery Center Heliport,42.4130480418,-88.0567127466,809.0,US-IL,Lindenhurst,no,,,IL,VISTA SURGERY CENTER HELIPORT
14977,8IS9,heliport,Anderson Hospital Heliport,38.73699951171875,-89.9468002319336,590.0,US-IL,Maryville,no,,,IL,ANDERSON HOSPITAL HELIPORT
15008,8LL1,small_airport,Hunter Airport,42.356701,-88.506203,914.0,US-IL,Woodstock,no,,,IL,HUNTER AIRPORT
299717,8LL3,small_airport,Hundley Airport,39.7092005795,-89.4898438454,590.0,US-IL,Rochester,no,,,IL,HUNDLEY AIRPORT
15010,8LL4,heliport,Richland Memorial Hospital Heliport,38.7374992371,-88.07730102539999,485.0,US-IL,Olney,no,,,IL,RICHLAND MEMORIAL HOSPITAL HELIPORT
15011,8LL5,heliport,Horizon Health Heliport,39.607106,-87.675941,734.0,US-IL,Paris,no,,,IL,HORIZON HEALTH HELIPORT
15012,8LL6,heliport,State Highway Paris Heliport,39.60340118408203,-87.71219635009766,740.0,US-IL,Paris,no,,,IL,STATE HIGHWAY PARIS HELIPORT
15013,8LL7,small_airport,Donald A. Hamilton Airport,39.59450149536133,-89.59449768066406,605.0,US-IL,Pawnee,no,,,IL,DONALD A. HAMILTON AIRPORT
15014,8LL8,heliport,Miners Memorial Health Center Heliport,37.8993988,-88.9539032,402.0,US-IL,West Frankfort,no,,,IL,MINERS MEMORIAL HEALTH CENTER HELIPORT
45554,8NK3,small_airport,Harris Airport,43.409669,-73.532732,261.0,US-NY,Fort Ann,no,,,NY,HARRIS AIRPORT
15093,8NK4,small_airport,Bethany Airpark,42.94329833984375,-78.13829803466797,1000.0,US-NY,Bethany Center,no,,,NY,BETHANY AIRPARK
45664,8NK5,heliport,Montefiore Saint Luke's Cornwall Hospital Heliport,41.50271,-74.01556,193.0,US-NY,Newburgh,no,,,NY,MONTEFIORE SAINT LUKE'S CORNWALL HOSPITAL HELIPORT
45665,8NK6,small_airport,Suntime Airport,42.713056,-75.168333,1650.0,US-NY,West Burlington,no,,,NY,SUNTIME AIRPORT
321923,8NK8,seaplane_base,Mister Dog Seaplane Base,43.565,-73.6086112,360.0,US-NY,Bolton Landing,no,,,NY,MISTER DOG SEAPLANE BASE
15095,8NY1,heliport,James Carl Memorial Heliport,41.98754,-74.9331,1863.0,US-NY,Roscoe,no,,,NY,JAMES CARL MEMORIAL HELIPORT
15096,8NY2,heliport,Mountain Fresh Farm Heliport,41.68479919433594,-73.99349975585938,350.0,US-NY,Milton,no,,,NY,MOUNTAIN FRESH FARM HELIPORT
15097,8NY3,small_airport,North Fork Airport,42.268699645996094,-75.55970001220703,1455.0,US-NY,Afton,no,,,NY,NORTH FORK AIRPORT
347964,8NY4,heliport,Guthrie Corning Hospital Heliport,42.134986,-76.970875,901.0,US-NY,Corning,no,,,NY,GUTHRIE CORNING HOSPITAL HELIPORT
15098,8NY5,small_airport,Mariaville Aerodrome,42.819052,-74.14644,1260.0,US-NY,Duanesburg,no,,,NY,MARIAVILLE AERODROME
346071,8NY6,heliport,Mercy Hospital of Buffalo Helipad,42.84724,-78.811621,631.0,US-NY,Buffalo,no,,,NY,MERCY HOSPITAL OF BUFFALO HELIPAD
345439,8NY8,small_airport,Hawks Field,43.048694,-75.292311,940.0,US-NY,Utica,no,,,NY,HAWKS FIELD
15100,8NY9,heliport,Nassau County Police Heliport,40.74589920043945,-73.49120330810547,132.0,US-NY,Bethpage,no,,,NY,NASSAU COUNTY POLICE HELIPORT
15225,8V6,small_airport,Dove Creek Airport,37.76390075683594,-108.88899993896484,6975.0,US-CO,Dove Creek,no,,,CO,DOVE CREEK AIRPORT
46305,90NY,small_airport,Hopewell Airpark,42.919508,-77.242778,730.0,US-NY,Canandaigua,no,,,NY,HOPEWELL AIRPARK
15306,91CO,heliport,Summit Medical Center Heliport,39.58140182495117,-106.09200286865234,9042.0,US-CO,Frisco,no,,,CO,SUMMIT MEDICAL CENTER HELIPORT
610259,91IL,small_airport,Wayne Page RLA,41.922015,-89.170655,792.0,US-IL,Rochelle,no,,,IL,WAYNE PAGE RLA
15312,91IS,small_airport,Stanton Airport,39.82369995117188,-89.50399780273438,580.0,US-IL,Riverton,no,,,IL,STANTON AIRPORT
15316,91LS,small_airport,Duclos RLA Restricted Landing Area,38.2089004517,-90.03720092770001,520.0,US-IL,Red Bud,no,,,IL,DUCLOS RLA RESTRICTED LANDING AREA
15322,91NY,small_airport,Manitou Field,43.19559860229492,-77.74810028076172,470.0,US-NY,Spencerport,no,,,NY,MANITOU FIELD
15342,92CO,small_airport,Lake Creek Ranch Airport,38.29169845581055,-105.61100006103516,7200.0,US-CO,Hillside,no,,,CO,LAKE CREEK RANCH AIRPORT
15346,92G,small_airport,Midlakes Airport,42.812599182128906,-77.20390319824219,1080.0,US-NY,Gorham,no,,,NY,MIDLAKES AIRPORT
610165,92IL,small_airport,York RLA,42.477108,-88.703884,992.0,US-IL,Harvard,no,,,IL,YORK RLA
15361,92NY,small_airport,Bloecher Farm Airport,42.752936,-78.462124,1430.0,US-NY,Strykersville,no,,,NY,BLOECHER FARM AIRPORT
15381,93CO,small_airport,Antelope Airpark,39.025294,-105.609763,8700.0,US-CO,Lake George,no,,,CO,ANTELOPE AIRPARK
609278,93IL,small_airport,Scneider RLA,40.91052,-88.867572,661.0,US-IL,Flanagan,no,,,IL,SCNEIDER RLA
15388,93IS,heliport,OSF Healthcare Sacred Heart Medical Center Heliport,40.138908,-87.645336,612.0,US-IL,Danville,no,,,IL,OSF HEALTHCARE SACRED HEART MEDICAL CENTER HELIPORT
15391,93LL,small_airport,Hemmingsen Airport,41.59450149536133,-88.60559844970703,640.0,US-IL,Sandwich,no,,,IL,HEMMINGSEN AIRPORT
346069,93NY,heliport,Taylor Field Heliport at Fort Hamilton,40.605355,-74.022285,19.0,US-NY,Brooklyn,no,,,NY,TAYLOR FIELD HELIPORT AT FORT HAMILTON
15413,94CO,heliport,Ponderosa Heliport,38.08470153808594,-107.70099639892578,7250.0,US-CO,Ouray,no,,,CO,PONDEROSA HELIPORT
15414,94D,seaplane_base,Wells Seaplane Base,42.84980010986328,-73.90480041503906,210.0,US-NY,Schenectady,no,,,NY,WELLS SEAPLANE BASE
15420,94IS,small_airport,Adams Private Airport,37.901542,-89.140892,410.0,US-IL,Royalton,no,,,IL,ADAMS PRIVATE AIRPORT
15429,94NY,small_airport,St Bernard Field,42.82509994506836,-76.69129943847656,540.0,US-NY,Union Springs,no,,,NY,ST BERNARD FIELD
15447,95CO,small_airport,Mann Ranch Airport,37.868499755859375,-104.83599853515624,6000.0,US-CO,Rye,no,,,CO,MANN RANCH AIRPORT
15451,95IL,small_airport,Henderson Airport,37.48516,-88.40003,485.0,US-IL,Golconda,no,,,IL,HENDERSON AIRPORT
15453,95IS,small_airport,Jan Knipe Airport,40.36941,-91.38863,645.0,US-IL,Warsaw,no,,,IL,JAN KNIPE AIRPORT
15462,95NY,small_airport,Cummings Airfield,42.7892,-78.476402,1280.0,US-NY,Wales Center/Cowlesville/,no,,,NY,CUMMINGS AIRFIELD
15482,96CO,small_airport,Logan Airport,39.8564,-104.396004,5300.0,US-CO,Bennett,no,,,CO,LOGAN AIRPORT
15488,96IL,small_airport,Gerbick Airport,42.37571,-89.850848,930.0,US-IL,Lena,no,,,IL,GERBICK AIRPORT
15490,96IS,small_airport,Hildreth Air Park,39.875,-87.84500122070312,730.0,US-IL,Sidell,no,,,IL,HILDRETH AIR PARK
45559,96NY,heliport,Massaro Heliport,41.049444,-73.738333,681.0,US-NY,Carmel,no,,,NY,MASSARO HELIPORT
15518,97CO,small_airport,Peakview Airport,38.92499923706055,-104.15899658203124,6370.0,US-CO,Yoder,no,,,CO,PEAKVIEW AIRPORT
15525,97IL,heliport,Graham Hospital Heliport,40.55220032,-90.03669739,680.0,US-IL,Canton,no,,,IL,GRAHAM HOSPITAL HELIPORT
15527,97IS,heliport,St Johns Hospital Heliport,39.80670166015625,-89.64440155029297,632.0,US-IL,Springfield,no,,,IL,ST JOHNS HOSPITAL HELIPORT
15556,98CO,heliport,North Colorado Medical Center Heliport,40.414832,-104.710844,4882.0,US-CO,Greeley,no,,,CO,NORTH COLORADO MEDICAL CENTER HELIPORT
15563,98IL,heliport,St Mary's Hospital - Centralia Heliport,38.5317001343,-89.11940002440001,490.0,US-IL,Centralia,no,,,IL,ST MARY'S HOSPITAL - CENTRALIA HELIPORT
15570,98LL,small_airport,Braden Farms Airport,40.799198150634766,-87.78359985351562,630.0,US-IL,Watseka,no,,,IL,BRADEN FARMS AIRPORT
15580,98NY,small_airport,Krenzers Airport,42.883399963378906,-77.53309631347656,1035.0,US-NY,West Bloomfield,no,,,NY,KRENZERS AIRPORT
15602,99CO,small_airport,Rock Creek Airport,38.136546,-104.815112,5660.0,US-CO,Pueblo,no,,,CO,ROCK CREEK AIRPORT
15610,99IL,small_airport,Providence Place Field,42.28670120239258,-89.9574966430664,959.0,US-IL,Stockton,no,,,IL,PROVIDENCE PLACE FIELD
15680,9CO0,heliport,Denver Police Headquarters Heliport,39.737098,-104.992333,5350.0,US-CO,Denver,no,,,CO,DENVER POLICE HEADQUARTERS HELIPORT
15681,9CO1,heliport,Deer Creek Building Heliport,39.55609893798828,-105.16200256347656,6228.0,US-CO,Littleton,no,,,CO,DEER CREEK BUILDING HELIPORT
15682,9CO2,small_airport,Van Slyke Field,39.69609833,-104.4759979,5400.0,US-CO,Watkins,no,,,CO,VAN SLYKE FIELD
15683,9CO3,small_airport,Hubbard Airport,38.675444,-108.988101,4670.0,US-CO,Gateway,no,,,CO,HUBBARD AIRPORT
15684,9CO4,heliport,Indian Hills/Fire Department Heliport,39.63669967651367,-105.26699829101562,7310.0,US-CO,Indian Hills,no,,,CO,INDIAN HILLS/FIRE DEPARTMENT HELIPORT
15685,9CO5,small_airport,Scherler Private Airstrip,38.576698303222656,-102.43699645996094,4126.0,US-CO,Brandon,no,,,CO,SCHERLER PRIVATE AIRSTRIP
15686,9CO6,small_airport,D Bar D Airport,39.28129959106445,-104.572998046875,6752.0,US-CO,Elizabeth,no,,,CO,D BAR D AIRPORT
15687,9CO7,small_airport,Beaugh Airport,40.340599060059,-104.57299804688,4770.0,US-CO,Kersey,no,,,CO,BEAUGH AIRPORT
45325,9CO8,small_airport,Bijou Bottom Strip,39.276683,-104.342093,6000.0,US-CO,Kiowa,no,,,CO,BIJOU BOTTOM STRIP
15688,9CO9,small_airport,Phylcon Ranch Airport,39.127886,-108.143302,6585.0,US-CO,Mesa,no,,,CO,PHYLCON RANCH AIRPORT
15710,9G0,small_airport,Buffalo Airfield,42.862,-78.716599,670.0,US-NY,Buffalo,no,,,NY,BUFFALO AIRFIELD
15712,9G5,small_airport,Royalton Airport,43.181999,-78.5578,628.0,US-NY,Gasport,no,,,NY,ROYALTON AIRPORT
15713,9G6,small_airport,Pine Hill Airport,43.173546,-78.275126,669.0,US-NY,Albion,no,,,NY,PINE HILL AIRPORT
15726,9I0,small_airport,Havana Regional Airport,40.222725,-90.022781,499.0,US-IL,Havana,no,,,IL,HAVANA REGIONAL AIRPORT
15737,9IL0,small_airport,Villiger Restricted Landing Area,41.09450149536133,-89.38619995117188,500.0,US-IL,Henry,no,,,IL,VILLIGER RESTRICTED LANDING AREA
15738,9IL1,heliport,Durand Ambulance Service Heliport,42.43059921264648,-89.32859802246094,775.0,US-IL,Durand,no,,,IL,DURAND AMBULANCE SERVICE HELIPORT
15739,9IL2,small_airport,Routh Airport,40.06499862670898,-88.02639770507812,668.0,US-IL,St Joseph,no,,,IL,ROUTH AIRPORT
15741,9IL4,small_airport,Thompson Airport,41.80720138549805,-89.04810333251953,790.0,US-IL,Steward,no,,,IL,THOMPSON AIRPORT
15742,9IL5,heliport,City of Highland Park Heliport,42.198314,-87.827027,640.0,US-IL,Highland Park,no,,,IL,CITY OF HIGHLAND PARK HELIPORT
15743,9IL6,small_airport,Weishaupt Airport,40.51309967041016,-89.36730194091797,650.0,US-IL,Mackinaw,no,,,IL,WEISHAUPT AIRPORT
15744,9IL7,small_airport,Black Airport,41.50979995727539,-90.18209838867188,580.0,US-IL,Hillsdale,no,,,IL,BLACK AIRPORT
15745,9IL8,heliport,Fairfield Memorial Hospital Heliport,38.380465,-88.375233,450.0,US-IL,Fairfield,no,,,IL,FAIRFIELD MEMORIAL HOSPITAL HELIPORT
347009,9IL9,heliport,Silver Cross Hospital Heliport,41.545597,-87.981986,717.0,US-IL,New Lenox,no,,,IL,SILVER CROSS HOSPITAL HELIPORT
15755,9IS0,small_airport,Cedar Ridge Airport,40.54309844970703,-91.33070373535156,680.0,US-IL,Nauvoo,no,,,IL,CEDAR RIDGE AIRPORT
15756,9IS2,small_airport,Schertz Field,40.482878,-88.267529,758.0,US-IL,Gibson City,no,,,IL,SCHERTZ FIELD
15757,9IS3,heliport,St Mary's Hospital - Decatur Heliport,39.8273010254,-88.93090057370001,658.0,US-IL,Decatur,no,,,IL,ST MARY'S HOSPITAL - DECATUR HELIPORT
15759,9IS5,small_airport,J & Y Ultralightport,41.85810089111328,-89.40730285644531,786.0,US-IL,Dixon,no,,,IL,J & Y ULTRALIGHTPORT
15761,9IS7,heliport,Black Hawk Heliport,41.45560073852539,-90.16819763183594,630.0,US-IL,Geneseo,no,,,IL,BLACK HAWK HELIPORT
15762,9IS8,heliport,Gibson Community Hospital Heliport,40.479655,-88.369475,782.0,US-IL,Gibson City,no,,,IL,GIBSON COMMUNITY HOSPITAL HELIPORT
15763,9IS9,small_airport,Johnston Airport,40.3344993591,-88.9553985596,785.0,US-IL,Heyworth,no,,,IL,JOHNSTON AIRPORT
15789,9LL0,small_airport,Krutmeier Airport,39.81999969482422,-91.22100067138672,715.0,US-IL,Payson,no,,,IL,KRUTMEIER AIRPORT
15790,9LL2,small_airport,Hepp Airport,38.03369903564453,-89.57929992675781,505.0,US-IL,Cutler,no,,,IL,HEPP AIRPORT
15792,9LL5,small_airport,Tommy's Airpark,39.651100158691406,-89.45860290527344,595.0,US-IL,Edinburg,no,,,IL,TOMMY'S AIRPARK
15794,9LL8,heliport,Refreshment Services Inc Heliport,39.86669921875,-88.88529968261719,680.0,US-IL,Decatur,no,,,IL,REFRESHMENT SERVICES INC HELIPORT
350790,9NK2,heliport,UHS Chenango Memorial Hospital Heliport,42.542188,-75.526859,1090.0,US-NY,Norwich,no,,,NY,UHS CHENANGO MEMORIAL HOSPITAL HELIPORT
322205,9NK4,small_airport,Greig Farm Airport,42.024318,-73.856292,215.0,US-NY,Red Hook,no,,,NY,GREIG FARM AIRPORT
345719,9NY0,heliport,Bumblebee Heliport,41.391841,-74.472107,494.0,US-NY,Slate Hill,no,,,NY,BUMBLEBEE HELIPORT
15871,9NY1,heliport,Wilson Memorial Regional Medical Center Heliport,42.113927,-75.957742,911.0,US-NY,Johnson City,no,,,NY,WILSON MEMORIAL REGIONAL MEDICAL CENTER HELIPORT
15872,9NY2,heliport,Westfield Memorial Hospital Heliport,42.329498291015625,-79.57060241699219,756.0,US-NY,Westfield,no,,,NY,WESTFIELD MEMORIAL HOSPITAL HELIPORT
15873,9NY3,heliport,Susquehanna Heliport,42.098944,-76.22401,884.0,US-NY,Owego,no,,,NY,SUSQUEHANNA HELIPORT
15874,9NY4,small_airport,Kennedy Airfield,42.10079956054688,-79.08180236816406,1760.0,US-NY,Kennedy,no,,,NY,KENNEDY AIRFIELD
15876,9NY6,small_airport,Mason Airway Airport,42.324798583984375,-74.98629760742188,2170.0,US-NY,Treadwell,no,,,NY,MASON AIRWAY AIRPORT
15877,9NY7,small_airport,Hart Airport,43.032452,-74.151013,925.0,US-NY,Broadalbin,no,,,NY,HART AIRPORT
15878,9NY8,heliport,Thomson Industries Inc Heliport,40.84230041503906,-73.70120239257812,20.0,US-NY,Port Washington,no,,,NY,THOMSON INDUSTRIES INC HELIPORT
15879,9NY9,heliport,Poughkeepsie Main Plant Heliport,41.6572827552,-73.935649395,100.0,US-NY,Poughkeepsie,no,,,NY,POUGHKEEPSIE MAIN PLANT HELIPORT
16488,B01,small_airport,Granville Airport,43.42375183105469,-73.26919555664062,420.0,US-NY,Granville,no,,,NY,GRANVILLE AIRPORT
16489,B04,small_airport,Garnseys Airport,43.067552,-73.583737,100.0,US-NY,Schuylerville,no,,,NY,GARNSEYS AIRPORT
16507,C00,small_airport,Mercer County Airport,41.2486,-90.737099,740.0,US-IL,Aledo,no,,,IL,MERCER COUNTY AIRPORT
16510,C07,small_airport,Mack Mesa Airport,39.26814,-108.864045,4724.0,US-CO,Mack,no,,,CO,MACK MESA AIRPORT
16518,C45,small_airport,Manito Mitchell Airport,40.48929977416992,-89.7780990600586,501.0,US-IL,Manito,no,,,IL,MANITO MITCHELL AIRPORT
16519,C55,small_airport,Ogle County Airport,42.0373,-89.392899,929.0,US-IL,Mount Morris,no,,,IL,OGLE COUNTY AIRPORT
16520,C56,small_airport,Bult Field,41.377602,-87.681396,790.0,US-IL,Monee,no,,,IL,BULT FIELD
16522,C66,small_airport,Monmouth Municipal Airport,40.929699,-90.631104,753.0,US-IL,Monmouth,no,,,IL,MONMOUTH MUNICIPAL AIRPORT
16524,C82,small_airport,Bresson Airport,41.762501,-89.101501,769.0,US-IL,Compton,no,,,IL,BRESSON AIRPORT
16525,C86,small_airport,Freeport/Dornink Airport,42.37779,-89.564465,949.0,US-IL,Freeport,no,,,IL,FREEPORT/DORNINK AIRPORT
16528,C94,small_airport,Earlville Airport,41.567001,-88.947899,690.0,US-IL,Earlville,no,,,IL,EARLVILLE AIRPORT
16631,CD00,heliport,Emancipation Hill Heliport,40.0536003112793,-105.36000061035156,7152.0,US-CO,Boulder,no,,,CO,EMANCIPATION HILL HELIPORT
16632,CD01,small_airport,Lowe Airstrip,38.39830017089844,-105.62000274658205,6200.0,US-CO,Cotopaxi,no,,,CO,LOWE AIRSTRIP
16634,CD03,small_airport,Tinnes Airport,38.198226,-102.5669,3850.0,US-CO,Lamar,no,,,CO,TINNES AIRPORT
16635,CD04,heliport,S F Heliport,39.82080078125,-105.0540008544922,5500.0,US-CO,Westminster,no,,,CO,S F HELIPORT
16637,CD06,heliport,Centennial Healthcare Plaza Heliport,39.59439849853516,-104.822998046875,5680.0,US-CO,Englewood,no,,,CO,CENTENNIAL HEALTHCARE PLAZA HELIPORT
16638,CD07,heliport,Poudre Valley Hospital Heliport,40.571393,-105.054376,4960.0,US-CO,Fort Collins,no,,,CO,POUDRE VALLEY HOSPITAL HELIPORT
16640,CD09,small_airport,Yoder Airstrip,39.81969833374024,-104.40899658203124,5345.0,US-CO,Bennett,no,,,CO,YODER AIRSTRIP
16641,CD10,small_airport,Chapman Field,37.67499923706055,-106.55599975585938,8100.0,US-CO,South Fork,no,,,CO,CHAPMAN FIELD
16642,CD11,heliport,Mountain Bell/Durango Heliport,37.24169921875,-107.8759994506836,6534.0,US-CO,Durango,no,,,CO,MOUNTAIN BELL/DURANGO HELIPORT
16643,CD12,heliport,Gunnison Valley Hospital Heliport,38.551700592041016,-106.9250030517578,7715.0,US-CO,Gunnison,no,,,CO,GUNNISON VALLEY HOSPITAL HELIPORT
16644,CD13,small_airport,Morris Airport,39.83509826660156,-103.73600006103516,4750.0,US-CO,Deer Trail,no,,,CO,MORRIS AIRPORT
16645,CD14,small_airport,J & S Airport,39.82889938354492,-104.43699645996094,5320.0,US-CO,Bennett,no,,,CO,J & S AIRPORT
16646,CD15,small_airport,Schantz Airstrip,39.295794,-104.12178,5870.0,US-CO,Simla,no,,,CO,SCHANTZ AIRSTRIP
16647,CD16,heliport,Branson Heliport,37.01919937133789,-103.88600158691406,6262.0,US-CO,Branson,no,,,CO,BRANSON HELIPORT
16648,CD17,small_airport,Bijou Basin Airport,39.905912,-104.122023,4885.0,US-CO,Byers,no,,,CO,BIJOU BASIN AIRPORT
16649,CD18,heliport,Amax Mill Heliport,39.83330154418945,-106.06700134277344,9176.0,US-CO,Dillon/Silverthorne,no,,,CO,AMAX MILL HELIPORT
16650,CD19,heliport,Arapahoe Heliport,39.690799713134766,-105.50499725341795,10672.0,US-CO,Idaho Springs,no,,,CO,ARAPAHOE HELIPORT
16651,CD20,small_airport,Sprague Airport,40.47499847412109,-105.22000122070312,5603.0,US-CO,Loveland,no,,,CO,SPRAGUE AIRPORT
16652,CD21,heliport,Badger Mountain Heliport,39.04940032958984,-105.51300048828124,11294.0,US-CO,Tarryall,no,,,CO,BADGER MOUNTAIN HELIPORT
16653,CD22,heliport,North Suburban Medical Center Heliport,39.863318,-104.98651,5333.0,US-CO,Thornton,no,,,CO,NORTH SUBURBAN MEDICAL CENTER HELIPORT
16655,CD24,heliport,Red Canyon Ranch Heliport,39.352500915527344,-105.00700378417967,6450.0,US-CO,Castle Rock,no,,,CO,RED CANYON RANCH HELIPORT
16656,CD25,heliport,Henderson Mine Heliport,39.76940155029297,-105.85099792480467,10340.0,US-CO,Berthoud Falls,no,,,CO,HENDERSON MINE HELIPORT
16657,CD26,heliport,Peyton Heliport,39.04249954223633,-104.36499786376952,6821.0,US-CO,Calhan,no,,,CO,PEYTON HELIPORT
16659,CD28,small_airport,Tall Timber Airport,39.64390182495117,-105.26799774169922,7360.0,US-CO,Indian Hills,no,,,CO,TALL TIMBER AIRPORT
16660,CD29,heliport,Cerro Summit Heliport,38.45000076293945,-107.6510009765625,8208.0,US-CO,Cimarron,no,,,CO,CERRO SUMMIT HELIPORT
16661,CD30,heliport,Fitzpatrick Heliport,38.38330078125,-107.41699981689452,9316.0,US-CO,Cimarron,no,,,CO,FITZPATRICK HELIPORT
16662,CD31,heliport,Parker Adventist Hospital Heliport,39.547547,-104.76993,5766.0,US-CO,Parker,no,,,CO,PARKER ADVENTIST HOSPITAL HELIPORT
16663,CD32,small_airport,Castle Lakes Airport,37.90919876098633,-107.3499984741211,9300.0,US-CO,Lake City,no,,,CO,CASTLE LAKES AIRPORT
16664,CD33,heliport,Mesa Verde Heliport,37.25,-108.5009994506836,8074.0,US-CO,Cortez,no,,,CO,MESA VERDE HELIPORT
16665,CD34,heliport,Point Creek Heliport,38.79999923706055,-108.16699981689452,6200.0,US-CO,Delta,no,,,CO,POINT CREEK HELIPORT
16666,CD35,heliport,Pleasant View Heliport,37.59999847412109,-108.63400268554688,7723.0,US-CO,Dove Creek,no,,,CO,PLEASANT VIEW HELIPORT
16667,CD36,heliport,Egnar Heliport,37.88330078125,-108.83399963378906,8063.0,US-CO,Egnar,no,,,CO,EGNAR HELIPORT
16668,CD37,heliport,Berthoud Pass Heliport,39.79389953613281,-105.76399993896484,12442.0,US-CO,Empire,no,,,CO,BERTHOUD PASS HELIPORT
16669,CD38,heliport,Sacramento Heliport,39.216400146484375,-106.08699798583984,11104.0,US-CO,Fairplay,no,,,CO,SACRAMENTO HELIPORT
16670,CD39,small_airport,Pond's Field,40.26499938964844,-105.13700103759766,5050.0,US-CO,Berthoud,no,,,CO,POND'S FIELD
16671,CD40,heliport,Hilltop Heliport,39.42940139770508,-104.65899658203124,6737.0,US-CO,Franktown,no,,,CO,HILLTOP HELIPORT
16672,CD41,heliport,Sunlite Heliport,39.43330001831055,-107.38400268554688,10603.0,US-CO,Glenwood Springs,no,,,CO,SUNLITE HELIPORT
16673,CD42,heliport,Lookout Mountain Heliport,39.53329849243164,-107.28399658203124,7985.0,US-CO,Glenwood Springs,no,,,CO,LOOKOUT MOUNTAIN HELIPORT
16674,CD43,heliport,Granite Heliport,39.08610153198242,-106.26799774169922,10093.0,US-CO,Granite,no,,,CO,GRANITE HELIPORT
16675,CD44,heliport,Madden Peak Heliport,37.34999847412109,-108.1510009765625,10039.0,US-CO,Hesperus,no,,,CO,MADDEN PEAK HELIPORT
16676,CD45,small_airport,Flyin' B Ranch Airport,39.32329940795898,-104.572998046875,6720.0,US-CO,Elizabeth,no,,,CO,FLYIN' B RANCH AIRPORT
16677,CD46,heliport,North Arrow Heliport,40.59109878540039,-105.0479965209961,4935.0,US-CO,Fort Collins,no,,,CO,NORTH ARROW HELIPORT
16678,CD47,heliport,Montrose Memorial Hospital Heliport,38.480098724365234,-107.86900329589844,5888.0,US-CO,Montrose,no,,,CO,MONTROSE MEMORIAL HOSPITAL HELIPORT
16679,CD48,small_airport,Cuchara Ranch Airport,37.786399841308594,-104.59400177001952,5827.0,US-CO,Walsenburg,no,,,CO,CUCHARA RANCH AIRPORT
16680,CD49,heliport,Matheson Heliport,39.17689895629883,-103.87999725341795,5976.0,US-CO,Matheson,no,,,CO,MATHESON HELIPORT
16681,CD50,heliport,Teepee Park Heliport,40.150001525878906,-107.86699676513672,8646.0,US-CO,Meeker,no,,,CO,TEEPEE PARK HELIPORT
16682,CD52,heliport,Mount Princeton Heliport,38.74530029296875,-106.1999969482422,10858.0,US-CO,Mount Princeton,no,,,CO,MOUNT PRINCETON HELIPORT
45330,CD53,heliport,Sky Ridge Medical Center Heliport,39.528056,-104.869722,6025.0,US-CO,Lone Tree,no,,,CO,SKY RIDGE MEDICAL CENTER HELIPORT
16683,CD54,heliport,Raspberry Heliport,38.29999923706055,-108.18399810791016,9943.0,US-CO,Norwood,no,,,CO,RASPBERRY HELIPORT
16684,CD55,heliport,Norwood Junction Heliport,38.09999847412109,-106.28399658203124,7262.0,US-CO,Norwood,no,,,CO,NORWOOD JUNCTION HELIPORT
16685,CD56,heliport,Grand Valley Heliport,39.417486,-108.1001,6095.0,US-CO,Parachute,no,,,CO,GRAND VALLEY HELIPORT
16686,CD57,heliport,Grouse Mountain Heliport,40.13330078125,-106.16699981689452,9855.0,US-CO,Parshall,no,,,CO,GROUSE MOUNTAIN HELIPORT
16687,CD59,heliport,Placerville Heliport,38.016700744628906,-108.0510025024414,7304.0,US-CO,Placerville,no,,,CO,PLACERVILLE HELIPORT
16688,CD62,heliport,Baxter Pass Heliport,39.58330154418945,-108.95099639892578,8718.0,US-CO,Rangely,no,,,CO,BAXTER PASS HELIPORT
16689,CD63,heliport,Raven Ridge Heliport,40.116427,-108.950633,6084.0,US-CO,Rangely,no,,,CO,RAVEN RIDGE HELIPORT
16690,CD65,heliport,Rico Heliport,37.68330001831055,-108.01699829101562,8807.0,US-CO,Rico,no,,,CO,RICO HELIPORT
16691,CD66,heliport,Rio Blanco Heliport,39.70000076293945,-107.95099639892578,8416.0,US-CO,Rio Blanco,no,,,CO,RIO BLANCO HELIPORT
16692,CD68,heliport,Silverton Junction Heliport,37.79999923706055,-107.66699981689452,9272.0,US-CO,Silverton,no,,,CO,SILVERTON JUNCTION HELIPORT
16693,CD69,small_airport,Morning Shadows Ranch Airport,37.74029922485352,-106.5260009765625,8300.0,US-CO,South Fork,no,,,CO,MORNING SHADOWS RANCH AIRPORT
16694,CD70,heliport,Mount Werner Heliport,40.45000076293945,-106.73400115966795,10554.0,US-CO,Steamboat Springs,no,,,CO,MOUNT WERNER HELIPORT
45962,CD71,heliport,Hecox Heliport,38.624567,-105.516017,8250.0,US-CO,Guffey,no,,,CO,HECOX HELIPORT
16695,CD72,heliport,Missionary Ridge Heliport,37.34999847412109,-107.76699829101562,9873.0,US-CO,Trimble,no,,,CO,MISSIONARY RIDGE HELIPORT
16696,CD74,heliport,Vail Junction Heliport,39.61669921875,-106.38400268554688,10116.0,US-CO,Vail,no,,,CO,VAIL JUNCTION HELIPORT
16697,CD75,heliport,Whitewater Heliport,38.900001525878906,-108.48400115966795,6208.0,US-CO,Whitewater,no,,,CO,WHITEWATER HELIPORT
16698,CD77,heliport,Castle Peak Heliport,39.70000076293945,-106.76699829101562,9212.0,US-CO,Wolcott,no,,,CO,CASTLE PEAK HELIPORT
16699,CD78,heliport,Coal Bank Pass Heliport,37.68330001831055,-107.76699829101562,10634.0,US-CO,Wolf Creek,no,,,CO,COAL BANK PASS HELIPORT
16700,CD79,heliport,Northfield Heliport,38.98529815673828,-104.91699981689452,9200.0,US-CO,Woodland Park,no,,,CO,NORTHFIELD HELIPORT
16701,CD80,heliport,Phippsburg Heliport,40.23329925537109,-106.9010009765625,8347.0,US-CO,Oak Creek,no,,,CO,PHIPPSBURG HELIPORT
16702,CD81,heliport,Owl Ridge Heliport,40.45000076293945,-106.20099639892578,8796.0,US-CO,Walden,no,,,CO,OWL RIDGE HELIPORT
16703,CD82,small_airport,Val Air Airport,37.337799072265625,-107.85199737548828,6548.0,US-CO,Durango,no,,,CO,VAL AIR AIRPORT
604286,CD90,heliport,Parker Ranch Heliport,38.6325,-105.784444,9074.0,US-CO,Cotopaxi,no,,,CO,PARKER RANCH HELIPORT
16704,CD97,small_airport,Montemadeira Ii Airport,38.80559921264648,-107.77400207519533,5750.0,US-CO,Hotchkiss,no,,,CO,MONTEMADEIRA II AIRPORT
16705,CD99,small_airport,Lucky L Ranch Airport,40.35829925537109,-106.83000183105467,7000.0,US-CO,Steamboat Springs,no,,,CO,LUCKY L RANCH AIRPORT
16854,CO00,small_airport,Flagler Aerial Spraying Inc Airport,39.27999877929688,-103.06700134277344,4945.0,US-CO,Flagler,no,,,CO,FLAGLER AERIAL SPRAYING INC AIRPORT
16855,CO01,heliport,General Mail Facility Heliport,39.792621,-104.899104,5223.0,US-CO,Denver,no,,,CO,GENERAL MAIL FACILITY HELIPORT
16856,CO02,small_airport,Harrington Ranch Airport,39.62969970703125,-104.5189971923828,5975.0,US-CO,Bennet,no,,,CO,HARRINGTON RANCH AIRPORT
16857,CO03,small_airport,Aspen Gliderport,39.2599983215332,-106.91200256347656,8440.0,US-CO,Aspen,no,,,CO,ASPEN GLIDERPORT
16859,CO05,heliport,Aurora Presbyterian Hospital Heliport,39.72639846801758,-104.8270034790039,5415.0,US-CO,Aurora,no,,,CO,AURORA PRESBYTERIAN HOSPITAL HELIPORT
16860,CO06,small_airport,Wirth Field,40.51359939575195,-103.91200256347656,4881.0,US-CO,New Raymer,no,,,CO,WIRTH FIELD
16861,CO07,small_airport,Athanasiou Valley Airport,39.85419845581055,-105.47100067138672,8900.0,US-CO,Blackhawk,no,,,CO,ATHANASIOU VALLEY AIRPORT
16864,CO10,small_airport,Lemons Private Strip,39.99470138549805,-105.2239990234375,5230.0,US-CO,Boulder,no,,,CO,LEMONS PRIVATE STRIP
16865,CO11,small_airport,Granite Mountain Lodge Airport,38.41609954833984,-106.05799865722656,9000.0,US-CO,Salida,no,,,CO,GRANITE MOUNTAIN LODGE AIRPORT
16866,CO12,small_airport,Brighton Van-Aire Estates Airport,39.98352,-104.70464,5055.0,US-CO,Brighton,no,,,CO,BRIGHTON VAN-AIRE ESTATES AIRPORT
16869,CO15,small_airport,Kelly Air Park,39.2247009277,-104.63999939,7040.0,US-CO,Elbert,no,,,CO,KELLY AIR PARK
16870,CO16,heliport,Arapahoe Medical Park/Littleton Hospital Heliport,39.57640075683594,-104.98699951171876,5581.0,US-CO,Littleton,no,,,CO,ARAPAHOE MEDICAL PARK/LITTLETON HOSPITAL HELIPORT
16871,CO17,small_airport,Sky Haven Airport,39.713600158691406,-104.19400024414062,5215.0,US-CO,Byers,no,,,CO,SKY HAVEN AIRPORT
16872,CO18,small_airport,Chaparral Airport,39.464001,-104.258003,5930.0,US-CO,Deer Trail,no,,,CO,CHAPARRAL AIRPORT
16873,CO19,small_airport,Tezak Airport,38.43568,-105.26028,6280.0,US-CO,Canon City,no,,,CO,TEZAK AIRPORT
16874,CO20,small_airport,Flying W Ranch Airport,38.86249923706055,-107.8209991455078,6885.0,US-CO,Cedaredge,no,,,CO,FLYING W RANCH AIRPORT
16875,CO21,heliport,Craig Heliport,40.524200439453125,-107.55599975585938,6500.0,US-CO,Craig,no,,,CO,CRAIG HELIPORT
43038,CO22,small_airport,Hildebrandt Airport,39.279623,-102.47474,4300.0,US-CO,Bethune,no,,,CO,HILDEBRANDT AIRPORT
16877,CO23,heliport,St Francis Hospital Heliport,38.848899841309,-104.80799865723,6061.0,US-CO,Colorado Springs,no,,,CO,ST FRANCIS HOSPITAL HELIPORT
16878,CO24,heliport,Penrose Saint Francis Hospital Heliport,38.86599,-104.822182,6132.0,US-CO,Colorado Springs,no,,,CO,PENROSE SAINT FRANCIS HOSPITAL HELIPORT
16879,CO25,small_airport,Metrogro Farm Airport,39.494857,-103.727361,5240.0,US-CO,Agate,no,,,CO,METROGRO FARM AIRPORT
16881,CO27,small_airport,Tanner Field,37.46780014038086,-108.66500091552734,6640.0,US-CO,Cortez,no,,,CO,TANNER FIELD
16885,CO31,heliport,Rose Medical Center Heliport,39.732734,-104.932901,5383.0,US-CO,Denver,no,,,CO,ROSE MEDICAL CENTER HELIPORT
16888,CO34,heliport,St Lukes Hospital Heliport,39.74720001220703,-104.9810028076172,5330.0,US-CO,Denver,no,,,CO,ST LUKES HOSPITAL HELIPORT
16889,CO35,heliport,Denver Health Heliport,39.728223,-104.990523,5212.0,US-CO,Denver,no,,,CO,DENVER HEALTH HELIPORT
16890,CO36,heliport,Elbert County Heliport,39.34389877319336,-104.46499633789062,6380.0,US-CO,Kiowa,no,,,CO,ELBERT COUNTY HELIPORT
16891,CO37,heliport,St Joseph Hospital Heliport,39.746181,-104.970543,5463.0,US-CO,Denver,no,,,CO,ST JOSEPH HOSPITAL HELIPORT
16892,CO38,small_airport,Comanche Airfield Llc Airport,39.74720001220703,-104.31300354003906,5350.0,US-CO,Strasburg,no,,,CO,COMANCHE AIRFIELD LLC AIRPORT
16894,CO40,heliport,Vtol Heliport,39.742801666259766,-104.99400329589844,5354.0,US-CO,Denver,no,,,CO,VTOL HELIPORT
16895,CO41,heliport,Denver Police Department-District 3 Heliport,39.6875,-104.95999908447,5340.0,US-CO,Denver,no,,,CO,DENVER POLICE DEPARTMENT-DISTRICT 3 HELIPORT
16896,CO42,small_airport,Circle 8 Ranch Airport,39.33470153808594,-104.5459976196289,6650.0,US-CO,Elizabeth,no,,,CO,CIRCLE 8 RANCH AIRPORT
16897,CO43,small_airport,Pinyon Airport,39.00279998779297,-108.70999908447266,6980.0,US-CO,Glade Park,no,,,CO,PINYON AIRPORT
16898,CO44,heliport,Yankee Port Heliport,39.57500076293945,-104.8759994506836,5854.0,US-CO,Greenwood Village,no,,,CO,YANKEE PORT HELIPORT
16899,CO45,heliport,Avista Adventist Hospital Heliport,39.952439,-105.151289,5510.0,US-CO,Louisville,no,,,CO,AVISTA ADVENTIST HOSPITAL HELIPORT
16900,CO46,heliport,Mercy Regional Medical Center Heliport,37.2832984924,-107.874000549,6585.0,US-CO,Durango,no,,,CO,MERCY REGIONAL MEDICAL CENTER HELIPORT
16901,CO47,small_airport,Goldys Field,39.599998,-106.973999,6720.0,US-CO,Gypsum,no,,,CO,GOLDYS FIELD
16902,CO48,small_airport,Crop Air Inc Airport,40.512201,-104.651256,4800.0,US-CO,Eaton,no,,,CO,CROP AIR INC AIRPORT
16904,CO50,heliport,Aspen Valley Hospital Heliport,39.190006808300005,-106.839004755,8140.0,US-CO,Aspen,no,,,CO,ASPEN VALLEY HOSPITAL HELIPORT
16905,CO51,heliport,Henderson Heliport,39.7682991027832,-105.8479995727539,10400.0,US-CO,Empire,no,,,CO,HENDERSON HELIPORT
16906,CO52,small_airport,Marshdale STOLport,39.58330154418945,-105.3030014038086,7700.0,US-CO,Evergreen,no,,,CO,MARSHDALE STOLPORT
16907,CO53,small_airport,Yankee Field,40.63470077514648,-104.99099731445312,5050.0,US-CO,Fort Collins,no,,,CO,YANKEE FIELD
16908,CO54,small_airport,G W Flanders Ranch Strip,38.98329925537109,-104.63400268554688,7260.0,US-CO,Falcon,no,,,CO,G W FLANDERS RANCH STRIP
16909,CO55,small_airport,Christman Field,40.597198486328125,-105.1439971923828,5160.0,US-CO,Fort Collins,no,,,CO,CHRISTMAN FIELD
16910,CO56,small_airport,Jjs Airport,39.9640998840332,-104.46299743652344,5075.0,US-CO,Keenesburg,no,,,CO,JJS AIRPORT
16911,CO57,heliport,Rhoads Heliport,40.112701416015625,-104.9520034790039,5000.0,US-CO,Firestone,no,,,CO,RHOADS HELIPORT
16912,CO58,small_airport,Wings N Things Airpark & Museum Airport,40.105801,-104.955002,5000.0,US-CO,Longmont,no,,,CO,WINGS N THINGS AIRPARK & MUSEUM AIRPORT
16913,CO59,small_airport,Hay Fever Farm Airport,40.54579925537109,-104.56400299072266,4840.0,US-CO,Galeton,no,,,CO,HAY FEVER FARM AIRPORT
16914,CO60,small_airport,Horseshoe Landings Airport,40.105344,-104.429712,4800.0,US-CO,Keenesburg,no,,,CO,HORSESHOE LANDINGS AIRPORT
16916,CO62,heliport,Cherry Creek Townhouse Heliport,39.70550155639648,-104.93900299072266,5340.0,US-CO,Glendale,no,,,CO,CHERRY CREEK TOWNHOUSE HELIPORT
16917,CO63,heliport,Brown's Fort Heliport,38.49639892578125,-105.31099700927734,6300.0,US-CO,Canon City,no,,,CO,BROWN'S FORT HELIPORT
16918,CO64,heliport,Mount San Rafael Heliport,37.1875,-104.48799896240234,6100.0,US-CO,Trinidad,no,,,CO,MOUNT SAN RAFAEL HELIPORT
16919,CO65,small_airport,Geary Ranch Airport,38.04579925537109,-105.47100067138672,8300.0,US-CO,Westcliffe,no,,,CO,GEARY RANCH AIRPORT
45324,CO68,heliport,Frederick-Firestone F.S. #2 Heliport,40.121944,-104.980833,4974.0,US-CO,Frederick,no,,,CO,FREDERICK-FIRESTONE F.S. #2 HELIPORT
16922,CO69,heliport,Dan Riggs Memorial Heliport,38.1478,-105.467003,7880.0,US-CO,Westcliffe,no,,,CO,DAN RIGGS MEMORIAL HELIPORT
16924,CO71,heliport,Parkview Medical Center Heliport,38.280799865722656,-104.61399841308594,4766.0,US-CO,Pueblo,no,,,CO,PARKVIEW MEDICAL CENTER HELIPORT
16925,CO72,heliport,Helitrax / Telluride Heliport,37.939999,-107.848998,9430.0,US-CO,Telluride,no,,,CO,HELITRAX / TELLURIDE HELIPORT
16926,CO73,small_airport,Air Sprayers Number 2 Airport,38.11172,-102.21524,3610.0,US-CO,Hartman,no,,,CO,AIR SPRAYERS NUMBER 2 AIRPORT
16927,CO74,heliport,Mc Elroy Heliport,40.0027999878,-106.452003479,9209.0,US-CO,Kremmling,no,,,CO,MC ELROY HELIPORT
16928,CO75,heliport,Overlook Athletic Club Heliport,39.47299957275391,-106.03299713134766,10085.0,US-CO,Breckenridge,no,,,CO,OVERLOOK ATHLETIC CLUB HELIPORT
16929,CO76,small_airport,Eden Ranch Airport,38.835708,-107.867003,6150.0,US-CO,Hotchkiss,no,,,CO,EDEN RANCH AIRPORT
16931,CO78,heliport,Lincoln Community Hospital Heliport,39.138832,-103.474474,5034.0,US-CO,Hugo,no,,,CO,LINCOLN COMMUNITY HOSPITAL HELIPORT
16933,CO80,small_airport,Fowler Airport,38.0724983215332,-104.0459976196289,4428.0,US-CO,Fowler,no,,,CO,FOWLER AIRPORT
16935,CO82,small_airport,Land Airport,40.09579849243164,-104.58899688720705,5000.0,US-CO,Keenesburg,no,,,CO,LAND AIRPORT
16937,CO84,small_airport,Idlers Field,39.60829925537109,-102.54100036621094,4159.0,US-CO,Kirk,no,,,CO,IDLERS FIELD
16938,CO85,heliport,Rifle Junction Heliport,39.53390121459961,-107.77200317382812,5609.0,US-CO,Rifle,no,,,CO,RIFLE JUNCTION HELIPORT
16940,CO87,heliport,Dbs Air Heliport,39.52780151367188,-107.71900177001952,5548.0,US-CO,Rifle,no,,,CO,DBS AIR HELIPORT
16941,CO88,heliport,Kusa Helistop,39.721099853515625,-104.98300170898438,5260.0,US-CO,Denver,no,,,CO,KUSA HELISTOP
16942,CO89,small_airport,Barber Field,38.77280044555664,-108.04399871826172,5050.0,US-CO,Delta,no,,,CO,BARBER FIELD
16943,CO90,small_airport,Usaf Academy Bullseye Aux Airstrip,38.75830078125,-104.30699920654295,6036.0,US-CO,Ellicott,no,,,CO,USAF ACADEMY BULLSEYE AUX AIRSTRIP
16945,CO92,small_airport,Frasier Ranch Airport,39.644451,-103.641672,5000.0,US-CO,Last Chance,no,,,CO,FRASIER RANCH AIRPORT
16946,CO93,small_airport,Perry Park Airport,39.25,-104.89099884033205,6700.0,US-CO,Larkspur,no,,,CO,PERRY PARK AIRPORT
16948,CO95,small_airport,True Grit South Airport,38.052378,-107.984871,9580.0,US-CO,Telluride,no,,,CO,TRUE GRIT SOUTH AIRPORT
16949,CO96,small_airport,Reed Hollow Ranch Airport,39.371700286865234,-104.74299621582033,6200.0,US-CO,Franktown,no,,,CO,REED HOLLOW RANCH AIRPORT
16950,CO97,small_airport,Comanche Springs Ranch Airport,39.72079849243164,-104.322998046875,5435.0,US-CO,Strasburg,no,,,CO,COMANCHE SPRINGS RANCH AIRPORT
19598,D38,small_airport,Canandaigua Airport,42.908902,-77.325226,814.0,US-NY,Ontario County IDA,no,,IUA,NY,CANANDAIGUA AIRPORT
17071,D43,small_airport,Hopewell Airpark,42.91949844360352,-77.2427978515625,730.0,US-NY,Canandaigua,no,,,NY,HOPEWELL AIRPARK
17073,D51,small_airport,Clarence Aerodrome,43.06669998168945,-78.68309783935547,589.0,US-NY,Buffalo,no,,,NY,CLARENCE AERODROME
17074,D52,small_airport,Geneseo Airport,42.79869842529297,-77.84249877929688,560.0,US-NY,Geneseo,no,,,NY,GENESEO AIRPORT
17076,D59,small_airport,Gowanda Airport,42.501542,-78.950518,830.0,US-NY,Gowanda,no,,,NY,GOWANDA AIRPORT
17081,D67,small_airport,Creekside Airport,42.915191,-77.384474,820.0,US-NY,Holcomb,no,,,NY,CREEKSIDE AIRPORT
17088,D79,small_airport,Dart Airport,42.26810073852539,-79.48169708251953,1330.0,US-NY,Mayville,no,,,NY,DART AIRPORT
17089,D80,small_airport,Olcott-Newfane Airport,43.321712,-78.726033,315.0,US-NY,Burt,no,,,NY,OLCOTT-NEWFANE AIRPORT
17091,D82,small_airport,Ovid Airport,42.65480041503906,-76.79630279541016,1062.0,US-NY,Ovid,no,,,NY,OVID AIRPORT
17092,D85,small_airport,Campbell Field,42.155334,-79.015757,1665.0,US-NY,Randolph,no,,,NY,CAMPBELL FIELD
17093,D88,small_airport,Pratt's Eastern Divide Airport,42.149612,-79.684503,1640.0,US-NY,Mina,no,,,NY,PRATT'S EASTERN DIVIDE AIRPORT
17095,D91,small_airport,Spencerport Airpark,43.16949844360352,-77.81829833984375,614.0,US-NY,Spencerport,no,,,NY,SPENCERPORT AIRPARK
17154,DTG,small_airport,Dwight Airport,41.133301,-88.440804,632.0,US-IL,Dwight,no,,,IL,DWIGHT AIRPORT
17601,H07,small_airport,Highland-Winet Airport,38.779301,-89.640404,537.0,US-IL,Highland,no,,,IL,HIGHLAND-WINET AIRPORT
17606,H43,heliport,Haverstraw Heliport,41.210983,-73.969792,12.0,US-NY,Haverstraw,no,,,NY,HAVERSTRAW HELIPORT
17608,H49,small_airport,Sackman Field,38.45059967041016,-90.23590087890624,420.0,US-IL,Columbia,no,,,IL,SACKMAN FIELD
17661,I04,seaplane_base,Quad-City Seaplane Base,41.459999084472656,-90.4928970336914,560.0,US-IL,Moline,no,,,IL,QUAD-CITY SEAPLANE BASE
17908,II23,heliport,HSHS Good Shepherd Hospital Heliport,39.406136,-88.808855,628.0,US-IL,Shelbyville,no,,,IL,HSHS GOOD SHEPHERD HOSPITAL HELIPORT
17915,II31,small_airport,Jurassic Landings Ultralightport,41.18790054321289,-88.16709899902344,585.0,US-IL,Essex,no,,,IL,JURASSIC LANDINGS ULTRALIGHTPORT
17925,II41,heliport,Clinton Power Station Heliport,40.17169952392578,-88.8375015258789,737.0,US-IL,Clinton,no,,,IL,CLINTON POWER STATION HELIPORT
17981,IL00,heliport,Welch Heliport,40.099700927734375,-87.57440185546875,650.0,US-IL,Danville,no,,,IL,WELCH HELIPORT
17982,IL01,small_airport,Wolford's Airport,40.7925,-90.438202,720.0,US-IL,Abingdon,no,,,IL,WOLFORD'S AIRPORT
17983,IL02,small_airport,Herbert C. Maas Airport,42.472198486328125,-87.90840148925781,719.0,US-IL,Zion,no,,,IL,HERBERT C. MAAS AIRPORT
17984,IL03,heliport,Columbia Hoffman Estates Medical Center Heliport,42.05279922485352,-88.14009857177734,807.0,US-IL,Hoffman Estates,no,,,IL,COLUMBIA HOFFMAN ESTATES MEDICAL CENTER HELIPORT
17985,IL04,heliport,Methodist Medical Center of Illinois Heliport,40.70059967041016,-89.59480285644531,631.0,US-IL,Peoria,no,,,IL,METHODIST MEDICAL CENTER OF ILLINOIS HELIPORT
17986,IL05,small_airport,Bingham Airport,42.440299987793,-88.488998413086,980.0,US-IL,Alden,no,,,IL,BINGHAM AIRPORT
345328,IL06,heliport,Hopedale Medical Complex Heliport,40.417535,-89.41619,643.0,US-IL,Hopedale,no,,,IL,HOPEDALE MEDICAL COMPLEX HELIPORT
17987,IL07,small_airport,Taylor Airport,41.72359848022461,-89.29180145263672,760.0,US-IL,Amboy,no,,,IL,TAYLOR AIRPORT
17988,IL08,heliport,Good Shepherd Hospital Heliport,42.195899963378906,-88.17289733886719,793.0,US-IL,Barrington,no,,,IL,GOOD SHEPHERD HOSPITAL HELIPORT
506096,IL10,heliport,Pinckneyville Community Hospital Heliport,38.084752,-89.348263,420.0,US-IL,Pinckneyville,no,,,IL,PINCKNEYVILLE COMMUNITY HOSPITAL HELIPORT
17990,IL11,small_airport,Donald Alfred Gade Airport,42.46530151367188,-88.04039764404297,805.0,US-IL,Antioch,no,,,IL,DONALD ALFRED GADE AIRPORT
17991,IL12,small_airport,Kinsey Airport,39.880001,-90.465103,455.0,US-IL,Arenzville,no,,,IL,KINSEY AIRPORT
17993,IL14,heliport,Stark Heliport,40.47999954223633,-89.02169799804688,750.0,US-IL,Bloomington,no,,,IL,STARK HELIPORT
17994,IL15,small_airport,Runyan Aviation Airport,40.56940078735352,-90.54869842529295,660.0,US-IL,Bushnell,no,,,IL,RUNYAN AVIATION AIRPORT
17998,IL19,heliport,Shawnee Community College Heliport,37.2672004699707,-89.0322036743164,440.0,US-IL,Ullin,no,,,IL,SHAWNEE COMMUNITY COLLEGE HELIPORT
17999,IL20,heliport,Il Emergency Operations Center Heliport,39.61140060424805,-89.60440063476562,590.0,US-IL,Springfield,no,,,IL,IL EMERGENCY OPERATIONS CENTER HELIPORT
18000,IL21,heliport,Ascension Mercy Heliport,41.785811,-88.324533,700.0,US-IL,Aurora,no,,,IL,ASCENSION MERCY HELIPORT
18002,IL23,small_airport,Ellis Airport,42.441984,-89.450201,900.0,US-IL,Cedarville,no,,,IL,ELLIS AIRPORT
18003,IL24,small_airport,Richardson Airport,39.70750045776367,-89.88310241699219,653.0,US-IL,New Berlin,no,,,IL,RICHARDSON AIRPORT
18004,IL25,heliport,Bromenn Hospital Heliport,40.49639892578125,-88.99079895019531,810.0,US-IL,Normal,no,,,IL,BROMENN HOSPITAL HELIPORT
18005,IL26,heliport,Fayette County Hospital Heliport,38.969200134277344,-89.09609985351562,521.0,US-IL,Vandalia,no,,,IL,FAYETTE COUNTY HOSPITAL HELIPORT
18008,IL31,small_airport,Cooch Landing Area Airport,39.843299865722656,-88.45330047607422,695.0,US-IL,Atwood,no,,,IL,COOCH LANDING AREA AIRPORT
18009,IL32,small_airport,Adkisson Airport,39.78329849243164,-88.62139892578125,669.0,US-IL,Hammond,no,,,IL,ADKISSON AIRPORT
18011,IL34,small_airport,Henderson Field,42.2145,-88.757004,815.0,US-IL,Belvidere,no,,,IL,HENDERSON FIELD
18013,IL36,small_airport,Bob Walberg Field,42.320899963378906,-88.7583999633789,840.0,US-IL,Belvidere,no,,,IL,BOB WALBERG FIELD
18014,IL38,small_airport,J Maddock Airport,41.766998,-88.531998,705.0,US-IL,Big Rock,no,,,IL,J MADDOCK AIRPORT
323333,IL39,small_airport,Perry RLA Airport,39.480255,-87.8445778,691.0,US-IL,Kansas,no,,,IL,PERRY RLA AIRPORT
18015,IL40,heliport,St Joseph Medical Center - Bloomington Heliport,40.4822998047,-88.9564971924,855.0,US-IL,Bloomington,no,,,IL,ST JOSEPH MEDICAL CENTER - BLOOMINGTON HELIPORT
18016,IL41,heliport,Rochelle Community Hospital Heliport,41.92829895019531,-89.0635986328125,817.0,US-IL,Rochelle,no,,,IL,ROCHELLE COMMUNITY HOSPITAL HELIPORT
18017,IL42,heliport,Centegra Hospital - Woodstock Heliport,42.276198,-88.402703,940.0,US-IL,Woodstock,no,,,IL,CENTEGRA HOSPITAL - WOODSTOCK HELIPORT
18019,IL44,heliport,Arrow Heliport,42.40340042114258,-88.1875991821289,738.0,US-IL,Fox Lake,no,,,IL,ARROW HELIPORT
18022,IL47,heliport,Lincoln Land Community College Heliport,39.72309875488281,-89.60430145263672,580.0,US-IL,Springfield,no,,,IL,LINCOLN LAND COMMUNITY COLLEGE HELIPORT
13313,IL50,heliport,Memorial Hospital Heliport,40.4092108,-91.1334756,653.0,US-IL,Carthage,no,,,IL,MEMORIAL HOSPITAL HELIPORT
18024,IL51,small_airport,Aero Acres Airport,41.038335,-88.334971,645.0,US-IL,Dwight,no,,,IL,AERO ACRES AIRPORT
18025,IL52,small_airport,Williams Airport,40.43920135498047,-91.1439971923828,679.0,US-IL,Carthage,no,,,IL,WILLIAMS AIRPORT
18029,IL56,small_airport,McCulley Airport,40.219462,-88.254182,750.0,US-IL,Champaign,no,,,IL,MCCULLEY AIRPORT
18030,IL57,small_airport,Cottonwood Airport,40.422000885009766,-89.02059936523438,765.0,US-IL,Bloomington,no,,,IL,COTTONWOOD AIRPORT
18032,IL59,small_airport,Chicago Glider Club Gliderport,41.43199921,-88.24729919,590.0,US-IL,Channahon,no,,,IL,CHICAGO GLIDER CLUB GLIDERPORT
18034,IL61,heliport,Vienna Correctional Center Heliport,37.39759826660156,-88.77420043945312,510.0,US-IL,Grantsburg,no,,,IL,VIENNA CORRECTIONAL CENTER HELIPORT
602330,IL62,heliport,Kerry Farms Heliport,41.855993,-88.177238,749.0,US-IL,Winfield,no,,,IL,KERRY FARMS HELIPORT
18036,IL63,small_airport,Mays Aviation Airport,40.70000076293945,-88.67510223388672,720.0,US-IL,Chenoa,no,,,IL,MAYS AVIATION AIRPORT
18037,IL64,small_airport,Martin Airport,40.18059921264648,-89.5000991821289,558.0,US-IL,Lincoln,no,,,IL,MARTIN AIRPORT
18038,IL65,small_airport,M.A.M Trail Airport,40.999001,-90.718001,605.0,US-IL,Little York,no,,,IL,M.A.M TRAIL AIRPORT
505712,IL66,heliport,St Joseph's Hospital-Highland Heliport,38.753884,-89.668297,548.0,US-IL,Highland,no,,,IL,ST JOSEPH'S HOSPITAL-HIGHLAND HELIPORT
18039,IL67,heliport,Big Muddy Correctional Facility Heliport,38.12979888916016,-88.90480041503906,425.0,US-IL,Ina,no,,,IL,BIG MUDDY CORRECTIONAL FACILITY HELIPORT
18041,IL69,heliport,First Area Police Hdqtrs Heliport,41.79999923706055,-87.62779998779297,600.0,US-IL,Chicago,no,,,IL,FIRST AREA POLICE HDQTRS HELIPORT
18042,IL70,heliport,Wgn-Tv Heliport,41.94829940795898,-87.69329833984375,591.0,US-IL,Chicago,no,,,IL,WGN-TV HELIPORT
18043,IL71,small_airport,Dury Estates Airport,37.819199,-89.152199,395.0,US-IL,De Soto,no,,,IL,DURY ESTATES AIRPORT
606056,IL72,heliport,Hawg Pit Landing Zone,38.968833,-90.44425,420.0,US-IL,Grafton,no,,,IL,HAWG PIT LANDING ZONE
18045,IL73,heliport,St Elizabeth's Hospital Heliport,38.509683,-89.988515,564.0,US-IL,Belleville,no,,,IL,ST ELIZABETH'S HOSPITAL HELIPORT
18047,IL75,heliport,John H. Stroger Hospital of Cook County Heliport,41.87480163574219,-87.67340087890625,593.0,US-IL,Chicago,no,,,IL,JOHN H. STROGER HOSPITAL OF COOK COUNTY HELIPORT
18049,IL77,heliport,Advocate Christ Medical Center Heliport,41.723174,-87.73276,619.0,US-IL,Chicago (Oak Lawn),no,,,IL,ADVOCATE CHRIST MEDICAL CENTER HELIPORT
18050,IL78,small_airport,Benoit Airport,41.13109970092773,-87.79229736328125,660.0,US-IL,Kankakee,no,,,IL,BENOIT AIRPORT
18051,IL79,heliport,Presence Resurrection Medical Center Heliport,41.986354,-87.814996,663.0,US-IL,Chicago,no,,,IL,PRESENCE RESURRECTION MEDICAL CENTER HELIPORT
323224,IL80,small_airport,Flying Illini Airport,40.108167,-88.683132,710.0,US-IL,De Land,no,,,IL,FLYING ILLINI AIRPORT
18053,IL81,small_airport,Berns Airport,40.937026,-88.045958,658.0,US-IL,Clifton,no,,,IL,BERNS AIRPORT
18054,IL82,small_airport,Martin RLA Restricted Landing Area,40.109500885,-88.82869720459999,725.0,US-IL,Clinton,no,,,IL,MARTIN RLA RESTRICTED LANDING AREA
18056,IL84,small_airport,Douglas Airport,40.57640075683594,-91.10289764404295,650.0,US-IL,Colusa,no,,,IL,DOUGLAS AIRPORT
18058,IL86,small_airport,Krohe Airport,39.93619918823242,-90.466796875,450.0,US-IL,Beardstown,no,,,IL,KROHE AIRPORT
18059,IL87,small_airport,W Davis Airport,41.71110153198242,-89.11229705810547,930.0,US-IL,Compton,no,,,IL,W DAVIS AIRPORT
18060,IL88,small_airport,Earl Barnickel Airport,41.67499923706055,-89.1167984008789,929.0,US-IL,Compton,no,,,IL,EARL BARNICKEL AIRPORT
18061,IL89,heliport,St Mary Medical Center - Galesburg Heliport,40.9866981506,-90.3613967896,790.0,US-IL,Galesburg,no,,,IL,ST MARY MEDICAL CENTER - GALESBURG HELIPORT
610155,IL90,heliport,Canton Correctional Center Heliport,40.55937,-90.082137,669.0,US-IL,Canton,no,,,IL,CANTON CORRECTIONAL CENTER HELIPORT
18064,IL92,heliport,UChicago Medicine Ingalls Memorial Heliport,41.605726,-87.659967,608.0,US-IL,Harvey,no,,,IL,UCHICAGO MEDICINE INGALLS MEMORIAL HELIPORT
18065,IL93,small_airport,Hendrickson Flying Service Airport,41.9453010559082,-88.92400360107422,889.0,US-IL,Creston,no,,,IL,HENDRICKSON FLYING SERVICE AIRPORT
18066,IL94,small_airport,Hoblit Farms Airport,40.2262992859,-89.2428970337,623.0,US-IL,Atlanta,no,,,IL,HOBLIT FARMS AIRPORT
18067,IL95,small_airport,Corn Field,41.22309875488281,-88.14530181884766,585.0,US-IL,Custer Park,no,,,IL,CORN FIELD
18069,IL97,small_airport,Springfield Southwest Airpark,39.736999511719,-89.809799194336,635.0,US-IL,New Berlin,no,,,IL,SPRINGFIELD SOUTHWEST AIRPARK
18070,IL98,heliport,Chicagoland Speedway Heliport,41.479772,-88.058388,650.0,US-IL,Joliet,no,,,IL,CHICAGOLAND SPEEDWAY HELIPORT
18071,IL99,small_airport,B & C Airport,41.59280014038086,-88.96730041503906,715.0,US-IL,Earlville,no,,,IL,B & C AIRPORT
18170,IS00,small_airport,Jay Schertz Farm Airport,40.84170150756836,-89.27449798583984,780.0,US-IL,Lowpoint,no,,,IL,JAY SCHERTZ FARM AIRPORT
18172,IS02,small_airport,Dietchweiler Airport,40.7784,-87.791702,640.0,US-IL,Watseka,no,,,IL,DIETCHWEILER AIRPORT
18174,IS08,small_airport,Curless Airport,40.263939,-90.23453,620.0,US-IL,Astoria,no,,,IL,CURLESS AIRPORT
18175,IS09,heliport,Glenoaks Medical Center Heliport,41.914434,-88.055665,734.0,US-IL,Glendale Heights,no,,,IL,GLENOAKS MEDICAL CENTER HELIPORT
18176,IS11,heliport,Kenneth Hall Regional Hospital Heliport,38.62369918823242,-90.15679931640624,460.0,US-IL,East St Louis,no,,,IL,KENNETH HALL REGIONAL HOSPITAL HELIPORT
18177,IS12,heliport,Urso Heliport,41.999698638916016,-88.20539855957031,785.0,US-IL,Bartlett,no,,,IL,URSO HELIPORT
18180,IS15,small_airport,Vodden Airport,42.032501220703125,-88.90260314941406,850.0,US-IL,Esmond,no,,,IL,VODDEN AIRPORT
18182,IS17,heliport,Harvey Police Department Heliport,41.61220169067383,-87.66999816894531,605.0,US-IL,Harvey,no,,,IL,HARVEY POLICE DEPARTMENT HELIPORT
18184,IS19,small_airport,Carlson Restricted Landing Area,42.335434,-89.32366,740.0,US-IL,Pecatonica,no,,,IL,CARLSON RESTRICTED LANDING AREA
18185,IS20,heliport,Presence St Joseph Hospital - Elgin Heliport,42.036543,-88.326448,846.0,US-IL,Elgin,no,,,IL,PRESENCE ST JOSEPH HOSPITAL - ELGIN HELIPORT
18186,IS21,heliport,Community Hospital of Staunton Heliport,39.015253,-89.788787,622.0,US-IL,Staunton,no,,,IL,COMMUNITY HOSPITAL OF STAUNTON HELIPORT
18187,IS22,heliport,County Emerg Svcs/Disaster Agcy Heliport,40.1110992432,-88.1845016479,725.0,US-IL,Urbana,no,,,IL,COUNTY EMERG SVCS/DISASTER AGCY HELIPORT
18188,IS23,seaplane_base,Turner Seaplane Base,42.0099983215332,-88.29109954833984,700.0,US-IL,South Elgin,no,,,IL,TURNER SEAPLANE BASE
45402,IS24,small_airport,Harris Airport,39.077778,-89.081667,551.0,US-IL,Ramsey,no,,,IL,HARRIS AIRPORT
18189,IS25,heliport,B & L Heliport,41.94139862060547,-87.8594970703125,649.0,US-IL,Franklin Park,no,,,IL,B & L HELIPORT
18190,IS26,small_airport,Niklaus RLA Restricted Landing Area,40.1833992004,-88.61530303960001,725.0,US-IL,Farmer City,no,,,IL,NIKLAUS RLA RESTRICTED LANDING AREA
18191,IS27,heliport,Nokomis Community Memorial Park Heliport,38.30139923095703,-89.2936019897461,665.0,US-IL,Nokomis,no,,,IL,NOKOMIS COMMUNITY MEMORIAL PARK HELIPORT
18192,IS29,heliport,OSF Center For Health - Streator Heliport,41.113372,-88.835163,639.0,US-IL,Streator,no,,,IL,OSF CENTER FOR HEALTH - STREATOR HELIPORT
18193,IS30,heliport,Franciscan Health - Olympia Fields Heliport,41.523636,-87.709705,718.0,US-IL,Olympia Fields,no,,,IL,FRANCISCAN HEALTH - OLYMPIA FIELDS HELIPORT
18194,IS31,heliport,M G T Channahon Illinois Heliport,41.44889831542969,-88.14399719238281,575.0,US-IL,Channahon,no,,,IL,M G T CHANNAHON ILLINOIS HELIPORT
18195,IS33,small_airport,Willhoit Airport,39.04560089111328,-89.8406982421875,614.0,US-IL,Staunton,no,,,IL,WILLHOIT AIRPORT
18196,IS34,small_airport,Piper's Landing Airport,38.70669937133789,-87.6333999633789,425.0,US-IL,Lawrenceville,no,,,IL,PIPER'S LANDING AIRPORT
18197,IS37,small_airport,Stockton Airport,42.32389831542969,-89.9928970336914,970.0,US-IL,Stockton,no,,,IL,STOCKTON AIRPORT
18198,IS38,heliport,St Joseph Memorial Hospital Heliport,37.765899658203125,-89.32510375976562,405.0,US-IL,Murphysboro,no,,,IL,ST JOSEPH MEMORIAL HOSPITAL HELIPORT
18199,IS39,heliport,Central Dupage Hospital Heliport,41.872529,-88.157964,734.0,US-IL,Winfield,no,,,IL,CENTRAL DUPAGE HOSPITAL HELIPORT
18201,IS41,small_airport,Vogen Restricted Landing Area,41.460899353027344,-88.59200286865234,740.0,US-IL,Newark,no,,,IL,VOGEN RESTRICTED LANDING AREA
18202,IS42,heliport,Lindstrom Heliport,40.6239013671875,-89.37310028076172,705.0,US-IL,Morton,no,,,IL,LINDSTROM HELIPORT
18203,IS43,small_airport,Riggins Farms Airport,39.869998931884766,-88.07499694824219,699.0,US-IL,Villa Glove,no,,,IL,RIGGINS FARMS AIRPORT
18204,IS44,heliport,Illini Community Hospital Heliport,39.6072998046875,-90.81400299072266,740.0,US-IL,Pittsfield,no,,,IL,ILLINI COMMUNITY HOSPITAL HELIPORT
18205,IS45,small_airport,Mast Field,39.97669982910156,-91.33399963378906,738.0,US-IL,Quincy,no,,,IL,MAST FIELD
18206,IS46,heliport,CGH Medical Center Heliport,41.802856,-89.697154,727.0,US-IL,Sterling,no,,,IL,CGH MEDICAL CENTER HELIPORT
18207,IS47,small_airport,Willis Airport,42.03060150146485,-88.70179748535156,856.0,US-IL,Sycamore,no,,,IL,WILLIS AIRPORT
18208,IS48,heliport,Il State Police District 22 Heliport,37.2714004517,-89.1647033691,335.0,US-IL,Ullin,no,,,IL,IL STATE POLICE DISTRICT 22 HELIPORT
18209,IS49,heliport,Saint Elizabeth Medical Center-Peru Helistop,41.329006,-89.123784,595.0,US-IL,Peru,no,,,IL,SAINT ELIZABETH MEDICAL CENTER-PERU HELISTOP
18210,IS50,heliport,Rend Lake Conservancy District Heliport,38.08200073242188,-88.91699981689453,450.0,US-IL,Benton,no,,,IL,REND LAKE CONSERVANCY DISTRICT HELIPORT
18211,IS51,small_airport,Schilson Field,40.45140075683594,-91.20379638671876,705.0,US-IL,Carthage,no,,,IL,SCHILSON FIELD
18213,IS54,small_airport,Mc Christy Airport,39.6431007385,-89.14450073239999,630.0,US-IL,Stonington,no,,,IL,MC CHRISTY AIRPORT
18214,IS55,small_airport,Morton Airport,40.59090042114258,-90.94239807128906,705.0,US-IL,La Harpe,no,,,IL,MORTON AIRPORT
18215,IS56,small_airport,Herren Airport,40.08810043334961,-90.8853988647461,654.0,US-IL,Timewell,no,,,IL,HERREN AIRPORT
18216,IS57,small_airport,Wind Rose Farm Airport,42.1796989440918,-88.63279724121094,815.0,US-IL,Marengo,no,,,IL,WIND ROSE FARM AIRPORT
18217,IS58,heliport,Pecatonica Fire Protection District Heliport,42.30720138549805,-89.36250305175781,774.0,US-IL,Pecatonica,no,,,IL,PECATONICA FIRE PROTECTION DISTRICT HELIPORT
18218,IS59,small_airport,Rotstein Airport,42.1338996887207,-88.92420196533203,760.0,US-IL,Kirkland,no,,,IL,ROTSTEIN AIRPORT
18220,IS62,small_airport,John D Rennick Airport,40.8672981262207,-89.4531021118164,450.0,US-IL,Spring Bay,no,,,IL,JOHN D RENNICK AIRPORT
18223,IS65,small_airport,Woodlake Landing Airport,41.63840103149414,-88.64450073242188,677.0,US-IL,Sandwich,no,,,IL,WOODLAKE LANDING AIRPORT
18224,IS66,small_airport,Rhea Restricted Landing Area,40.59230041503906,-91.20149993896484,684.0,US-IL,Pontoosuc,no,,,IL,RHEA RESTRICTED LANDING AREA
18225,IS67,heliport,Perry Memorial Hospital Heliport,41.367801666259766,-89.45680236816406,735.0,US-IL,Princeton,no,,,IL,PERRY MEMORIAL HOSPITAL HELIPORT
18226,IS69,small_airport,Kloker Airport,39.91889953613281,-90.51100158691406,440.0,US-IL,Meredosia,no,,,IL,KLOKER AIRPORT
18227,IS71,small_airport,Koch Airport,42.45918,-89.199442,800.0,US-IL,Durand,no,,,IL,KOCH AIRPORT
18228,IS73,small_airport,Woodley Aerial Spray Airport,41.532501220703125,-89.70189666748047,635.0,US-IL,New Bedford,no,,,IL,WOODLEY AERIAL SPRAY AIRPORT
18229,IS74,heliport,Caterpillar Aurora Heliport,41.71699905395508,-88.35919952392578,660.0,US-IL,Montgomery,no,,,IL,CATERPILLAR AURORA HELIPORT
18230,IS76,heliport,Sycamore Fire Department Heliport,41.996700286865234,-88.693603515625,825.0,US-IL,Sycamore,no,,,IL,SYCAMORE FIRE DEPARTMENT HELIPORT
18232,IS78,small_airport,Early-Merkel Field,42.36605,-89.235067,794.0,US-IL,Pecatonica,no,,,IL,EARLY-MERKEL FIELD
18233,IS79,seaplane_base,Jackson Seaplane Base,42.236698150634766,-88.35230255126953,890.0,US-IL,Crystal Lake,no,,,IL,JACKSON SEAPLANE BASE
18234,IS80,small_airport,Uncle Chuck's Airport,41.917801,-88.789299,880.0,US-IL,DeKalb,no,,,IL,UNCLE CHUCK'S AIRPORT
18235,IS81,heliport,Alsip Fire Department Heliport,41.674912,-87.750444,623.0,US-IL,Alsip,no,,,IL,ALSIP FIRE DEPARTMENT HELIPORT
18237,IS83,small_airport,Untied Acres Airport,42.227500915527344,-88.76719665527344,800.0,US-IL,Belvidere,no,,,IL,UNTIED ACRES AIRPORT
18239,IS86,small_airport,Hendrix Airport,41.04169845581055,-88.19170379638672,656.0,US-IL,Buckingham,no,,,IL,HENDRIX AIRPORT
18240,IS88,small_airport,Melody Field,40.14860153198242,-87.69450378417969,660.0,US-IL,Danville,no,,,IL,MELODY FIELD
18241,IS89,heliport,Iroquois Memorial Hospital Heliport,40.7661018372,-87.73139953610001,677.0,US-IL,Watseka,no,,,IL,IROQUOIS MEMORIAL HOSPITAL HELIPORT
18242,IS90,heliport,Honey Lake Heliport,42.19860076904297,-88.11900329589844,860.0,US-IL,Lake Zurick,no,,,IL,HONEY LAKE HELIPORT
18243,IS92,heliport,Olivers Heliport,42.099434,-88.369212,895.0,US-IL,Gilberts,no,,,IL,OLIVERS HELIPORT
18244,IS93,small_airport,Sue Rock International Airport,42.443144,-89.504288,950.0,US-IL,Rock City,no,,,IL,SUE ROCK INTERNATIONAL AIRPORT
18245,IS94,small_airport,Johnson Airport,41.60559844970703,-88.66120147705078,667.0,US-IL,Sandwich,no,,,IL,JOHNSON AIRPORT
18247,IS96,heliport,Carle Hospital Heliport,40.11700058,-88.21499634,879.0,US-IL,Urbana,no,,,IL,CARLE HOSPITAL HELIPORT
18248,IS97,heliport,Trinity Medical Center Heliport,41.46810150146485,-90.53079986572266,570.0,US-IL,Moline,no,,,IL,TRINITY MEDICAL CENTER HELIPORT
18250,IS99,heliport,Ware-Wolf Lake Heliport,37.50749969482422,-89.43890380859375,350.0,US-IL,Wolf Lake,no,,,IL,WARE-WOLF LAKE HELIPORT
18256,JRA,heliport,West 30th Street Heliport,40.755107,-74.006896,7.0,US-NY,New York,yes,,JRA,NY,WEST 30TH STREET HELIPORT
18257,JRB,heliport,Downtown Skyport Heliport,40.700711,-74.008573,7.0,US-NY,New York,no,,JRB,NY,DOWNTOWN SKYPORT HELIPORT
18302,K00C,small_airport,Animas Air Park,37.203201,-107.869003,6684.0,US-CO,Durango,no,,AMK,CO,ANIMAS AIR PARK
18306,K00V,small_airport,Meadow Lake Airport,38.945801,-104.57,6874.0,US-CO,Colorado Springs,no,KFLY,,CO,MEADOW LAKE AIRPORT
18308,K01G,small_airport,Perry-Warsaw Airport,42.741453,-78.052646,1559.0,US-NY,Perry,no,,,NY,PERRY-WARSAW AIRPORT
45557,K03,seaplane_base,Long Lake Sagamore Seaplane Base & Marina,43.969588,-74.427897,1629.0,US-NY,Long Lake,no,,,NY,LONG LAKE SAGAMORE SEAPLANE BASE & MARINA
18323,K06C,small_airport,Schaumburg Regional Airport,41.9892997742,-88.1011962891,801.0,US-IL,Chicago/Schaumburg,no,,,IL,SCHAUMBURG REGIONAL AIRPORT
18330,K07V,small_airport,Cuchara Valley At La Veta Airport,37.5238,-105.009002,7153.0,US-CO,La Veta,no,,,CO,CUCHARA VALLEY AT LA VETA AIRPORT
18331,K08,small_airport,Holly Airport,38.035179,-102.11673,3390.0,US-CO,Holly,no,,,CO,HOLLY AIRPORT
18351,K0B8,small_airport,Elizabeth Field,41.252099,-72.032218,9.0,US-NY,Fishers Island,no,,FID,NY,ELIZABETH FIELD
18352,K0C0,small_airport,Dacy Airport,42.4025,-88.632401,913.0,US-IL,Harvard,no,,,IL,DACY AIRPORT
18365,K0G7,small_airport,Finger Lakes Regional Airport,42.883598,-76.782246,492.0,US-NY,Seneca Falls,no,,,NY,FINGER LAKES REGIONAL AIRPORT
18400,K10C,small_airport,Galt Field,42.402735,-88.376942,875.0,US-IL,Wonder Lake,no,,,IL,GALT FIELD
18406,K11V,small_airport,Easton/Valley View Airport,40.328815,-104.614563,4820.0,US-CO,Greeley,no,,,CO,EASTON/VALLEY VIEW AIRPORT
18435,K17V,small_airport,Haxtun Municipal Airport,40.627519,-102.600911,4035.0,US-CO,Haxtun,no,,,CO,HAXTUN MUNICIPAL AIRPORT
18438,K18V,small_airport,Platte Valley Airpark,40.099998,-104.700996,4965.0,US-CO,Hudson,no,,,CO,PLATTE VALLEY AIRPARK
18451,K1B1,small_airport,Columbia County Airport,42.291302,-73.710297,198.0,US-NY,Hudson,no,,HCC,NY,COLUMBIA COUNTY AIRPORT
18455,K1C1,small_airport,Paxton Airport,40.449001,-88.127701,779.0,US-IL,Paxton,no,,,IL,PAXTON AIRPORT
18457,K1C5,small_airport,Bolingbrook's Clow International Airport,41.6959991455,-88.12920379639999,670.0,US-IL,Bolingbrook,no,,,IL,BOLINGBROOK'S CLOW INTERNATIONAL AIRPORT
18471,K1H2,small_airport,Effingham County Memorial Airport,39.0704,-88.533501,587.0,US-IL,Effingham,no,,,IL,EFFINGHAM COUNTY MEMORIAL AIRPORT
18474,K1H8,small_airport,Casey Municipal Airport,39.302502,-88.004097,654.0,US-IL,Casey,no,,,IL,CASEY MUNICIPAL AIRPORT
18475,K1I5,small_airport,Freehold Airport,42.3643,-74.066002,440.0,US-NY,Freehold,no,,,NY,FREEHOLD AIRPORT
18522,K1V6,small_airport,Fremont County Airport,38.429739,-105.108562,5439.0,US-CO,Penrose,no,,CNE,CO,FREMONT COUNTY AIRPORT
18523,K1V8,small_airport,Leach Airport,37.785399,-106.047632,7598.0,US-CO,Center,no,,,CO,LEACH AIRPORT
18527,K20N,small_airport,Kingston-Ulster Airport,41.985298,-73.964104,149.0,US-NY,Kingston,no,,,NY,KINGSTON-ULSTER AIRPORT
18530,K20V,small_airport,McElroy Airfield,40.05341,-106.369078,7411.0,US-CO,Kremmling,no,,,CO,MCELROY AIRFIELD
18531,K21,seaplane_base,Rouses Point Seaplane Base,44.991699,-73.363073,95.0,US-NY,Rouses Point,no,,RSX,NY,ROUSES POINT SEAPLANE BASE
18540,K23,small_airport,Cooperstown-Westville Airport,42.629552,-74.890445,1260.0,US-NY,Cooperstown,no,,COP,NY,COOPERSTOWN-WESTVILLE AIRPORT
18588,K2H0,small_airport,Shelby County Airport,39.4104003906,-88.8453979492,618.0,US-IL,Shelbyville,no,,,IL,SHELBY COUNTY AIRPORT
23471,K2N4,small_airport,Owasco Airport,42.736493,-76.486065,1378.0,US-NY,Moravia,no,,,NY,OWASCO AIRPORT
18629,K2V5,small_airport,Wray Municipal Airport,40.1003,-102.240997,3667.0,US-CO,Wray,no,KRYA,,CO,WRAY MUNICIPAL AIRPORT
18630,K2V6,small_airport,Yuma Municipal Airport,40.104198,-102.712997,4136.0,US-CO,Yuma,no,,,CO,YUMA MUNICIPAL AIRPORT
18634,K30,small_airport,Heber Airpark,43.18339920043945,-73.6332015991211,230.0,US-NY,Gansevoort,no,,,NY,HEBER AIRPARK
18636,K31,small_airport,Sharon Airport,42.77840042114258,-74.57759857177734,1508.0,US-NY,Sharon Springs,no,,,NY,SHARON AIRPORT
18647,K33V,small_airport,Walden Jackson County Airport,40.750401,-106.271004,8153.0,US-CO,Walden,no,,,CO,WALDEN JACKSON COUNTY AIRPORT
18678,K3C8,small_airport,Calverton Executive Airpark,40.9151,-72.791901,75.0,US-NY,Calverton,no,,CTO,NY,CALVERTON EXECUTIVE AIRPARK
18679,K3CK,small_airport,Lake in the Hills Airport,42.206799,-88.322998,888.0,US-IL,Chicago/Lake in the Hills,no,,,IL,LAKE IN THE HILLS AIRPORT
18712,K3K6,small_airport,St Louis Metro-East Airport/Shafer Field,38.732899,-89.806602,477.0,US-IL,St Jacob,no,,,IL,ST LOUIS METRO-EAST AIRPORT/SHAFER FIELD
18716,K3LF,small_airport,Litchfield Municipal Airport,39.162498,-89.674599,690.0,US-IL,Litchfield,no,,,IL,LITCHFIELD MUNICIPAL AIRPORT
18722,K3MY,small_airport,Mount Hawley Auxiliary Airport,40.7953,-89.613403,786.0,US-IL,Peoria,no,,,IL,MOUNT HAWLEY AUXILIARY AIRPORT
18778,K44N,small_airport,Sky Acres Airport,41.707401,-73.737999,698.0,US-NY,Millbrook,no,,,NY,SKY ACRES AIRPORT
18807,K4B6,small_airport,Ticonderoga Municipal Airport,43.8773,-73.413101,273.0,US-NY,Ticonderoga,no,,,NY,TICONDEROGA MUNICIPAL AIRPORT
18808,K4B7,small_airport,Schroon Lake Airport,43.857886,-73.740577,830.0,US-NY,Schroon Lake,no,,,NY,SCHROON LAKE AIRPORT
18819,K4G6,small_airport,Hornell Municipal Airport,42.382139,-77.68211,1219.0,US-NY,Hornell,no,,,NY,HORNELL MUNICIPAL AIRPORT
18857,K4V0,small_airport,Rangely Airport,40.094002,-108.763,5275.0,US-CO,Rangely,no,,,CO,RANGELY AIRPORT
18858,K4V1,small_airport,Spanish Peaks Airfield,37.696602,-104.783997,6047.0,US-CO,Walsenburg,no,,,CO,SPANISH PEAKS AIRFIELD
18894,K5B2,small_airport,Saratoga County Airport,43.0513,-73.861198,434.0,US-NY,Saratoga Springs,no,,,NY,SARATOGA COUNTY AIRPORT
18908,K5K1,small_airport,Zelmer Memorial Airpark Inc Airport,39.419998,-89.991203,663.0,US-IL,Palmyra,no,,,IL,ZELMER MEMORIAL AIRPARK INC AIRPORT
18978,K6B9,small_airport,Skaneateles Aero Drome,42.914001,-76.440804,1038.0,US-NY,Skaneateles,no,,,NY,SKANEATELES AERO DROME
19047,K7A4,small_airport,Foster Field,42.4664,-90.169403,990.0,US-IL,Apple River,no,,,IL,FOSTER FIELD
19058,K7G0,small_airport,Ledgedale Airpark,43.181099,-77.915802,665.0,US-NY,Brockport,no,,,NY,LEDGEDALE AIRPARK
19074,K7N1,small_airport,Corning Painted Post Airport,42.1759,-77.112198,962.0,US-NY,Corning,no,,,NY,CORNING PAINTED POST AIRPORT
19083,K7V2,small_airport,North Fork Valley Airport,38.831412,-107.645763,5798.0,US-CO,Paonia,no,,WPO,CO,NORTH FORK VALLEY AIRPORT
19085,K7V5,small_airport,Brush Municipal Airport,40.264267,-103.577008,4280.0,US-CO,Brush,no,,,CO,BRUSH MUNICIPAL AIRPORT
19088,K7V8,small_airport,Julesburg Municipal Airport,40.970798,-102.315002,3495.0,US-CO,Julesburg,no,,,CO,JULESBURG MUNICIPAL AIRPORT
19089,K7V9,small_airport,City of Las Animas Bent County Airport,38.053903,-103.238698,3915.0,US-CO,Las Animas,no,,,CO,CITY OF LAS ANIMAS BENT COUNTY AIRPORT
19138,K8N2,small_airport,Skydive Chicago Airport,41.399799,-88.7939,616.0,US-IL,Ottawa,no,,,IL,SKYDIVE CHICAGO AIRPORT
19147,K8V1,small_airport,Astronaut Kent Rominger Airport,37.71360016,-106.3539963,7949.0,US-CO,Del Norte,no,,,CO,ASTRONAUT KENT ROMINGER AIRPORT
19150,K8V7,small_airport,Springfield Municipal Airport,37.458698,-102.617996,4390.0,US-CO,Springfield,no,,,CO,SPRINGFIELD MUNICIPAL AIRPORT
19167,K96,small_airport,Tuscola Airport,39.780899,-88.306198,665.0,US-IL,Tuscola,no,,,IL,TUSCOLA AIRPORT
19173,K99V,small_airport,Crawford Airport,38.703736,-107.646983,6470.0,US-CO,Crawford,no,,,CO,CRAWFORD AIRPORT
19190,K9G3,small_airport,Akron Airport/Jesson Field,43.021099,-78.482498,840.0,US-NY,Akron,no,,,NY,AKRON AIRPORT/JESSON FIELD
19209,K9V7,small_airport,Eads Municipal Airport,38.478479,-102.810869,4245.0,US-CO,Eads,no,,,CO,EADS MUNICIPAL AIRPORT
19222,KA50,small_airport,Colorado Springs East Airport,38.874401,-104.410004,6145.0,US-CO,Ellicott,no,,,CO,COLORADO SPRINGS EAST AIRPORT
19223,KAAA,small_airport,Logan County Airport,40.158699,-89.334999,597.0,US-IL,Lincoln,no,,,IL,LOGAN COUNTY AIRPORT
19243,KAEJ,small_airport,Central Colorado Regional Airport,38.812906,-106.120062,7946.0,US-CO,Buena Vista,no,,,CO,CENTRAL COLORADO REGIONAL AIRPORT
19245,KAFF,small_airport,USAF Academy Airfield,38.972497,-104.821125,6572.0,US-CO,Colorado Springs,no,KAFF,AFF,CO,USAF ACADEMY AIRFIELD
19258,KAIB,small_airport,Hopkins Field,38.239025,-108.563354,5940.0,US-CO,Nucla,no,,,CO,HOPKINS FIELD
19267,KAJG,small_airport,Mount Carmel Municipal Airport,38.606499,-87.7267,429.0,US-IL,Mount Carmel,no,,,IL,MOUNT CARMEL MUNICIPAL AIRPORT
19270,KAJZ,small_airport,Blake Field,38.7864,-108.064003,5193.0,US-CO,Delta,no,,,CO,BLAKE FIELD
19272,KAKO,small_airport,Colorado Plains Regional Airport,40.1755981445,-103.222000122,4714.0,US-CO,Akron,no,KAKO,AKO,CO,COLORADO PLAINS REGIONAL AIRPORT
3371,KALB,large_airport,Albany International Airport,42.748299,-73.801697,285.0,US-NY,Albany,yes,KALB,ALB,NY,ALBANY INTERNATIONAL AIRPORT
3374,KALN,medium_airport,St Louis Regional Airport,38.89030075069999,-90.0459976196,544.0,US-IL,Alton/St Louis,no,KALN,ALN,IL,ST LOUIS REGIONAL AIRPORT
19275,KALS,medium_airport,San Luis Valley Regional Airport/Bergman Field,37.434898,-105.866997,7539.0,US-CO,Alamosa,yes,KALS,ALS,CO,SAN LUIS VALLEY REGIONAL AIRPORT/BERGMAN FIELD
19283,KANK,small_airport,Salida Airport - Harriet Alexander Field,38.5383,-106.049004,7523.0,US-CO,Salida,no,KANK,SLT,CO,SALIDA AIRPORT - HARRIET ALEXANDER FIELD
19291,KAPA,medium_airport,Centennial Airport,39.57009888,-104.848999,5885.0,US-CO,Denver,no,KAPA,APA,CO,CENTENNIAL AIRPORT
19305,KARR,small_airport,Aurora Municipal Airport,41.771900177,-88.47570037839999,712.0,US-IL,Chicago/Aurora,no,KARR,AUZ,IL,AURORA MUNICIPAL AIRPORT
3383,KART,medium_airport,Watertown International Airport,43.991901,-76.021698,325.0,US-NY,Watertown,yes,KART,ART,NY,WATERTOWN INTERNATIONAL AIRPORT
19308,KASE,medium_airport,Aspen-Pitkin County Airport (Sardy Field),39.223202,-106.869003,7820.0,US-CO,Aspen,yes,KASE,ASE,CO,ASPEN-PITKIN COUNTY AIRPORT (SARDY FIELD)
19346,KB16,small_airport,Whitfords Airport,43.080299,-76.538399,400.0,US-NY,Weedsport,no,,,NY,WHITFORDS AIRPORT
16498,KBDU,small_airport,Boulder Municipal Airport,40.039101,-105.226025,5288.0,US-CO,Boulder,no,KBDU,WBU,CO,BOULDER MUNICIPAL AIRPORT
3404,KBGM,medium_airport,Greater Binghamton/Edwin A Link field,42.20869827,-75.97979736,1636.0,US-NY,Binghamton,yes,KBGM,BGM,NY,GREATER BINGHAMTON/EDWIN A LINK FIELD
3411,KBJC,medium_airport,Rocky Mountain Metropolitan Airport,39.908798,-105.116997,5673.0,US-CO,Denver,yes,KBJC,BJC,CO,ROCKY MOUNTAIN METROPOLITAN AIRPORT
3413,KBKF,medium_airport,Buckley Space Force Base,39.701698,-104.751999,5662.0,US-CO,Aurora,no,KBKF,BFK,CO,BUCKLEY SPACE FORCE BASE
3417,KBLV,medium_airport,Scott AFB/Midamerica Airport,38.5452,-89.835197,459.0,US-IL,Belleville,yes,KBLV,BLV,IL,SCOTT AFB/MIDAMERICA AIRPORT
3419,KBMI,medium_airport,Central Illinois Regional Airport at Bloomington-Normal,40.4771,-88.915901,871.0,US-IL,Bloomington/Normal,yes,KBMI,BMI,IL,CENTRAL ILLINOIS REGIONAL AIRPORT AT BLOOMINGTON-NORMAL
19405,KBQR,small_airport,Buffalo Lancaster Regional Airport,42.922298,-78.612297,750.0,US-NY,Lancaster,no,,,NY,BUFFALO LANCASTER REGIONAL AIRPORT
3431,KBUF,large_airport,Buffalo Niagara International Airport,42.940498,-78.732201,728.0,US-NY,Buffalo,yes,KBUF,BUF,NY,BUFFALO NIAGARA INTERNATIONAL AIRPORT
19435,KC08,small_airport,Silver West Airport,38.013182,-105.374279,8290.0,US-CO,Westcliffe,no,,,CO,SILVER WEST AIRPORT
19436,KC09,small_airport,Morris Municipal Airport James R. Washburn field,41.4254,-88.418701,584.0,US-IL,Morris,no,,,IL,MORRIS MUNICIPAL AIRPORT JAMES R. WASHBURN FIELD
19437,KC15,small_airport,Pekin Municipal Airport,40.488201,-89.675903,530.0,US-IL,Pekin,no,,,IL,PEKIN MUNICIPAL AIRPORT
19438,KC16,small_airport,Frasca Field,40.1464,-88.198502,735.0,US-IL,Urbana,no,,,IL,FRASCA FIELD
19442,KC24,small_airport,Mineral County Memorial Airport,37.822017,-106.930289,8680.0,US-CO,Creede,no,,,CO,MINERAL COUNTY MEMORIAL AIRPORT
545817,KC26,heliport,Clinton Heliport,40.163492,-88.935,730.0,US-IL,Clinton,no,,,IL,CLINTON HELIPORT
19450,KC73,small_airport,Dixon Municipal Charles R. Walgreen Field,41.833875,-89.443967,785.0,US-IL,Dixon,no,,,IL,DIXON MUNICIPAL CHARLES R. WALGREEN FIELD
19452,KC75,small_airport,Marshall County Airport,41.018391,-89.385865,568.0,US-IL,Lacon,no,,,IL,MARSHALL COUNTY AIRPORT
19453,KC77,small_airport,Poplar Grove Airport,42.322899,-88.836304,858.0,US-IL,Poplar Grove,no,,,IL,POPLAR GROVE AIRPORT
19455,KC81,small_airport,Campbell Airport,42.32460021972656,-88.0740966796875,788.0,US-IL,Grayslake,no,,,IL,CAMPBELL AIRPORT
19459,KCAG,small_airport,Craig Moffat Airport,40.4952011108,-107.522003174,6193.0,US-CO,Craig,no,KCAG,CIG,CO,CRAIG MOFFAT AIRPORT
19482,KCEZ,medium_airport,Cortez Municipal Airport,37.303001,-108.627998,5918.0,US-CO,Cortez,yes,KCEZ,CEZ,CO,CORTEZ MUNICIPAL AIRPORT
19501,KCIR,small_airport,Cairo Regional Airport,37.064499,-89.219597,321.0,US-IL,Cairo,no,KCIR,CIR,IL,CAIRO REGIONAL AIRPORT
3459,KCMI,medium_airport,University of Illinois Willard Airport,40.039819,-88.276249,755.0,US-IL,Savoy,yes,KCMI,CMI,IL,UNIVERSITY OF ILLINOIS WILLARD AIRPORT
3463,KCOS,large_airport,City of Colorado Springs Municipal Airport,38.805801,-104.700996,6187.0,US-CO,Colorado Springs,yes,KCOS,COS,CO,CITY OF COLORADO SPRINGS MUNICIPAL AIRPORT
19540,KCPS,small_airport,St Louis Downtown Airport,38.570701599100005,-90.1561965942,413.0,US-IL,Cahokia/St Louis,no,KCPS,CPS,IL,ST LOUIS DOWNTOWN AIRPORT
337253,KCQJ,heliport,Cheyenne Mountain Space Force Station Heliport,38.738586,-104.835148,6609.0,US-CO,Colorado Springs,no,,,CO,CHEYENNE MOUNTAIN SPACE FORCE STATION HELIPORT
19561,KCTK,small_airport,Ingersoll Airport,40.5690994263,-90.074798584,684.0,US-IL,Canton,no,,,IL,INGERSOLL AIRPORT
19566,KCUL,small_airport,Carmi Municipal Airport,38.0895,-88.1231,388.0,US-IL,Carmi,no,,,IL,CARMI MUNICIPAL AIRPORT
19583,KCZG,small_airport,Tri Cities Airport,42.078499,-76.096296,833.0,US-NY,Endicott,no,,,NY,TRI CITIES AIRPORT
19593,KD17,small_airport,Westwinds Airport,38.7575,-108.148003,5000.0,US-CO,Delta,no,,,CO,WESTWINDS AIRPORT
19594,KD23,small_airport,Arcade Tri County Airport,42.565367,-78.424766,1745.0,US-NY,Arcade,no,,,NY,ARCADE TRI COUNTY AIRPORT
3485,KDEC,medium_airport,Decatur Airport,39.834598541259766,-88.8656997680664,682.0,US-IL,Decatur,yes,KDEC,DEC,IL,DECATUR AIRPORT
3486,KDEN,large_airport,Denver International Airport,39.860027,-104.673792,5431.0,US-CO,Denver,yes,KDEN,DEN,CO,DENVER INTERNATIONAL AIRPORT
19632,KDKB,small_airport,DeKalb Taylor Municipal Airport,41.936316,-88.704128,914.0,US-IL,DeKalb,no,,,IL,DEKALB TAYLOR MUNICIPAL AIRPORT
19633,KDKK,small_airport,Chautauqua County-Dunkirk Airport,42.49247,-79.273102,693.0,US-NY,Dunkirk,no,KDKK,DKK,NY,CHAUTAUQUA COUNTY-DUNKIRK AIRPORT
19647,KDNV,small_airport,Vermilion Regional Airport,40.199124,-87.59663,697.0,US-IL,Danville,no,KDNV,DNV,IL,VERMILION REGIONAL AIRPORT
19648,KDPA,medium_airport,Dupage Airport,41.90779877,-88.24859619,759.0,US-IL,Chicago/West Chicago,no,KDPA,DPA,IL,DUPAGE AIRPORT
19654,KDRO,medium_airport,Durango La Plata County Airport,37.151501,-107.753998,6685.0,US-CO,Durango,yes,KDRO,DRO,CO,DURANGO LA PLATA COUNTY AIRPORT
19656,KDSV,small_airport,Dansville Municipal Airport,42.570545,-77.713273,662.0,US-NY,Dansville,no,KDSV,DSV,NY,DANSVILLE MUNICIPAL AIRPORT
19728,KEEO,small_airport,Meeker Airport,40.04880142211914,-107.88600158691406,6421.0,US-CO,Meeker,no,,,CO,MEEKER AIRPORT
3505,KEGE,medium_airport,Eagle County Regional Airport,39.64260101,-106.9179993,6548.0,US-CO,Eagle,yes,KEGE,EGE,CO,EAGLE COUNTY REGIONAL AIRPORT
19742,KEIK,small_airport,Erie Municipal Airport,40.010200500488,-105.047996521,5130.0,US-CO,Erie,no,,,CO,ERIE MUNICIPAL AIRPORT
3510,KELM,medium_airport,Elmira Corning Regional Airport,42.1599006652832,-76.8916015625,954.0,US-NY,Elmira/Corning,yes,KELM,ELM,NY,ELMIRA CORNING REGIONAL AIRPORT
19754,KELZ,small_airport,Wellsville Municipal Airport - Tarantine Field,42.109501,-77.989998,2124.0,US-NY,Wellsville,no,KELZ,ELZ,NY,WELLSVILLE MUNICIPAL AIRPORT - TARANTINE FIELD
19759,KENL,small_airport,Centralia Municipal Airport,38.515099,-89.091103,534.0,US-IL,Centralia,no,KENL,ENL,IL,CENTRALIA MUNICIPAL AIRPORT
19790,KEZI,small_airport,Kewanee Municipal Airport,41.2052,-89.963898,858.0,US-IL,Kewanee,no,,,IL,KEWANEE MUNICIPAL AIRPORT
19851,KFCS,medium_airport,Butts AAF (Fort Carson) Air Field,38.67839813,-104.7570038,5838.0,US-CO,Fort Carson,no,KFCS,FCS,CO,BUTTS AAF (FORT CARSON) AIR FIELD
19858,KFEP,small_airport,Albertus Airport,42.2462005615,-89.58200073239999,859.0,US-IL,Freeport,no,KFEP,FEP,IL,ALBERTUS AIRPORT
19880,KFMM,small_airport,Fort Morgan Municipal Airport,40.335758,-103.804371,4569.0,US-CO,Fort Morgan,no,,,CO,FORT MORGAN MUNICIPAL AIRPORT
19885,KFNL,medium_airport,Northern Colorado Regional Airport,40.44969,-105.011272,5016.0,US-CO,Loveland,no,KFNL,FNL,CO,NORTHERN COLORADO REGIONAL AIRPORT
19886,KFOA,small_airport,Flora Municipal Airport,38.66490173339844,-88.4530029296875,473.0,US-IL,Flora,no,,,IL,FLORA MUNICIPAL AIRPORT
19887,KFOK,small_airport,Francis S Gabreski Airport,40.8437004089,-72.6317977905,67.0,US-NY,Westhampton Beach,no,KFOK,FOK,NY,FRANCIS S GABRESKI AIRPORT
3539,KFRG,medium_airport,Republic Airport,40.728576,-73.414267,82.0,US-NY,East Farmingdale,no,KFRG,FRG,NY,REPUBLIC AIRPORT
19903,KFTG,small_airport,Colorado Air and Space Port,39.784194,-104.537639,5512.0,US-CO,Denver,no,KCFO,,CO,COLORADO AIR AND SPACE PORT
19908,KFWC,small_airport,Fairfield Municipal Airport,38.378601,-88.412697,436.0,US-IL,Fairfield,no,,,IL,FAIRFIELD MUNICIPAL AIRPORT
19919,KFZY,small_airport,Oswego County Airport,43.3508,-76.3881,475.0,US-NY,Fulton,no,,,NY,OSWEGO COUNTY AIRPORT
19926,KGBG,small_airport,Galesburg Regional HW Timmons  Airport,40.938,-90.431099,764.0,US-IL,Galesburg,no,KGBG,GBG,IL,GALESBURG REGIONAL HW TIMMONS  AIRPORT
3554,KGFL,medium_airport,Floyd Bennett Memorial Airport,43.3412017822,-73.6102981567,328.0,US-NY,Glens Falls,no,KGFL,GFL,NY,FLOYD BENNETT MEMORIAL AIRPORT
3557,KGJT,medium_airport,Grand Junction Regional Airport,39.126663,-108.529387,4858.0,US-CO,Grand Junction,yes,KGJT,GJT,CO,GRAND JUNCTION REGIONAL AIRPORT
19964,KGNB,small_airport,Granby Grand County Airport,40.08969879150391,-105.91699981689452,8203.0,US-CO,Granby,no,,,CO,GRANBY GRAND COUNTY AIRPORT
19977,KGRE,small_airport,Greenville Airport,38.836844,-89.376525,541.0,US-IL,Greenville,no,KGRE,GRE,IL,GREENVILLE AIRPORT
3570,KGTB,medium_airport,Wheeler Sack Army Air Field,44.055599,-75.719498,688.0,US-NY,Fort Drum,no,KGTB,,NY,WHEELER SACK ARMY AIR FIELD
19984,KGUC,medium_airport,Gunnison Crested Butte Regional Airport,38.534672,-106.934566,7680.0,US-CO,Gunnison,yes,KGUC,GUC,CO,GUNNISON CRESTED BUTTE REGIONAL AIRPORT
19987,KGVQ,small_airport,Genesee County Airport,43.0317,-78.167603,914.0,US-NY,Batavia,no,,,NY,GENESEE COUNTY AIRPORT
19991,KGWS,small_airport,Sumers Airpark,39.506083,-107.309232,5921.0,US-CO,Glenwood Springs,no,KGWS,GWS,CO,SUMERS AIRPARK
19994,KGXY,small_airport,Greeley–Weld County Airport,40.4374008179,-104.633003235,4697.0,US-CO,Greeley,no,KGXY,GXY,CO,GREELEY–WELD COUNTY AIRPORT
20020,KH96,small_airport,Benton Municipal Airport,38.006699,-88.934402,444.0,US-IL,Benton,no,,,IL,BENTON MUNICIPAL AIRPORT
20038,KHDN,medium_airport,Yampa Valley Airport,40.481201,-107.218002,6606.0,US-CO,Hayden,yes,KHDN,HDN,CO,YAMPA VALLEY AIRPORT
20044,KHEQ,small_airport,Holyoke Airport,40.56940078735352,-102.27300262451172,3730.0,US-CO,Holyoke,no,,,CO,HOLYOKE AIRPORT
3589,KHPN,medium_airport,Westchester County Airport,41.06700134277344,-73.70760345458984,439.0,US-NY,White Plains,yes,KHPN,HPN,NY,WESTCHESTER COUNTY AIRPORT
20085,KHSB,small_airport,Harrisburg-Raleigh Airport,37.811298,-88.550301,398.0,US-IL,Harrisburg,no,KHSB,HSB,IL,HARRISBURG-RALEIGH AIRPORT
20093,KHTO,small_airport,Town of East Hampton Airport,40.959954,-72.25105,55.0,US-NY,East Hampton,no,KJPX,HTO,NY,TOWN OF EAST HAMPTON AIRPORT
20104,KHWV,small_airport,Brookhaven Calabro Airport,40.821899,-72.8694,81.0,US-NY,Shirley,no,KHWV,WSH,NY,BROOKHAVEN CALABRO AIRPORT
20136,KI63,small_airport,Mount Sterling Municipal Airport,39.987499,-90.804199,734.0,US-IL,Mount Sterling,no,,,IL,MOUNT STERLING MUNICIPAL AIRPORT
3603,KIAG,medium_airport,Niagara Falls International Airport,43.1073,-78.946198,589.0,US-NY,Niagara Falls,yes,KIAG,IAG,NY,NIAGARA FALLS INTERNATIONAL AIRPORT
20162,KIGQ,small_airport,Lansing Municipal Airport,41.534901,-87.529503,620.0,US-IL,Chicago,no,,,IL,LANSING MUNICIPAL AIRPORT
20167,KIJX,small_airport,Jacksonville Municipal Airport,39.774601,-90.238297,624.0,US-IL,Jacksonville,no,KIJX,IJX,IL,JACKSONVILLE MUNICIPAL AIRPORT
3607,KIKK,medium_airport,Greater Kankakee Airport,41.07139968869999,-87.8462982178,630.0,US-IL,Kankakee,no,KIKK,IKK,IL,GREATER KANKAKEE AIRPORT
3616,KISP,medium_airport,Long Island MacArthur Airport,40.796324,-73.101703,99.0,US-NY,Islip,yes,KISP,ISP,NY,LONG ISLAND MACARTHUR AIRPORT
20193,KITH,medium_airport,Ithaca Tompkins Regional Airport,42.49100112915039,-76.4583969116211,1099.0,US-NY,Ithaca,yes,KITH,ITH,NY,ITHACA TOMPKINS REGIONAL AIRPORT
20194,KITR,small_airport,Kit Carson County Airport,39.2425,-102.285004,4219.0,US-CO,Burlington,no,,,CO,KIT CARSON COUNTY AIRPORT
3622,KJFK,large_airport,John F. Kennedy International Airport,40.639447,-73.779317,13.0,US-NY,New York,yes,KJFK,JFK,NY,JOHN F. KENNEDY INTERNATIONAL AIRPORT
20213,KJHW,medium_airport,Chautauqua County-Jamestown Airport,42.15425,-79.254008,1723.0,US-NY,Jamestown,no,KJHW,JHW,NY,CHAUTAUQUA COUNTY-JAMESTOWN AIRPORT
20219,KJOT,small_airport,Joliet Regional Airport,41.51779938,-88.17549896,582.0,US-IL,Joliet,no,KJOT,JOT,IL,JOLIET REGIONAL AIRPORT
20237,KK06,small_airport,Greater Beardstown Airport,39.9734,-90.403702,465.0,US-IL,Beardstown,no,,,IL,GREATER BEARDSTOWN AIRPORT
20239,KK09,small_airport,Piseco Airport,43.453399658203125,-74.5176010131836,1703.0,US-NY,Piseco,no,,,NY,PISECO AIRPORT
20241,KK16,small_airport,Becks Grove Airport,43.250334,-75.606194,450.0,US-NY,Rome,no,,,NY,BECKS GROVE AIRPORT
20317,KLAA,medium_airport,Southeast Colorado Regional Airport,38.066407,-102.691373,3706.0,US-CO,Lamar,no,KLAA,LAA,CO,SOUTHEAST COLORADO REGIONAL AIRPORT
3643,KLGA,large_airport,LaGuardia Airport,40.777199,-73.872597,21.0,US-NY,New York,yes,KLGA,LGA,NY,LAGUARDIA AIRPORT
20343,KLHX,small_airport,La Junta Municipal Airport,38.049702,-103.509003,4229.0,US-CO,La Junta,no,,,CO,LA JUNTA MUNICIPAL AIRPORT
20345,KLIC,small_airport,Limon Municipal Airport,39.2747993469,-103.666000366,5374.0,US-CO,Limon,no,KLIC,LIC,CO,LIMON MUNICIPAL AIRPORT
20348,KLKP,small_airport,Lake Placid Airport,44.2644996643,-73.96189880370001,1747.0,US-NY,Lake Placid,no,KLKP,LKP,NY,LAKE PLACID AIRPORT
21632,KLMO,small_airport,Vance Brand Airport,40.1637,-105.163002,5055.0,US-CO,Longmont,no,,,CO,VANCE BRAND AIRPORT
20366,KLOT,small_airport,Lewis University Airport,41.6073,-88.096199,679.0,US-IL,Chicago/Romeoville,no,KLOT,LOT,IL,LEWIS UNIVERSITY AIRPORT
20394,KLWV,small_airport,Lawrenceville Vincennes International Airport,38.7643013,-87.6054992676,430.0,US-IL,Lawrenceville,no,KLWV,LWV,IL,LAWRENCEVILLE VINCENNES INTERNATIONAL AIRPORT
20398,KLXV,small_airport,Lake County Airport,39.220298767100005,-106.317001343,9927.0,US-CO,Leadville,no,KLXV,LXV,CO,LAKE COUNTY AIRPORT
20424,KM30,small_airport,Metropolis Municipal Airport,37.182382,-88.750688,384.0,US-IL,Metropolis,no,,,IL,METROPOLIS MUNICIPAL AIRPORT
20471,KMAL,small_airport,Malone Dufort Airport,44.853699,-74.328903,790.0,US-NY,Malone,no,,,NY,MALONE DUFORT AIRPORT
3671,KMDH,medium_airport,Southern Illinois Airport,37.778099,-89.251999,411.0,US-IL,Murphysboro,no,KMDH,MDH,IL,SOUTHERN ILLINOIS AIRPORT
3673,KMDW,large_airport,Chicago Midway International Airport,41.785999,-87.752403,620.0,US-IL,Chicago,yes,KMDW,MDW,IL,CHICAGO MIDWAY INTERNATIONAL AIRPORT
20499,KMGJ,small_airport,Orange County Airport,41.50999832,-74.26460266,364.0,US-NY,Montgomery,no,KMGJ,MGJ,NY,ORANGE COUNTY AIRPORT
3695,KMLI,medium_airport,Quad City International Airport,41.448502,-90.5075,590.0,US-IL,Moline,yes,KMLI,MLI,IL,QUAD CITY INTERNATIONAL AIRPORT
20553,KMQB,small_airport,Macomb Municipal Airport,40.5200996399,-90.6523971558,707.0,US-IL,Macomb,no,KMQB,MQB,IL,MACOMB MUNICIPAL AIRPORT
3710,KMSS,medium_airport,Massena International Airport Richards Field,44.936157,-74.844304,215.0,US-NY,Massena,yes,KMSS,MSS,NY,MASSENA INTERNATIONAL AIRPORT RICHARDS FIELD
20563,KMSV,small_airport,Sullivan County International Airport,41.701596,-74.794997,1403.0,US-NY,Monticello,no,KMSV,MSV,NY,SULLIVAN COUNTY INTERNATIONAL AIRPORT
20565,KMTJ,medium_airport,Montrose Regional Airport,38.5098,-107.893997,5759.0,US-CO,Montrose,yes,KMTJ,MTJ,CO,MONTROSE REGIONAL AIRPORT
20566,KMTO,small_airport,Coles County Memorial Airport,39.477901,-88.279198,722.0,US-IL,Mattoon,no,KMTO,MTO,IL,COLES COUNTY MEMORIAL AIRPORT
20567,KMTP,small_airport,Montauk Airport,41.0765,-71.920797,6.0,US-NY,Montauk,yes,KMTP,MTP,NY,MONTAUK AIRPORT
20574,KMVI,small_airport,Monte Vista Municipal Airport,37.52730178833008,-106.0479965209961,7611.0,US-CO,Monte Vista,no,,,CO,MONTE VISTA MUNICIPAL AIRPORT
20577,KMVN,small_airport,Mount Vernon Outland Airport,38.322774,-88.859257,480.0,US-IL,Mount Vernon,no,KMVN,MVN,IL,MOUNT VERNON OUTLAND AIRPORT
20579,KMWA,medium_airport,Veterans Airport of Southern Illinois,37.751208,-89.016568,472.0,US-IL,Marion,yes,KMWA,MWA,IL,VETERANS AIRPORT OF SOUTHERN ILLINOIS
20596,KN03,small_airport,Cortland County Chase Field,42.59260178,-76.21489716,1198.0,US-NY,Cortland,no,,CTX,NY,CORTLAND COUNTY CHASE FIELD
20602,KN23,small_airport,Sidney Municipal Airport,42.302600860596,-75.416000366211,1027.0,US-NY,Sidney,no,,SXY,NY,SIDNEY MUNICIPAL AIRPORT
20606,KN37,small_airport,Monticello Airport,41.622501,-74.701302,1545.0,US-NY,Monticello,no,,,NY,MONTICELLO AIRPORT
20616,KN66,small_airport,Albert S Nader Regional Airport,42.5247,-75.0644,1763.0,US-NY,Oneonta,no,,ONH,NY,ALBERT S NADER REGIONAL AIRPORT
20625,KN82,small_airport,Wurtsboro-Sullivan County Airport,41.597991,-74.459467,560.0,US-NY,Wurtsboro,no,,,NY,WURTSBORO-SULLIVAN COUNTY AIRPORT
20627,KN89,small_airport,Joseph Y Resnick Airport,41.728773,-74.376923,292.0,US-NY,Ellenville,no,,,NY,JOSEPH Y RESNICK AIRPORT
20667,KNY0,small_airport,Fulton County Airport,42.998199,-74.329597,881.0,US-NY,Johnstown,no,,,NY,FULTON COUNTY AIRPORT
20668,KNY2,small_airport,Camillus Airport,43.085376,-76.295199,405.0,US-NY,Warners,no,,,NY,CAMILLUS AIRPORT
20718,KOEA,small_airport,O'Neal Airport,38.68521,-87.543138,414.0,US-IL,Lawrenceville,no,,OEA,IL,O'NEAL AIRPORT
20727,KOGS,medium_airport,Ogdensburg International Airport,44.6819,-75.4655,297.0,US-NY,Ogdensburg,yes,KOGS,OGS,NY,OGDENSBURG INTERNATIONAL AIRPORT
20728,KOIC,small_airport,Lt Warren Eaton Airport,42.566600799561,-75.524101257324,1025.0,US-NY,Norwich,no,KOIC,OIC,NY,LT WARREN EATON AIRPORT
20738,KOLE,small_airport,Cattaraugus County-Olean Airport,42.241199,-78.371399,2135.0,US-NY,Olean,no,KOLE,OLE,NY,CATTARAUGUS COUNTY-OLEAN AIRPORT
20743,KOLY,small_airport,Olney Noble Airport,38.721802,-88.176399,482.0,US-IL,Olney-Noble,no,KOLY,OLY,IL,OLNEY NOBLE AIRPORT
3754,KORD,large_airport,Chicago O'Hare International Airport,41.9786,-87.9048,680.0,US-IL,Chicago,yes,KORD,ORD,IL,CHICAGO O'HARE INTERNATIONAL AIRPORT
20808,KPBG,medium_airport,Plattsburgh International Airport,44.650902,-73.468102,234.0,US-NY,Plattsburgh,yes,KPBG,PBG,NY,PLATTSBURGH INTERNATIONAL AIRPORT
20817,KPEO,small_airport,Penn Yan Airport,42.6371,-77.052902,990.0,US-NY,Penn Yan,no,,,NY,PENN YAN AIRPORT
3773,KPIA,medium_airport,General Wayne A. Downing Peoria International Airport,40.663841,-89.692631,660.0,US-IL,Peoria,yes,KPIA,PIA,IL,GENERAL WAYNE A. DOWNING PEORIA INTERNATIONAL AIRPORT
20835,KPJY,small_airport,Pinckneyville Du Quoin Airport,37.977901,-89.360497,400.0,US-IL,Pinckneyville,no,,,IL,PINCKNEYVILLE DU QUOIN AIRPORT
20853,KPNT,small_airport,Pontiac Municipal Airport,40.924255,-88.62447,666.0,US-IL,Pontiac,no,,,IL,PONTIAC MUNICIPAL AIRPORT
3786,KPOU,medium_airport,Dutchess County Airport,41.6265983581543,-73.88420104980469,165.0,US-NY,Poughkeepsie,no,KPOU,POU,NY,DUTCHESS COUNTY AIRPORT
20861,KPPQ,small_airport,Pittsfield Penstone Municipal Airport,39.638901,-90.778397,710.0,US-IL,Pittsfield,no,,,IL,PITTSFIELD PENSTONE MUNICIPAL AIRPORT
20865,KPRG,small_airport,Edgar County Airport,39.700199,-87.669601,654.0,US-IL,Paris,no,,,IL,EDGAR COUNTY AIRPORT
18627,KPSO,small_airport,Stevens Field,37.28630066,-107.0559998,7664.0,US-CO,Pagosa Springs,no,KPSO,PGO,CO,STEVENS FIELD
20876,KPTD,small_airport,Potsdam Municipal Airport Damon Field,44.67657,-74.948583,474.0,US-NY,Potsdam,no,,,NY,POTSDAM MUNICIPAL AIRPORT DAMON FIELD
3794,KPUB,medium_airport,Pueblo Memorial Airport,38.289101,-104.497002,4726.0,US-CO,Pueblo,yes,KPUB,PUB,CO,PUEBLO MEMORIAL AIRPORT
20896,KPWK,medium_airport,Chicago Executive Airport,42.114222,-87.901494,647.0,US-IL,Chicago/Prospect Heights/Wheeling,no,,PWK,IL,CHICAGO EXECUTIVE AIRPORT
3845,KRFD,medium_airport,Chicago Rockford International Airport,42.1954,-89.097198,742.0,US-IL,Chicago/Rockford,yes,KRFD,RFD,IL,CHICAGO ROCKFORD INTERNATIONAL AIRPORT
20931,KRIL,medium_airport,Garfield County Regional Airport,39.526299,-107.726997,5548.0,US-CO,Rifle,no,KRIL,RIL,CO,GARFIELD COUNTY REGIONAL AIRPORT
20940,KRME,medium_airport,Griffiss International Airport,43.23379898,-75.40699768,504.0,US-NY,Rome,no,KRME,RME,NY,GRIFFISS INTERNATIONAL AIRPORT
3855,KROC,large_airport,Frederick Douglass Greater Rochester International Airport,43.1189,-77.672401,559.0,US-NY,Rochester,yes,KROC,ROC,NY,FREDERICK DOUGLASS GREATER ROCHESTER INTERNATIONAL AIRPORT
20955,KRPJ,small_airport,Rochelle Municipal Airport - Koritz Field,41.893002,-89.0783,781.0,US-IL,Rochelle,no,,,IL,ROCHELLE MUNICIPAL AIRPORT - KORITZ FIELD
20964,KRSV,small_airport,Robinson Municipal Airport,39.015999,-87.649803,462.0,US-IL,Robinson,no,,,IL,ROBINSON MUNICIPAL AIRPORT
21034,KSAR,small_airport,Sparta Community Airport - Hunter Field,38.148899,-89.6987,538.0,US-IL,Sparta,no,KSAR,SAR,IL,SPARTA COMMUNITY AIRPORT - HUNTER FIELD
21038,KSBS,small_airport,Steamboat Springs Bob Adams Field,40.5163002,-106.8659973,6882.0,US-CO,Steamboat Springs,no,KSBS,SBS,CO,STEAMBOAT SPRINGS BOB ADAMS FIELD
3871,KSCH,medium_airport,Schenectady County Airport,42.852500915527,-73.928901672363,378.0,US-NY,Schenectady,no,KSCH,SCH,NY,SCHENECTADY COUNTY AIRPORT
18698,KSDC,small_airport,Williamson Sodus Airport,43.234573,-77.119403,424.0,US-NY,Williamson/Sodus,no,,,NY,WILLIAMSON SODUS AIRPORT
21059,KSFY,small_airport,Tri Township Airport,42.045799,-90.107903,616.0,US-IL,Savanna,no,,,IL,TRI TOWNSHIP AIRPORT
3890,KSLK,medium_airport,Adirondack Regional Airport,44.38691,-74.204629,1663.0,US-NY,Saranac Lake,yes,KSLK,SLK,NY,ADIRONDACK REGIONAL AIRPORT
21082,KSLO,small_airport,Salem–Leckrone Airport,38.642899,-88.964203,573.0,US-IL,Salem,no,KSLO,SLO,IL,SALEM–LECKRONE AIRPORT
3897,KSPI,medium_airport,Abraham Lincoln Capital Airport,39.844101,-89.677902,598.0,US-IL,Springfield,yes,KSPI,SPI,IL,ABRAHAM LINCOLN CAPITAL AIRPORT
21104,KSQI,small_airport,Whiteside County Airport - Joseph H Bittorf Field,41.742175,-89.673629,648.0,US-IL,Rock Falls,no,KSQI,SQI,IL,WHITESIDE COUNTY AIRPORT - JOSEPH H BITTORF FIELD
21113,KSTK,small_airport,Sterling Municipal Airport,40.613497,-103.263833,4040.0,US-CO,Sterling,no,KSTK,STK,CO,STERLING MUNICIPAL AIRPORT
3911,KSWF,medium_airport,New York Stewart International Airport,41.50421,-74.108901,491.0,US-NY,Newburgh,yes,KSWF,SWF,NY,NEW YORK STEWART INTERNATIONAL AIRPORT
3913,KSYR,large_airport,Syracuse Hancock International Airport,43.11119842529297,-76.1063003540039,421.0,US-NY,Syracuse,yes,KSYR,SYR,NY,SYRACUSE HANCOCK INTERNATIONAL AIRPORT
21176,KTAD,small_airport,Perry Stokes Airport,37.2593994141,-104.341003418,5762.0,US-CO,Trinidad,no,KTAD,TAD,CO,PERRY STOKES AIRPORT
21178,KTAZ,small_airport,Taylorville Municipal Airport,39.534199,-89.327797,622.0,US-IL,Taylorville,no,,,IL,TAYLORVILLE MUNICIPAL AIRPORT
21188,KTEX,medium_airport,Telluride Regional Airport,37.9538,-107.907997,9070.0,US-CO,Telluride,yes,KTEX,TEX,CO,TELLURIDE REGIONAL AIRPORT
21196,KTIP,small_airport,Rantoul National Aviation Center - Frank Elliot field,40.293598,-88.142403,737.0,US-IL,Rantoul,no,,,IL,RANTOUL NATIONAL AVIATION CENTER - FRANK ELLIOT FIELD
21289,KUGN,small_airport,Waukegan National Airport,42.422199249268,-87.867897033691,727.0,US-IL,Chicago/Waukegan,no,KUGN,UGN,IL,WAUKEGAN NATIONAL AIRPORT
3940,KUIN,medium_airport,Quincy Regional Airport Baldwin Field,39.942699,-91.194603,768.0,US-IL,Quincy,yes,KUIN,UIN,IL,QUINCY REGIONAL AIRPORT BALDWIN FIELD
20008,KVGC,small_airport,Hamilton Municipal Airport,42.8438,-75.561401,1137.0,US-NY,Hamilton,no,,,NY,HAMILTON MUNICIPAL AIRPORT
21328,KVLA,small_airport,Vandalia Municipal Airport,38.991501,-89.166199,537.0,US-IL,Vandalia,no,KVLA,VLA,IL,VANDALIA MUNICIPAL AIRPORT
21344,KVYS,small_airport,Illinois Valley Regional Airport Walter A Duncan Field,41.351898,-89.153099,654.0,US-IL,Peru,no,KVYS,VYS,IL,ILLINOIS VALLEY REGIONAL AIRPORT WALTER A DUNCAN FIELD
21569,LL01,heliport,OSF Family Medical Center Heliport,40.921607,-90.659007,760.0,US-IL,Monmouth,no,,,IL,OSF FAMILY MEDICAL CENTER HELIPORT
21570,LL04,heliport,Morris Hospital Heliport,41.370119,-88.42731,512.0,US-IL,Morris,no,,,IL,MORRIS HOSPITAL HELIPORT
21571,LL07,small_airport,Herb Tautz Airport,42.06258,-89.968114,853.0,US-IL,Mount Carroll,no,,,IL,HERB TAUTZ AIRPORT
345479,LL08,heliport,Advanced Asphalt Heliport,41.385724,-89.471599,705.0,US-IL,Princeton,no,,,IL,ADVANCED ASPHALT HELIPORT
21573,LL10,small_airport,Naper Aero Club Airport,41.73479843139648,-88.20339965820312,708.0,US-IL,Naperville,no,,,IL,NAPER AERO CLUB AIRPORT
21574,LL11,heliport,Edward Hospital Heliport,41.76060104370117,-88.15029907226562,702.0,US-IL,Naperville,no,,,IL,EDWARD HOSPITAL HELIPORT
21575,LL12,heliport,Brown and Lambrecht Heliport,41.500301361083984,-87.34140014648438,600.0,US-IL,New Lenox,no,,,IL,BROWN AND LAMBRECHT HELIPORT
21576,LL13,small_airport,Stoney Real Estate Airport,38.04859924316406,-88.30059814453125,460.0,US-IL,Enfield,no,,,IL,STONEY REAL ESTATE AIRPORT
350765,LL14,heliport,NW Lake Forest Hospital-Grayslake Heliport,42.337678,-88.009039,823.0,US-IL,Grayslake,no,,,IL,NW LAKE FOREST HOSPITAL-GRAYSLAKE HELIPORT
21579,LL22,small_airport,Brookeridge Air Park,41.73270034790039,-87.99929809570312,750.0,US-IL,Downers Grove,no,,,IL,BROOKERIDGE AIR PARK
21581,LL24,small_airport,Sunset Acres Airport,41.205837,-87.784882,665.0,US-IL,Saint George,no,,,IL,SUNSET ACRES AIRPORT
21582,LL25,heliport,Community Hospital of Ottawa Heliport,41.358195,-88.824964,480.0,US-IL,Ottawa,no,,,IL,COMMUNITY HOSPITAL OF OTTAWA HELIPORT
21583,LL26,small_airport,Schaller Airport,38.272366,-89.857542,434.0,US-IL,New Athens,no,,,IL,SCHALLER AIRPORT
21584,LL27,small_airport,Smith Airport,40.454200744628906,-90.62349700927734,702.0,US-IL,Macomb,no,,,IL,SMITH AIRPORT
21585,LL28,small_airport,Sd Aero Airport,42.43280029296875,-88.71720123291016,930.0,US-IL,Capron,no,,,IL,SD AERO AIRPORT
21586,LL29,heliport,Pana Community Hospital Heliport,39.37889862060547,-89.08439636230469,685.0,US-IL,Pana,no,,,IL,PANA COMMUNITY HOSPITAL HELIPORT
21587,LL32,small_airport,C D Maulding Airport,40.446556,-88.065333,800.0,US-IL,Paxton,no,,,IL,C D MAULDING AIRPORT
18052,LL34,small_airport,Thorp Airport,40.219343,-88.921983,750.0,US-IL,Wapella,no,,,IL,THORP AIRPORT
21589,LL35,heliport,Chicago Fire Department Air Sea Rescue Heliport,41.724402,-87.526394,598.0,US-IL,Chicago,no,,,IL,CHICAGO FIRE DEPARTMENT AIR SEA RESCUE HELIPORT
21590,LL36,heliport,Exposition Gardens Heliport,40.76250076293945,-89.6167984008789,760.0,US-IL,Peoria,no,,,IL,EXPOSITION GARDENS HELIPORT
21591,LL37,heliport,OSF Saint Francis Medical Center Heliport,40.7016983032,-89.5932006836,585.0,US-IL,Peoria,no,,,IL,OSF SAINT FRANCIS MEDICAL CENTER HELIPORT
21592,LL38,small_airport,Stutzke Airport,41.81054,-89.838188,740.0,US-IL,Sterling,no,,,IL,STUTZKE AIRPORT
21593,LL39,small_airport,Curanda Airport,41.25749969482422,-88.47779846191406,620.0,US-IL,Morris,no,,,IL,CURANDA AIRPORT
21595,LL42,heliport,St James Hospital Heliport,40.87110137939453,-88.68060302734375,660.0,US-IL,Pontiac,no,,,IL,ST JAMES HOSPITAL HELIPORT
21598,LL45,small_airport,Lindell Loveless Airport,39.18230056762695,-89.8218002319336,657.0,US-IL,Gillespie,no,,,IL,LINDELL LOVELESS AIRPORT
21599,LL46,small_airport,Read Airport,40.83530044555664,-88.15280151367188,663.0,US-IL,Piper City,no,,,IL,READ AIRPORT
21602,LL49,small_airport,Raymond Restricted Landing Area,39.062198638916016,-90.27220153808594,658.0,US-IL,Jerseyville,no,,,IL,RAYMOND RESTRICTED LANDING AREA
21603,LL51,small_airport,Riley's Field,41.60419845581055,-88.27369689941406,663.0,US-IL,Plainfield,no,,,IL,RILEY'S FIELD
21604,LL52,small_airport,Wilts Airport,41.16109848022461,-88.93910217285156,650.0,US-IL,Streator,no,,,IL,WILTS AIRPORT
21606,LL54,small_airport,Dunn Airport,41.71939849853516,-89.02999877929688,850.0,US-IL,Paw Paw,no,,,IL,DUNN AIRPORT
21607,LL55,small_airport,Gentry Airport,41.99089813232422,-89.55979919433594,865.0,US-IL,Polo,no,,,IL,GENTRY AIRPORT
21609,LL61,small_airport,Doering's Port Airport,41.68560028076172,-89.90260314941406,606.0,US-IL,Prophetstown,no,,,IL,DOERING'S PORT AIRPORT
21610,LL64,small_airport,Ralph E. Daniels Airport,41.199501037597656,-89.39450073242188,457.0,US-IL,Putnam,no,,,IL,RALPH E. DANIELS AIRPORT
21611,LL65,small_airport,Edgar Read Airport,41.19449996948242,-89.45010375976562,690.0,US-IL,Putnam,no,,,IL,EDGAR READ AIRPORT
21614,LL74,small_airport,Maple Hurst Farms Airport,42.008399963378906,-89.04869842529297,823.0,US-IL,Rochelle,no,,,IL,MAPLE HURST FARMS AIRPORT
21615,LL75,small_airport,Chester Wyss Airport,42.42499923706055,-89.45010375976562,920.0,US-IL,Rock City,no,,,IL,CHESTER WYSS AIRPORT
347155,LL77,small_airport,Herrens Bess Hollow Airfield,39.305,-90.699722,580.0,US-IL,Kampsville,no,,,IL,HERRENS BESS HOLLOW AIRFIELD
21616,LL78,small_airport,LZ Fairwinds Airport,42.312005,-89.151853,752.0,US-IL,Rockford,no,,,IL,LZ FAIRWINDS AIRPORT
21617,LL79,small_airport,Severson Airport,42.39310073852539,-89.13069915771484,813.0,US-IL,Rockford,no,,,IL,SEVERSON AIRPORT
21618,LL80,small_airport,Darrington Airport,42.38199996948242,-89.16120147705078,862.0,US-IL,Rockford,no,,,IL,DARRINGTON AIRPORT
21619,LL81,small_airport,Latham Park Aero Estates Airport,42.375,-89.070099,778.0,US-IL,Rockford,no,,,IL,LATHAM PARK AERO ESTATES AIRPORT
21620,LL82,heliport,Atwood Heliport,42.30220031738281,-89.08180236816406,735.0,US-IL,Rockford,no,,,IL,ATWOOD HELIPORT
21621,LL83,heliport,Javon Bea Hospital-Rockton Heliport,42.29908,-89.099818,731.0,US-IL,Rockford,no,,,IL,JAVON BEA HOSPITAL-ROCKTON HELIPORT
21622,LL84,heliport,St Anthony Medical Center Heliport,42.26950073242188,-89.00340270996094,860.0,US-IL,Rockford,no,,,IL,ST ANTHONY MEDICAL CENTER HELIPORT
21623,LL87,small_airport,Compass Rose Airport,42.454825,-88.9049,970.0,US-IL,Rockton,no,,,IL,COMPASS ROSE AIRPORT
21624,LL88,small_airport,Harry D Fenton Airport,42.47499847412109,-89.08899688720703,770.0,US-IL,Rockton,no,,,IL,HARRY D FENTON AIRPORT
21625,LL89,small_airport,Blackhawk Farms Inc Airport,42.48720169067383,-89.10790252685547,759.0,US-IL,Rockton,no,,,IL,BLACKHAWK FARMS INC AIRPORT
21626,LL90,small_airport,McCurdy Strip,42.446962,-88.900472,960.0,US-IL,Caledonia,no,,,IL,MCCURDY STRIP
21628,LL94,small_airport,Mc Curdy Airport,42.4345016479,-88.99949646,755.0,US-IL,Roscoe,no,,,IL,MC CURDY AIRPORT
21629,LL95,heliport,Clarke Heliport,41.9863448836,-88.1004622579,805.0,US-IL,Roselle,no,,,IL,CLARKE HELIPORT
21630,LL97,small_airport,Rockenbach Airport,42.33890151977539,-88.08480072021484,800.0,US-IL,Round Lake,no,,,IL,ROCKENBACH AIRPORT
21631,LL98,small_airport,John W Meils Restricted Landing Area,40.943805,-89.108526,705.0,US-IL,Toluca,no,,,IL,JOHN W MEILS RESTRICTED LANDING AREA
22669,N25,small_airport,Blue Heron Airport,42.6973,-74.1996,1200.0,US-NY,Delanson,no,,,NY,BLUE HERON AIRPORT
22678,N45,small_airport,Kobelt Airport,41.627899,-74.133797,420.0,US-NY,Wallkill,no,,,NY,KOBELT AIRPORT
22682,N56,small_airport,Great Valley Airport,42.205101,-78.647202,1450.0,US-NY,Great Valley,no,,,NY,GREAT VALLEY AIRPORT
22685,N65,small_airport,Apex Airport,42.7295,-74.164001,1130.0,US-NY,Delanson,no,,,NY,APEX AIRPORT
22686,N72,small_airport,Warwick Municipal Airport,41.28760147094727,-74.28710174560547,540.0,US-NY,Warwick,no,,,NY,WARWICK MUNICIPAL AIRPORT
23144,NK0,seaplane_base,Maus Marineland Seaplane Base,42.81029891967773,-76.31079864501953,863.0,US-NY,New Hope,no,,,NY,MAUS MARINELAND SEAPLANE BASE
23145,NK01,small_airport,Countryman's Landing Strip,43.9995002746582,-75.60489654541016,790.0,US-NY,Carthage,no,,,NY,COUNTRYMAN'S LANDING STRIP
23146,NK04,small_airport,Shepard Airport,43.250099182128906,-75.99960327148438,463.0,US-NY,Constantia,no,,,NY,SHEPARD AIRPORT
23147,NK05,small_airport,Tom N' Jerry Airport,42.35480117797852,-76.51609802246094,1490.0,US-NY,Danby,no,,,NY,TOM N' JERRY AIRPORT
23149,NK07,small_airport,Big Island Airport,41.32789993286133,-74.40989685058594,410.0,US-NY,Goshen,no,,,NY,BIG ISLAND AIRPORT
23150,NK08,small_airport,Sheeley's Farm Airport,41.8317985534668,-74.12989807128906,260.0,US-NY,High Falls,no,,,NY,SHEELEY'S FARM AIRPORT
23151,NK09,small_airport,Eagle Ridge Airport,42.405999,-76.820011,1480.0,US-NY,Burdett,no,,,NY,EAGLE RIDGE AIRPORT
23152,NK10,heliport,D C Helicopters Heliport,42.49169921875,-77.50779724121094,1250.0,US-NY,Cohocton,no,,,NY,D C HELICOPTERS HELIPORT
23153,NK11,heliport,Troop B. Headquarters Heliport,44.30120086669922,-74.08070373535156,1663.0,US-NY,Saranac Lake,no,,,NY,TROOP B. HEADQUARTERS HELIPORT
23155,NK13,seaplane_base,Snyder's Lake Seaplane Base,42.65840148925781,-73.63849639892578,488.0,US-NY,Wynantskill,no,,,NY,SNYDER'S LAKE SEAPLANE BASE
23156,NK14,heliport,Little Falls Ems Heliport,42.04090118408203,-74.83679962158203,900.0,US-NY,Little Falls,no,,,NY,LITTLE FALLS EMS HELIPORT
23157,NK15,seaplane_base,Seventh Lake Seaplane Base,43.742801666259766,-74.76190185546875,1785.0,US-NY,Inlet,no,,,NY,SEVENTH LAKE SEAPLANE BASE
23158,NK16,small_airport,Hendricks Field,44.368099,-75.402397,480.0,US-NY,Gouverneur,no,,,NY,HENDRICKS FIELD
45674,NK17,small_airport,August Field,43.209361,-73.581711,131.0,US-NY,Gansevoort,no,,,NY,AUGUST FIELD
351266,NK18,heliport,Peconic Bay Medical Center Heliport,40.935262,-72.673348,85.0,US-NY,Riverhead,no,,,NY,PECONIC BAY MEDICAL CENTER HELIPORT
23159,NK19,small_airport,Potoczak Airport,43.06119918823242,-78.6613998413086,582.0,US-NY,Clarence Center,no,,,NY,POTOCZAK AIRPORT
45666,NK23,heliport,Tetz Landing Heliport,41.548667,-74.469722,961.0,US-NY,Bloomingburg,no,,,NY,TETZ LANDING HELIPORT
23161,NK24,small_airport,Tilden Airport,42.34775,-76.87035,900.0,US-NY,Montour Falls,no,,,NY,TILDEN AIRPORT
23162,NK25,small_airport,Cambria Airport,43.194157,-78.799381,380.0,US-NY,Lockport,no,,,NY,CAMBRIA AIRPORT
45660,NK26,small_airport,Old Forge Airport,43.725183,-74.976217,1753.0,US-NY,Old Forge,no,,,NY,OLD FORGE AIRPORT
23163,NK27,small_airport,Hedge Hop Field,42.488666,-78.634923,1400.0,US-NY,Springville,no,,,NY,HEDGE HOP FIELD
23164,NK28,heliport,Tgp-254 Heliport,42.48149871826172,-73.56289672851562,560.0,US-NY,Nassau,no,,,NY,TGP-254 HELIPORT
601667,NK29,heliport,Margaretville Hospital Heliport,42.147056,-74.642,1374.0,US-NY,Margaretville,no,,,NY,MARGARETVILLE HOSPITAL HELIPORT
23166,NK30,seaplane_base,Private Sealanes-Jamaica Bay Seaplane Base,40.60530090332031,-73.90229797363281,757.0,US-NY,Brooklyn,no,,,NY,PRIVATE SEALANES-JAMAICA BAY SEAPLANE BASE
23167,NK31,small_airport,Dawn Patrol Aviation Airport,43.26950073242188,-78.14530181884766,480.0,US-NY,Albion,no,,,NY,DAWN PATROL AVIATION AIRPORT
23169,NK33,heliport,Ny State Police - Troop T Heliport,42.6166992188,-73.7828979492,250.0,US-NY,Albany,no,,,NY,NY STATE POLICE - TROOP T HELIPORT
23170,NK34,heliport,St Luke's Memorial Hospital Heliport,43.09619903564453,-75.27629852294922,575.0,US-NY,Utica,no,,,NY,ST LUKE'S MEMORIAL HOSPITAL HELIPORT
537519,NK35,small_airport,Mariwill Airport,42.756528,-76.44375,1130.0,US-NY,Moravia,no,,,NY,MARIWILL AIRPORT
23171,NK37,heliport,Winthrop University Hospital Heliport,40.741798400878906,-73.64399719238281,156.0,US-NY,Mineola,no,,,NY,WINTHROP UNIVERSITY HOSPITAL HELIPORT
23172,NK38,heliport,Parker's Landing Heliport,41.65449905395508,-74.1404037475586,350.0,US-NY,Gardiner,no,,,NY,PARKER'S LANDING HELIPORT
23173,NK39,heliport,One Police Plaza Heliport,40.712239,-74.001703,244.0,US-NY,New York,no,,,NY,ONE POLICE PLAZA HELIPORT
23174,NK40,heliport,Regeneron Campus Heliport,41.112805,-73.862833,150.0,US-NY,North Tarrytown,no,,,NY,REGENERON CAMPUS HELIPORT
23175,NK41,heliport,Mather Hospital Heliport,40.94042,-73.05316,206.0,US-NY,Port Jefferson,no,,,NY,MATHER HOSPITAL HELIPORT
23176,NK42,heliport,St John's Episcopal Hospital Heliport,40.86949920654297,-73.2218017578125,130.0,US-NY,Smithtown,no,,,NY,ST JOHN'S EPISCOPAL HOSPITAL HELIPORT
23177,NK43,small_airport,Jerry Phibbs Airport,42.753296,-73.916528,340.0,US-NY,Schenectady,no,,,NY,JERRY PHIBBS AIRPORT
23178,NK45,heliport,St Charles Hospital Heliport,40.94649887084961,-73.06089782714844,500.0,US-NY,Port Jefferson,no,,,NY,ST CHARLES HOSPITAL HELIPORT
23180,NK48,heliport,Eastern Long Island Heliport,41.10969924926758,-72.36000061035156,6.0,US-NY,Greenport,no,,,NY,EASTERN LONG ISLAND HELIPORT
23181,NK49,heliport,IBM Owego Heliport,42.102442,-76.222945,907.0,US-NY,Owego,no,,,NY,IBM OWEGO HELIPORT
23182,NK50,heliport,St Mary's Hospital Elevated Heliport,42.954200744628906,-74.21540069580078,335.0,US-NY,Amsterdam,no,,,NY,ST MARY'S HOSPITAL ELEVATED HELIPORT
23184,NK53,small_airport,Dodge/Coppola/Wheeler Airport,42.20560073852539,-76.77050018310547,1030.0,US-NY,Sullivanville,no,,,NY,DODGE/COPPOLA/WHEELER AIRPORT
23185,NK54,small_airport,Matejka Field,42.176700592041016,-76.64109802246094,1690.0,US-NY,Erin,no,,,NY,MATEJKA FIELD
23186,NK55,heliport,Onondaga County Sheriff's Department Heliport,43.085046,-76.286897,400.0,US-NY,Warners,no,,,NY,ONONDAGA COUNTY SHERIFF'S DEPARTMENT HELIPORT
23187,NK56,heliport,IBM Fishkill Plant Number 2 Heliport,41.5434,-73.819,250.0,US-NY,Hopewell Junction,no,,,NY,IBM FISHKILL PLANT NUMBER 2 HELIPORT
23188,NK57,heliport,Ross Heliport,43.11949920654297,-78.93589782714844,635.0,US-NY,Niagara Falls,no,,,NY,ROSS HELIPORT
23189,NK58,heliport,Gibraltar Heliport,42.52840042114258,-78.90730285644531,770.0,US-NY,Hamburg,no,,,NY,GIBRALTAR HELIPORT
23192,NK61,heliport,General Electric R&D Center Heliport,42.82699966430664,-73.87460327148438,354.0,US-NY,Schenectady,no,,,NY,GENERAL ELECTRIC R&D CENTER HELIPORT
23194,NK64,heliport,Albany Medical Center Heliport,42.653692,-73.775366,209.0,US-NY,Albany,no,,,NY,ALBANY MEDICAL CENTER HELIPORT
23195,NK65,heliport,H & H Aviation Service Inc. Heliport,42.4833984375,-79.07749938964844,1000.0,US-NY,Forestville,no,,,NY,H & H AVIATION SERVICE INC. HELIPORT
23196,NK68,small_airport,White Birch Airport,42.051627,-75.316823,1860.0,US-NY,Hancock,no,,,NY,WHITE BIRCH AIRPORT
23197,NK71,small_airport,Marcellus Airport,43.01119995117188,-76.34970092773438,850.0,US-NY,Marcellus,no,,,NY,MARCELLUS AIRPORT
23198,NK72,small_airport,Henion Private Field Airport,42.376029,-76.531938,1386.0,US-NY,Danby,no,,,NY,HENION PRIVATE FIELD AIRPORT
23200,NK74,small_airport,Match Mate Airport,42.74449920654297,-76.6635971069336,840.0,US-NY,Aurora,no,,,NY,MATCH MATE AIRPORT
23201,NK75,heliport,Thomas E. Perdue Heliport,44.93669891357422,-74.90969848632812,260.0,US-NY,Massena,no,,,NY,THOMAS E. PERDUE HELIPORT
23202,NK76,small_airport,Grammar Airport,42.88249969482422,-77.05169677734375,755.0,US-NY,Geneva,no,,,NY,GRAMMAR AIRPORT
23203,NK77,heliport,Niagara Falls Memorial Parking Ramp Heliport,43.09389877319336,-79.05120086669922,670.0,US-NY,Niagara Falls,no,,,NY,NIAGARA FALLS MEMORIAL PARKING RAMP HELIPORT
23204,NK78,heliport,GE Management Development Institute Heliport,41.187813,-73.86817,181.0,US-NY,Ossining,no,,,NY,GE MANAGEMENT DEVELOPMENT INSTITUTE HELIPORT
23205,NK79,small_airport,Lewis Landing Airport,41.406667,-74.533056,880.0,US-NY,Slate Hill,no,,,NY,LEWIS LANDING AIRPORT
23206,NK80,heliport,Rainbow Air Heliport,43.08890151977539,-79.06230163574219,583.0,US-NY,Niagara Falls,no,,,NY,RAINBOW AIR HELIPORT
23211,NK85,heliport,Harris Hill Heliport,41.24449920654297,-73.68009948730469,280.0,US-NY,Bedford Hills,no,,,NY,HARRIS HILL HELIPORT
23213,NK87,small_airport,Merkle Airport,43.06669998168945,-78.59970092773438,590.0,US-NY,Clarence Center,no,,,NY,MERKLE AIRPORT
23214,NK89,small_airport,Ultralight Flight Farm Ultralightport,42.29169845581055,-77.05799865722656,1200.0,US-NY,Monterey,no,,,NY,ULTRALIGHT FLIGHT FARM ULTRALIGHTPORT
23215,NK90,heliport,TLI Heliport,41.14725,-73.86931,9.0,US-NY,Ossining,no,,,NY,TLI HELIPORT
23216,NK91,small_airport,Boyle's Landing Airport,42.816200256347656,-74.62460327148438,1300.0,US-NY,Sharon Springs,no,,,NY,BOYLE'S LANDING AIRPORT
23217,NK92,heliport,Eab Plaza Heliport,40.71950149536133,-73.58290100097656,95.0,US-NY,Uniondale,no,,,NY,EAB PLAZA HELIPORT
23218,NK95,heliport,Bastek Heliport,41.320899963378906,-74.50430297851562,450.0,US-NY,Pine Island,no,,,NY,BASTEK HELIPORT
23219,NK96,heliport,St Francis Hospital Heliport,41.71856,-73.928587,163.0,US-NY,Poughkeepsie,no,,,NY,ST FRANCIS HOSPITAL HELIPORT
23381,NY00,small_airport,Basher Field,42.567052,-78.557739,1855.0,US-NY,Sardinia,no,,,NY,BASHER FIELD
23382,NY01,small_airport,Knowlesville Airport,43.22090148925781,-78.31500244140625,555.0,US-NY,Knowlesville,no,,,NY,KNOWLESVILLE AIRPORT
23383,NY02,small_airport,Mountain Top Airport,42.487300872802734,-74.78019714355469,1960.0,US-NY,Davenport,no,,,NY,MOUNTAIN TOP AIRPORT
23386,NY05,small_airport,Hogan Airport,42.78150177001953,-74.32569885253906,1260.0,US-NY,Esperance,no,,,NY,HOGAN AIRPORT
23387,NY06,small_airport,Gaines Valley Aviation Airport,43.2963981628418,-78.21389770507812,380.0,US-NY,Albion,no,,,NY,GAINES VALLEY AVIATION AIRPORT
23388,NY07,small_airport,Hurlbut Field,44.54579925537109,-75.16110229492188,500.0,US-NY,Canton,no,,,NY,HURLBUT FIELD
23389,NY08,heliport,Port Jervis Fire Department Heliport,41.37699890136719,-74.6760025024414,420.0,US-NY,Port Jervis,no,,,NY,PORT JERVIS FIRE DEPARTMENT HELIPORT
23391,NY1,small_airport,Kline Kill Airport,42.35010147094727,-73.63710021972656,380.0,US-NY,Ghent,no,,,NY,KLINE KILL AIRPORT
23392,NY10,small_airport,Duflo Airport,43.84260177612305,-75.43070220947266,789.0,US-NY,New Bremen,no,,,NY,DUFLO AIRPORT
23393,NY11,small_airport,Lakestone Farm Airport,43.035301208496094,-77.30799865722656,520.0,US-NY,Macedon,no,,,NY,LAKESTONE FARM AIRPORT
23394,NY12,heliport,Auburn Community Hospital Heliport,42.941052,-76.564331,730.0,US-NY,Auburn,no,,,NY,AUBURN COMMUNITY HOSPITAL HELIPORT
23395,NY13,small_airport,D'Amico Airport,43.0908,-76.98864,515.0,US-NY,Lyons,no,,,NY,D'AMICO AIRPORT
23397,NY15,small_airport,Lakeville Airport,42.8265,-77.714401,935.0,US-NY,Lakeville,no,,,NY,LAKEVILLE AIRPORT
23398,NY16,small_airport,Oak Ridge Airport,43.0984001159668,-77.18190002441406,540.0,US-NY,East Palmyra,no,,,NY,OAK RIDGE AIRPORT
23399,NY17,small_airport,Adirondack Airpark Estates Airport,44.601983,-73.853138,1352.0,US-NY,Saranac,no,,,NY,ADIRONDACK AIRPARK ESTATES AIRPORT
23400,NY18,small_airport,Neno Airport,42.4487,-76.616897,1283.0,US-NY,Ithaca,no,,,NY,NENO AIRPORT
23401,NY19,small_airport,Walls Airport,43.04399871826172,-76.46189880371094,610.0,US-NY,Elbridge,no,,,NY,WALLS AIRPORT
23402,NY20,small_airport,Nellis Field,42.962592,-74.681904,700.0,US-NY,Fort Plain,no,,,NY,NELLIS FIELD
23403,NY21,heliport,Dewitt Heliport,43.20330047607422,-77.52359771728516,375.0,US-NY,Webster,no,,,NY,DEWITT HELIPORT
23404,NY22,heliport,NYPD Air Operations (Floyd Bennett Field) Heliport,40.5905,-73.8805,16.0,US-NY,New York,no,,,NY,NYPD AIR OPERATIONS (FLOYD BENNETT FIELD) HELIPORT
23405,NY23,small_airport,MAC Airport,42.987597,-74.966499,1210.0,US-NY,Mohawk,no,,,NY,MAC AIRPORT
23406,NY24,small_airport,Taylor Johnson Airport,43.12779998779297,-78.97000122070312,633.0,US-NY,Niagara Falls,no,,,NY,TAYLOR JOHNSON AIRPORT
23408,NY26,small_airport,Sky-Ranch Airport,42.983398,-74.899597,1330.0,US-NY,Mohawk,no,,,NY,SKY-RANCH AIRPORT
23409,NY27,small_airport,South Dayton Airport,42.37089920043945,-79.0094985961914,1300.0,US-NY,South Dayton,no,,,NY,SOUTH DAYTON AIRPORT
23410,NY28,small_airport,Anthonson Airport,43.070899963378906,-76.40799713134766,430.0,US-NY,Jordan,no,,,NY,ANTHONSON AIRPORT
23411,NY29,small_airport,Schuyler Airport,42.451625,-76.912215,870.0,US-NY,Watkins Glen,no,,,NY,SCHUYLER AIRPORT
23412,NY30,heliport,Hilltop Heliport,41.67002,-74.75852,1400.0,US-NY,Monticello,no,,,NY,HILLTOP HELIPORT
23413,NY31,small_airport,Rabbit Lane Airport,43.22370147705078,-76.3687973022461,405.0,US-NY,Phoenix,no,,,NY,RABBIT LANE AIRPORT
23416,NY34,small_airport,Randall's Roost Airport,42.162200927734375,-77.42749786376953,1825.0,US-NY,Cameron,no,,,NY,RANDALL'S ROOST AIRPORT
23417,NY35,small_airport,Stanton Airport,41.750099182128906,-74.11630249023438,303.0,US-NY,New Paltz,no,,,NY,STANTON AIRPORT
23418,NY36,heliport,Adirondack Medical Center Heliport,44.34439849853516,-74.14250183105469,1594.0,US-NY,Saranac Lake,no,,,NY,ADIRONDACK MEDICAL CENTER HELIPORT
23419,NY37,small_airport,Galway Airport,43.00920104980469,-74.09120178222656,950.0,US-NY,Galway,no,,,NY,GALWAY AIRPORT
23422,NY40,small_airport,Gentzke Aeronautical Park Airport,42.610599517822266,-78.59559631347656,1750.0,US-NY,Holland,no,,,NY,GENTZKE AERONAUTICAL PARK AIRPORT
23424,NY42,small_airport,Paradise Airport,43.219988,-76.68945,420.0,US-NY,Red Creek,no,,,NY,PARADISE AIRPORT
23425,NY43,heliport,Mountain View Heliport,42.156671,-73.999132,250.0,US-NY,Saugerties,no,,,NY,MOUNTAIN VIEW HELIPORT
23426,NY44,heliport,IBM Somers Heliport,41.316952,-73.679854,495.0,US-NY,Somers,no,,,NY,IBM SOMERS HELIPORT
23427,NY45,heliport,Robins Island South Heliport,40.962799072265625,-72.45670318603516,30.0,US-NY,Southold,no,,,NY,ROBINS ISLAND SOUTH HELIPORT
23428,NY46,heliport,Bel-Aire Farms Heliport,41.849028,-73.599786,700.0,US-NY,Amenia,no,,,NY,BEL-AIRE FARMS HELIPORT
23429,NY47,heliport,Wyeth Ayerst Heliport,41.07749938964844,-74.02469635009766,270.0,US-NY,Pearl River,no,,,NY,WYETH AYERST HELIPORT
23430,NY48,small_airport,Grace's Landing Airport,42.33810043334961,-74.7490005493164,1500.0,US-NY,South Kortright,no,,,NY,GRACE'S LANDING AIRPORT
23431,NY49,small_airport,Mesmer Airport,42.991523,-78.985764,600.0,US-NY,Grand Island,no,,,NY,MESMER AIRPORT
23432,NY50,small_airport,Johnson Airport,42.992144,-74.137459,760.0,US-NY,Amsterdam,no,,,NY,JOHNSON AIRPORT
23433,NY51,small_airport,Russell Airport,42.87009811401367,-74.49929809570312,700.0,US-NY,Canajoharie,no,,,NY,RUSSELL AIRPORT
23434,NY52,heliport,Staten Island University Hospital Heliport,40.584206,-74.08326,13.0,US-NY,Staten Island,no,,,NY,STATEN ISLAND UNIVERSITY HOSPITAL HELIPORT
23436,NY54,heliport,Evergreen Mountain Heliport,42.19275,-74.326646,1800.0,US-NY,West Kill,no,,,NY,EVERGREEN MOUNTAIN HELIPORT
23437,NY55,small_airport,Grund Field,42.44729995727539,-76.5969009399414,1453.0,US-NY,Ithaca,no,,,NY,GRUND FIELD
23438,NY57,small_airport,Remsen City Airport,43.36009979248047,-75.18460083007812,1220.0,US-NY,Remsen,no,,,NY,REMSEN CITY AIRPORT
23440,NY59,small_airport,Valenty Mierek Airport,43.387298583984375,-75.48629760742188,1220.0,US-NY,Ava,no,,,NY,VALENTY MIEREK AIRPORT
23442,NY61,seaplane_base,Eagle Nest Seaplane Base,43.82979965209961,-74.49539947509766,1790.0,US-NY,Blue Mountain Lake,no,,,NY,EAGLE NEST SEAPLANE BASE
23443,NY62,small_airport,Curtis Airport,43.144419,-75.548757,535.0,US-NY,Verona,no,,,NY,CURTIS AIRPORT
23444,NY63,small_airport,Archdale Meadows Airport,43.05438,-73.47197,584.0,US-NY,Greenwich,no,,,NY,ARCHDALE MEADOWS AIRPORT
23445,NY64,small_airport,The Pines Airport,43.10290145874024,-74.15509796142578,850.0,US-NY,Broadalbin,no,,,NY,THE PINES AIRPORT
23447,NY66,small_airport,Lewis Field,43.128532,-74.124758,900.0,US-NY,Broadalbin,no,,,NY,LEWIS FIELD
23448,NY67,small_airport,Carter Flight Park Ultralightport,42.99309921264648,-75.91169738769531,1301.0,US-NY,Manlius,no,,,NY,CARTER FLIGHT PARK ULTRALIGHTPORT
23449,NY68,small_airport,Richfield Airport,42.86119842529297,-74.94539642333984,1450.0,US-NY,Richfield Springs,no,,,NY,RICHFIELD AIRPORT
23450,NY69,small_airport,John Gonzales Field,44.12009811401367,-76.30130004882812,260.0,US-NY,Cape Vincent,no,,,NY,JOHN GONZALES FIELD
45663,NY70,small_airport,Scott'S Sky Ranch Airport,42.648889,-77.920278,1221.0,US-NY,Mount Morris,no,,,NY,SCOTT'S SKY RANCH AIRPORT
23452,NY72,small_airport,Poolsbrook Aerodrome,43.07229995727539,-75.9384994506836,500.0,US-NY,Manlius,no,,,NY,POOLSBROOK AERODROME
23453,NY73,small_airport,Miller Field,42.31809997558594,-75.5990982055664,1580.0,US-NY,Coventryville,no,,,NY,MILLER FIELD
23454,NY74,small_airport,Deer Run Airport,42.32369995117188,-73.87319946289062,320.0,US-NY,Coxsackie,no,,,NY,DEER RUN AIRPORT
23455,NY76,small_airport,Neverland Airport,42.31566619873047,-78.89533233642578,1901.0,US-NY,Cattaraugus,no,,,NY,NEVERLAND AIRPORT
23456,NY77,small_airport,Wandervogel Gliderport,42.71810150146485,-74.16349792480469,1260.0,US-NY,Delanson,no,,,NY,WANDERVOGEL GLIDERPORT
23458,NY79,small_airport,Keysa Airport,42.59669876098633,-78.34030151367188,1620.0,US-NY,Bliss,no,,,NY,KEYSA AIRPORT
45548,NY80,balloonport,Aurora Balloonport,42.696389,-78.569167,900.0,US-NY,South Wales,no,,,NY,AURORA BALLOONPORT
23460,NY82,small_airport,Alexander Farm Airport,42.58060073852539,-73.61620330810547,525.0,US-NY,East Schodack,no,,,NY,ALEXANDER FARM AIRPORT
23461,NY83,seaplane_base,Essex Boatworks Seaplane Base,44.30009841918945,-73.34960174560547,95.0,US-NY,Essex,no,,,NY,ESSEX BOATWORKS SEAPLANE BASE
23465,NY87,small_airport,Amsterdam Airfield,42.96260070800781,-74.25370025634766,340.0,US-NY,Fort Johnson,no,,,NY,AMSTERDAM AIRFIELD
23466,NY88,small_airport,Hickory Acres Airport,42.883399963378906,-74.69129943847656,970.0,US-NY,Fort Plain,no,,,NY,HICKORY ACRES AIRPORT
23467,NY89,small_airport,Goose Creek Airport,42.078285,-79.393506,1350.0,US-NY,Jamestown,no,,,NY,GOOSE CREEK AIRPORT
23468,NY9,seaplane_base,Long Lake /Helms Seaplane Base,43.975101,-74.420403,1629.0,US-NY,Long Lake,no,,,NY,LONG LAKE /HELMS SEAPLANE BASE
23469,NY90,heliport,Medina Memorial Hospital Heliport,43.22309875488281,-78.39810180664062,540.0,US-NY,Medina,no,,,NY,MEDINA MEMORIAL HOSPITAL HELIPORT
23470,NY91,small_airport,Smithfield Airport,42.994026,-75.702774,1465.0,US-NY,Peterboro,no,,,NY,SMITHFIELD AIRPORT
23472,NY94,small_airport,Old Rhinebeck Aerodrome,41.9715,-73.8629,323.0,US-NY,Rhinebeck,no,,,NY,OLD RHINEBECK AERODROME
23473,NY96,small_airport,Mexico Airdrome Airport,43.426700592041016,-76.19380187988281,470.0,US-NY,Mexico,no,,,NY,MEXICO AIRDROME AIRPORT
23474,NY97,small_airport,Northway Airport,44.66669845581055,-73.56620025634766,420.0,US-NY,Morrisonville,no,,,NY,NORTHWAY AIRPORT
23475,NY99,heliport,Lakeview Shock Incarceration Center Heliport,42.40729904174805,-79.44059753417969,678.0,US-NY,Brocton,no,,,NY,LAKEVIEW SHOCK INCARCERATION CENTER HELIPORT
23477,O01,heliport,Heussler Hamburg Heliport,42.788795471191406,-78.84899139404297,590.0,US-NY,Hamburg,no,,,NY,HEUSSLER HAMBURG HELIPORT
23988,PA17,small_airport,Canaan Field,42.002239,-77.096402,1600.0,US-NY,Corning,no,,,NY,CANAAN FIELD
24909,TF8,heliport,Tinley Park Helistop,41.558884,-87.805992,760.0,US-IL,Tinley Park,no,,,IL,TINLEY PARK HELISTOP
347041,UM-0003,small_airport,Whomble Airport,40.021066,-102.17489,3700.0,US-CO,Wray,no,,,CO,WHOMBLE AIRPORT
43072,US-0022,small_airport,Ria Airport,38.839206,-104.134898,6365.0,US-CO,Rush,no,,,CO,RIA AIRPORT
43102,US-0048,small_airport,Kohn Airport,42.138619,-76.384123,1140.0,US-NY,Owego,no,,,NY,KOHN AIRPORT
45985,US-0072,small_airport,Ranger Ranch Airport,38.416401,-107.904367,6197.0,US-CO,Montrose,no,,,CO,RANGER RANCH AIRPORT
45987,US-0074,small_airport,Henderson Airport,39.91669846,-104.8669968,5015.0,US-CO,Henderson,no,,,CO,HENDERSON AIRPORT
45988,US-0075,small_airport,Silver Heels Airport,39.29169846,-105.875,9600.0,US-CO,Como,no,,,CO,SILVER HEELS AIRPORT
45989,US-0076,small_airport,Frontier Airstrip,40.21250153,-104.9820023,4979.0,US-CO,Mead,no,,,CO,FRONTIER AIRSTRIP
45991,US-0078,small_airport,Reid Ranches Airport,40.11660004,-104.3170013,4820.0,US-CO,Roggen,no,,,CO,REID RANCHES AIRPORT
301247,US-0184,heliport,Saint Anthony's Hospital East Heliport,39.715887,-105.127919,5681.0,US-CO,Lakewood,no,,,CO,SAINT ANTHONY'S HOSPITAL EAST HELIPORT
301248,US-0185,heliport,Castle Rock Adventist Health Campus Heliport,39.406149,-104.884157,6134.0,US-CO,Unknown,no,,,CO,CASTLE ROCK ADVENTIST HEALTH CAMPUS HELIPORT
314189,US-0268,small_airport,Gardiners Island Landing Field,41.065245,-72.092242,22.0,US-NY,East Hampton,no,,,NY,GARDINERS ISLAND LANDING FIELD
314860,US-0271,heliport,Plum Island Heliport,41.183222,-72.188816,24.0,US-NY,Orient,no,,,NY,PLUM ISLAND HELIPORT
332477,US-0303,small_airport,Colonel Smith Memorial Airport,39.98774,-89.06858,630.0,US-IL,Warrensburg,no,,,IL,COLONEL SMITH MEMORIAL AIRPORT
324391,US-0318,small_airport,Koch Field,39.288164,-103.238618,5180.0,US-CO,Arriba,no,,,CO,KOCH FIELD
321550,US-0334,heliport,AMITA Health Adventist Medical Center Hinsdale Heliport,41.805344,-87.921636,725.0,US-IL,Hinsdale,no,,,IL,AMITA HEALTH ADVENTIST MEDICAL CENTER HINSDALE HELIPORT
321561,US-0336,small_airport,Big View Airport,40.764524,-104.929018,5600.0,US-CO,Carr,no,,,CO,BIG VIEW AIRPORT
321928,US-0365,seaplane_base,Hut Haven Seaplane Base,43.337701,-76.726725,279.0,US-NY,Fair Haven,no,,,NY,HUT HAVEN SEAPLANE BASE
322138,US-0412,heliport,Southlands ER Heliport,39.60336,-104.711839,6052.0,US-CO,Aurora,no,,,CO,SOUTHLANDS ER HELIPORT
322222,US-0431,heliport,St. Mary's Good Samaritan Heliport,38.297222,-88.937778,501.0,US-IL,Mount Vernon,no,,,IL,ST. MARY'S GOOD SAMARITAN HELIPORT
322485,US-0479,small_airport,Oakfield RLA Airport,41.846387,-88.570278,810.0,US-IL,Kaneville,no,,,IL,OAKFIELD RLA AIRPORT
322494,US-0482,small_airport,Sugar Hollow RLA Airport,40.129295,-88.831603,700.0,US-IL,Lane,no,,,IL,SUGAR HOLLOW RLA AIRPORT
322586,US-0495,small_airport,Stichnoth Airport,40.613524,-87.56684,700.0,US-IL,Stockland,no,,,IL,STICHNOTH AIRPORT
322637,US-0500,small_airport,Nettle Creek Landings Airport,41.432067,-88.522472,608.0,US-IL,Morris,no,,,IL,NETTLE CREEK LANDINGS AIRPORT
322642,US-0502,small_airport,Kleinik RLA Airport,39.3830236,-89.2562542,668.0,US-IL,Nokomis,no,,,IL,KLEINIK RLA AIRPORT
322902,US-0534,small_airport,Gaitros STOL Airport,39.942276,-88.733277,683.0,US-IL,Cerro Gordo,no,,,IL,GAITROS STOL AIRPORT
323229,US-0553,small_airport,Younglove/Otterbach Airport,41.535651,-88.99904,694.0,US-IL,Earlville,no,,,IL,YOUNGLOVE/OTTERBACH AIRPORT
323230,US-0554,small_airport,Corn Alley 2 Airport,40.755681,-89.016593,728.0,US-IL,El Paso,no,,,IL,CORN ALLEY 2 AIRPORT
324450,US-0573,small_airport,Fisch RLA Airport,41.599583,-89.599026,650.0,US-IL,Walnut,no,,,IL,FISCH RLA AIRPORT
324451,US-0574,small_airport,Wilt RLA Airport,41.53375,-89.5525,820.0,US-IL,Walnut,no,,,IL,WILT RLA AIRPORT
324479,US-0578,small_airport,Durin RLA Airport,41.785829,-89.030097,824.0,US-IL,Steward,no,,,IL,DURIN RLA AIRPORT
324494,US-0579,small_airport,Friends Field,41.481494,-88.705069,621.0,US-IL,Serena,no,,,IL,FRIENDS FIELD
324634,US-0595,heliport,Desutter Farm Heliport,40.407341,-89.737208,488.0,US-IL,Manito,no,,,IL,DESUTTER FARM HELIPORT
324692,US-0614,heliport,Melissa Memorial Hospital Heliport,40.579207,-102.289135,3732.0,US-CO,Holyoke,no,,,CO,MELISSA MEMORIAL HOSPITAL HELIPORT
324718,US-0623,seaplane_base,Lake Meredith Seaplane Base,38.196313,-103.693761,4254.0,US-CO,Ordway,no,,,CO,LAKE MEREDITH SEAPLANE BASE
324820,US-0631,small_airport,Papp Airpark,43.251894,-73.563155,210.0,US-NY,Fort Edward,no,,,NY,PAPP AIRPARK
325315,US-0694,heliport,Cayuga Medical Center Heliport,42.469521,-76.536229,808.0,US-NY,Ithaca,no,,,NY,CAYUGA MEDICAL CENTER HELIPORT
325424,US-0707,small_airport,Helling Airport,39.728102,-102.171795,3853.0,US-CO,Idalia,no,,,CO,HELLING AIRPORT
325431,US-0712,heliport,Oishei Childrens Hospital Heliport,42.9009857,-78.867684,881.0,US-NY,Buffalo,no,,,NY,OISHEI CHILDRENS HOSPITAL HELIPORT
325494,US-0722,small_airport,T & C Acres Airport,42.883902,-74.931344,1566.0,US-NY,Richard Springs,no,,,NY,T & C ACRES AIRPORT
325502,US-0728,small_airport,Turnbull Airport,42.895893,-77.397132,890.0,US-NY,East Bloomfield,no,,,NY,TURNBULL AIRPORT
325688,US-0759,small_airport,Oneida Lake Strip Airport,43.169055,-75.705722,380.0,US-NY,Oneida,no,,,NY,ONEIDA LAKE STRIP AIRPORT
325710,US-0767,small_airport,Klenawicus Airfield,41.071008,-72.327018,20.0,US-NY,Shelter Island,no,,,NY,KLENAWICUS AIRFIELD
325936,US-0795,heliport,Childrens Hospital Colorado Heliport,39.556938,-105.009323,5595.0,US-CO,Highlands Ranch,no,,,CO,CHILDRENS HOSPITAL COLORADO HELIPORT
326182,US-0807,small_airport,M & M Airfield,43.183793,-75.401271,530.0,US-NY,Rome,no,,,NY,M & M AIRFIELD
326880,US-0841,heliport,Ulster Heights Kingdom Heliport,41.764146,-74.453385,1103.0,US-NY,Ellenville,no,,,NY,ULSTER HEIGHTS KINGDOM HELIPORT
327112,US-0852,heliport,St Elizabeth's Hospital Heliport,38.583295,-89.9341,546.0,US-IL,O'Fallon,no,,,IL,ST ELIZABETH'S HOSPITAL HELIPORT
327237,US-0857,small_airport,Hidden Hills Ranch Airport,43.109332,-77.239176,516.0,US-NY,Palmyra,no,,,NY,HIDDEN HILLS RANCH AIRPORT
331525,US-0878,heliport,Clive Holmes Estate Heliport,40.914111,-73.520597,13.0,US-NY,Oyster Bay,no,,,NY,CLIVE HOLMES ESTATE HELIPORT
328078,US-0890,small_airport,Miller Airport,43.155194,-75.785866,430.0,US-NY,Canastota,no,,,NY,MILLER AIRPORT
328306,US-0895,small_airport,Woodley 2 Airport,41.522504,-89.655636,640.0,US-IL,Walnut,no,,,IL,WOODLEY 2 AIRPORT
328575,US-0928,heliport,Northwestern Medicine Huntley Hospital Heliport,42.177477,-88.398956,892.0,US-IL,Huntley,no,,,IL,NORTHWESTERN MEDICINE HUNTLEY HOSPITAL HELIPORT
328800,US-0937,small_airport,Kutcher-Lakeview Airport,40.519204,-104.458293,4770.0,US-CO,Galeton,no,,,CO,KUTCHER-LAKEVIEW AIRPORT
328919,US-0938,heliport,Advocate Sherman Hospital Heliport,42.072178,-88.329757,905.0,US-IL,Elgin,no,,,IL,ADVOCATE SHERMAN HOSPITAL HELIPORT
329024,US-0949,small_airport,Yates Restricted Landing Area,39.533005,-90.21558,616.0,US-IL,Murrayville,no,,,IL,YATES RESTRICTED LANDING AREA
329481,US-0989,heliport,Wang Heliport,40.889792,-73.491603,17.0,US-NY,Cove Neck,no,,,NY,WANG HELIPORT
329805,US-1017,heliport,United States Military Academy Heliport,41.397662,-73.956403,757.0,US-NY,West Point,no,,,NY,UNITED STATES MILITARY ACADEMY HELIPORT
329874,US-1023,heliport,Illinois Wing & Rotor Heliport,39.897222,-88.142777,650.0,US-IL,Villa Grove,no,,,IL,ILLINOIS WING & ROTOR HELIPORT
330198,US-1074,heliport,St. Joseph's Hospital Heliport,43.055361,-76.150421,524.0,US-NY,Syracuse,no,,,NY,ST. JOSEPH'S HOSPITAL HELIPORT
330458,US-1080,small_airport,Kuntz Restricted Landing Area,40.697944,-88.947,760.0,US-IL,Gridley,no,,,IL,KUNTZ RESTRICTED LANDING AREA
330499,US-1085,small_airport,Flying W Airport,42.783162,-75.165875,1420.0,US-NY,Burlington Flats,no,,,NY,FLYING W AIRPORT
330680,US-1088,heliport,Jonathan and Julianne Mabry Heliport,41.34305,-89.436595,663.0,US-IL,Princeton,no,,,IL,JONATHAN AND JULIANNE MABRY HELIPORT
331207,US-1122,heliport,Johanson Estate Heliport,40.906897,-73.515958,2.0,US-NY,Oyster Bay,no,,,NY,JOHANSON ESTATE HELIPORT
332776,US-1162,small_airport,Devoe Airport,40.330287,-104.578342,4770.0,US-CO,Kersey,no,,,CO,DEVOE AIRPORT
332796,US-1166,heliport,Meaker RLA Heliport,41.074303,-89.760353,723.0,US-IL,Wyoming,no,,,IL,MEAKER RLA HELIPORT
333619,US-1225,heliport,Banner Fort Collins Medical Center Heliport,40.522222,-105.008333,4910.0,US-CO,Fort Collins,no,,,CO,BANNER FORT COLLINS MEDICAL CENTER HELIPORT
333963,US-1238,heliport,Deckert Heliport,40.719167,-89.157778,745.0,US-IL,Secor,no,,,IL,DECKERT HELIPORT
333977,US-1241,small_airport,Plain Crazy Airport,40.465242,-91.229836,706.0,US-IL,Carthage,no,,,IL,PLAIN CRAZY AIRPORT
334219,US-1250,small_airport,Campbells Airport,39.913889,-104.473333,5165.0,US-CO,Bennett,no,,,CO,CAMPBELLS AIRPORT
45661,US-12544,heliport,Phillipsburg Landing Heliport,41.432333,-74.365168,430.0,US-NY,Middletown,no,,,NY,PHILLIPSBURG LANDING HELIPORT
597581,US-12715,heliport,UCHealth Longs Peak Helipad,40.16247,-105.05928,5008.0,US-CO,Longmont,no,,,CO,UCHEALTH LONGS PEAK HELIPAD
598898,US-12731,heliport,IDOC-Menard Heliport,37.911926,-89.837817,478.0,US-IL,Kaskaskia,no,,,IL,IDOC-MENARD HELIPORT
598974,US-12734,heliport,AdventHealth Parker Medical Center Heliport,39.547222,-104.769167,5825.0,US-CO,Parker,no,,,CO,ADVENTHEALTH PARKER MEDICAL CENTER HELIPORT
599389,US-12740,small_airport,BAKER'S ACRES AIRSTRIP,42.496299,-89.601788,757.0,US-IL,Unknown,no,,,IL,BAKER'S ACRES AIRSTRIP
601347,US-12778,small_airport,Caddoa Creek Airport,38.05787,-102.926846,3780.0,US-CO,Caddoa,no,,,CO,CADDOA CREEK AIRPORT
602266,US-12805,small_airport,Redeker Airport,40.652876,-87.830734,670.0,US-IL,Milford,no,,,IL,REDEKER AIRPORT
602328,US-12809,small_airport,Burns Field,39.121657,-89.937151,657.0,US-IL,Shippman,no,,,IL,BURNS FIELD
603054,US-12851,small_airport,Las Mesitas Airport,37.075493,-106.098578,8081.0,US-CO,Antonito,no,,,CO,LAS MESITAS AIRPORT
604909,US-12913,small_airport,Scenic Mesa Ranch Airport,38.733011,-107.75932,6116.0,US-CO,Hotchkiss,no,,,CO,SCENIC MESA RANCH AIRPORT
606009,US-12924,small_airport,Ebert Field RLA,41.916044,-89.272118,863.0,US-IL,Ashton,no,,,IL,EBERT FIELD RLA
606055,US-12929,heliport,Steed Ranch Heliport,38.613733,-108.085789,5550.0,US-CO,Olathe,no,,,CO,STEED RANCH HELIPORT
609285,US-12971,small_airport,Clair RLA,40.168092,-91.236184,633.0,US-IL,Loraine,no,,,IL,CLAIR RLA
609414,US-12987,small_airport,Dreier RLA,39.905921,-91.313888,662.0,US-IL,Quincy,no,,,IL,DREIER RLA
609844,US-12998,small_airport,Denham Restricted Landing Area,39.470622,-88.655995,663.0,US-IL,Windsor,no,,,IL,DENHAM RESTRICTED LANDING AREA
609886,US-13003,small_airport,Charles Park Restricted Landing Area,40.417734,-89.134633,711.0,US-IL,Stanford,no,,,IL,CHARLES PARK RESTRICTED LANDING AREA
610245,US-13011,small_airport,Robert Lehman RLA,38.238318,-89.73581,506.0,US-IL,Madissa,no,,,IL,ROBERT LEHMAN RLA
610262,US-13015,small_airport,MIG Restricted Landing Area,41.286399,-89.235522,651.0,US-IL,Granville,no,,,IL,MIG RESTRICTED LANDING AREA
610282,US-13016,small_airport,McCune RLA,41.439791,-89.815643,636.0,US-IL,Sheffield,no,,,IL,MCCUNE RLA
610289,US-13017,heliport,Galesburg Correctional Center Heliport,40.939838,-90.404023,760.0,US-IL,Galesburg,no,,,IL,GALESBURG CORRECTIONAL CENTER HELIPORT
610331,US-13019,small_airport,Charles Judy RLA,38.763269,-87.715644,441.0,US-IL,Lawrenceville,no,,,IL,CHARLES JUDY RLA
610591,US-13039,heliport,Bear Lake North Beach Emergency Heliport,42.12,-111.266609,5927.0,US-IL,St Charles,no,,,IL,BEAR LAKE NORTH BEACH EMERGENCY HELIPORT
335025,US-1483,heliport,Saint Anthony's Hospital Central Heliport,39.715737,-105.128485,757.0,US-CO,Lakewood,no,,,CO,SAINT ANTHONY'S HOSPITAL CENTRAL HELIPORT
335869,US-1523,heliport,LZ Elbert Heliport,39.180966,-104.495483,7084.0,US-CO,Elbert,no,,,CO,LZ ELBERT HELIPORT
336195,US-1660,small_airport,AJC Airport,40.370515,-104.634916,4629.0,US-CO,Greeley,no,,,CO,AJC AIRPORT
336431,US-1789,heliport,Love Island House Private Helipad,41.383031,-73.73863,757.0,US-NY,Mahopac,no,,,NY,LOVE ISLAND HOUSE PRIVATE HELIPAD
336932,US-1933,small_airport,Alamosa Outport Airport,37.421944,-105.666111,7606.0,US-CO,Alamosa,no,,,CO,ALAMOSA OUTPORT AIRPORT
337150,US-1956,heliport,Vail Health EMS Heliport,39.644566,-106.381554,8384.0,US-CO,Vail,no,,,CO,VAIL HEALTH EMS HELIPORT
337252,US-2004,seaplane_base,Kenney Reservoir Seaplane Base,40.115319,-108.708119,5329.0,US-CO,Rangley,no,,,CO,KENNEY RESERVOIR SEAPLANE BASE
337594,US-2039,small_airport,Iwan Airfield,42.963776,-74.12556,773.0,US-NY,Amsterdam,no,,,NY,IWAN AIRFIELD
338757,US-2422,heliport,Wetlands Ranch Heliport,39.973482,-107.622188,6996.0,US-CO,Buford,no,,,CO,WETLANDS RANCH HELIPORT
338928,US-2549,small_airport,Bigfoot Turf Airport,40.321977,-104.61482,4785.0,US-CO,La Salle,no,,,CO,BIGFOOT TURF AIRPORT
338976,US-2577,heliport,Shrub Oak Helistop,41.310553,-73.836158,663.0,US-NY,Shrub Oak,no,,,NY,SHRUB OAK HELISTOP
341066,US-3142,small_airport,Greenhorn Strip,37.981528,-104.852504,6045.0,US-CO,Colorado City,no,,,CO,GREENHORN STRIP
342204,US-3333,heliport,Chicago Police Marine Heliport,41.88739,-87.60973,584.0,US-IL,Chicago,no,,,IL,CHICAGO POLICE MARINE HELIPORT
342987,US-3566,small_airport,Accord Airport,41.80114,-74.21477,271.0,US-NY,Accord,no,,,NY,ACCORD AIRPORT
343826,US-3857,small_airport,Black Pond Airfield,41.50696,-73.76138,716.0,US-NY,Carmel Hamlet,no,,,NY,BLACK POND AIRFIELD
343862,US-3883,heliport,UCHealth Longs Peak Hospital Heliport,40.16306,-105.05615,4977.0,US-CO,Longmont,no,,,CO,UCHEALTH LONGS PEAK HOSPITAL HELIPORT
343968,US-3899,small_airport,Force Ranch Airport,39.50794,-107.36984,8208.0,US-CO,Glenwood Springs,no,,,CO,FORCE RANCH AIRPORT
344082,US-3913,heliport,Ann & Robert H Lurie Children's Hospital Heliport,41.89654,-87.62168,757.0,US-IL,Chicago,no,,,IL,ANN & ROBERT H LURIE CHILDREN'S HOSPITAL HELIPORT
344171,US-3945,heliport,Saint Francis Medical Center Heliport,38.93942,-104.71818,757.0,US-CO,Colorado Springs,no,,,CO,SAINT FRANCIS MEDICAL CENTER HELIPORT
344217,US-3964,heliport,Kleinman's Heliport,40.898342,-73.518553,8.0,US-NY,Centre Island,no,,,NY,KLEINMAN'S HELIPORT
344302,US-4023,small_airport,Dolores Point Airport,38.70181,-109.04328,757.0,US-CO,Gateway,no,,,CO,DOLORES POINT AIRPORT
344303,US-4024,small_airport,Dolores River Ranch Airport,38.731838,-109.020701,757.0,US-CO,Gateway,no,,,CO,DOLORES RIVER RANCH AIRPORT
344304,US-4025,small_airport,La Garita Creek Ranch Airport,37.811667,-106.315278,8050.0,US-CO,Del Norte,no,,,CO,LA GARITA CREEK RANCH AIRPORT
344305,US-4026,small_airport,Quarter Circle Circle Ranch Airport,38.142262,-106.747109,757.0,US-CO,Gunnison,no,,,CO,QUARTER CIRCLE CIRCLE RANCH AIRPORT
344572,US-4125,heliport,University of Colorado Hospital Heliport,39.74222,-104.84241,757.0,US-CO,Aurora,no,,,CO,UNIVERSITY OF COLORADO HOSPITAL HELIPORT
344791,US-4182,heliport,UCHealth Highlands Ranch Hospital Heliport,39.55234,-105.00521,757.0,US-CO,Highlands Ranch,no,,,CO,UCHEALTH HIGHLANDS RANCH HOSPITAL HELIPORT
345056,US-4327,heliport,John Galt Heliport,40.636389,-105.050833,5100.0,US-CO,Fort Collins,no,,,CO,JOHN GALT HELIPORT
345148,US-4348,small_airport,Green Acres Airport,37.483887,-105.745958,7521.0,US-CO,Alamosa,no,,,CO,GREEN ACRES AIRPORT
504750,US-4349,heliport,South City Hospital Heliport,38.583013,-90.229651,516.0,US-IL,Mosinee,no,,,IL,SOUTH CITY HOSPITAL HELIPORT
345278,US-4396,heliport,Wilco Heliport,41.934226,-89.365041,805.0,US-IL,Oregon,no,,,IL,WILCO HELIPORT
345293,US-4399,small_airport,Flying D Ranch Airport,37.755821,-104.648112,6000.0,US-CO,Walsenburg,no,,,CO,FLYING D RANCH AIRPORT
345294,US-4400,small_airport,Flying G Air Ranch Airport,39.230595,-104.470936,6911.0,US-CO,Elbert,no,,,CO,FLYING G AIR RANCH AIRPORT
345343,US-4424,heliport,McDowell Heliport,39.888315,-87.81658,706.0,US-IL,Sidell,no,,,IL,MCDOWELL HELIPORT
345468,US-4475,heliport,Jerry Lay Heliport,40.860832,-88.985637,757.0,US-IL,Minonk,no,,,IL,JERRY LAY HELIPORT
345832,US-4578,small_airport,Naked Acres Airport,42.986556,-77.650949,686.0,US-NY,Rochester,no,,,NY,NAKED ACRES AIRPORT
345876,US-4595,small_airport,Smithport Airport,43.05046,-75.22808,1148.0,US-NY,Frankfort,no,,,NY,SMITHPORT AIRPORT
345972,US-4640,heliport,Crystal Park Helipad,38.83881,-104.94404,8865.0,US-CO,Manitou Springs,no,,,CO,CRYSTAL PARK HELIPAD
346197,US-4753,small_airport,R & R Aero Airport,42.721133,-78.186114,1650.0,US-NY,Warsaw,no,,,NY,R & R AERO AIRPORT
346288,US-4765,small_airport,Las Arenas Earth and Sky Observatory Airport,37.478667,-105.632453,7582.0,US-CO,Alamosa,no,,,CO,LAS ARENAS EARTH AND SKY OBSERVATORY AIRPORT
346389,US-4770,heliport,Gateway Helipad Heliport,38.676414,-108.978614,4575.0,US-CO,Gateway,no,,,CO,GATEWAY HELIPAD HELIPORT
346392,US-4771,heliport,Kremmling Memorial Hospital Heliport,40.076269,-105.925273,7918.0,US-CO,Granby,no,,,CO,KREMMLING MEMORIAL HOSPITAL HELIPORT
346406,US-4779,heliport,OSF St Paul Medical Center Heliport,41.55251,-89.08645,773.0,US-IL,Mendota,no,,,IL,OSF ST PAUL MEDICAL CENTER HELIPORT
346409,US-4780,heliport,Chicago Helicopter Experience Heliport,41.848206,-87.648395,582.0,US-IL,Chicago,no,,,IL,CHICAGO HELICOPTER EXPERIENCE HELIPORT
346417,US-4782,small_airport,Miller Restricted Landing Area,40.066483,-89.272144,626.0,US-IL,Lincoln,no,,,IL,MILLER RESTRICTED LANDING AREA
346594,US-4853,small_airport,Pine View Airport,43.11553,-76.91067,400.0,US-NY,Clyde,no,,,NY,PINE VIEW AIRPORT
346620,US-4863,small_airport,Harford Airport,41.273646,-88.444185,584.0,US-IL,Mazon,no,,,IL,HARFORD AIRPORT
346626,US-4865,small_airport,Steil Restricted Landing Area Airport,41.231388,-89.452593,648.0,US-IL,Tiskilwa,no,,,IL,STEIL RESTRICTED LANDING AREA AIRPORT
346631,US-4867,heliport,Prairie State Generating Heliport,38.276239,-89.67195,449.0,US-IL,Marissa,no,,,IL,PRAIRIE STATE GENERATING HELIPORT
346685,US-4886,heliport,Air Evac 11 Heliport,38.31956,-88.85194,449.0,US-IL,Mount Vernon,no,,,IL,AIR EVAC 11 HELIPORT
346712,US-4895,heliport,Air Evac 28 Heliport,39.01703,-88.54228,548.0,US-IL,Watson,no,,,IL,AIR EVAC 28 HELIPORT
346978,US-4980,heliport,Saddle Rock ER Heliport,39.579207,-104.725692,5982.0,US-CO,Aurora,no,,,CO,SADDLE ROCK ER HELIPORT
347002,US-4982,small_airport,Ashlawn Airport,40.110614,-105.235151,5313.0,US-CO,Longmont,no,,,CO,ASHLAWN AIRPORT
347008,US-4984,heliport,Elmhurst Memorial Hospital Heliport,41.864635,-87.937011,674.0,US-IL,Elmhurst,no,,,IL,ELMHURST MEMORIAL HOSPITAL HELIPORT
347049,US-4988,small_airport,Lebeau Ranch Airport,39.303056,-104.40961,6565.0,US-CO,Kiowa,no,,,CO,LEBEAU RANCH AIRPORT
347054,US-4990,heliport,Elizabethtown Community Hospital Heliport,44.216383,-73.596353,607.0,US-NY,Elizabethtown,no,,,NY,ELIZABETHTOWN COMMUNITY HOSPITAL HELIPORT
347319,US-5028,small_airport,Wall Bridge Airport,42.88663,-75.99902,1383.0,US-NY,Fabius,no,,,NY,WALL BRIDGE AIRPORT
347467,US-5087,small_airport,Boeing Field,38.808643,-107.636147,5784.0,US-CO,Paonia,no,,,CO,BOEING FIELD
347482,US-5096,small_airport,Juniper Hills Airport,39.379791,-108.088254,5400.0,US-CO,Parachute,no,,,CO,JUNIPER HILLS AIRPORT
347491,US-5103,small_airport,Fought'N'Won Ultralight Flightpark,40.341388,-104.922647,5000.0,US-CO,Johnstown,no,,,CO,FOUGHT'N'WON ULTRALIGHT FLIGHTPARK
347497,US-5104,heliport,Earlybird Heliport,40.642378,-89.272665,742.0,US-IL,Goodfield,no,,,IL,EARLYBIRD HELIPORT
347512,US-5106,heliport,White Oak Resources Heliport,38.17067,-88.600713,418.0,US-IL,McLeansboro,no,,,IL,WHITE OAK RESOURCES HELIPORT
347542,US-5113,small_airport,Valley View Airport,42.92137,-75.41403,1369.0,US-NY,Waterville,no,,,NY,VALLEY VIEW AIRPORT
347641,US-5160,small_airport,Happy Butt Private Airport,39.59593,-104.23376,5512.0,US-CO,Byers,no,,,CO,HAPPY BUTT PRIVATE AIRPORT
347642,US-5161,small_airport,Colorado Live Steamers Airport,39.82835,-104.19409,5025.0,US-CO,Byers,no,,,CO,COLORADO LIVE STEAMERS AIRPORT
347833,US-5192,heliport,Greentree Heliport,41.38917,-74.24993,452.0,US-NY,Chester,no,,,NY,GREENTREE HELIPORT
347837,US-5193,heliport,South Shore University Hospital Heliport,40.72624,-73.24258,7.0,US-NY,Bay Shore,no,,,NY,SOUTH SHORE UNIVERSITY HOSPITAL HELIPORT
347843,US-5198,small_airport,Johnson Landing Strip,41.819096,-73.64321,900.0,US-NY,Millbrook,no,,,NY,JOHNSON LANDING STRIP
347860,US-5200,heliport,Valley View Hospital Heliport,39.533063,-107.322448,5855.0,US-CO,Glenwood Springs,no,,,CO,VALLEY VIEW HOSPITAL HELIPORT
347862,US-5202,heliport,North Suburban Medical Center Northeast Heliport,39.92766,-104.92268,5174.0,US-CO,Thornton,no,,,CO,NORTH SUBURBAN MEDICAL CENTER NORTHEAST HELIPORT
347863,US-5203,heliport,St Thomas More Hospital Heliport,38.45548,-105.23148,5361.0,US-CO,Canon City,no,,,CO,ST THOMAS MORE HOSPITAL HELIPORT
348021,US-5266,small_airport,Aeroview Airport,41.97105,-88.49246,905.0,US-IL,Virgil,no,,,IL,AEROVIEW AIRPORT
352244,US-52NK,small_airport,Collins Field,43.224244,-75.675528,381.0,US-NY,Sylvan Beach,no,,,NY,COLLINS FIELD
348203,US-5397,heliport,Suffolk Police Hauppauge Heliport,40.8283,-73.232548,52.0,US-NY,Hauppauge,no,,,NY,SUFFOLK POLICE HAUPPAUGE HELIPORT
348356,US-5462,heliport,Brookhaven Memorial Hospital Heliport,40.78036,-72.97608,41.0,US-NY,Patchogue,no,,,NY,BROOKHAVEN MEMORIAL HOSPITAL HELIPORT
348859,US-5529,small_airport,Hull Airport,39.71693,-91.21122,468.0,US-IL,Hull,no,,,IL,HULL AIRPORT
348862,US-5532,small_airport,Campbell Airport,40.23259,-90.37979,684.0,US-IL,Astoria,no,,,IL,CAMPBELL AIRPORT
348875,US-5535,small_airport,Martins Airport,40.40328,-91.16885,692.0,US-IL,Carthage,no,,,IL,MARTINS AIRPORT
348877,US-5537,small_airport,Twenhafel Field,38.53616,-89.33475,453.0,US-IL,Carlyle,no,,,IL,TWENHAFEL FIELD
348878,US-5538,small_airport,Shubert Airport,38.27432,-89.63394,472.0,US-IL,Coulterville,no,,,IL,SHUBERT AIRPORT
349088,US-5593,small_airport,Lama Airport,37.24671,-105.92875,7613.0,US-CO,Sanford,no,,,CO,LAMA AIRPORT
349542,US-5661,seaplane_base,Knox Bay Seaplane Base,43.42704,-74.51613,1660.0,US-NY,Piseco,no,,,NY,KNOX BAY SEAPLANE BASE
349651,US-5707,heliport,Reynolds Aerial Service Heliport,40.186799,-88.503984,711.0,US-IL,Mansfield,no,,,IL,REYNOLDS AERIAL SERVICE HELIPORT
349695,US-5727,heliport,World Wide Technology Raceway,38.65205,-90.13473,408.0,US-IL,East Saint Louis,no,,,IL,WORLD WIDE TECHNOLOGY RACEWAY
349864,US-5793,small_airport,Warren Airport,41.69113,-88.72256,734.0,US-IL,Somonauk,no,,,IL,WARREN AIRPORT
350105,US-5899,small_airport,Buffalo Airport,39.30816,-104.70851,6948.0,US-CO,Franktown,no,,,CO,BUFFALO AIRPORT
350745,US-6182,small_airport,Shumway Innernational Airport,39.192007,-88.670287,642.0,US-IL,Effingham,no,,,IL,SHUMWAY INNERNATIONAL AIRPORT
350750,US-6187,heliport,Touchette Regional Hospital Heliport,38.56955,-90.109503,416.0,US-IL,Centreville,no,,,IL,TOUCHETTE REGIONAL HOSPITAL HELIPORT
351218,US-6325,small_airport,Farnsworth Airport,43.1936,-76.88359,406.0,US-NY,North Rose,no,,,NY,FARNSWORTH AIRPORT
351227,US-6332,seaplane_base,Lunn Seaplane Base,42.1063,-89.30254,675.0,US-IL,Oregon,no,,,IL,LUNN SEAPLANE BASE
351249,US-6338,heliport,OSF Healthcare/Urbana Heliport,40.117746,-88.225433,736.0,US-IL,Urbana,no,,,IL,OSF HEALTHCARE/URBANA HELIPORT
351990,US-6387,small_airport,Deanda Airport,38.85341,-107.83477,6549.0,US-CO,Hotchkiss,no,,,CO,DEANDA AIRPORT
352238,US-6412,heliport,Abbvie Heliport,42.289167,-87.894306,685.0,US-IL,North Chicago,no,,,IL,ABBVIE HELIPORT
352240,US-6413,heliport,Crown Point Corporation Helipad,42.024292,-87.781189,644.0,US-IL,Morton Grove,no,,,IL,CROWN POINT CORPORATION HELIPAD
352242,US-6414,heliport,Koehler Heliport,40.888497,-89.122475,748.0,US-IL,Benson,no,,,IL,KOEHLER HELIPORT
352262,US-6421,heliport,Centura Health Interquest Campus Heliport,38.987594,-104.810103,6648.0,US-CO,Colorado Springs,no,,,CO,CENTURA HEALTH INTERQUEST CAMPUS HELIPORT
352771,US-6491,small_airport,Pleasant Hill Airport,39.431217,-90.907874,447.0,US-IL,Pleasant Hill,no,,,IL,PLEASANT HILL AIRPORT
352781,US-6496,small_airport,Hamner Brook Airport,43.9981,-74.41847,1788.0,US-NY,Long Lake,no,,,NY,HAMNER BROOK AIRPORT
352877,US-6520,small_airport,Colman Airport,41.08405,-88.14146,630.0,US-IL,Buckingham,no,,,IL,COLMAN AIRPORT
352935,US-6529,small_airport,Kettley Farms Airport,41.74929,-89.04459,914.0,US-IL,Steward,no,,,IL,KETTLEY FARMS AIRPORT
352951,US-6534,small_airport,Giblin Farms Airport,42.17916,-88.69116,830.0,US-IL,Marengo,no,,,IL,GIBLIN FARMS AIRPORT
353002,US-6536,small_airport,Dick Burns Farm Airport,41.58455,-88.68929,661.0,US-IL,Leland,no,,,IL,DICK BURNS FARM AIRPORT
353012,US-6545,small_airport,Killam Flying Service Airport,39.34419,-89.98608,607.0,US-IL,Hettick,no,,,IL,KILLAM FLYING SERVICE AIRPORT
353084,US-6569,small_airport,Gibson Restricted Landing Area,41.00496,-90.70824,757.0,US-IL,Little York,no,,,IL,GIBSON RESTRICTED LANDING AREA
353182,US-6627,small_airport,Coen Aerial Spraying Airport,38.20856,-102.78847,3921.0,US-CO,Wiley,no,,,CO,COEN AERIAL SPRAYING AIRPORT
353274,US-6640,small_airport,Kanorado West Airport,39.35012,-102.06424,3952.0,US-CO,Burlington,no,,,CO,KANORADO WEST AIRPORT
353278,US-6642,small_airport,Rowdys Airport,38.81742,-102.33042,4244.0,US-CO,Cheyenne Wells,no,,,CO,ROWDYS AIRPORT
353279,US-6643,small_airport,Dead Stick Ranch Airport,39.34066,-104.52024,6663.0,US-CO,Kiowa,no,,,CO,DEAD STICK RANCH AIRPORT
353292,US-6650,small_airport,Leyners Hayfield Airport,40.04511,-105.11635,5056.0,US-CO,Lafayette,no,,,CO,LEYNERS HAYFIELD AIRPORT
353860,US-6781,small_airport,Hoerr Restricted Landing Area,40.790583,-89.665717,676.0,US-IL,Peoria,no,,,IL,HOERR RESTRICTED LANDING AREA
353863,US-6782,small_airport,Kingfield Airport,40.927343,-90.26511,750.0,US-IL,Knoxville,no,,,IL,KINGFIELD AIRPORT
353870,US-6784,seaplane_base,Spring Bay Seaplane Base,40.835603,-89.529085,440.0,US-IL,Spring Bay,no,,,IL,SPRING BAY SEAPLANE BASE
353877,US-6785,heliport,Kingdon RLA-H Heliport,40.769553,-88.949134,713.0,US-IL,El Paso,no,,,IL,KINGDON RLA-H HELIPORT
353880,US-6786,heliport,Quiram Heliport,40.850183,-89.0713,729.0,US-IL,Benson,no,,,IL,QUIRAM HELIPORT
354112,US-6807,small_airport,Hammer Restricted Landing Area,40.974358,-89.002794,705.0,US-IL,Dana,no,,,IL,HAMMER RESTRICTED LANDING AREA
354121,US-6809,small_airport,Furfaro Restricted Landing Area,38.693,-89.781861,500.0,US-IL,St Jacob,no,,,IL,FURFARO RESTRICTED LANDING AREA
354628,US-6828,seaplane_base,Great Lakes Seaplane Base,42.466547,-88.132836,737.0,US-IL,Antioch,no,,,IL,GREAT LAKES SEAPLANE BASE
355130,US-6892,heliport,Saint James Hospital Heliport,42.357176,-77.663748,1169.0,US-NY,Hornell,no,,,NY,SAINT JAMES HOSPITAL HELIPORT
355376,US-6898,small_airport,Mueller Airport,38.93577,-89.62467,598.0,US-IL,New Douglas,no,,,IL,MUELLER AIRPORT
355607,US-6941,heliport,Keller Army Community Hospital Heliport,41.40122,-73.97823,320.0,US-NY,West Point,no,,,NY,KELLER ARMY COMMUNITY HOSPITAL HELIPORT
355617,US-6944,heliport,Mohonk Mountain House Heliport,41.76723,-74.16047,1240.0,US-NY,New Paltz,no,,,NY,MOHONK MOUNTAIN HOUSE HELIPORT
356042,US-7059,small_airport,MA and KA Dickson Airport,39.66465,-102.17079,3808.0,US-CO,Idalia,no,,,CO,MA AND KA DICKSON AIRPORT
356065,US-7070,small_airport,Stults Family Farm Airport,40.2086,-102.30686,3772.0,US-CO,Wray,no,,,CO,STULTS FAMILY FARM AIRPORT
430253,US-7131,heliport,Children's Hospital Colorado North Campus Heliport,40.00208,-104.99247,5186.0,US-CO,Broomfield,no,,,CO,CHILDREN'S HOSPITAL COLORADO NORTH CAMPUS HELIPORT
430254,US-7132,heliport,St. Anthony North Hospital Heliport,39.95629,-104.99059,5195.0,US-CO,Westminster,no,,,CO,ST. ANTHONY NORTH HOSPITAL HELIPORT
430399,US-7144,small_airport,Marshall Farms Airport,41.860383,-88.655742,841.0,US-IL,Cortland,no,,,IL,MARSHALL FARMS AIRPORT
430471,US-7156,heliport,Mount St Marys Hospital Helipad,43.153497,-79.031407,607.0,US-NY,Lewiston,no,,,NY,MOUNT ST MARYS HOSPITAL HELIPAD
430549,US-7169,small_airport,Flying Acres Airport,43.34701,-75.3579,856.0,US-NY,Westernville,no,,,NY,FLYING ACRES AIRPORT
430562,US-7182,small_airport,Stony Island Airport,43.89052,-76.32743,296.0,US-NY,Hounsfield,no,,,NY,STONY ISLAND AIRPORT
430563,US-7183,small_airport,Galloo Island Airport,43.9055,-76.39704,287.0,US-NY,Hounsfield,no,,,NY,GALLOO ISLAND AIRPORT
430617,US-7207,small_airport,Air Sprayers Airport,37.64431,-102.42857,4197.0,US-CO,Granada,no,,,CO,AIR SPRAYERS AIRPORT
504859,US-7325,heliport,LifeNet McHenry Heliport,42.31646,-88.28102,811.0,US-IL,McHenry,no,,,IL,LIFENET MCHENRY HELIPORT
504898,US-7329,heliport,Avantara Aurora Heliport,41.78807,-88.32828,689.0,US-IL,Aurora,no,,,IL,AVANTARA AURORA HELIPORT
505062,US-7340,small_airport,Del Savio Airport,42.03866,-74.77601,2146.0,US-NY,Andes,no,,,NY,DEL SAVIO AIRPORT
505063,US-7341,small_airport,Skyhook Lodge Airport,42.37877,-76.53954,1141.0,US-NY,Newfield,no,,,NY,SKYHOOK LODGE AIRPORT
505291,US-7373,heliport,Corporal Jason G Pautsch Heliport,41.509999,-90.55789,571.0,US-IL,Rock Island,no,,,IL,CORPORAL JASON G PAUTSCH HELIPORT
505509,US-7407,small_airport,Hams Airport,38.23877,-88.82093,531.0,US-IL,Opdyke,no,,,IL,HAMS AIRPORT
505510,US-7408,small_airport,VC Bar Ranch Airport,38.07721,-107.29197,8727.0,US-CO,Lake City,no,,,CO,VC BAR RANCH AIRPORT
505515,US-7412,small_airport,Marble Airstrip,39.07483,-107.21479,7820.0,US-CO,Marble,no,,,CO,MARBLE AIRSTRIP
505589,US-7417,small_airport,Clarence C Johnson Airport,41.38435,-87.94476,694.0,US-IL,Manhattan,no,,,IL,CLARENCE C JOHNSON AIRPORT
505837,US-7460,small_airport,Dixon Springs Restricted Landing Area Airport,37.43456,-88.68977,550.0,US-IL,Simpson,no,,,IL,DIXON SPRINGS RESTRICTED LANDING AREA AIRPORT
505838,US-7461,small_airport,Sheldon Airport,42.76544,-78.46168,1400.0,US-NY,Strykersville,no,,,NY,SHELDON AIRPORT
505839,US-7462,small_airport,[Duplicate] Sheldon Airport,42.76544,-78.46168,1400.0,US-NY,Strykersville,no,,,NY,[DUPLICATE] SHELDON AIRPORT
505840,US-7463,small_airport,Sheldon Airstrip,42.75795,-78.39325,1511.0,US-NY,Strykersville,no,,,NY,SHELDON AIRSTRIP
505925,US-7476,heliport,South Suburban Heliport,41.370149,-87.750849,773.0,US-IL,Peotone,no,,,IL,SOUTH SUBURBAN HELIPORT
505984,US-7488,heliport,SCL Lutheran West Helipad,39.772046,-105.144714,5456.0,US-CO,Wheat Ridge,no,,,CO,SCL LUTHERAN WEST HELIPAD
506035,US-7497,heliport,Fox Hollow Heliport,41.301892,-74.384086,474.0,US-NY,Warwick,no,,,NY,FOX HOLLOW HELIPORT
506173,US-7506,small_airport,Thompson Airport,41.46736,-89.94189,607.0,US-IL,Annawan,no,,,IL,THOMPSON AIRPORT
506328,US-7516,small_airport,Bud Pierce Memorial Airport,42.343111,-89.923319,938.0,US-IL,Stockton,no,,,IL,BUD PIERCE MEMORIAL AIRPORT
506331,US-7518,small_airport,Spring Canyon Airport,37.414637,-104.775178,7265.0,US-CO,Walsenburg,no,,,CO,SPRING CANYON AIRPORT
506476,US-7532,small_airport,Wyoming Airport,41.04308,-89.77534,757.0,US-IL,Wyoming,no,,,IL,WYOMING AIRPORT
506477,US-7533,small_airport,Phil's Airstrip,40.990366,-89.800047,757.0,US-IL,Wyoming,no,,,IL,PHIL'S AIRSTRIP
507534,US-7572,heliport,Ranch Estate Heliport,41.171911,-74.086469,444.0,US-NY,Suffern,no,,,NY,RANCH ESTATE HELIPORT
507602,US-7576,heliport,Wyoming County Community Health Heliport,42.753392,-78.131467,1038.0,US-NY,Warsaw,no,,,NY,WYOMING COUNTY COMMUNITY HEALTH HELIPORT
508963,US-7708,small_airport,Hostetler Airport,38.84946,-107.82546,6519.0,US-CO,Hotchkiss,no,,,CO,HOSTETLER AIRPORT
509131,US-7779,small_airport,Judd Farms Airport,41.1301,-89.10697,671.0,US-IL,Lostant,no,,,IL,JUDD FARMS AIRPORT
509212,US-7823,small_airport,Denton Aerial Spraying Airport,38.15046,-103.15232,4022.0,US-CO,Las Animas,no,,,CO,DENTON AERIAL SPRAYING AIRPORT
509213,US-7824,small_airport,Walsh East Airport,37.39723,-102.27176,3954.0,US-CO,Walsh,no,,,CO,WALSH EAST AIRPORT
509234,US-7832,small_airport,Triple P Ranch Airport,39.29043,-104.747227,6707.0,US-CO,Franktown,no,,,CO,TRIPLE P RANCH AIRPORT
510352,US-7850,heliport,Rainbow Air Tourism Center Heliport,43.081717,-79.041572,568.0,US-NY,Niagara Falls,no,,,NY,RAINBOW AIR TOURISM CENTER HELIPORT
510914,US-7937,small_airport,Turkey Ridge Ranch Airport,37.80851,-104.58431,5866.0,US-CO,Walsenberg,no,,,CO,TURKEY RIDGE RANCH AIRPORT
510915,US-7938,small_airport,Bonanza Airpark,38.265487,-105.948522,7935.0,US-CO,Villa Grove,no,,,CO,BONANZA AIRPARK
511006,US-8001,small_airport,Cache River Airstrip,37.47623,-89.15703,501.0,US-IL,Anna,no,,,IL,CACHE RIVER AIRSTRIP
511017,US-8008,small_airport,Para-Tech Airport,43.26045,-77.99195,397.0,US-NY,Brockport,no,,,NY,PARA-TECH AIRPORT
511814,US-8134,heliport,Clover Stadium Heliport,41.170806,-74.037556,473.0,US-NY,Ramapo,no,,,NY,CLOVER STADIUM HELIPORT
513256,US-8144,small_airport,Denning Airport,40.001927,-104.415634,4977.0,US-CO,Keenesburg,no,,,CO,DENNING AIRPORT
513304,US-8149,small_airport,Clear Sky Ag Airport,38.820196,-102.174405,4049.0,US-CO,Arapahoe,no,,,CO,CLEAR SKY AG AIRPORT
514365,US-8164,heliport,Massena Substation Heliport,44.921495,-74.834651,239.0,US-NY,Massena,no,,,NY,MASSENA SUBSTATION HELIPORT
514709,US-8175,heliport,Wynn Hospital Helipad,43.104244,-75.236025,487.0,US-NY,Utica,no,,,NY,WYNN HOSPITAL HELIPAD
515930,US-8192,heliport,Pikes Peak Regional Hospital Heliport,38.97467,-105.07277,8717.0,US-CO,Woodland Park,no,,,CO,PIKES PEAK REGIONAL HOSPITAL HELIPORT
515931,US-8193,heliport,UCHealth Greeley Hospital Heliport,40.39154,-104.79267,4913.0,US-CO,Greeley,no,,,CO,UCHEALTH GREELEY HOSPITAL HELIPORT
516180,US-8256,small_airport,Palmer Airport,43.30841,-78.75472,318.0,US-NY,Burt,no,,,NY,PALMER AIRPORT
524103,US-8441,heliport,Halliburton Office Heliport,40.042222,-104.808889,4908.0,US-CO,Fort Lupton,no,,,CO,HALLIBURTON OFFICE HELIPORT
524124,US-8443,heliport,Franjo Jo Airways Heliport,41.825664,-75.099224,1226.0,US-NY,Hankins,no,,,NY,FRANJO JO AIRWAYS HELIPORT
525705,US-8452,small_airport,Trinchera Ranch Airstrip,37.46434,-105.406517,8283.0,US-CO,Fort Garland,no,,,CO,TRINCHERA RANCH AIRSTRIP
526259,US-8457,small_airport,Straeter Restricted Landing Area,38.741085,-89.567892,522.0,US-IL,Highland,no,,,IL,STRAETER RESTRICTED LANDING AREA
526310,US-8458,heliport,Coffin Bono Helicopter Launch Pad,43.288075,-74.981611,1250.0,US-NY,Town of Ohio,no,,,NY,COFFIN BONO HELICOPTER LAUNCH PAD
531410,US-8480,small_airport,Maga Field,40.182222,-104.099167,4591.0,US-CO,Wiggins,no,,,CO,MAGA FIELD
533511,US-8501,small_airport,Tract C-A-84 Mesa Airport,39.947881,-108.437589,6573.0,US-CO,Rifle,no,,,CO,TRACT C-A-84 MESA AIRPORT
533512,US-8502,heliport,Enterprise Meeker Gas Heliport,39.95204,-108.31873,6635.0,US-CO,Rifle,no,,,CO,ENTERPRISE MEEKER GAS HELIPORT
533586,US-8506,heliport,Mercyhealth Crystal Lake Hospital Heliport,42.218169,-88.284736,907.0,US-IL,Crystal Lake,no,,,IL,MERCYHEALTH CRYSTAL LAKE HOSPITAL HELIPORT
534862,US-8568,small_airport,Monogram Mesa Airport,38.199764,-108.745669,7045.0,US-CO,Naturita,no,,,CO,MONOGRAM MESA AIRPORT
534864,US-8570,small_airport,Flight Trak Airport,39.0892,-108.35294,5128.0,US-CO,Palisade,no,,,CO,FLIGHT TRAK AIRPORT
534867,US-8571,small_airport,Ward Creek Airport,38.96742,-107.96815,7385.0,US-CO,Cedaredge,no,,,CO,WARD CREEK AIRPORT
535636,US-8596,small_airport,Stetler Airport,37.54219,-104.73432,6550.0,US-CO,Walsenburg,no,,,CO,STETLER AIRPORT
536847,US-8661,small_airport,Campo Airport,37.1142,-102.59026,4364.0,US-CO,Campo,no,,,CO,CAMPO AIRPORT
541156,US-8947,small_airport,Blue Water Airport,38.098042,-106.08976,7710.0,US-CO,Saguache,no,,,CO,BLUE WATER AIRPORT
541499,US-8956,small_airport,Evans Airport,40.7727,-104.93097,5608.0,US-CO,Carr,no,,,CO,EVANS AIRPORT
541500,US-8957,small_airport,Pelican Cove Airport,40.75439,-104.95086,5387.0,US-CO,Wellington,no,,,CO,PELICAN COVE AIRPORT
541502,US-8958,small_airport,Nielsen Airport,40.78758,-105.09959,5529.0,US-CO,Wellington,no,,,CO,NIELSEN AIRPORT
547128,US-8987,heliport,Poudre Valley Hospital G1 Heliport,40.572334,-105.053716,4963.0,US-CO,Fort Collins,no,,,CO,POUDRE VALLEY HOSPITAL G1 HELIPORT
547132,US-8988,heliport,Poudre Valley Hospital Emergency Helipad,40.572524,-105.057276,4995.0,US-CO,Fort Collins,no,,,CO,POUDRE VALLEY HOSPITAL EMERGENCY HELIPAD
550714,US-8998,small_airport,Ak Su Airport,38.557514,-105.552975,8440.0,US-CO,Canon City,no,,,CO,AK SU AIRPORT
554478,US-9042,heliport,Keene Memorial Hospital Heliport,38.8266,-102.35491,4285.0,US-CO,Cheyenne Wells,no,,,CO,KEENE MEMORIAL HOSPITAL HELIPORT
557986,US-9068,small_airport,Nautical Mile Airport,42.964158,-74.744811,725.0,US-NY,Fort Plain,no,,,NY,NAUTICAL MILE AIRPORT
558502,US-9080,heliport,Adar Ridgeport Heliport,41.342264,-88.196378,537.0,US-IL,Wilmington,no,,,IL,ADAR RIDGEPORT HELIPORT
558527,US-9083,small_airport,Hard Barn Cargas Farm Airport,42.222539,-79.327701,1687.0,US-NY,Sinclairville,no,,,NY,HARD BARN CARGAS FARM AIRPORT
561785,US-9102,small_airport,Nilhas Aero Ranch Airport,40.679059,-104.727746,5098.0,US-CO,Pierce,no,,,CO,NILHAS AERO RANCH AIRPORT
561827,US-9104,small_airport,Flying Q Farm Airport,42.276572,-88.563294,860.0,US-IL,Marengo,no,,,IL,FLYING Q FARM AIRPORT
562518,US-9117,small_airport,STOL Performance Airport,42.848894,-78.445456,1145.0,US-NY,Bennington,no,,,NY,STOL PERFORMANCE AIRPORT
567492,US-9123,small_airport,Eagles Eye Airport,43.223969,-75.752622,402.0,US-NY,North Bay,no,,,NY,EAGLES EYE AIRPORT
569192,US-9147,small_airport,Alms Restricted Landing Area,39.579775,-88.623525,668.0,US-IL,Sullivan,no,,,IL,ALMS RESTRICTED LANDING AREA
574557,US-9273,small_airport,MRW Farms Airfield,40.686137,-104.799728,5175.0,US-CO,Nunn,no,,,CO,MRW FARMS AIRFIELD
574719,US-9276,small_airport,Shkyview Airport,37.755582,-105.157907,7064.0,US-CO,Gardner,no,,,CO,SHKYVIEW AIRPORT
25591,W57,small_airport,Round Lake Airport and Seaplane Base,42.92919921875,-73.770401000977,175.0,US-NY,Round Lake,no,,,NY,ROUND LAKE AIRPORT AND SEAPLANE BASE
