Station_ID,state_abbr,date,avg_temp_c,avg_humidity_pct,avg_wind_speed_kmh,avg_visibility_km,total_precip_mm,avg_pressure_hpa
KDEN_Denver,CO,2021-01-01,-1.4583333333333333,65.0625,10.108666875,16.0692599,0.0,834.7345525312501
KDEN_Denver,CO,2021-01-02,1.3368055555555556,49.625,16.143691875,16.0692599,0.0,829.73962728125
KDEN_Denver,CO,2021-01-03,4.166666666666667,37.78125,15.59048125,16.0692599,0.0,828.61788559375
KDEN_Denver,CO,2021-01-04,4.131944444444445,38.75,14.936686875,16.0692599,0.0,833.82446021875
KDEN_Denver,CO,2021-01-05,4.343434343434343,45.21212121212121,22.09184909090909,16.069991418181814,0.0,829.8092150303031
KDEN_Denver,CO,2021-01-06,-0.9548611111111112,52.15625,13.126179375,16.0692599,0.0,836.63939690625
KDEN_Denver,CO,2021-01-07,-0.3819444444444445,57.34375,12.824428124999999,16.0692599,0.0,835.295423375
KDEN_Denver,CO,2021-01-08,-0.9722222222222221,56.0,12.019758125,16.0692599,0.0,837.8457983437501
KDEN_Denver,CO,2021-01-09,-2.195767195767196,85.63492063492063,6.743900952380953,6.001305495238095,6.604,838.3895356666667
KDEN_Denver,CO,2021-01-10,-3.401559454191033,88.82456140350877,6.40912596491228,5.7518376280701755,0.0,839.4979630701754
KDEN_Denver,CO,2021-01-11,-1.6498316498316499,47.333333333333336,15.654489090909093,16.069991418181814,0.0,837.6184356060605
KDEN_Denver,CO,2021-01-12,2.9687499999999996,32.0,17.551864375,16.0692599,0.0,835.45416040625
KDEN_Denver,CO,2021-01-13,8.98989898989899,36.54545454545455,25.65190424242424,16.069991418181814,0.0,829.6860735757575
KDEN_Denver,CO,2021-01-14,-0.5723905723905723,37.90909090909091,34.43012242424243,16.069991418181814,0.0,835.4326747878788
KDEN_Denver,CO,2021-01-15,-0.5729166666666666,35.78125,14.886395,16.0692599,0.0,835.0202791875
KDEN_Denver,CO,2021-01-16,1.9618055555555556,51.03125,14.6852275,16.0692599,0.0,833.71863553125
KDEN_Denver,CO,2021-01-17,3.420138888888889,46.75,12.925011875,16.0692599,0.0,831.11534821875
KDEN_Denver,CO,2021-01-18,-0.2777777777777778,59.1875,12.97530375,16.018968025,0.0,834.12076934375
KDEN_Denver,CO,2021-01-19,-2.2395833333333335,55.0,8.95195375,16.0692599,0.0,840.9041318125
KDEN_Denver,CO,2021-01-20,5.428571428571429,33.142857142857146,21.611137142857142,16.07132905142857,0.0,831.0975092000001
KDEN_Denver,CO,2021-01-21,3.5185185185185186,43.303030303030305,17.31259696969697,16.069991418181814,0.0,830.6506816363636
KDEN_Denver,CO,2021-01-22,-0.03472222222222218,56.8125,10.309834375,16.0692599,0.0,828.7237102812501
KDEN_Denver,CO,2021-01-23,-1.4379084967320261,66.52941176470588,11.26538,16.023346376470585,0.0,825.0640435882353
KDEN_Denver,CO,2021-01-24,-2.7923976608187133,73.07894736842105,10.376007894736842,16.030720442105263,0.0,825.7801130526317
KDEN_Denver,CO,2021-01-25,-4.548611111111111,83.25,13.008831666666666,8.4731751,0.0,822.4624162708334
KDEN_Denver,CO,2021-01-26,-6.964285714285714,85.42857142857143,15.604850357142857,4.7564618464285715,2.54,825.71073025
KDEN_Denver,CO,2021-01-27,-8.507936507936508,78.25714285714285,8.506511428571429,12.129365674285713,0.0,833.1390186
KDEN_Denver,CO,2021-01-28,1.0243055555555556,64.4375,10.46071,13.2579440875,0.0,834.1313518125
KDEN_Denver,CO,2021-01-29,6.245791245791246,44.72727272727273,14.48406,16.069991418181814,0.0,825.2324576363636
KDEN_Denver,CO,2021-01-30,4.84375,42.5625,17.853615625,16.0692599,0.0,827.5135537741936
KDEN_Denver,CO,2021-01-31,0.6944444444444444,42.15625,13.327346875,16.0692599,0.0,841.02053896875
KDEN_Denver,CO,2021-02-01,4.131944444444445,37.40625,10.46071,16.0692599,0.0,837.2214326875
KDEN_Denver,CO,2021-02-02,8.072916666666666,33.96875,12.220925625,16.0692599,0.0,833.12601728125
KDEN_Denver,CO,2021-02-03,7.397660818713451,43.94736842105263,28.841066842105263,15.988369389473684,0.0,824.7731076052632
KDEN_Denver,CO,2021-02-04,-0.05208333333333333,42.875,23.687473125,16.0692599,0.0,828.87186484375
KDEN_Denver,CO,2021-02-05,0.5729166666666666,38.40625,14.333184375,16.0692599,0.0,824.797614375
KDEN_Denver,CO,2021-02-06,0.5892255892255892,46.24242424242424,15.99281625,16.069991418181814,0.0,825.5197876969697
KDEN_Denver,CO,2021-02-07,-1.8292682926829271,53.707317073170735,25.19990926829268,13.22131688292683,0.0,823.6691618536586
KDEN_Denver,CO,2021-02-08,-10.164141414141413,78.47727272727273,12.10662590909091,8.443914372727273,0.0,824.9784783863637
KDEN_Denver,CO,2021-02-09,-9.160206718346254,82.34883720930233,8.346112093023256,8.148746786363636,0.0,828.9805756590908
KDEN_Denver,CO,2021-02-10,-8.494152046783626,81.21052631578948,12.281805263157894,7.7201733842105265,0.254,830.0220121052632
KDEN_Denver,CO,2021-02-11,-10.775193798449612,80.3953488372093,13.960088837209302,5.099362209302326,0.0,831.1146099069769
KDEN_Denver,CO,2021-02-12,-14.758454106280194,78.23913043478261,16.023428695652175,8.422795760869565,0.0,829.2459321086957
KDEN_Denver,CO,2021-02-13,-16.271929824561404,76.35526315789474,16.940421052631578,5.224849363157895,6.604,830.5656168157896
KDEN_Denver,CO,2021-02-14,-14.030732860520095,74.27659574468085,13.148650212765956,9.12358814893617,2.286,833.7508332553192
KDEN_Denver,CO,2021-02-15,-12.609427609427609,73.18181818181819,8.583146666666666,14.731800824242423,0.0,825.263243
KDEN_Denver,CO,2021-02-16,-6.09375,66.6875,11.567131250000001,16.018968025,0.0,819.74977678125
KDEN_Denver,CO,2021-02-17,-5.354406130268199,83.62068965517241,10.46071,5.879640448275862,2.794,828.2526079655172
KDEN_Denver,CO,2021-02-18,-5.984126984126984,74.97142857142858,10.621644,13.961254405714284,0.0,836.6221626
KDEN_Denver,CO,2021-02-19,-0.6222222222222222,48.68,23.045748800000002,16.089537584,0.0,832.6455732
KDEN_Denver,CO,2021-02-20,2.287581699346405,66.1470588235294,24.282100588235295,11.833382352941175,2.54,826.747278617647
KDEN_Denver,CO,2021-02-21,-0.35842293906810035,56.74193548387097,17.650825806451614,16.0290264,0.0,832.1671090645162
KDEN_Denver,CO,2021-02-22,6.616161616161617,35.484848484848484,20.433741212121213,16.069991418181814,0.0,833.2776993333334
KDEN_Denver,CO,2021-02-23,7.555555555555556,32.97142857142857,22.622722285714286,15.979366765714284,0.0,828.0787844
KDEN_Denver,CO,2021-02-24,-1.9444444444444444,71.02272727272727,20.665388636363637,9.807464263636364,10.16,836.86162875
KDEN_Denver,CO,2021-02-25,-5.997150997150997,85.6923076923077,8.624411794871795,10.251495799999999,5.08,836.0041774358975
KDEN_Denver,CO,2021-02-26,-4.1741741741741745,67.48648648648648,14.00560756756757,12.00959101081081,0.0,825.3090050270271
KDEN_Denver,CO,2021-02-27,-2.4652777777777777,51.28125,17.551864375,16.0692599,0.0,824.83994425
KDEN_Denver,CO,2021-02-28,-3.3159722222222223,43.4375,10.56129375,16.0692599,0.0,833.9039994193549
KDEN_Denver,CO,2021-03-01,1.5625,38.59375,15.8922325,16.0692599,0.0,838.50191140625
KDEN_Denver,CO,2021-03-02,6.319444444444445,35.9375,12.925011875,16.0692599,0.0,832.55456396875
KDEN_Denver,CO,2021-03-03,6.857638888888889,37.1875,16.847778125,16.0692599,0.0,832.755630875
KDEN_Denver,CO,2021-03-04,2.6785714285714284,76.125,19.082174285714284,11.838994757142856,19.304,833.698982375
KDEN_Denver,CO,2021-03-05,5.868055555555555,55.75,17.250113125,16.0692599,0.0,840.3961733125001
KDEN_Denver,CO,2021-03-06,9.53125,34.21875,14.886395,16.0692599,0.0,832.6074763125
KDEN_Denver,CO,2021-03-07,12.135416666666668,26.28125,20.167041875,16.0692599,0.0,833.5387335625
KDEN_Denver,CO,2021-03-08,10.79861111111111,32.21875,13.427930625,16.0692599,0.0,831.87728596875
KDEN_Denver,CO,2021-03-09,11.801346801346801,31.484848484848484,22.43322424242424,16.069991418181814,0.0,825.9199974242424
KDEN_Denver,CO,2021-03-10,2.685185185185185,71.66666666666667,16.495735,12.0267989875,1.778,825.0798135416667
KDEN_Denver,CO,2021-03-11,3.0994152046783627,58.31578947368421,17.74509105263158,16.07307149473684,0.0,832.9806475789474
KDEN_Denver,CO,2021-03-12,3.431372549019608,71.08823529411765,17.27673823529412,15.208736335294118,0.0,836.8168088823529
KDEN_Denver,CO,2021-03-13,0.33496732026143794,92.63235294117646,16.99273705882353,5.400992373529412,30.48,832.245182382353
KDEN_Denver,CO,2021-03-14,-1.5784832451499118,92.4920634920635,41.25530317460318,1.174562749206349,50.8,823.7904321111112
KDEN_Denver,CO,2021-03-15,-3.1944444444444446,84.16666666666667,14.662875555555555,15.424629822222222,0.0,825.1315500555556
KDEN_Denver,CO,2021-03-16,-2.4116161616161618,83.61363636363636,9.509736363636364,9.3180786,0.0,827.8569098863637
KDEN_Denver,CO,2021-03-17,-1.25,77.05,9.173238000000001,13.710772129999999,0.508,834.8382607249999
KDEN_Denver,CO,2021-03-18,-0.6451612903225807,73.06451612903226,14.951287741935483,15.190612174193548,0.0,838.7978791612904
KDEN_Denver,CO,2021-03-19,2.4126984126984126,74.91428571428571,11.863134857142857,10.09699916,0.0,836.8543722000001
KDEN_Denver,CO,2021-03-20,8.564814814814815,51.138888888888886,20.83201222222222,14.33072566111111,0.0,827.6807491944445
KDEN_Denver,CO,2021-03-21,1.4814814814814816,80.07843137254902,18.460076470588234,9.479328156862746,10.414,831.3919449019608
KDEN_Denver,CO,2021-03-22,0.25862068965517243,86.75862068965517,6.576096206896552,7.372164562068965,6.35,829.432005862069
KDEN_Denver,CO,2021-03-23,1.2361111111111112,78.675,21.1225875,10.581812835,2.7939999999999996,828.573439225
KDEN_Denver,CO,2021-03-24,0.1490514905149051,75.63414634146342,16.642930731707317,13.291185790243903,0.762,829.0213099512195
KDEN_Denver,CO,2021-03-25,5.121527777777778,49.25,12.422093125,16.0692599,0.0,821.7286984375
KDEN_Denver,CO,2021-03-26,4.444444444444445,68.66666666666667,13.858205555555555,16.071942133333334,0.0,827.0693176666667
KDEN_Denver,CO,2021-03-27,3.3333333333333335,61.78947368421053,13.918616216216215,13.803478584210525,0.0,835.698671131579
KDEN_Denver,CO,2021-03-28,9.86111111111111,34.09375,21.776381875,16.0692599,0.0,835.634062375
KDEN_Denver,CO,2021-03-29,10.9640522875817,30.823529411764707,27.074778823529414,15.34884358235294,0.0,823.0322095882353
KDEN_Denver,CO,2021-03-30,-2.1666666666666665,78.75,17.99778566666667,8.84090929,7.62,832.5778454
KDEN_Denver,CO,2021-03-31,2.204861111111111,47.25,15.439605625,16.0692599,0.0,842.09995078125
KDEN_Denver,CO,2021-04-01,9.565972222222223,28.78125,14.634935625,16.0692599,0.0,837.6870613125001
KDEN_Denver,CO,2021-04-02,14.562289562289562,19.666666666666668,14.735519375,16.069991418181814,0.0,834.3962342121213
KDEN_Denver,CO,2021-04-03,15.381944444444445,20.9375,14.936686875,16.0692599,0.0,836.97803590625
KDEN_Denver,CO,2021-04-04,17.17171717171717,22.90909090909091,15.65448909090909,16.069991418181814,0.0,833.4521497272727
KDEN_Denver,CO,2021-04-05,17.037037037037035,23.606060606060606,20.287437575757572,16.069991418181814,0.0,824.4217763939395
KDEN_Denver,CO,2021-04-06,5.875,68.05,22.53076,14.16460601,9.144,825.9489869750001
KDEN_Denver,CO,2021-04-07,8.238095238095237,53.48571428571429,13.012663428571429,16.07132905142857,0.0,830.7395194000001
KDEN_Denver,CO,2021-04-08,14.114583333333334,22.75,12.07005,16.0692599,0.0,826.16275284375
KDEN_Denver,CO,2021-04-09,4.322916666666667,49.15625,22.178716875,16.0692599,0.0,831.24233784375
KDEN_Denver,CO,2021-04-10,9.409722222222221,33.28125,12.321509375,16.0692599,0.0,827.30565946875
KDEN_Denver,CO,2021-04-11,7.592592592592593,34.15151515151515,22.82336727272727,16.069991418181814,0.0,828.0441875151515
KDEN_Denver,CO,2021-04-12,1.8055555555555556,47.875,12.220925625,16.0692599,0.0,835.11552140625
KDEN_Denver,CO,2021-04-13,3.3854166666666665,44.125,24.7436025,16.0692599,0.0,836.6076495
KDEN_Denver,CO,2021-04-14,3.368055555555556,55.0625,15.691065,16.0692599,0.0,835.66580978125
KDEN_Denver,CO,2021-04-15,1.6666666666666667,82.15217391304348,26.764023913043477,8.360871156521739,13.97,830.5857646739131
KDEN_Denver,CO,2021-04-16,-0.9953703703703703,83.25,15.657537083333333,10.2836826,1.778,836.6711443125
KDEN_Denver,CO,2021-04-17,1.5765765765765765,64.13513513513513,14.179590270270271,15.898539372972971,0.0,838.0766105675675
KDEN_Denver,CO,2021-04-18,7.026143790849673,44.1764705882353,18.602077058823532,16.07067990588235,0.0,835.2829734117648
KDEN_Denver,CO,2021-04-19,-2.1067821067821066,86.85714285714286,23.533984935064932,3.3929903324675323,11.938,834.3053440909091
KDEN_Denver,CO,2021-04-20,-3.6265432098765435,68.27777777777777,11.846530555555555,14.151463066666667,1.016,838.4231308055555
KDEN_Denver,CO,2021-04-21,-0.22458628841607564,80.57446808510639,13.730751914893617,8.121345982978722,4.064,834.4497265106384
KDEN_Denver,CO,2021-04-22,2.8362573099415203,73.39473684210526,13.213528421052631,14.04742064736842,0.0,825.7444668421052
KDEN_Denver,CO,2021-04-23,7.309027777777778,57.9375,14.534351875,16.0692599,0.0,828.0781796875
KDEN_Denver,CO,2021-04-24,6.838624338624339,68.02380952380952,10.805568571428571,9.985188347619047,0.0,829.3430366666666
KDEN_Denver,CO,2021-04-25,16.770833333333332,31.5625,13.8805575,16.0692599,0.0,823.1150018437501
KDEN_Denver,CO,2021-04-26,18.95061728395062,16.72222222222222,19.863853714285714,16.071942133333334,0.0,820.3906040555556
KDEN_Denver,CO,2021-04-27,8.271604938271606,73.98148148148148,20.981025185185185,12.692030107407406,34.798,828.1351622115385
KDEN_Denver,CO,2021-04-28,7.733918128654971,74.02631578947368,19.65088842105263,15.730027968421053,6.604,834.9233660526316
KDEN_Denver,CO,2021-04-29,12.36111111111111,50.125,12.723844375,16.0692599,0.0,840.967626625
KDEN_Denver,CO,2021-04-30,17.51736111111111,34.8125,17.60215625,16.0692599,0.0,837.9410405625
KDEN_Denver,CO,2021-05-01,21.797385620915033,24.676470588235293,15.383397058823528,16.07067990588235,0.0,827.3149969411764
KDEN_Denver,CO,2021-05-02,12.063492063492063,67.88095238095238,25.63448714285714,14.48712540952381,6.096,824.6746561666666
KDEN_Denver,CO,2021-05-03,4.9111111111111105,93.34,19.0867724,12.489444004,23.368,833.43121568
KDEN_Denver,CO,2021-05-04,8.626543209876543,70.05555555555556,11.26538,15.848422688888888,0.254,834.0020105277778
KDEN_Denver,CO,2021-05-05,9.913194444444445,66.46875,14.98697875,15.666924899999998,0.0,838.4172516562501
KDEN_Denver,CO,2021-05-06,12.317460317460316,59.02857142857143,11.587247999999999,16.07132905142857,0.0,839.5538088
KDEN_Denver,CO,2021-05-07,20.016339869281044,33.26470588235294,20.30608411764706,16.07067990588235,0.0,830.1535885588236
KDEN_Denver,CO,2021-05-08,14.0,53.06666666666667,18.131897333333335,14.788761706666666,11.43,827.1370454666667
KDEN_Denver,CO,2021-05-09,5.912698412698413,75.14285714285714,16.438258571428573,15.180291138095237,2.286,834.116234
KDEN_Denver,CO,2021-05-10,5.01207729468599,83.91304347826087,26.764023913043477,13.681838995652173,6.096,834.1709210434783
KDEN_Denver,CO,2021-05-11,3.192090395480226,92.16949152542372,9.492378305084747,10.545814081355932,11.176,837.8617617288136
KDEN_Denver,CO,2021-05-12,9.027777777777779,63.71875,11.16479625,16.0692599,0.0,839.30617903125
KDEN_Denver,CO,2021-05-13,15.252525252525253,46.72727272727273,12.37180125,16.069991418181814,0.0,836.3049267575757
KDEN_Denver,CO,2021-05-14,14.269005847953215,62.026315789473685,12.004806486486487,16.030720442105263,0.0,834.9857469210526
KDEN_Denver,CO,2021-05-15,14.273504273504273,72.97435897435898,12.998515384615384,14.260815656410255,0.0,832.9998416923078
KDEN_Denver,CO,2021-05-16,12.272727272727273,86.18181818181819,10.716741363636363,11.153091959090908,0.762,832.9134058636363
KDEN_Denver,CO,2021-05-17,13.720930232558139,72.18604651162791,18.114431627906978,14.090707362790697,6.604,831.9572697441861
KDEN_Denver,CO,2021-05-18,10.236406619385342,87.68085106382979,12.052929361702127,11.252368314893616,5.334,830.9264398936169
KDEN_Denver,CO,2021-05-19,14.913194444444445,60.0,12.07005,16.0692599,0.0,828.89302978125
KDEN_Denver,CO,2021-05-20,19.65686274509804,43.14705882352941,16.661402352941174,16.07067990588235,0.0,825.4425224705883
KDEN_Denver,CO,2021-05-21,20.3125,34.03125,25.900315625,16.0692599,0.0,828.5438083125
KDEN_Denver,CO,2021-05-22,12.722222222222221,82.46,14.48406,12.017907384,57.912,835.19213848
KDEN_Denver,CO,2021-05-23,15.11111111111111,69.17777777777778,20.95718311111111,14.386426706666665,17.018,831.5694537111111
KDEN_Denver,CO,2021-05-24,12.364341085271317,65.95348837209302,12.275895813953488,12.730253665116278,0.0,833.4772075813954
KDEN_Denver,CO,2021-05-25,16.296296296296294,48.02777777777778,13.813501666666667,16.071942133333334,0.0,834.9708943333334
KDEN_Denver,CO,2021-05-26,18.636363636363637,52.60606060606061,13.069791515151515,16.069991418181814,0.0,833.3187464848485
KDEN_Denver,CO,2021-05-27,14.888888888888888,61.42857142857143,12.506870857142857,16.07132905142857,0.0,836.0609894
KDEN_Denver,CO,2021-05-28,17.192982456140353,53.8421052631579,17.914495263157892,15.978205136842103,0.0,833.9430952631579
KDEN_Denver,CO,2021-05-29,14.512195121951219,75.58536585365853,16.40741756097561,14.41222848292683,0.0,834.604723707317
KDEN_Denver,CO,2021-05-30,10.833333333333332,96.07246376811594,13.932286285714286,9.051617877142856,31.75,838.2427921
KDEN_Denver,CO,2021-05-31,11.028368794326243,86.02127659574468,8.457595319148936,14.288199897872339,0.0,840.3290759574469
KDEN_Denver,CO,2021-06-01,13.506944444444443,66.25,13.8805575,16.0692599,0.0,837.99395290625
KDEN_Denver,CO,2021-06-02,16.774193548387096,55.41935483870968,14.743630967741934,16.071596038709675,0.0,835.3896414838711
KDEN_Denver,CO,2021-06-03,19.865319865319865,51.333333333333336,12.220925625,16.069991418181814,0.0,834.5296374545454
KDEN_Denver,CO,2021-06-04,21.73611111111111,47.28125,12.522676875,16.0692599,0.0,833.21067703125
KDEN_Denver,CO,2021-06-05,24.53125,38.0,15.79164875,16.0692599,0.0,829.18933890625
KDEN_Denver,CO,2021-06-06,23.036175710594314,42.093023255813954,18.82553534883721,15.963155739534884,0.0,829.0906512325582
KDEN_Denver,CO,2021-06-07,23.168168168168165,41.08108108108108,12.526754594594594,16.072522075675675,0.0,829.4367398648649
KDEN_Denver,CO,2021-06-08,24.375,39.65625,20.066458125,16.0692599,0.0,830.3639929375
KDEN_Denver,CO,2021-06-09,22.92022792022792,57.97435897435897,15.268097435897438,12.949822533333332,0.0,835.6829045384616
KDEN_Denver,CO,2021-06-10,26.336805555555554,36.78125,19.312079999999998,16.0722774125,0.0,829.7502097500001
KDEN_Denver,CO,2021-06-11,17.552083333333332,32.6875,19.060620625,16.0692599,0.0,835.39066559375
KDEN_Denver,CO,2021-06-12,22.525252525252526,44.15151515151515,16.43477515151515,16.069991418181814,0.0,835.5352926666667
KDEN_Denver,CO,2021-06-13,25.763888888888893,52.15,17.139471,15.903497879999998,0.0,836.2351466
KDEN_Denver,CO,2021-06-14,26.313131313131315,48.78125,14.6852275,16.069991418181814,0.0,837.1053462121213
KDEN_Denver,CO,2021-06-15,28.10763888888889,39.21875,14.2828925,16.0692599,0.0,836.7134741875
KDEN_Denver,CO,2021-06-16,28.489583333333332,26.375,17.048945625,16.0692599,0.0,836.3854176562501
KDEN_Denver,CO,2021-06-17,28.88888888888889,23.4375,16.39515125,16.0692599,0.0,834.20542909375
KDEN_Denver,CO,2021-06-18,25.65972222222222,33.09375,15.79164875,16.0692599,0.0,834.22659403125
KDEN_Denver,CO,2021-06-19,22.8921568627451,47.8235294117647,14.058058235294117,16.07067990588235,0.0,831.0898257941177
KDEN_Denver,CO,2021-06-20,20.57017543859649,51.73684210526316,20.268984864864866,15.903667284210528,0.762,832.6776547894736
KDEN_Denver,CO,2021-06-21,15.166666666666666,74.85,11.104446,15.38046238,1.27,838.1315250000001
KDEN_Denver,CO,2021-06-22,23.88888888888889,40.5625,14.333184375,15.868092399999998,0.0,830.7237968750001
KDEN_Denver,CO,2021-06-23,28.020833333333336,23.09375,17.451280625,16.0692599,0.0,831.00952353125
KDEN_Denver,CO,2021-06-24,21.520467836257307,54.44736842105263,17.92021837837838,15.650831499999999,15.239999999999998,833.5955447105264
KDEN_Denver,CO,2021-06-25,18.59722222222222,71.0,13.437988999999998,15.541396379999998,3.3019999999999996,833.331317175
KDEN_Denver,CO,2021-06-26,15.583333333333334,78.35,16.6969025,15.832686919999997,11.937999999999999,836.6923092500001
KDEN_Denver,CO,2021-06-27,17.73148148148148,59.5,12.651200555555555,16.071942133333334,5.588,838.2726245833333
KDEN_Denver,CO,2021-06-28,16.879084967320264,66.47058823529412,10.271375882352942,15.976012847058822,3.0479999999999996,840.1235191176471
KDEN_Denver,CO,2021-06-29,18.496732026143793,61.76470588235294,14.152725294117646,16.07067990588235,0.0,839.9243197058825
KDEN_Denver,CO,2021-06-30,21.363636363636363,57.15151515151515,16.495735,16.069991418181814,0.0,837.7723624242425
KDEN_Denver,CO,2021-07-01,18.4984984984985,78.97297297297297,15.78893027027027,16.072522075675675,1.778,837.902714864865
KDEN_Denver,CO,2021-07-02,20.72222222222222,70.15,16.334801,13.802906844999999,0.0,837.0394142250001
KDEN_Denver,CO,2021-07-03,24.830246913580247,48.888888888888886,13.411166666666666,15.937830466666664,0.0,835.0085208888889
KDEN_Denver,CO,2021-07-04,24.521604938271608,49.138888888888886,14.528763888888887,15.531025077777777,0.0,835.3659731666667
KDEN_Denver,CO,2021-07-05,24.074074074074076,50.611111111111114,16.406327222222224,16.071942133333334,0.0,835.7798652777778
KDEN_Denver,CO,2021-07-06,22.82986111111111,57.25,15.99281625,16.0692599,0.0,838.6077360937501
KDEN_Denver,CO,2021-07-07,24.444444444444443,48.125,17.250113125,16.0692599,0.0,836.97803590625
KDEN_Denver,CO,2021-07-08,28.919753086419753,30.805555555555557,19.909834857142855,15.837693755555554,0.0,832.9014337777778
KDEN_Denver,CO,2021-07-09,27.870370370370367,34.27777777777778,17.25570111111111,15.669607133333333,0.0,834.5946287777778
KDEN_Denver,CO,2021-07-10,21.973684210526315,47.973684210526315,15.39746918918919,16.07307149473684,0.0,840.1366243421053
KDEN_Denver,CO,2021-07-11,21.68402777777778,44.6875,10.511001875,16.0692599,0.0,838.6606484375001
KDEN_Denver,CO,2021-07-12,24.15824915824916,39.696969696969695,14.132016875,16.069991418181814,0.0,837.023251909091
KDEN_Denver,CO,2021-07-13,24.305555555555557,39.21875,16.143691875000002,16.018968025,0.0,835.8668766875
KDEN_Denver,CO,2021-07-14,20.225694444444443,61.15625,13.17647125,16.018968025,0.0,836.13143840625
KDEN_Denver,CO,2021-07-15,22.256944444444443,50.21875,13.57880625,15.906314225,0.0,835.6023149687501
KDEN_Denver,CO,2021-07-16,25.016835016835017,38.696969696969695,16.532310909090906,16.0692599,0.0,834.7143496363636
KDEN_Denver,CO,2021-07-17,23.97897897897898,51.891891891891895,14.658042702702703,15.594069643243243,5.842,837.8111908108109
KDEN_Denver,CO,2021-07-18,24.545454545454547,50.36363636363637,14.333184375,16.069991418181814,0.0,840.840637
KDEN_Denver,CO,2021-07-19,25.60763888888889,39.1875,13.4782225,15.968676149999999,0.0,840.83005453125
KDEN_Denver,CO,2021-07-20,26.70138888888889,35.21875,20.569376875,16.0692599,0.0,837.40133465625
KDEN_Denver,CO,2021-07-21,25.885416666666668,44.8125,17.0992375,16.0692599,0.0,836.0785260625
KDEN_Denver,CO,2021-07-22,26.875,44.2,13.035654,15.953387419999999,1.016,835.4816748250001
KDEN_Denver,CO,2021-07-23,26.475694444444443,46.5,17.451280625,16.0692599,0.0,836.7558040625
KDEN_Denver,CO,2021-07-24,24.20138888888889,48.28125,11.96946625,15.309852587499998,0.0,839.30617903125
KDEN_Denver,CO,2021-07-25,24.618055555555557,45.625,16.79748625,15.805730474999999,0.0,837.10502553125
KDEN_Denver,CO,2021-07-26,25.46875,44.09375,12.17063375,15.755438599999998,0.0,836.4383300000001
KDEN_Denver,CO,2021-07-27,27.13804713804714,42.21212121212121,17.31259696969697,16.069991418181814,0.0,837.2797966060606
KDEN_Denver,CO,2021-07-28,28.645833333333332,34.75,13.930849375,16.0692599,0.0,836.4171650625
KDEN_Denver,CO,2021-07-29,26.91919191919192,39.96969696969697,16.532310909090906,16.069991418181814,0.0,838.0802160606061
KDEN_Denver,CO,2021-07-30,24.281842818428185,53.80487804878049,20.438617999999998,15.599607385365852,2.032,838.8666194146341
KDEN_Denver,CO,2021-07-31,19.73015873015873,78.42857142857143,11.955097142857143,12.70826826285714,3.048,843.1046806
KDEN_Denver,CO,2021-08-01,21.05902777777778,60.4375,9.404580625,8.07335469375,0.0,843.28518728125
KDEN_Denver,CO,2021-08-02,23.61952861952862,45.39393939393939,12.045666060606061,12.133935921212121,0.0,839.3937249090909
KDEN_Denver,CO,2021-08-03,22.82828282828283,50.45454545454545,15.069274545454546,15.911983490909089,0.0,837.8031477878787
KDEN_Denver,CO,2021-08-04,22.474747474747474,50.333333333333336,13.411166666666668,14.171945575757576,0.0,839.096133060606
KDEN_Denver,CO,2021-08-05,25.134680134680135,34.0,15.087562499999999,11.908628321212122,0.0,837.2900583939394
KDEN_Denver,CO,2021-08-06,27.790123456790127,27.444444444444443,16.276279545454546,14.912502071111112,0.0,832.4574404222222
KDEN_Denver,CO,2021-08-07,22.598039215686274,38.029411764705884,18.886078235294118,10.534076970588234,0.0,833.4104989411765
KDEN_Denver,CO,2021-08-08,25.444444444444443,27.17142857142857,16.140733529411765,7.479292697142857,0.0,832.7229764
KDEN_Denver,CO,2021-08-09,27.65625,22.71875,13.67939,10.83538446875,0.0,832.7767958125
KDEN_Denver,CO,2021-08-10,27.401960784313726,22.205882352941178,12.212050588235295,10.210788964705884,0.0,834.7152550882354
KDEN_Denver,CO,2021-08-11,25.74652777777778,21.9375,12.120341875,14.689250849999999,0.0,835.0202791875
KDEN_Denver,CO,2021-08-12,24.774305555555557,37.0625,18.658285625,15.74336855,0.0,838.0362827812501
KDEN_Denver,CO,2021-08-13,22.84722222222222,52.5625,12.57296875,16.0692599,0.0,840.99937403125
KDEN_Denver,CO,2021-08-14,25.653594771241828,45.205882352941174,11.691381764705882,16.07067990588235,0.508,839.2072018235294
KDEN_Denver,CO,2021-08-15,24.80902777777778,34.65625,14.282892499999999,16.0692599,0.0,836.649979375
KDEN_Denver,CO,2021-08-16,24.930555555555554,30.53125,12.2712175,15.54220105,0.0,834.18426415625
KDEN_Denver,CO,2021-08-17,26.41414141414141,25.696969696969695,17.849043636363636,15.46136829090909,0.0,830.5275401818183
KDEN_Denver,CO,2021-08-18,27.3202614379085,28.91176470588235,19.70222303030303,15.763958635294117,0.0,829.66555
KDEN_Denver,CO,2021-08-19,21.098765432098766,66.11111111111111,17.73850311111111,15.629910079999998,5.334,831.0502072444444
KDEN_Denver,CO,2021-08-20,17.552910052910054,62.57142857142857,13.756025238095239,15.3048234,0.0,832.1489026666667
KDEN_Denver,CO,2021-08-21,19.600694444444446,52.59375,25.347105,16.0692599,0.254,834.37474859375
KDEN_Denver,CO,2021-08-22,23.498498498498495,46.54054054054054,15.633588571428572,15.844604735135135,0.0,831.8621272972973
KDEN_Denver,CO,2021-08-23,25.47138047138047,32.121212121212125,11.801826666666667,15.863215612121211,0.0,832.8672278181818
KDEN_Denver,CO,2021-08-24,25.555555555555557,24.625,13.930849375,16.0692599,0.0,834.6498927812501
KDEN_Denver,CO,2021-08-25,22.317460317460316,53.285714285714285,15.80939882352941,15.15354544,1.5239999999999998,838.4024362
KDEN_Denver,CO,2021-08-26,21.86186186186186,57.648648648648646,14.788529729729731,13.686784264864864,0.0,836.1363006216216
KDEN_Denver,CO,2021-08-27,25.81699346405229,29.38235294117647,17.27673823529412,16.07067990588235,0.0,832.1555426470588
KDEN_Denver,CO,2021-08-28,23.993055555555557,38.75,15.691065,16.0692599,0.0,834.09960440625
KDEN_Denver,CO,2021-08-29,20.069444444444446,55.90625,15.942524375,16.0692599,0.0,837.5600716875
KDEN_Denver,CO,2021-08-30,25.13888888888889,33.21875,13.77997375,14.727472675,0.0,832.06777040625
KDEN_Denver,CO,2021-08-31,27.349206349206348,19.114285714285714,17.47283428571429,13.196128188571427,0.0,829.6558746000001
KDEN_Denver,CO,2021-09-01,24.41176470588235,36.088235294117645,18.886078235294118,15.132529352941177,0.0,829.1077916470589
KDEN_Denver,CO,2021-09-02,22.37847222222222,48.28125,11.36596375,16.0692599,0.0,833.31650171875
KDEN_Denver,CO,2021-09-03,20.2991452991453,64.2051282051282,15.969604615384615,14.9194071025641,2.286,835.6481723333334
KDEN_Denver,CO,2021-09-04,20.101010101010104,60.515151515151516,11.070308484848484,15.242888193939393,0.0,837.0745608484849
KDEN_Denver,CO,2021-09-05,22.32638888888889,31.15625,14.58464375,16.0692599,0.0,837.6870613125
KDEN_Denver,CO,2021-09-06,24.635416666666664,19.46875,13.528514375,16.0692599,0.0,835.9303715
KDEN_Denver,CO,2021-09-07,22.356902356902356,23.09090909090909,14.98697875,13.070279193939394,0.0,838.8703737272727
KDEN_Denver,CO,2021-09-08,21.510416666666668,34.34375,12.97530375,14.111900125,0.0,838.851132875
KDEN_Denver,CO,2021-09-09,24.53125,23.3125,13.629098125,15.0966150375,0.0,837.157937875
KDEN_Denver,CO,2021-09-10,27.083333333333336,14.59375,15.137854375,16.0692599,0.0,836.06794359375
KDEN_Denver,CO,2021-09-11,26.246246246246248,21.35135135135135,14.658042702702703,16.072522075675675,0.0,836.1637578378378
KDEN_Denver,CO,2021-09-12,22.01388888888889,41.46875,15.99281625,16.0692599,0.0,837.3378398437501
KDEN_Denver,CO,2021-09-13,21.47147147147147,44.86486486486486,19.61654972972973,15.898539372972971,8.636,834.223447891892
KDEN_Denver,CO,2021-09-14,19.104938271604937,56.0,17.389812777777777,16.071942133333334,0.0,835.2530935
KDEN_Denver,CO,2021-09-15,22.274305555555557,36.0,13.729681875,16.0692599,0.0,831.95136325
KDEN_Denver,CO,2021-09-16,25.524691358024693,19.75,16.316919444444444,16.027238244444444,0.0,830.1170686666667
KDEN_Denver,CO,2021-09-17,13.395061728395062,55.52777777777778,15.959288333333332,16.027238244444444,0.0,840.6336909444445
KDEN_Denver,CO,2021-09-18,22.811447811447813,31.484848484848484,14.240220606060605,16.069991418181814,0.0,835.227439030303
KDEN_Denver,CO,2021-09-19,23.24652777777778,27.5,16.747194375,15.956606099999998,0.0,829.50681296875
KDEN_Denver,CO,2021-09-20,13.854166666666666,42.90625,25.095645625,16.0692599,0.508,837.0097833125001
KDEN_Denver,CO,2021-09-21,10.682539682539684,50.68571428571428,10.366042941176472,16.07132905142857,0.0,846.1427562
KDEN_Denver,CO,2021-09-22,16.599326599326602,30.03030303030303,15.0875625,16.069991418181814,0.0,840.3480711818181
KDEN_Denver,CO,2021-09-23,19.82638888888889,20.84375,13.67939,15.906314225,0.0,835.83512928125
KDEN_Denver,CO,2021-09-24,15.95486111111111,35.40625,11.013920625,16.0692599,0.0,838.65006596875
KDEN_Denver,CO,2021-09-25,20.260416666666668,30.34375,13.0758875,16.0692599,0.0,835.49649028125
KDEN_Denver,CO,2021-09-26,22.97979797979798,19.12121212121212,14.04514909090909,16.069991418181814,0.0,832.9698456969696
KDEN_Denver,CO,2021-09-27,21.805555555555557,21.84375,14.132016875,16.0692599,0.0,832.53339903125
KDEN_Denver,CO,2021-09-28,20.774410774410775,31.454545454545453,19.799758787878787,16.069991418181814,0.0,827.4182184545455
KDEN_Denver,CO,2021-09-29,13.434343434343436,59.666666666666664,20.189901818181816,15.533544751515151,2.032,832.7953953030303
KDEN_Denver,CO,2021-09-30,9.689542483660132,68.91176470588235,11.738715294117647,16.07067990588235,0.508,840.8306770294118
KDEN_Denver,CO,2021-10-01,13.367003367003367,57.515151515151516,9.002245625,15.333596448484847,0.0,837.895503878788
KDEN_Denver,CO,2021-10-02,14.84375,41.3125,10.410418125,16.0692599,0.0,839.36967384375
KDEN_Denver,CO,2021-10-03,16.788194444444443,33.15625,12.472385,16.0692599,0.0,838.5230763437501
KDEN_Denver,CO,2021-10-04,17.881944444444446,25.1875,15.540189374999999,16.0692599,0.0,839.3908387812501
KDEN_Denver,CO,2021-10-05,18.819444444444443,28.03125,19.161204375,16.0692599,0.0,838.04686525
KDEN_Denver,CO,2021-10-06,19.29292929292929,33.666666666666664,16.776150303030306,16.069991418181814,0.0,833.2058668181819
KDEN_Denver,CO,2021-10-07,17.77777777777778,33.8125,10.36012625,16.0692599,0.0,834.702805125
KDEN_Denver,CO,2021-10-08,17.604166666666668,35.46875,11.56713125,16.0692599,0.0,832.7344659375
KDEN_Denver,CO,2021-10-09,14.932659932659933,38.90909090909091,21.116491515151512,16.069991418181814,0.0,828.2288996969697
KDEN_Denver,CO,2021-10-10,11.868686868686869,40.878787878787875,10.36012625,16.069991418181814,0.0,830.1273304545455
KDEN_Denver,CO,2021-10-11,13.097643097643099,35.60606060606061,23.457349696969697,16.069991418181814,0.0,826.4125632424242
KDEN_Denver,CO,2021-10-12,5.986111111111111,75.925,20.438617999999998,15.55105242,2.032,821.411224375
KDEN_Denver,CO,2021-10-13,6.447811447811447,57.93939393939394,13.850077575757576,16.069991418181814,0.0,824.8630332727273
KDEN_Denver,CO,2021-10-14,3.6314363143631434,73.0,17.859748780487806,16.07455894634146,0.0,832.1186178780488
KDEN_Denver,CO,2021-10-15,5.095238095238096,47.2,10.483700571428573,15.841423337142857,0.508,839.2925730000001
KDEN_Denver,CO,2021-10-16,10.95959595959596,27.545454545454547,15.60572121212121,16.069991418181814,0.0,841.0971816969698
KDEN_Denver,CO,2021-10-17,13.535353535353536,26.09090909090909,14.679131515151514,16.069991418181814,0.0,835.135082939394
KDEN_Denver,CO,2021-10-18,15.78125,24.78125,16.6969025,16.0692599,0.0,827.51730884375
KDEN_Denver,CO,2021-10-19,7.65625,57.875,20.7202525,16.0692599,0.0,829.84545196875
KDEN_Denver,CO,2021-10-20,5.815972222222222,57.15625,13.37763875,16.0692599,0.0,837.835215875
KDEN_Denver,CO,2021-10-21,9.652777777777777,32.9375,11.617423125,15.956606099999998,0.0,839.05219978125
KDEN_Denver,CO,2021-10-22,13.524305555555555,23.5625,16.89807,16.0692599,0.0,832.924950375
KDEN_Denver,CO,2021-10-23,12.621527777777777,28.90625,13.377638750000001,16.0692599,0.0,825.7712015000001
KDEN_Denver,CO,2021-10-24,10.353535353535355,46.42424242424242,16.48354303030303,16.069991418181814,0.0,829.2961256363636
KDEN_Denver,CO,2021-10-25,14.78395061728395,35.72222222222222,18.552113888888886,16.071942133333334,0.0,826.7683052222224
KDEN_Denver,CO,2021-10-26,12.990196078431373,45.55882352941177,30.19879176470588,15.687278317647058,0.762,820.6318566764705
KDEN_Denver,CO,2021-10-27,7.604166666666667,43.59375,16.495735,16.0692599,0.0,831.22117290625
KDEN_Denver,CO,2021-10-28,6.750841750841751,43.21212121212121,12.728416363636363,16.069991418181814,0.0,838.6138290303031
KDEN_Denver,CO,2021-10-29,13.541666666666666,31.4375,16.344859375,16.0692599,0.0,835.1472688125
KDEN_Denver,CO,2021-10-30,11.71875,39.125,15.137854375,16.0692599,0.0,833.73980046875
KDEN_Denver,CO,2021-10-31,4.182098765432098,71.80555555555556,13.232351111111111,16.07462436666667,0.0,837.5671266666667
KDEN_Denver,CO,2021-11-01,2.138364779874214,81.0,14.24114075471698,15.190955003773585,0.0,838.8407500754718
KDEN_Denver,CO,2021-11-02,3.4045584045584043,83.17948717948718,7.7578441025641025,12.262345497435899,1.778,838.7914368974359
KDEN_Denver,CO,2021-11-03,7.274305555555555,65.875,9.605748125,15.511020087499999,0.0,839.486081
KDEN_Denver,CO,2021-11-04,10.364583333333332,40.875,14.634935625,16.0692599,0.0,834.82979475
KDEN_Denver,CO,2021-11-05,14.722222222222221,24.0,14.333184375,16.0692599,0.0,834.31125378125
KDEN_Denver,CO,2021-11-06,13.489583333333334,20.46875,17.048945624999998,16.0692599,0.0,833.8985375
KDEN_Denver,CO,2021-11-07,15.190972222222221,16.28125,15.59048125,16.0692599,0.0,832.036023
KDEN_Denver,CO,2021-11-08,4.496527777777778,64.65625,10.15895875,16.0692599,0.0,838.1209425312501
KDEN_Denver,CO,2021-11-09,6.197916666666667,61.875,11.56713125,15.228379749999998,0.0,834.3006713125
KDEN_Denver,CO,2021-11-10,8.431372549019608,39.73529411764706,19.359413529411764,15.917319270588234,0.0,831.5280645
KDEN_Denver,CO,2021-11-11,4.201388888888889,47.78125,17.551864375,16.0692599,0.0,834.82979475
KDEN_Denver,CO,2021-11-12,3.663194444444444,47.9375,13.830265625,16.0692599,0.0,838.8511328750001
KDEN_Denver,CO,2021-11-13,12.239583333333334,34.15625,21.172879375,16.0692599,0.0,835.68697471875
KDEN_Denver,CO,2021-11-14,10.17361111111111,41.3125,23.184554374999998,16.0692599,0.0,835.6552273125001
KDEN_Denver,CO,2021-11-15,15.989583333333334,21.625,19.01032875,16.0692599,0.0,833.8667900937501
KDEN_Denver,CO,2021-11-16,14.222222222222221,25.057142857142857,28.78419542857143,16.07132905142857,0.0,826.859684
KDEN_Denver,CO,2021-11-17,-1.936026936026936,55.515151515151516,12.48457696969697,16.069991418181814,0.0,839.1884891515152
KDEN_Denver,CO,2021-11-18,0.8506944444444445,44.28125,8.901661875,16.0692599,0.0,838.3325919062501
KDEN_Denver,CO,2021-11-19,9.305555555555555,27.0,11.215088125,16.0722774125,0.0,831.8667035
KDEN_Denver,CO,2021-11-20,6.176470588235294,53.94117647058823,11.549381176470588,15.834012258823527,0.508,835.840731764706
KDEN_Denver,CO,2021-11-21,4.826388888888889,48.625,12.623260625,16.0692599,0.0,841.6978169687501
KDEN_Denver,CO,2021-11-22,9.774305555555555,18.9375,14.232600625,16.0692599,0.0,837.6235665
KDEN_Denver,CO,2021-11-23,12.026143790849673,18.5,18.365409411764706,16.07067990588235,0.0,826.0202007647059
KDEN_Denver,CO,2021-11-24,2.761904761904762,49.8,20.32366514285714,15.922350148571429,0.0,834.8031874000001
KDEN_Denver,CO,2021-11-25,3.8541666666666665,38.0625,19.965874375,16.0692599,0.0,841.2851006875001
KDEN_Denver,CO,2021-11-26,11.527777777777779,27.15625,14.232600625,16.0692599,0.0,835.26367596875
KDEN_Denver,CO,2021-11-27,5.538194444444445,38.4375,12.824428124999999,16.0692599,0.0,838.004535375
KDEN_Denver,CO,2021-11-28,8.61111111111111,41.78125,11.96946625,16.0692599,0.0,837.71880871875
KDEN_Denver,CO,2021-11-29,12.291666666666668,31.59375,15.741356875,16.0692599,0.0,835.718722125
KDEN_Denver,CO,2021-11-30,7.96875,42.75,14.132016875,16.0692599,0.0,836.4383300000001
KDEN_Denver,CO,2021-12-01,12.864583333333334,28.5625,15.841940625,16.0692599,0.0,836.15260334375
KDEN_Denver,CO,2021-12-02,13.59375,23.75,17.551864375,16.0692599,0.0,834.94620190625
KDEN_Denver,CO,2021-12-03,7.140522875816993,47.61764705882353,15.525397647058824,16.07067990588235,0.0,836.0498911470589
KDEN_Denver,CO,2021-12-04,8.697916666666668,43.21875,10.309834375,16.0692599,0.0,832.66038865625
KDEN_Denver,CO,2021-12-05,5.716374269005848,34.13157894736842,25.495333684210525,15.258237242105263,0.0,831.0557522105263
KDEN_Denver,CO,2021-12-06,-4.68954248366013,45.1764705882353,10.366042941176472,16.07067990588235,0.0,832.8627005588235
KDEN_Denver,CO,2021-12-07,4.340277777777778,38.3125,15.4898975,16.0692599,0.0,827.79245303125
KDEN_Denver,CO,2021-12-08,7.309027777777778,29.40625,21.02200375,15.956606099999998,0.0,823.55946553125
KDEN_Denver,CO,2021-12-09,5.503472222222222,46.15625,20.217333749999998,16.0692599,0.0,820.85035353125
KDEN_Denver,CO,2021-12-10,-2.272727272727273,67.86363636363636,15.873944545454547,13.170253345454546,1.524,822.115439568182
KDEN_Denver,CO,2021-12-11,0.41666666666666663,29.78125,15.741356875000001,16.0692599,0.0,829.707879875
KDEN_Denver,CO,2021-12-12,8.092592592592592,28.666666666666668,16.737136,16.07408792,0.0,828.4012977333333
KDEN_Denver,CO,2021-12-13,5.503472222222222,30.78125,14.333184375,16.0692599,0.0,831.91961584375
KDEN_Denver,CO,2021-12-14,9.253472222222223,25.34375,17.19982125,16.0692599,0.0,826.64954640625
KDEN_Denver,CO,2021-12-15,4.983660130718954,38.38235294117647,30.056791176470586,15.692011670588235,0.0,818.6498225294117
KDEN_Denver,CO,2021-12-16,0.6076388888888888,34.375,13.0758875,16.0692599,0.0,827.591386125
KDEN_Denver,CO,2021-12-17,-2.1180555555555554,44.9375,17.048945624999998,16.0692599,0.0,831.4857346250001
KDEN_Denver,CO,2021-12-18,-4.513888888888889,45.25,12.422093125,16.0692599,0.0,836.40658259375
KDEN_Denver,CO,2021-12-19,5.486111111111111,20.3125,15.691065,16.0692599,0.0,832.12068275
KDEN_Denver,CO,2021-12-20,4.84375,26.75,14.936686875,16.0692599,0.0,833.5387335625
KDEN_Denver,CO,2021-12-21,7.946127946127946,19.333333333333332,15.459417575757575,16.069991418181814,0.0,831.2561271212122
KDEN_Denver,CO,2021-12-22,8.315972222222221,13.40625,12.321509375,16.0692599,0.0,829.37982334375
KDEN_Denver,CO,2021-12-23,9.20138888888889,29.4375,17.753031875,16.0692599,0.0,823.89810453125
KDEN_Denver,CO,2021-12-24,4.6875,68.0625,17.9039075,16.0692599,0.254,818.52221040625
KDEN_Denver,CO,2021-12-25,3.6195286195286194,48.42424242424242,15.361881818181818,16.069991418181814,0.0,824.8425096969697
KDEN_Denver,CO,2021-12-26,3.4150326797385624,41.61764705882353,18.22340882352941,16.07067990588235,0.0,818.958581617647
KDEN_Denver,CO,2021-12-27,-1.8576388888888888,49.84375,17.753031875,16.0692599,0.0,819.6545345625
KDEN_Denver,CO,2021-12-28,-4.2063492063492065,45.94285714285714,17.610777714285714,15.754978788571426,0.0,816.7875926
KDEN_Denver,CO,2021-12-29,-6.685823754789272,48.93103448275862,15.149993793103446,16.076751655172412,0.0,821.0828029310345
KDEN_Denver,CO,2021-12-30,2.8431372549019605,30.41176470588235,23.05142882352941,14.037704817647057,0.0,818.1219440882353
KDEN_Denver,CO,2021-12-31,-3.792735042735043,71.96153846153847,21.57134576923077,7.595775311538461,5.334,818.9788846346154
KDEN_Denver,CO,2022-01-01,-14.977324263038549,81.12244897959184,12.119315510204082,7.740596963265306,4.572,827.2397890000001
KDEN_Denver,CO,2022-01-02,-4.635416666666667,57.5,21.374046875,16.0692599,0.0,835.43299546875
KDEN_Denver,CO,2022-01-03,2.4652777777777777,46.65625,15.540189375,16.0692599,0.0,831.95136325
KDEN_Denver,CO,2022-01-04,1.8229166666666667,48.46875,23.1342625,16.0692599,0.0,827.676045875
KDEN_Denver,CO,2022-01-05,-10.614657210401893,84.17021276595744,17.77122255319149,8.310015417021276,6.8580000000000005,828.5343516382978
KDEN_Denver,CO,2022-01-06,-13.904320987654321,78.27777777777777,8.583146666666668,11.483534977777778,1.27,830.0512221944444
KDEN_Denver,CO,2022-01-07,5.434027777777778,51.46875,14.48406,16.0692599,0.0,821.7921932500001
KDEN_Denver,CO,2022-01-08,2.4509803921568625,61.911764705882355,15.383397058823528,16.023346376470585,0.0,828.5500332941177
KDEN_Denver,CO,2022-01-09,-3.9682539682539684,88.18367346938776,11.429598367346937,9.480654783673469,0.0,843.038335
KDEN_Denver,CO,2022-01-10,3.6631944444444446,38.28125,17.451280625,16.0692599,0.0,844.9148874687501
KDEN_Denver,CO,2022-01-11,4.583333333333333,31.71875,15.99281625,16.0692599,0.0,839.4437511250001
KDEN_Denver,CO,2022-01-12,6.267361111111111,38.09375,12.17063375,16.0692599,0.0,838.8722978125
KDEN_Denver,CO,2022-01-13,8.090277777777779,42.875,14.433768125,16.0692599,0.0,835.9938663125
KDEN_Denver,CO,2022-01-14,1.253968253968254,59.82857142857143,33.612215428571425,15.979366765714284,0.0,836.825346
KDEN_Denver,CO,2022-01-15,0.7465277777777778,46.625,13.8805575,16.0692599,0.0,838.9146276875
KDEN_Denver,CO,2022-01-16,3.263888888888889,38.375,15.037270625,16.0692599,0.0,834.3324187187501
KDEN_Denver,CO,2022-01-17,5.677083333333333,35.75,15.741356875,16.0692599,0.0,829.76079221875
KDEN_Denver,CO,2022-01-18,4.704861111111112,36.0,13.77997375,16.0692599,0.0,828.15225696875
KDEN_Denver,CO,2022-01-19,-6.177777777777778,91.88,14.548433600000001,6.178899996,0.254,838.1247522200001
KDEN_Denver,CO,2022-01-20,-5.150659133709982,90.52542372881356,6.901068135593221,6.150679264406779,0.0,836.2776199661017
KDEN_Denver,CO,2022-01-21,-2.241715399610136,88.03508771929825,9.966614385964913,7.269981694736842,0.508,835.5055874912282
KDEN_Denver,CO,2022-01-22,-0.41666666666666674,66.75,12.019758125,16.0692599,0.0,839.0839471875
KDEN_Denver,CO,2022-01-23,2.673611111111111,50.15625,13.277054999999999,16.0692599,0.0,833.9620323125
KDEN_Denver,CO,2022-01-24,1.25,47.625,13.0758875,16.0692599,0.0,830.14176109375
KDEN_Denver,CO,2022-01-25,-4.083820662768031,87.08771929824562,19.227377894736843,7.035639203508771,14.478,835.3392385087719
KDEN_Denver,CO,2022-01-26,-6.423611111111111,72.65625,12.371801249999999,16.0692599,0.0,832.9884451875
KDEN_Denver,CO,2022-01-27,-4.444444444444445,76.32608695652173,16.79311304347826,10.027937482608696,6.604,841.3191486304348
KDEN_Denver,CO,2022-01-28,-1.840277777777778,46.09375,20.971711875,16.0692599,0.0,841.517915
KDEN_Denver,CO,2022-01-29,2.013888888888889,46.25,13.98114125,16.0692599,0.0,836.4912423437501
KDEN_Denver,CO,2022-01-30,1.0069444444444444,50.3125,12.522676875,16.0692599,0.0,832.72388346875
KDEN_Denver,CO,2022-01-31,3.484848484848485,38.60606060606061,17.84904363636364,16.069991418181814,0.0,825.1811486969697
KDEN_Denver,CO,2022-02-01,-4.728395061728395,76.75555555555556,22.065839555555556,8.964739062222222,3.81,830.004189
KDEN_Denver,CO,2022-02-02,-12.480842911877396,84.62068965517241,17.64724551724138,4.587451417241379,4.318,833.7292180000001
KDEN_Denver,CO,2022-02-03,-13.158730158730158,75.25714285714285,8.460530285714286,15.611517622857143,0.0,836.3785701764707
KDEN_Denver,CO,2022-02-04,-5.347222222222222,56.5,16.6969025,16.0692599,0.0,840.6501525625
KDEN_Denver,CO,2022-02-05,3.055555555555556,39.5,22.480468124999998,16.0722774125,0.0,834.364166125
KDEN_Denver,CO,2022-02-06,-0.5197132616487455,61.225806451612904,16.145314193548387,15.955308245161289,0.0,840.742322451613
KDEN_Denver,CO,2022-02-07,2.916666666666667,42.78125,18.557701875,16.0692599,0.0,838.96754003125
KDEN_Denver,CO,2022-02-08,5.069444444444445,36.96875,15.79164875,16.0692599,0.0,836.06794359375
KDEN_Denver,CO,2022-02-09,3.9682539682539684,51.68571428571428,14.75994685714286,15.933385622857141,0.0,835.6739734
KDEN_Denver,CO,2022-02-10,7.256944444444445,47.875,22.782219375,16.0722774125,0.0,831.4539872187501
KDEN_Denver,CO,2022-02-11,-1.51183970856102,79.18032786885246,18.309540327868852,8.288892478688524,13.462,837.5486218032787
KDEN_Denver,CO,2022-02-12,-3.6031746031746033,65.6,15.449664,15.657498765714285,0.0,840.7535584000001
KDEN_Denver,CO,2022-02-13,3.8715277777777777,41.3125,15.238438125,16.0692599,0.0,838.004535375
KDEN_Denver,CO,2022-02-14,6.197916666666667,40.96875,12.925011875,16.0692599,0.0,832.5651464375001
KDEN_Denver,CO,2022-02-15,6.614583333333333,37.75,13.126179375,16.0692599,0.0,823.4113109687501
KDEN_Denver,CO,2022-02-16,-4.035087719298246,88.24561403508773,17.900378245614036,6.654479729824561,12.953999999999999,827.5030132280702
KDEN_Denver,CO,2022-02-17,-6.410256410256411,76.41025641025641,9.779835384615383,12.662204589743588,1.5239999999999998,834.9708943333334
KDEN_Denver,CO,2022-02-18,1.0763888888888888,51.28125,13.327346875,16.0692599,0.0,836.3854176562501
KDEN_Denver,CO,2022-02-19,5.590277777777778,39.5625,15.79164875,16.0692599,0.0,832.5122340937501
KDEN_Denver,CO,2022-02-20,8.229166666666666,27.71875,16.546026875,16.0692599,0.0,825.34790275
KDEN_Denver,CO,2022-02-21,-3.807588075880759,59.1219512195122,26.45597951219512,11.878106765853657,0.0,823.4131177317073
KDEN_Denver,CO,2022-02-22,-15.985915492957746,72.30985915492958,17.000070422535213,7.194203135211268,3.556,833.8389179577465
KDEN_Denver,CO,2022-02-23,-14.58628841607565,75.53191489361703,13.491062978723404,10.296694285106383,0.762,832.5115586170214
KDEN_Denver,CO,2022-02-24,-13.319783197831978,76.53658536585365,12.83546780487805,10.402224229268292,4.826,830.0537459268294
KDEN_Denver,CO,2022-02-25,-9.35763888888889,72.34375,10.863045,14.41314845625,0.0,837.5600716875
KDEN_Denver,CO,2022-02-26,-4.253472222222222,57.375,10.15895875,14.751612775,0.0,839.2109368125
KDEN_Denver,CO,2022-02-27,3.7673611111111116,36.65625,13.377638750000001,16.0692599,0.0,839.3167615
KDEN_Denver,CO,2022-02-28,8.76736111111111,32.21875,16.143691875,16.0692599,0.0,837.9833704375001
KDEN_Denver,CO,2022-03-01,11.40625,29.0,16.445443125,16.0692599,0.0,837.20026775
KDEN_Denver,CO,2022-03-02,12.643097643097644,36.54545454545455,17.0199896969697,16.069991418181814,0.0,836.6846129090909
KDEN_Denver,CO,2022-03-03,12.104377104377106,37.57575757575758,16.386007272727273,16.069991418181814,0.0,832.8980131818182
KDEN_Denver,CO,2022-03-04,10.622895622895623,39.15151515151515,17.702740000000002,16.069991418181814,0.0,824.8835568484848
KDEN_Denver,CO,2022-03-05,-2.113095238095238,81.30357142857143,16.811855357142857,11.248137071428571,9.398,827.0773805
KDEN_Denver,CO,2022-03-06,-6.998556998556999,86.6103896103896,13.836143896103897,6.411025345454545,4.572,833.4873329999999
KDEN_Denver,CO,2022-03-07,-7.447916666666667,70.90625,8.801078125,15.74336855,0.0,836.1208559375
KDEN_Denver,CO,2022-03-08,-2.65625,53.875,12.120341875,15.856022349999998,0.0,830.35341046875
KDEN_Denver,CO,2022-03-09,-10.753295668549907,84.8135593220339,21.8215593220339,5.334007406779661,5.588,829.2121181186441
KDEN_Denver,CO,2022-03-10,-13.378378378378379,76.35135135135135,8.568648108108109,15.811548021621622,0.0,831.8346700810811
KDEN_Denver,CO,2022-03-11,-6.840277777777778,55.96875,14.634935624999999,16.0692599,0.0,835.64464484375
KDEN_Denver,CO,2022-03-12,6.094276094276094,39.45454545454545,22.286920606060608,16.069991418181814,0.0,833.2058668181818
KDEN_Denver,CO,2022-03-13,8.45486111111111,40.0625,14.634935625,16.0692599,0.0,827.7183757500001
KDEN_Denver,CO,2022-03-14,5.303030303030303,46.36363636363637,19.507151515151516,16.069991418181814,0.0,836.8077543636364
KDEN_Denver,CO,2022-03-15,11.163194444444445,25.59375,18.758869375,16.0692599,0.0,834.22659403125
KDEN_Denver,CO,2022-03-16,6.182336182336182,62.87179487179487,15.39189282051282,12.874307348717947,13.208,830.2907296923078
KDEN_Denver,CO,2022-03-17,0.06038647342995169,90.8913043478261,20.991391304347825,7.372876339130434,6.35,835.2089231956521
KDEN_Denver,CO,2022-03-18,1.2289562289562288,61.42424242424242,15.215578181818183,15.57060833939394,0.0,834.067857
KDEN_Denver,CO,2022-03-19,5.959595959595959,46.24242424242424,19.019472727272728,16.069991418181814,0.0,833.0929871515152
KDEN_Denver,CO,2022-03-20,10.976430976430976,32.515151515151516,20.628812727272727,16.069991418181814,0.0,825.6942380909092
KDEN_Denver,CO,2022-03-21,1.507936507936508,63.785714285714285,30.845683333333334,15.117067066666667,0.0,831.8586406666667
KDEN_Denver,CO,2022-03-22,1.9318181818181819,55.15909090909091,34.52765818181818,15.456247663636363,0.0,835.8611044318183
KDEN_Denver,CO,2022-03-23,5.416666666666666,33.875,31.935340625,16.0692599,0.0,834.33241871875
KDEN_Denver,CO,2022-03-24,10.815972222222221,32.09375,19.21149625,16.0692599,0.0,832.924950375
KDEN_Denver,CO,2022-03-25,7.274305555555555,56.0625,13.729681874999999,16.0692599,0.0,836.74522159375
KDEN_Denver,CO,2022-03-26,14.20138888888889,37.59375,17.9039075,16.0692599,0.0,831.5915593125001
KDEN_Denver,CO,2022-03-27,9.913194444444445,53.5625,13.025595625,16.0692599,0.0,830.469817625
KDEN_Denver,CO,2022-03-28,15.659722222222221,23.46875,13.930849375,16.0692599,0.0,825.051593625
KDEN_Denver,CO,2022-03-29,5.032679738562092,76.94117647058823,27.70589254901961,11.871880290196078,6.858,821.0202955294118
KDEN_Denver,CO,2022-03-30,1.1904761904761905,62.714285714285715,14.530041142857144,16.025347908571426,0.0,826.4533172
KDEN_Denver,CO,2022-03-31,8.299663299663301,34.75757575757576,14.743630967741934,16.069991418181814,0.0,825.7660706060607
KDEN_Denver,CO,2022-04-01,7.205882352941176,48.11764705882353,16.82019870967742,16.07067990588235,0.0,829.028111882353
KDEN_Denver,CO,2022-04-02,9.444444444444445,42.90909090909091,12.777184242424243,16.069991418181814,0.0,831.2869124848486
KDEN_Denver,CO,2022-04-03,7.152777777777778,46.59375,13.126179375,16.0692599,0.0,831.9301983125
KDEN_Denver,CO,2022-04-04,11.805555555555555,38.5,14.38347625,16.0692599,0.0,824.3531506875
KDEN_Denver,CO,2022-04-05,8.741830065359478,34.64705882352941,32.09213294117647,15.9646528,0.0,821.9067329117647
KDEN_Denver,CO,2022-04-06,3.5416666666666665,22.90625,32.7903025,16.0692599,0.0,836.6288144375001
KDEN_Denver,CO,2022-04-07,4.288194444444445,29.6875,28.012574375,14.5031709125,0.0,841.27451821875
KDEN_Denver,CO,2022-04-08,9.461279461279462,23.151515151515152,12.459406451612903,16.069991418181814,0.0,836.9308958181819
KDEN_Denver,CO,2022-04-09,15.68627450980392,23.676470588235293,22.483426470588235,16.023346376470585,0.0,823.9286069411764
KDEN_Denver,CO,2022-04-10,5.787037037037037,52.583333333333336,20.613248510638297,16.043778683333333,0.254,823.3936735208334
KDEN_Denver,CO,2022-04-11,10.396825396825397,23.228571428571428,24.96776057142857,16.07132905142857,0.0,819.2935212000001
KDEN_Denver,CO,2022-04-12,7.204861111111111,32.40625,25.598564375,15.696094187499998,0.0,816.2258146875
KDEN_Denver,CO,2022-04-13,-1.3715277777777777,42.90625,22.178716875,16.0692599,0.0,827.85594784375
KDEN_Denver,CO,2022-04-14,5.086805555555555,29.46875,20.21733375,16.0692599,0.0,828.3744888125
KDEN_Denver,CO,2022-04-15,7.710437710437711,30.90909090909091,19.653455151515153,16.069991418181814,0.0,828.2083761212122
KDEN_Denver,CO,2022-04-16,5.774410774410774,41.96969696969697,20.09236606060606,15.923687781818183,0.0,831.1535092424243
KDEN_Denver,CO,2022-04-17,10.253968253968255,41.285714285714285,23.266458285714286,16.07132905142857,0.0,833.7388934
KDEN_Denver,CO,2022-04-18,7.326388888888889,45.375,19.312079999999998,16.0692599,0.0,837.31667490625
KDEN_Denver,CO,2022-04-19,15.151515151515152,32.696969696969695,12.289505454545454,16.069991418181814,0.0,823.0466968181819
KDEN_Denver,CO,2022-04-20,13.125,33.75,21.122587499999998,15.868092399999998,0.0,827.17866984375
KDEN_Denver,CO,2022-04-21,16.71875,37.1875,34.651101875,16.0692599,0.0,829.25283371875
KDEN_Denver,CO,2022-04-22,21.094771241830063,16.823529411764707,33.18080411764706,15.391443758823527,0.0,819.1577810294118
KDEN_Denver,CO,2022-04-23,11.079365079365079,26.942857142857143,21.19730685714286,16.07132905142857,0.0,822.989524
KDEN_Denver,CO,2022-04-24,6.077441077441078,39.36363636363637,17.55643636363636,16.069991418181814,0.0,835.7405284242425
KDEN_Denver,CO,2022-04-25,7.087542087542088,29.848484848484848,8.901661875,16.069991418181814,0.0,840.604615878788
KDEN_Denver,CO,2022-04-26,12.98611111111111,29.3125,15.38931375,16.0692599,0.0,834.5123206875
KDEN_Denver,CO,2022-04-27,14.984126984126984,29.228571428571428,17.748721142857143,15.979366765714284,0.0,830.2557494
KDEN_Denver,CO,2022-04-28,17.46031746031746,28.542857142857144,18.576381714285713,16.07132905142857,0.0,825.9308456
KDEN_Denver,CO,2022-04-29,12.03252032520325,38.53658536585366,27.908310731707317,15.721289190243901,5.08,824.8172306585367
KDEN_Denver,CO,2022-04-30,9.618055555555555,38.1875,13.930849375,16.0692599,0.0,832.8085432187501
KDEN_Denver,CO,2022-05-01,10.129198966408268,54.58139534883721,28.4067223255814,14.35493853488372,22.605999999999998,829.484417511628
KDEN_Denver,CO,2022-05-02,3.07347670250896,95.74193548387096,20.090792903225807,10.56116396451613,33.782000000000004,830.747010032258
KDEN_Denver,CO,2022-05-03,6.287878787878788,80.8409090909091,13.569662272727273,12.481163218181818,1.016,829.0498427272728
KDEN_Denver,CO,2022-05-04,6.764705882352941,87.43137254901961,14.010724705882353,11.061530266666665,3.048,831.8766634705883
KDEN_Denver,CO,2022-05-05,12.222222222222221,59.1875,12.07005,16.0692599,0.0,831.9196158437501
KDEN_Denver,CO,2022-05-06,19.444444444444443,29.53125,14.48406,16.0692599,0.0,828.7977875625
KDEN_Denver,CO,2022-05-07,20.478395061728396,30.916666666666668,23.737765,14.864937133333333,0.0,822.2343052777778
KDEN_Denver,CO,2022-05-08,16.158730158730158,45.25714285714286,28.324384,16.07132905142857,0.0,818.7033218
KDEN_Denver,CO,2022-05-09,11.880341880341879,60.56410256410256,18.239186666666665,16.07359273846154,0.0,820.9304004102564
KDEN_Denver,CO,2022-05-10,14.232026143790849,31.647058823529413,19.12274588235294,16.07067990588235,0.0,831.9364232941177
KDEN_Denver,CO,2022-05-11,20.79124579124579,29.151515151515152,23.70118909090909,16.069991418181814,0.0,828.7009419393939
KDEN_Denver,CO,2022-05-12,15.555555555555555,41.53125,22.83251125,15.54220105,0.0,829.0094369375
KDEN_Denver,CO,2022-05-13,15.225694444444445,22.3125,16.043108125,16.0692599,0.0,833.57048096875
KDEN_Denver,CO,2022-05-14,19.305555555555557,17.78125,9.806915625,16.0692599,0.0,834.8932895625001
KDEN_Denver,CO,2022-05-15,17.12121212121212,35.06060606060606,18.629329696969698,16.069991418181814,0.0,837.1874405151516
KDEN_Denver,CO,2022-05-16,20.253968253968253,29.285714285714285,11.955097142857143,16.07132905142857,0.0,831.5716038
KDEN_Denver,CO,2022-05-17,19.618055555555557,33.40625,18.054783125,16.0692599,0.0,831.58097684375
KDEN_Denver,CO,2022-05-18,19.713804713804713,37.18181818181818,16.04463212121212,16.069991418181814,0.0,832.959583909091
KDEN_Denver,CO,2022-05-19,20.156695156695157,30.256410256410255,24.016304615384616,14.697400712820512,0.0,820.9651326153847
KDEN_Denver,CO,2022-05-20,1.8438003220611916,96.01449275362319,13.900965797101449,5.4276740782608695,27.686,829.5330390869566
KDEN_Denver,CO,2022-05-21,2.72108843537415,79.79591836734694,10.312913469387755,10.159533514285714,5.842,838.1107920000001
KDEN_Denver,CO,2022-05-22,8.680555555555555,59.9375,25.44768875,16.0692599,0.0,837.53890675
KDEN_Denver,CO,2022-05-23,9.89247311827957,61.225806451612904,20.506106451612904,16.071596038709675,0.0,833.1174830322582
KDEN_Denver,CO,2022-05-24,7.131782945736434,78.32558139534883,10.741408837209303,12.33577823255814,0.0,833.2015711860465
KDEN_Denver,CO,2022-05-25,12.688172043010754,50.12903225806452,16.24914258064516,16.071596038709675,0.0,833.3141121290323
KDEN_Denver,CO,2022-05-26,18.69281045751634,33.470588235294116,11.753058787878789,16.07067990588235,0.0,834.496135735294
KDEN_Denver,CO,2022-05-27,22.434640522875817,25.88235294117647,14.29472588235294,16.07067990588235,0.0,831.1595455882352
KDEN_Denver,CO,2022-05-28,21.65032679738562,24.058823529411764,16.61406882352941,16.07067990588235,0.0,823.4604883235294
KDEN_Denver,CO,2022-05-29,15.101010101010102,55.90909090909091,25.749439999999996,15.929539927272726,5.08,818.9830288181819
KDEN_Denver,CO,2022-05-30,13.472222222222221,42.75,23.1342625,16.0692599,0.0,823.5912129375
KDEN_Denver,CO,2022-05-31,9.534534534534535,70.94594594594595,16.006408648648648,12.759456459459459,25.4,834.4200415600001
KDEN_Denver,CO,2022-06-01,8.404558404558404,83.53846153846153,12.462068717948718,14.120926871794872,15.24,839.2950538717948
KDEN_Denver,CO,2022-06-02,14.174603174603176,69.08571428571429,10.805568571428571,16.07132905142857,0.0,835.2385804
KDEN_Denver,CO,2022-06-03,17.28228228228228,59.25,13.657642162162162,16.072522075675675,0.0,831.0109535945946
KDEN_Denver,CO,2022-06-04,19.663299663299664,48.36363636363637,12.926634193548388,16.07291749090909,0.0,828.9061776969697
KDEN_Denver,CO,2022-06-05,20.76797385620915,45.94117647058823,12.240737575757576,16.07067990588235,0.0,827.9325151176471
KDEN_Denver,CO,2022-06-06,18.287037037037038,55.388888888888886,14.618171666666667,16.071942133333334,0.0,830.3898611944445
KDEN_Denver,CO,2022-06-07,17.821637426900583,62.23684210526316,15.179990810810812,16.07307149473684,0.0,833.8094219736843
KDEN_Denver,CO,2022-06-08,18.350694444444443,45.3125,17.70274,16.0692599,0.0,836.649979375
KDEN_Denver,CO,2022-06-09,21.781045751633986,46.1764705882353,11.928049411764706,16.07067990588235,0.0,833.0021401470589
KDEN_Denver,CO,2022-06-10,24.02777777777778,40.46875,12.77413625,16.0692599,0.0,833.729218
KDEN_Denver,CO,2022-06-11,28.790849673202615,25.970588235294116,13.528514375,16.07067990588235,0.0,830.6715070294117
KDEN_Denver,CO,2022-06-12,25.780423280423282,32.023809523809526,16.40741756097561,15.601784947619048,0.254,827.7869098333334
KDEN_Denver,CO,2022-06-13,27.878787878787882,16.939393939393938,20.11675,15.62620372121212,0.0,822.6157017272727
KDEN_Denver,CO,2022-06-14,19.131944444444443,38.28125,24.089808125,16.0692599,0.0,827.9617725312501
KDEN_Denver,CO,2022-06-15,21.127450980392158,31.11764705882353,15.241396470588237,16.07067990588235,0.0,832.6734611176471
KDEN_Denver,CO,2022-06-16,24.78978978978979,32.4054054054054,17.572252972972972,16.072522075675675,0.0,835.8891856756757
KDEN_Denver,CO,2022-06-17,25.93137254901961,42.470588235294116,18.081408235294116,16.07067990588235,0.0,833.5300185882353
KDEN_Denver,CO,2022-06-18,26.604938271604937,30.38888888888889,22.254873142857143,16.071942133333334,0.0,831.7914503888888
KDEN_Denver,CO,2022-06-19,25.702614379084967,29.91176470588235,27.311446470588233,16.07067990588235,0.0,831.1197057058824
KDEN_Denver,CO,2022-06-20,24.50980392156863,23.970588235294116,22.057424705882354,16.073519917647058,0.0,833.141579735294
KDEN_Denver,CO,2022-06-21,17.604166666666668,30.46875,24.391559375,16.0692599,0.0,841.99412609375
KDEN_Denver,CO,2022-06-22,21.9023569023569,29.636363636363637,15.069274545454546,16.069991418181814,0.0,838.9319444545455
KDEN_Denver,CO,2022-06-23,25.31986531986532,22.454545454545453,15.137854375,16.069991418181814,0.0,833.1237725151516
KDEN_Denver,CO,2022-06-24,23.4006734006734,34.06060606060606,12.87472,16.069991418181814,0.0,833.5034586666667
KDEN_Denver,CO,2022-06-25,16.95156695156695,58.56410256410256,17.702740000000002,16.07359273846154,0.0,841.7436743333334
KDEN_Denver,CO,2022-06-26,16.54513888888889,57.4375,16.89807,16.0692599,0.0,844.51275365625
KDEN_Denver,CO,2022-06-27,21.458333333333332,42.84375,12.925011875,16.0692599,0.0,841.4967500625
KDEN_Denver,CO,2022-06-28,26.127946127946128,25.03030303030303,17.507668484848484,15.923687781818183,0.0,838.8498501515152
KDEN_Denver,CO,2022-06-29,26.300813008130078,30.317073170731707,20.803663414634148,15.956802360975608,2.032,837.0082346585366
KDEN_Denver,CO,2022-06-30,21.38888888888889,50.76470588235294,21.63142294117647,16.07067990588235,0.0,837.1355279411765
KDEN_Denver,CO,2022-07-01,20.630630630630627,58.24324324324324,12.787728648648649,15.289599913513513,9.398,836.9874743243244
KDEN_Denver,CO,2022-07-02,23.104575163398692,48.970588235294116,14.010724705882353,16.07067990588235,0.0,835.7112521470589
KDEN_Denver,CO,2022-07-03,25.31045751633987,37.38235294117647,16.0934,16.07067990588235,0.0,832.7232609705883
KDEN_Denver,CO,2022-07-04,26.44144144144144,35.45945945945946,16.87632216216216,15.573191718918919,0.0,833.2624453243243
KDEN_Denver,CO,2022-07-05,24.873015873015873,42.82857142857143,17.840683428571428,15.887404479999999,0.254,834.067857
KDEN_Denver,CO,2022-07-06,20.871459694989106,70.6470588235294,12.96938705882353,15.759540839215685,1.27,836.0664910980393
KDEN_Denver,CO,2022-07-07,22.289972899728998,58.21951219512195,16.289660975609756,15.171758458536585,14.986,837.388171097561
KDEN_Denver,CO,2022-07-08,24.882154882154882,48.84848484848485,16.041485806451615,16.069991418181814,0.0,840.214667939394
KDEN_Denver,CO,2022-07-09,29.819819819819816,28.216216216216218,19.77189142857143,16.072522075675675,0.0,839.3670997297297
KDEN_Denver,CO,2022-07-10,28.42105263157895,29.57894736842105,19.862643684210525,16.07307149473684,2.2859999999999996,837.6413896052632
KDEN_Denver,CO,2022-07-11,20.2710027100271,57.51219512195122,19.10575435897436,15.917550165853656,0.0,840.1798779756098
KDEN_Denver,CO,2022-07-12,24.42982456140351,40.421052631578945,21.937845263157893,15.422982836842104,0.0,836.9462885
KDEN_Denver,CO,2022-07-13,27.352941176470587,30.294117647058822,14.342059411764707,16.07067990588235,0.0,836.5678096176471
KDEN_Denver,CO,2022-07-14,27.789855072463766,32.95652173913044,14.519045652173912,15.683368156521738,0.254,838.1388867173914
KDEN_Denver,CO,2022-07-15,26.666666666666668,41.833333333333336,11.863134857142857,16.071942133333334,0.0,838.7805830833333
KDEN_Denver,CO,2022-07-16,25.63973063973064,47.90909090909091,16.48354303030303,16.069991418181814,0.0,837.6594827575758
KDEN_Denver,CO,2022-07-17,27.794612794612792,36.24242424242424,16.646610625,16.069991418181814,0.0,837.2900583939394
KDEN_Denver,CO,2022-07-18,30.06006006006006,26.16216216216216,17.8767227027027,16.0290264,0.0,834.4888676486487
KDEN_Denver,CO,2022-07-19,28.816425120772948,32.52173913043478,18.682338260869564,15.866692973913043,1.524,834.7598584347826
KDEN_Denver,CO,2022-07-20,25.15015015015015,44.486486486486484,20.747437297297296,15.589720075675675,0.0,836.7678165945946
KDEN_Denver,CO,2022-07-21,27.811447811447813,30.0,14.971738787878788,16.069991418181814,0.0,835.330056909091
KDEN_Denver,CO,2022-07-22,28.922558922558924,22.696969696969695,15.741356875,16.069991418181814,0.0,834.7246114242425
KDEN_Denver,CO,2022-07-23,26.068376068376068,42.87179487179487,19.76599641025641,15.77483321025641,2.286,835.2661180769231
KDEN_Denver,CO,2022-07-24,20.66993464052288,70.05882352941177,18.649410588235295,15.976012847058822,0.254,837.7430861470589
KDEN_Denver,CO,2022-07-25,23.634920634920636,54.885714285714286,17.059004,14.785696297142856,0.0,835.1708526
KDEN_Denver,CO,2022-07-26,24.6640826873385,51.74418604651163,21.03369953488372,16.075435274418602,0.0,835.957935139535
KDEN_Denver,CO,2022-07-27,24.918300653594773,51.35294117647059,17.750073529411765,16.07067990588235,0.254,835.9403314705883
KDEN_Denver,CO,2022-07-28,20.482456140350877,64.57894736842105,17.448633684210527,15.988369389473684,1.5239999999999998,838.6662181578947
KDEN_Denver,CO,2022-07-29,20.02267573696145,71.79591836734694,15.764963265306122,12.9069068,21.844,838.000216
KDEN_Denver,CO,2022-07-30,23.819444444444443,44.96875,12.97530375,16.0692599,0.0,836.9674534375
KDEN_Denver,CO,2022-07-31,25.79124579124579,39.696969696969695,14.240220606060605,16.069991418181814,0.0,837.7005299090908
KDEN_Denver,CO,2022-08-01,27.56272401433692,32.064516129032256,18.42953870967742,16.071596038709675,0.0,835.9139857419356
KDEN_Denver,CO,2022-08-02,27.794117647058822,33.529411764705884,16.756069411764706,16.07067990588235,0.0,833.4802187352941
KDEN_Denver,CO,2022-08-03,25.90909090909091,40.75757575757576,16.87368606060606,15.923687781818183,0.0,836.1202145757577
KDEN_Denver,CO,2022-08-04,27.777777777777775,36.72727272727273,18.14165090909091,15.97245566060606,0.0,835.422413
KDEN_Denver,CO,2022-08-05,28.415032679738562,36.1764705882353,14.436726470588235,16.07067990588235,0.762,833.6096983529412
KDEN_Denver,CO,2022-08-06,24.944444444444446,52.375,18.266009,15.91315392,2.286,835.9896333250001
KDEN_Denver,CO,2022-08-07,21.86728395061728,66.94444444444444,17.479220555555557,15.893126577777776,0.0,838.6771100555557
KDEN_Denver,CO,2022-08-08,24.276094276094277,54.54545454545455,16.508713548387096,16.069991418181814,0.0,838.6651379696971
KDEN_Denver,CO,2022-08-09,26.42156862745098,43.8235294117647,15.166810303030303,16.07067990588235,0.0,838.4602040294118
KDEN_Denver,CO,2022-08-10,27.258064516129032,36.935483870967744,20.090792903225807,16.074710890322578,0.0,840.7313986129033
KDEN_Denver,CO,2022-08-11,27.395833333333332,34.25,19.21149625,16.0692599,0.0,838.21618475
KDEN_Denver,CO,2022-08-12,27.1875,32.71875,16.495735,16.0692599,0.0,838.07861265625
KDEN_Denver,CO,2022-08-13,25.925925925925924,43.54545454545455,16.386007272727273,15.960751369696967,0.0,838.4393786363636
KDEN_Denver,CO,2022-08-14,24.31623931623932,51.30769230769231,15.804544102564101,16.03232761025641,0.254,836.2212537179488
KDEN_Denver,CO,2022-08-15,21.17117117117117,67.8108108108108,12.460889714285715,15.942035048648647,3.556,837.2895037027027
KDEN_Denver,CO,2022-08-16,18.8768115942029,80.1304347826087,12.209992608695654,12.79005472173913,3.81,839.2284208913044
KDEN_Denver,CO,2022-08-17,20.33625730994152,59.63157894736842,12.831224324324324,12.655765057894735,0.0,839.9138355263158
KDEN_Denver,CO,2022-08-18,23.5016835016835,39.81818181818182,16.72738242424242,16.069991418181814,0.0,837.9160274545454
KDEN_Denver,CO,2022-08-19,21.99652777777778,44.53125,13.67939,16.0692599,0.0,835.9303715000001
KDEN_Denver,CO,2022-08-20,19.96732026143791,59.85294117647059,19.548747647058825,16.07067990588235,0.0,837.4343270588236
KDEN_Denver,CO,2022-08-21,19.94832041343669,62.06976744186046,20.155067619047617,13.110132758139533,99.568,837.5408755813953
KDEN_Denver,CO,2022-08-22,21.64983164983165,56.03030303030303,16.0934,16.069991418181814,0.0,837.7210534848484
KDEN_Denver,CO,2022-08-23,22.65625,42.6875,12.019758125,16.0692599,0.0,836.25842803125
KDEN_Denver,CO,2022-08-24,23.10763888888889,34.03125,13.98114125,16.0692599,0.0,837.5177418125
KDEN_Denver,CO,2022-08-25,22.474747474747478,41.39393939393939,13.752541818181818,16.069991418181814,0.0,838.1212632121212
KDEN_Denver,CO,2022-08-26,21.936507936507933,47.91428571428571,14.576022285714286,16.07132905142857,0.0,835.0740986000001
KDEN_Denver,CO,2022-08-27,24.521604938271608,31.61111111111111,18.015667222222223,16.071942133333334,0.0,830.681467
KDEN_Denver,CO,2022-08-28,25.054200542005418,27.073170731707318,23.001786341463415,16.03530675121951,0.0,830.6484290487806
KDEN_Denver,CO,2022-08-29,22.00716845878136,39.516129032258064,12.51132064516129,16.071596038709675,0.0,837.3122370967743
KDEN_Denver,CO,2022-08-30,24.67013888888889,39.21875,15.339021875,16.0692599,0.0,840.42792071875
KDEN_Denver,CO,2022-08-31,25.428571428571427,32.857142857142854,19.81787257142857,15.933385622857141,0.0,838.566918
KDEN_Denver,CO,2022-09-01,25.01736111111111,28.5625,12.422093125,16.0692599,0.0,835.53882015625
KDEN_Denver,CO,2022-09-02,25.263157894736842,34.94736842105263,18.380356842105265,15.036317726315788,31.241999999999997,838.3454022631579
KDEN_Denver,CO,2022-09-03,22.67361111111111,46.15625,17.70274,16.0692599,0.0,841.76131178125
KDEN_Denver,CO,2022-09-04,24.600694444444443,37.09375,13.226763125,16.0692599,0.0,837.38016971875
KDEN_Denver,CO,2022-09-05,26.822916666666668,26.625,15.4898975,16.0692599,0.0,835.3906655937501
KDEN_Denver,CO,2022-09-06,28.038194444444446,21.125,12.87472,16.0692599,0.0,838.72414325
KDEN_Denver,CO,2022-09-07,26.85763888888889,21.1875,15.439605625,16.0692599,0.0,839.4437511250001
KDEN_Denver,CO,2022-09-08,27.693602693602696,20.454545454545453,21.555402424242423,15.682774460606058,0.0,832.1181173030303
KDEN_Denver,CO,2022-09-09,12.93827160493827,74.8,17.881555555555554,11.272174991111111,2.54,835.7234254444445
KDEN_Denver,CO,2022-09-10,8.717948717948717,94.0,16.15529769230769,7.6433333717948715,9.652,840.6930251282051
KDEN_Denver,CO,2022-09-11,13.541666666666666,66.9,7.9259995000000005,12.345649474999998,0.0,840.8998988249999
KDEN_Denver,CO,2022-09-12,21.43097643097643,29.393939393939394,14.886395,16.069991418181814,0.0,835.8739316666667
KDEN_Denver,CO,2022-09-13,21.302083333333332,23.40625,18.155366875,16.0692599,0.0,832.4064094062501
KDEN_Denver,CO,2022-09-14,19.166666666666664,49.970588235294116,17.844740588235293,16.07067990588235,1.27,830.6416271176471
KDEN_Denver,CO,2022-09-15,17.40740740740741,63.54545454545455,11.850594545454545,16.069991418181814,0.0,834.1294277272727
KDEN_Denver,CO,2022-09-16,18.645833333333332,48.46875,11.416255625,16.0692599,0.0,833.25300690625
KDEN_Denver,CO,2022-09-17,19.618055555555557,42.28125,18.3062425,16.0692599,0.0,831.4010748750001
KDEN_Denver,CO,2022-09-18,20.086805555555554,46.03125,18.50741,16.0692599,0.0,832.95669778125
KDEN_Denver,CO,2022-09-19,23.072916666666668,31.625,14.333184375,16.0692599,0.0,833.65514071875
KDEN_Denver,CO,2022-09-20,24.54861111111111,23.1875,17.70274,16.0692599,0.0,835.39066559375
KDEN_Denver,CO,2022-09-21,12.184343434343434,78.20454545454545,15.544761363636365,14.139149177272726,5.334,840.5558723863636
KDEN_Denver,CO,2022-09-22,11.517615176151761,87.70731707317073,8.635482926829269,13.556530629268293,1.016,837.2312408292684
KDEN_Denver,CO,2022-09-23,18.114478114478114,42.63636363636363,17.361364848484847,14.54794592121212,0.0,834.652778909091
KDEN_Denver,CO,2022-09-24,18.28125,30.59375,13.4782225,16.0692599,0.0,838.73472571875
KDEN_Denver,CO,2022-09-25,15.909090909090908,40.333333333333336,10.680165454545456,16.069991418181814,0.0,842.2875490909091
KDEN_Denver,CO,2022-09-26,18.42013888888889,35.3125,15.28873,16.0692599,0.0,840.49141553125
KDEN_Denver,CO,2022-09-27,19.010416666666668,36.65625,12.97530375,16.0692599,0.0,841.3697604375
KDEN_Denver,CO,2022-09-28,20.609318996415773,33.74193548387097,15.238438125,16.074710890322578,0.0,840.13161159375
KDEN_Denver,CO,2022-09-29,20.95959595959596,33.24242424242424,14.679131515151514,16.069991418181814,0.0,837.166916939394
KDEN_Denver,CO,2022-09-30,16.88034188034188,59.717948717948715,16.340990769230768,15.784736841025639,9.906,833.8594637692307
KDEN_Denver,CO,2022-10-01,14.87987987987988,72.24324324324324,13.266181081081081,15.768052345945947,5.842,835.8062038666667
KDEN_Denver,CO,2022-10-02,15.673400673400671,64.0,12.338273333333333,16.069991418181814,0.0,837.9057656666668
KDEN_Denver,CO,2022-10-03,15.111111111111112,63.34285714285714,13.518456,15.519555337142856,6.858,838.4085932727273
KDEN_Denver,CO,2022-10-04,11.877777777777778,83.9,9.237611600000001,8.501499484,0.0,839.0847310740742
KDEN_Denver,CO,2022-10-05,13.784722222222221,60.5,9.002245625,15.592492924999998,0.0,842.61849175
KDEN_Denver,CO,2022-10-06,14.51388888888889,50.15625,12.824428124999999,16.0692599,0.0,842.3080726666667
KDEN_Denver,CO,2022-10-07,6.287878787878788,84.45454545454545,12.728416363636365,11.811092563636363,0.0,845.2968183863636
KDEN_Denver,CO,2022-10-08,10.457516339869281,64.38235294117646,7.762698823529412,15.976012847058822,0.0,843.0517504705883
KDEN_Denver,CO,2022-10-09,13.472222222222221,42.15625,11.4665475,16.0692599,0.0,839.867049875
KDEN_Denver,CO,2022-10-10,15.76388888888889,32.90625,13.126179375,16.0692599,0.0,834.09960440625
KDEN_Denver,CO,2022-10-11,16.054131054131055,34.794871794871796,20.616950270270273,15.908532225641025,0.0,830.2038991794873
KDEN_Denver,CO,2022-10-12,9.70486111111111,53.375,16.344859375,16.0692599,0.0,836.5759020937501
KDEN_Denver,CO,2022-10-13,11.284722222222221,45.0625,13.025595625,16.0722774125,0.0,837.7188087187501
KDEN_Denver,CO,2022-10-14,15.3125,25.71875,15.691065,16.0692599,0.0,831.909033375
KDEN_Denver,CO,2022-10-15,11.953405017921147,42.32258064516129,11.680693548387096,16.071596038709675,0.0,837.3777801290322
KDEN_Denver,CO,2022-10-16,8.537037037037036,58.266666666666666,7.188385333333334,16.07408792,0.0,842.0145855333334
KDEN_Denver,CO,2022-10-17,7.921146953405018,50.70967741935484,10.123267741935484,16.071596038709675,0.0,840.6112363870968
KDEN_Denver,CO,2022-10-18,11.07638888888889,38.34375,13.226763125,16.0692599,0.0,841.052286375
KDEN_Denver,CO,2022-10-19,15.0,22.09375,17.149529375,16.0692599,0.0,840.0681167812501
KDEN_Denver,CO,2022-10-20,16.164874551971327,18.06451612903226,14.951287741935483,16.071596038709675,0.0,834.0787808387097
KDEN_Denver,CO,2022-10-21,17.569444444444443,16.03125,20.7202525,16.0692599,0.0,826.7659535625
KDEN_Denver,CO,2022-10-22,16.26736111111111,19.34375,16.847778125,16.0692599,0.0,819.07249878125
KDEN_Denver,CO,2022-10-23,11.555555555555555,49.175,25.3068715,16.03385442,0.0,817.042781275
KDEN_Denver,CO,2022-10-24,4.983164983164984,44.09090909090909,15.65448909090909,16.069991418181814,0.0,828.2391614848485
KDEN_Denver,CO,2022-10-25,8.472222222222223,34.25,16.79748625,16.0692599,0.0,831.7608788125
KDEN_Denver,CO,2022-10-26,8.072916666666666,43.03125,11.617423125,16.0692599,0.0,828.99885446875
KDEN_Denver,CO,2022-10-27,3.4583333333333335,79.05,20.680018999999998,11.29032477,2.032,833.195861575
KDEN_Denver,CO,2022-10-28,7.361111111111111,48.40625,16.546026875,16.0692599,0.0,839.36967384375
KDEN_Denver,CO,2022-10-29,7.604166666666667,35.125,12.07005,16.0692599,0.0,837.93045809375
KDEN_Denver,CO,2022-10-30,7.847222222222222,33.28125,12.77413625,16.0692599,0.0,835.24251103125
KDEN_Denver,CO,2022-10-31,10.95486111111111,29.15625,12.925011875,16.0692599,0.0,831.7608788125
KDEN_Denver,CO,2022-11-01,13.020833333333332,26.625,14.836103125,16.0692599,0.0,830.03593640625
KDEN_Denver,CO,2022-11-02,15.572390572390573,17.09090909090909,19.214544242424243,16.069991418181814,0.0,826.2073274848485
KDEN_Denver,CO,2022-11-03,0.584795321637427,73.47368421052632,15.048740701754387,10.400571505263157,10.16,829.3150289298245
KDEN_Denver,CO,2022-11-04,-1.1444444444444444,75.18,8.1110736,11.252827148,0.0,829.2862743200001
KDEN_Denver,CO,2022-11-05,9.019607843137255,41.529411764705884,16.37740117647059,16.07067990588235,0.0,820.9605357058824
KDEN_Denver,CO,2022-11-06,4.236111111111111,49.28125,20.41850125,16.0692599,0.0,831.9196158437501
KDEN_Denver,CO,2022-11-07,7.424242424242424,52.96969696969697,20.921419999999998,16.069991418181814,0.0,832.5285888181818
KDEN_Denver,CO,2022-11-08,14.322916666666666,26.21875,24.64301875,16.0692599,0.0,829.3904058125
KDEN_Denver,CO,2022-11-09,0.7754629629629631,76.79166666666667,11.835354583333334,11.4454249125,0.0,825.4325625
KDEN_Denver,CO,2022-11-10,2.623456790123457,45.19444444444444,20.783476571428572,16.071942133333334,0.0,831.0389192777778
KDEN_Denver,CO,2022-11-11,-4.35672514619883,66.07894736842105,13.594687894736841,15.597045663157893,0.0,835.7699635526317
KDEN_Denver,CO,2022-11-12,-0.24305555555555558,48.3125,9.706331875,16.0692599,0.0,833.8985375
KDEN_Denver,CO,2022-11-13,0.996732026143791,37.3235294117647,15.430730588235296,16.07067990588235,0.0,830.0440288823529
KDEN_Denver,CO,2022-11-14,-2.9682539682539684,57.714285714285715,9.058285142857143,14.947090108571427,0.0,835.1128001999999
KDEN_Denver,CO,2022-11-15,-3.4979423868312756,75.94444444444444,9.298408888888888,8.758981962962961,3.302,839.7870934444445
KDEN_Denver,CO,2022-11-16,-1.7013888888888888,50.28125,14.433768125,16.0692599,0.0,841.65548709375
KDEN_Denver,CO,2022-11-17,-6.54228855721393,80.94029850746269,15.877220000000001,5.8558357999999995,3.302,840.8810715074627
KDEN_Denver,CO,2022-11-18,-10.723514211886304,77.74418604651163,10.217437674418605,10.540428469767441,1.778,839.3758264418606
KDEN_Denver,CO,2022-11-19,-4.357638888888888,58.125,16.546026875,16.0692599,0.0,838.9992874375
KDEN_Denver,CO,2022-11-20,1.40625,46.21875,13.67939,16.0692599,0.0,836.82988134375
KDEN_Denver,CO,2022-11-21,2.1874999999999996,43.125,13.226763125,16.0692599,0.0,837.23201515625
KDEN_Denver,CO,2022-11-22,3.142361111111111,37.6875,13.67939,16.0692599,0.0,835.9938663125
KDEN_Denver,CO,2022-11-23,3.90625,36.8125,19.965874375,16.0692599,0.0,830.92486378125
KDEN_Denver,CO,2022-11-24,0.980392156862745,64.73529411764706,18.081408235294116,16.07067990588235,0.0,842.4740721764706
KDEN_Denver,CO,2022-11-25,5.555555555555555,39.0625,12.57296875,16.0692599,0.0,839.486081
KDEN_Denver,CO,2022-11-26,5.976430976430977,43.36363636363637,17.65397212121212,16.069991418181814,0.0,829.7681678787878
KDEN_Denver,CO,2022-11-27,3.132716049382716,55.861111111111114,9.924263333333334,16.071942133333334,0.0,827.8594753333333
KDEN_Denver,CO,2022-11-28,2.6633986928104574,45.588235294117645,17.750073529411765,16.07067990588235,0.0,819.4665401176471
KDEN_Denver,CO,2022-11-29,-8.333333333333334,83.0677966101695,16.06612305084746,8.577509430508474,5.334,824.8499886271186
KDEN_Denver,CO,2022-11-30,-8.063973063973066,70.39393939393939,7.705324848484849,15.874919903030301,0.0,832.620944909091
KDEN_Denver,CO,2022-12-01,7.048611111111111,37.625,23.083970625,16.0692599,0.0,824.59654746875
KDEN_Denver,CO,2022-12-02,4.507936507936508,36.371428571428574,31.726988571428574,16.07132905142857,0.0,827.8078732
KDEN_Denver,CO,2022-12-03,0.7986111111111109,44.625,12.522676875,16.0692599,0.0,838.2373496875
KDEN_Denver,CO,2022-12-04,5.694444444444445,45.21875,14.333184375,16.0692599,0.0,832.1101002812501
KDEN_Denver,CO,2022-12-05,4.722222222222222,52.625,17.048945624999998,16.0692599,0.0,825.813531375
KDEN_Denver,CO,2022-12-06,1.6507936507936507,56.142857142857146,18.16255142857143,16.07132905142857,0.0,829.1237275999999
KDEN_Denver,CO,2022-12-07,2.1717171717171717,47.96969696969697,15.459417575757575,16.069991418181814,0.0,834.1294277272727
KDEN_Denver,CO,2022-12-08,0.7986111111111112,42.375,21.5249225,16.0692599,0.0,833.71863553125
KDEN_Denver,CO,2022-12-09,-0.06944444444444436,28.71875,13.277055,16.0692599,0.0,832.04660546875
KDEN_Denver,CO,2022-12-10,2.03125,33.03125,13.67939,16.0692599,0.0,833.2847543125
KDEN_Denver,CO,2022-12-11,7.829861111111111,20.8125,21.776381875,16.0692599,0.0,827.30565946875
KDEN_Denver,CO,2022-12-12,3.8580246913580245,42.416666666666664,23.871876666666665,16.071942133333334,0.0,818.9890148611112
KDEN_Denver,CO,2022-12-13,-5.6513409961685825,83.29310344827586,20.699442068965517,6.143794186206897,6.35,819.1969340172413
KDEN_Denver,CO,2022-12-14,-5.034722222222222,65.84375,14.18230875,16.0692599,0.0,824.78703190625
KDEN_Denver,CO,2022-12-15,-6.738351254480286,53.29032258064516,16.664456129032256,16.071596038709675,0.0,829.4798447419355
KDEN_Denver,CO,2022-12-16,-6.701388888888889,36.96875,17.954199374999998,16.0692599,0.0,831.4010748750001
KDEN_Denver,CO,2022-12-17,-7.447916666666667,45.0,17.350696875,16.0692599,0.0,830.6179721875001
KDEN_Denver,CO,2022-12-18,-3.4895833333333335,44.03125,10.76246125,16.0692599,0.0,828.06759721875
KDEN_Denver,CO,2022-12-19,-1.9618055555555556,40.5625,20.167041875,16.0692599,0.0,833.3799965312501
KDEN_Denver,CO,2022-12-20,-0.16835016835016836,45.57575757575758,15.678086451612902,16.069991418181814,0.0,835.9047170303031
KDEN_Denver,CO,2022-12-21,-6.711111111111112,60.36,22.112331599999997,8.141329191999999,9.905999999999999,829.62491332
KDEN_Denver,CO,2022-12-22,-10.652777777777779,68.35,13.1563545,10.692857295,2.286,837.3018594500002
KDEN_Denver,CO,2022-12-23,-14.722222222222221,59.53125,10.76246125,16.0692599,0.0,838.9887049687501
KDEN_Denver,CO,2022-12-24,-3.055555555555556,64.53125,12.120341875,16.0692599,0.0,837.90929315625
KDEN_Denver,CO,2022-12-25,3.7847222222222223,56.6875,17.652448125,16.0692599,0.0,835.041444125
KDEN_Denver,CO,2022-12-26,2.393162393162393,74.92307692307692,16.588581538461536,15.311013169230769,0.0,836.8637995128205
KDEN_Denver,CO,2022-12-27,9.39236111111111,41.5625,20.21733375,16.0692599,0.0,821.96151275
KDEN_Denver,CO,2022-12-28,4.086419753086419,74.08888888888889,18.954448888888887,9.938210946666667,24.638,817.9636912222222
KDEN_Denver,CO,2022-12-29,-3.498498498498499,77.72972972972973,18.92061891891892,12.486738572972973,2.032,825.2907002162162
KDEN_Denver,CO,2022-12-30,-3.1597222222222223,58.46875,16.747194375,16.0692599,0.0,825.76061903125
KDEN_Denver,CO,2022-12-31,0.6076388888888888,69.96875,13.729681875,16.0692599,0.0,822.54354853125
KDEN_Denver,CO,2023-01-01,-1.6430260047281324,84.82978723404256,9.58755744680851,9.148584280851063,2.54,826.8123362978723
KDEN_Denver,CO,2023-01-02,-3.028169014084507,92.69014084507042,11.96804957746479,1.9087679070422539,8.382,824.5478084929579
KDEN_Denver,CO,2023-01-03,-5.921717171717171,88.9090909090909,10.716741363636364,14.842503909090908,0.0,825.4171698181818
KDEN_Denver,CO,2023-01-04,-6.284722222222222,62.1875,14.433768125,16.0692599,0.0,830.90369884375
KDEN_Denver,CO,2023-01-05,-6.024305555555555,61.4375,9.95779125,16.0692599,0.0,832.76621334375
KDEN_Denver,CO,2023-01-06,-2.482638888888889,62.96875,10.058375,16.0692599,0.0,831.6338891875
KDEN_Denver,CO,2023-01-07,-2.0659722222222223,76.40625,16.0934,16.0692599,0.0,838.20560228125
KDEN_Denver,CO,2023-01-08,0.8159722222222223,49.8125,15.99281625,16.0692599,0.0,834.533485625
KDEN_Denver,CO,2023-01-09,2.204861111111111,56.53125,14.6852275,16.0692599,0.0,831.316415125
KDEN_Denver,CO,2023-01-10,4.149305555555555,55.09375,16.043108125,16.0692599,0.0,825.9087735937501
KDEN_Denver,CO,2023-01-11,-1.02880658436214,92.46296296296296,14.335047037037036,7.1383169777777775,3.556,828.1730299629629
KDEN_Denver,CO,2023-01-12,-1.4379084967320261,76.05882352941177,12.969387058823528,15.078569129411763,0.0,841.1195161764707
KDEN_Denver,CO,2023-01-13,1.7013888888888888,62.875,10.56129375,16.0692599,0.0,837.327257375
KDEN_Denver,CO,2023-01-14,5.972222222222222,51.125,15.99281625,16.0692599,0.0,826.24741259375
KDEN_Denver,CO,2023-01-15,2.2993827160493825,69.36111111111111,9.745447777777777,15.580199355555553,0.0,818.1424173611111
KDEN_Denver,CO,2023-01-16,1.1587301587301588,67.74285714285715,11.771172571428572,15.267578674285714,0.0,820.3481398
KDEN_Denver,CO,2023-01-17,-2.282608695652174,87.19565217391305,10.985494782608695,6.595845004347825,15.24,822.0020021956523
KDEN_Denver,CO,2023-01-18,-4.064814814814815,89.18333333333334,23.576831000000002,3.5440349033333334,13.97,823.72243555
KDEN_Denver,CO,2023-01-19,-6.510416666666667,64.78125,14.58464375,16.0692599,0.0,830.2793331875
KDEN_Denver,CO,2023-01-20,-6.582491582491583,71.60606060606061,6.729967272727273,15.16388423030303,0.0,835.1042975757575
KDEN_Denver,CO,2023-01-21,-4.947589098532495,79.45283018867924,13.724937358490568,10.58702800754717,0.762,833.6908815094339
KDEN_Denver,CO,2023-01-22,-5.868055555555555,72.28125,13.629098125,16.0692599,0.0,828.988272
KDEN_Denver,CO,2023-01-23,-5.215419501133787,86.38775510204081,10.575662857142857,7.67228212244898,0.254,833.6601079999999
KDEN_Denver,CO,2023-01-24,-5.23989898989899,81.5,10.863045,8.374054386363637,0.0,832.9364948863637
KDEN_Denver,CO,2023-01-25,-4.054373522458628,65.63829787234043,13.730751914893617,12.461085378723403,1.524,835.948384212766
KDEN_Denver,CO,2023-01-26,-2.361111111111111,46.15625,20.066458125,16.0692599,0.0,834.8932895625
KDEN_Denver,CO,2023-01-27,0.5208333333333334,54.6875,16.19398375,16.0692599,0.0,827.00935034375
KDEN_Denver,CO,2023-01-28,-7.962962962962963,84.79166666666667,18.876217083333334,7.526682012499999,0.762,828.4520935833334
KDEN_Denver,CO,2023-01-29,-16.55349794238683,81.0925925925926,14.960901481481482,5.835943681481482,0.254,833.0707532777778
KDEN_Denver,CO,2023-01-30,-15.396825396825397,78.87755102040816,8.21091836734694,12.968324469387754,1.524,834.0609460000001
KDEN_Denver,CO,2023-01-31,-13.26984126984127,71.08571428571429,13.33453142857143,15.565536479999999,0.508,833.6905164
KDEN_Denver,CO,2023-02-01,-4.305555555555555,52.3125,15.087562499999999,16.0692599,0.0,834.32183625
KDEN_Denver,CO,2023-02-02,-2.1875,61.34375,16.89807,16.0692599,0.0,839.91996221875
KDEN_Denver,CO,2023-02-03,2.552083333333333,46.1875,19.1109125,16.0692599,0.0,838.131525
KDEN_Denver,CO,2023-02-04,4.865319865319865,38.63636363636363,21.652938181818183,16.069991418181814,0.0,833.5752911818182
KDEN_Denver,CO,2023-02-05,0.3125,62.5,10.863045,15.429547249999999,0.0,829.66555
KDEN_Denver,CO,2023-02-06,0.23569023569023567,63.0,13.313630909090909,15.960751369696967,0.0,829.1319370303031
KDEN_Denver,CO,2023-02-07,-1.3194444444444444,64.46875,18.105075,16.0692599,0.0,837.04153071875
KDEN_Denver,CO,2023-02-08,2.6122894697062506e-17,62.88235294117647,15.856732352941178,15.692011670588235,0.0,832.5838213823529
KDEN_Denver,CO,2023-02-09,-4.183006535947713,66.47058823529412,24.660768823529413,15.917319270588234,0.0,840.970116617647
KDEN_Denver,CO,2023-02-10,-3.5590277777777777,63.03125,14.886395,16.0692599,0.0,839.70831284375
KDEN_Denver,CO,2023-02-11,2.2395833333333335,59.375,12.2712175,16.0692599,0.0,832.8932029687501
KDEN_Denver,CO,2023-02-12,1.8229166666666667,59.125,13.830265625,16.0692599,0.0,832.63922371875
KDEN_Denver,CO,2023-02-13,5.381944444444445,52.46875,19.01032875,16.0692599,0.0,822.9562648125
KDEN_Denver,CO,2023-02-14,0.28490028490028496,63.666666666666664,20.343708205128205,14.382547784615385,0.0,815.5555916666667
KDEN_Denver,CO,2023-02-15,-10.472222222222221,83.13333333333334,22.182069666666667,2.3450766033333332,8.636,829.8066495833334
KDEN_Denver,CO,2023-02-16,-10.412698412698413,66.22857142857143,14.989852571428573,14.544295297142858,0.508,835.8965076000001
KDEN_Denver,CO,2023-02-17,1.3888888888888888,50.5625,20.519085,16.0692599,0.0,835.3589181875001
KDEN_Denver,CO,2023-02-18,4.027777777777778,42.40625,14.282892499999999,16.0692599,0.0,828.32157646875
KDEN_Denver,CO,2023-02-19,4.166666666666667,38.90625,18.40682625,16.0692599,0.0,827.49614390625
KDEN_Denver,CO,2023-02-20,4.4781144781144775,52.39393939393939,15.800792727272727,16.069991418181814,0.0,825.6326673636364
KDEN_Denver,CO,2023-02-21,5.996732026143791,55.088235294117645,17.93940764705882,16.07067990588235,0.0,814.7355540882354
KDEN_Denver,CO,2023-02-22,-13.706467661691542,79.5223880597015,20.801319999999997,5.8085164,1.016,817.5907952089552
KDEN_Denver,CO,2023-02-23,-15.13888888888889,73.35,11.7884155,12.878743349999999,0.0,831.4349387750001
KDEN_Denver,CO,2023-02-24,-8.211805555555555,69.3125,7.392905625,16.0692599,0.0,834.025527125
KDEN_Denver,CO,2023-02-25,3.732638888888889,53.25,14.18230875,16.0692599,0.0,831.9725281875001
KDEN_Denver,CO,2023-02-26,7.934027777777778,40.46875,22.681635625000002,16.0692599,0.0,819.50638
KDEN_Denver,CO,2023-02-27,5.069444444444445,39.0625,27.1576125,16.0692599,0.0,823.3583986250001
KDEN_Denver,CO,2023-02-28,3.047138047138047,37.515151515151516,24.335171515151515,16.069991418181814,0.0,820.9635538787879
KDEN_Denver,CO,2023-03-01,-1.876543209876543,67.44444444444444,22.101602666666665,12.42088612,0.508,824.8267749555556
KDEN_Denver,CO,2023-03-02,-0.611111111111111,69.86666666666666,11.748182000000002,15.026944026666666,0.0,823.9199749666666
KDEN_Denver,CO,2023-03-03,1.1938534278959811,72.57446808510639,12.87472,11.202033638297873,0.0,823.5772530851065
KDEN_Denver,CO,2023-03-04,-1.5839243498817968,78.63829787234043,17.291844680851064,10.266561961702127,0.0,827.482409212766
KDEN_Denver,CO,2023-03-05,1.9444444444444442,56.40625,15.741356875000001,15.918384275,0.0,825.305572875
KDEN_Denver,CO,2023-03-06,-0.6984126984126984,64.48571428571428,18.20853257142857,15.404602479999998,0.0,832.4327144
KDEN_Denver,CO,2023-03-07,-1.5476190476190477,80.16666666666667,11.150427142857144,12.859392952380952,0.0,833.9469145
KDEN_Denver,CO,2023-03-08,-0.5413105413105413,78.35897435897436,18.115391282051284,15.806194707692306,0.0,833.216917974359
KDEN_Denver,CO,2023-03-09,1.9047619047619047,62.595238095238095,19.27376238095238,12.385020828571427,0.0,832.9874373333334
KDEN_Denver,CO,2023-03-10,1.785714285714286,75.25,15.001347857142857,8.014800582142858,0.0,826.87177825
KDEN_Denver,CO,2023-03-11,6.094276094276094,46.36363636363637,20.043598181818183,16.069991418181814,0.0,825.2427194242425
KDEN_Denver,CO,2023-03-12,-0.18518518518518515,61.03030303030303,15.556953333333333,16.069991418181814,0.0,833.3700554242424
KDEN_Denver,CO,2023-03-13,3.003472222222222,53.46875,15.0875625,16.0692599,0.0,832.8402906250001
KDEN_Denver,CO,2023-03-14,8.836805555555555,32.75,15.59048125,16.0692599,0.0,829.88778184375
KDEN_Denver,CO,2023-03-15,11.419753086419753,44.138888888888886,19.535599444444443,15.000389916666665,7.112,822.6952305833333
KDEN_Denver,CO,2023-03-16,-1.3049095607235142,71.79069767441861,25.637160465116278,11.840251218604651,3.302,831.5083761860466
KDEN_Denver,CO,2023-03-17,-1.0416666666666667,48.1875,14.38347625,16.0692599,0.0,836.9462885
KDEN_Denver,CO,2023-03-18,-1.2673611111111114,45.25,13.0758875,16.0722774125,0.0,839.64481803125
KDEN_Denver,CO,2023-03-19,4.461805555555555,28.53125,16.99865375,16.0692599,0.0,832.23708990625
KDEN_Denver,CO,2023-03-20,5.833333333333333,40.40625,17.853615625,16.0692599,0.0,823.6547077500001
KDEN_Denver,CO,2023-03-21,6.555555555555555,36.733333333333334,15.717887333333332,16.0773066,0.0,823.7732314000001
KDEN_Denver,CO,2023-03-22,1.349206349206349,69.52380952380952,12.759767142857143,12.198414023809525,0.0,826.8274326666667
KDEN_Denver,CO,2023-03-23,2.6068376068376073,66.51923076923077,14.988950980392158,11.253309949999998,1.27,829.5092550769231
KDEN_Denver,CO,2023-03-24,3.383838383838384,56.696969696969695,9.899879393939393,15.461368290909089,0.0,825.5300494848485
KDEN_Denver,CO,2023-03-25,-1.898989898989899,72.50909090909092,18.25869381818182,9.221225592727272,10.668,825.3802273818181
KDEN_Denver,CO,2023-03-26,-0.9104938271604939,50.138888888888886,16.76395833333333,14.586431905555555,0.0,830.3052014444445
KDEN_Denver,CO,2023-03-27,-3.695286195286195,79.21212121212122,23.79872484848485,9.02010686060606,3.302,833.9652391212122
KDEN_Denver,CO,2023-03-28,1.4215686274509802,46.6764705882353,18.50741,16.07067990588235,0.0,835.7510920294118
KDEN_Denver,CO,2023-03-29,-0.15015015015015018,71.78378378378379,11.047901621621621,12.6011322,0.0,829.5191115135135
KDEN_Denver,CO,2023-03-30,3.662131519274376,60.16326530612245,18.786581224489794,8.720323742857142,0.0,820.2804120000001
KDEN_Denver,CO,2023-03-31,5.723905723905724,28.454545454545453,27.553851515151514,15.619376218181818,0.0,824.8219861212121
KDEN_Denver,CO,2023-04-01,9.86111111111111,24.34375,13.226763125,16.0692599,0.0,830.12059615625
KDEN_Denver,CO,2023-04-02,10.91503267973856,27.764705882352942,17.844740588235293,16.07067990588235,0.0,823.9385669117647
KDEN_Denver,CO,2023-04-03,7.525252525252526,50.666666666666664,22.628295757575756,16.069991418181814,0.0,818.2236565151516
KDEN_Denver,CO,2023-04-04,-3.2587064676616917,79.67164179104478,25.14894,10.326918599999999,4.064,819.784367238806
KDEN_Denver,CO,2023-04-05,-2.0588235294117645,60.588235294117645,14.957395294117648,15.928679317647058,0.0,832.5639014411764
KDEN_Denver,CO,2023-04-06,2.5694444444444446,42.0,13.528514375,16.0692599,0.0,838.3220094375
KDEN_Denver,CO,2023-04-07,9.097222222222221,26.34375,12.120341875,16.0692599,0.0,835.210763625
KDEN_Denver,CO,2023-04-08,13.169934640522875,27.88235294117647,18.678097575757576,16.07067990588235,0.0,833.5598985
KDEN_Denver,CO,2023-04-09,11.683501683501683,35.75757575757576,12.094433939393939,16.069991418181814,0.0,839.0243005454546
KDEN_Denver,CO,2023-04-10,13.194444444444445,29.9375,11.567131250000001,16.0692599,0.0,840.53374540625
KDEN_Denver,CO,2023-04-11,19.612794612794612,16.333333333333332,17.40098875,16.07291749090909,0.0,833.636861909091
KDEN_Denver,CO,2023-04-12,21.412698412698415,16.257142857142856,18.239186666666665,16.07132905142857,0.0,826.3081862
KDEN_Denver,CO,2023-04-13,19.225589225589225,21.333333333333332,23.506117575757575,16.069991418181814,0.0,819.3421913939394
KDEN_Denver,CO,2023-04-14,2.4739583333333335,85.515625,17.3255509375,8.762101921875,4.572,826.7977009687501
KDEN_Denver,CO,2023-04-15,2.382716049382716,73.28888888888889,12.552852,14.99583012,0.0,835.2794320888888
KDEN_Denver,CO,2023-04-16,7.152777777777778,41.15625,14.98697875,16.0692599,0.0,837.1156080000001
KDEN_Denver,CO,2023-04-17,13.385416666666668,22.46875,16.2945675,16.0692599,0.0,828.2051693125001
KDEN_Denver,CO,2023-04-18,17.309941520467838,16.5,28.96812,16.07307149473684,0.0,819.8539305526316
KDEN_Denver,CO,2023-04-19,5.294784580498867,63.44897959183673,27.555842040816323,12.244449906122448,2.286,825.1941330000001
KDEN_Denver,CO,2023-04-20,3.492063492063492,30.4,19.67992914285714,16.07132905142857,0.0,834.1065586
KDEN_Denver,CO,2023-04-21,3.2163742690058483,49.26315789473684,16.474559473684213,12.169151463157894,1.524,834.9590122631579
KDEN_Denver,CO,2023-04-22,-1.628352490421456,80.5,12.375269655172414,9.29948794827586,3.048,836.9638043103449
KDEN_Denver,CO,2023-04-23,5.173611111111112,54.5625,10.863045,15.5613119625,0.0,832.2688373125001
KDEN_Denver,CO,2023-04-24,10.673400673400673,40.27272727272727,12.143201818181819,16.069991418181814,0.0,827.8902606969697
KDEN_Denver,CO,2023-04-25,8.104575163398692,76.15686274509804,19.794882,13.883870847058821,11.937999999999999,828.948432117647
KDEN_Denver,CO,2023-04-26,7.116402116402117,79.45238095238095,13.372849047619049,12.511085795238094,0.0,834.6564438333332
KDEN_Denver,CO,2023-04-27,10.284900284900285,56.1025641025641,28.06028717948718,15.125732743589742,4.064,830.4209754615385
KDEN_Denver,CO,2023-04-28,6.833333333333333,56.75,25.5482725,15.953387419999999,0.0,837.2849275000001
KDEN_Denver,CO,2023-04-29,13.541666666666668,39.4375,15.439605625,16.0692599,0.0,835.68697471875
KDEN_Denver,CO,2023-04-30,11.788194444444445,45.625,10.46071,16.0692599,0.0,833.65514071875
KDEN_Denver,CO,2023-05-01,12.558922558922559,43.121212121212125,12.582112727272728,16.069991418181814,0.0,830.7943466666667
KDEN_Denver,CO,2023-05-02,14.31899641577061,44.74193548387097,20.713763225806453,16.071596038709675,0.0,832.0797183548387
KDEN_Denver,CO,2023-05-03,17.69097222222222,37.03125,12.522676875,16.0692599,0.0,830.24758578125
KDEN_Denver,CO,2023-05-04,15.231481481481483,51.0,17.568628333333336,15.8037188,0.508,827.6901558333334
KDEN_Denver,CO,2023-05-05,14.938271604938272,46.861111111111114,17.613332222222223,16.027238244444444,0.0,827.4361765833333
KDEN_Denver,CO,2023-05-06,14.634920634920633,34.885714285714286,13.748361714285714,16.07132905142857,0.0,829.3172356000001
KDEN_Denver,CO,2023-05-07,14.377104377104377,38.93939393939394,12.240737575757576,16.069991418181814,0.0,831.502410030303
KDEN_Denver,CO,2023-05-08,14.688346883468833,52.97560975609756,21.941977073170733,15.839045775609756,2.54,832.6389656097562
KDEN_Denver,CO,2023-05-09,16.125730994152047,62.13157894736842,22.657813157894736,16.030720442105263,0.0,831.1092215263158
KDEN_Denver,CO,2023-05-10,12.043010752688172,87.25806451612904,17.001898387096773,9.292381074193548,24.892,830.9709487258065
KDEN_Denver,CO,2023-05-11,9.309523809523808,93.6,22.50776942857143,6.825440845714286,130.556,827.7546585
KDEN_Denver,CO,2023-05-12,10.656565656565657,78.81818181818181,27.748923030303033,13.044919896969697,21.082,834.2730927575758
KDEN_Denver,CO,2023-05-13,11.69753086419753,76.55555555555556,17.479220555555557,14.107206216666665,1.016,840.7089440555555
KDEN_Denver,CO,2023-05-14,10.987654320987653,91.60317460317461,18.239186666666665,6.897937780952381,7.619999999999999,844.6032925555556
KDEN_Denver,CO,2023-05-15,10.975609756097562,84.2439024390244,10.127066341463415,10.407719536585367,0.508,844.6400013902439
KDEN_Denver,CO,2023-05-16,16.975308641975307,57.333333333333336,14.84169111111111,15.806401033333332,2.54,836.9368818611111
KDEN_Denver,CO,2023-05-17,18.186274509803923,52.88235294117647,13.632056470588235,16.07067990588235,0.0,833.3706590588235
KDEN_Denver,CO,2023-05-18,12.919389978213507,83.27450980392157,13.064054117647059,14.41842417254902,7.62,835.5220127058824
KDEN_Denver,CO,2023-05-19,11.492374727668844,84.45098039215686,10.918267450980393,4.311137858823529,0.0,841.0663963333333
KDEN_Denver,CO,2023-05-20,13.478835978835978,72.45238095238095,11.456968095238095,7.079563295238095,0.0,839.486081
KDEN_Denver,CO,2023-05-21,16.835016835016834,52.666666666666664,13.996381212121213,15.607671927272724,0.0,836.3562356969696
KDEN_Denver,CO,2023-05-22,16.961805555555557,54.875,12.824428125,13.427930625,0.0,833.6763056562501
KDEN_Denver,CO,2023-05-23,17.87878787878788,59.121212121212125,13.176471249999999,12.175388618181817,0.0,833.3187464848485
KDEN_Denver,CO,2023-05-24,15.147392290249435,75.12244897959184,14.221310612244897,11.565571175510204,1.016,833.577176
KDEN_Denver,CO,2023-05-25,16.16013071895425,66.20588235294117,14.971738787878788,15.839692282352942,1.5239999999999998,832.1455826764706
KDEN_Denver,CO,2023-05-26,15.086419753086421,75.84444444444445,19.419369333333332,14.788761706666666,23.621999999999996,832.8939084666666
KDEN_Denver,CO,2023-05-27,17.061965811965813,59.44230769230769,15.84580923076923,15.892851476923076,4.064,830.4600491923077
KDEN_Denver,CO,2023-05-28,17.34234234234234,57.08108108108108,14.527555675675675,16.072522075675675,0.0,831.9078893243244
KDEN_Denver,CO,2023-05-29,19.564564564564566,47.513513513513516,14.179590270270271,15.985530724324324,0.0,831.651621972973
KDEN_Denver,CO,2023-05-30,18.01801801801802,49.648648648648646,18.833627567567568,16.072522075675675,0.0,831.7980604594594
KDEN_Denver,CO,2023-05-31,18.224932249322492,54.02439024390244,15.897139024390244,15.956802360975608,0.254,829.673809487805
KDEN_Denver,CO,2023-06-01,14.916666666666666,71.275,13.035654,14.473196955,2.286,829.2761151500001
KDEN_Denver,CO,2023-06-02,15.707070707070706,69.77272727272727,14.671192558139534,15.563780836363636,6.35,830.6660743181819
KDEN_Denver,CO,2023-06-03,13.017241379310345,86.82758620689656,8.379666896551724,10.310042479310345,13.208,834.745135
KDEN_Denver,CO,2023-06-04,12.57122507122507,92.26923076923077,11.512970769230769,7.385838971794872,82.042,837.0157529102564
KDEN_Denver,CO,2023-06-05,15.761904761904761,75.14285714285714,14.622003428571428,16.07132905142857,0.0,837.5606764
KDEN_Denver,CO,2023-06-06,17.479674796747968,67.92682926829268,12.9954205,16.07455894634146,0.0,833.8861482682927
KDEN_Denver,CO,2023-06-07,17.82828282828283,61.63636363636363,14.240220606060605,16.069991418181814,0.0,832.5696359696971
KDEN_Denver,CO,2023-06-08,18.23848238482385,59.048780487804876,14.75882536585366,15.042618736585366,14.224,833.7622559512196
KDEN_Denver,CO,2023-06-09,18.37962962962963,55.083333333333336,17.166293333333336,15.848422688888888,2.54,833.1742263055555
KDEN_Denver,CO,2023-06-10,16.715686274509807,61.35294117647059,13.016720588235293,16.07067990588235,0.0,832.8328206470587
KDEN_Denver,CO,2023-06-11,14.46808510638298,79.14893617021276,9.895728936170213,15.734551421276594,2.286,835.1630299361702
KDEN_Denver,CO,2023-06-12,12.894736842105264,81.86842105263158,15.839293684210526,14.834303205263158,15.748,833.3994905526316
KDEN_Denver,CO,2023-06-13,12.794612794612794,77.84848484848484,9.899879393939393,15.911983490909089,1.7779999999999998,832.5388506060607
KDEN_Denver,CO,2023-06-14,17.650793650793652,58.05714285714286,13.242569142857143,16.074087919999997,0.0,829.4913928000001
KDEN_Denver,CO,2023-06-15,17.654320987654323,61.91111111111111,13.55421911111111,15.561960168888888,16.002,830.3277773777778
KDEN_Denver,CO,2023-06-16,12.8,90.8,12.488478399999998,15.018039012,18.796,836.3164199600001
KDEN_Denver,CO,2023-06-17,14.883040935672515,72.3157894736842,8.173753157894737,15.988369389473684,0.0,833.6401024736842
KDEN_Denver,CO,2023-06-18,20.609318996415773,45.064516129032256,17.858482580645163,16.071596038709675,0.0,828.7260998709678
KDEN_Denver,CO,2023-06-19,23.333333333333336,36.94117647058823,20.637418823529412,16.07067990588235,0.0,828.0221548529412
KDEN_Denver,CO,2023-06-20,21.44097222222222,43.21875,13.327346875,16.0692599,0.0,831.655054125
KDEN_Denver,CO,2023-06-21,19.160756501182032,70.04255319148936,21.537762978723404,12.91889124680851,79.248,834.6226485531914
KDEN_Denver,CO,2023-06-22,17.89405684754522,77.16279069767442,21.782229767441862,15.96540133023256,5.8420000000000005,834.6585064186047
KDEN_Denver,CO,2023-06-23,19.72222222222222,74.07317073170732,14.560695238095239,14.315079299999999,0.0,830.5927758333333
KDEN_Denver,CO,2023-06-24,19.34027777777778,46.59375,16.19398375,16.0692599,0.0,834.5969804375001
KDEN_Denver,CO,2023-06-25,18.75,63.40625,14.433768125,16.0692599,0.0,837.1473554062501
KDEN_Denver,CO,2023-06-26,21.95286195286195,60.484848484848484,16.43477515151515,16.069991418181814,0.0,832.6722538484848
KDEN_Denver,CO,2023-06-27,24.65686274509804,45.0,18.791411176470586,16.07067990588235,0.0,828.858792382353
KDEN_Denver,CO,2023-06-28,21.666666666666664,64.02702702702703,14.092598918918918,16.072522075675675,0.0,832.1458518648649
KDEN_Denver,CO,2023-06-29,18.164251207729468,72.17391304347827,22.88061652173913,15.50634075652174,25.908,834.8481990434783
KDEN_Denver,CO,2023-06-30,16.716049382716047,75.73333333333333,14.734401777777778,15.737199413333332,3.81,837.0855067555555
KDEN_Denver,CO,2023-07-01,19.83164983164983,57.75757575757576,9.460968484848486,16.069991418181814,0.0,837.4131998484849
KDEN_Denver,CO,2023-07-02,21.875,50.78125,12.2712175,16.0692599,0.0,835.50707275
KDEN_Denver,CO,2023-07-03,22.98798798798799,45.189189189189186,16.919817837837837,16.072522075675675,1.016,834.8275066486486
KDEN_Denver,CO,2023-07-04,17.817460317460316,73.69642857142857,21.58239892857143,13.340566453571428,62.992,837.2756918909091
KDEN_Denver,CO,2023-07-05,15.250544662309366,90.82352941176471,13.758279215686274,9.256545011764706,0.508,838.556483745098
KDEN_Denver,CO,2023-07-06,17.970085470085472,84.4423076923077,16.681428076923076,9.141670176923077,0.508,835.6373185192308
KDEN_Denver,CO,2023-07-07,17.244897959183675,78.22448979591837,14.812496734693877,14.325425057142857,8.89,835.235816
KDEN_Denver,CO,2023-07-08,18.536585365853657,76.2439024390244,24.10084780487805,15.134468873170732,0.0,834.4560529268293
KDEN_Denver,CO,2023-07-09,19.894894894894893,71.45945945945945,14.171132777777778,15.49663932972973,0.0,835.3674985675676
KDEN_Denver,CO,2023-07-10,24.04513888888889,50.75,13.830265625,16.0692599,0.0,833.59164590625
KDEN_Denver,CO,2023-07-11,25.34722222222222,41.15625,13.57880625,16.0692599,0.0,833.71863553125
KDEN_Denver,CO,2023-07-12,24.11111111111111,45.025,13.116121000000001,16.07408792,0.0,834.6096794000001
KDEN_Denver,CO,2023-07-13,25.850694444444443,44.71875,16.847778125,16.0722774125,0.0,833.69747059375
KDEN_Denver,CO,2023-07-14,21.65204678362573,59.10526315789474,17.236878421052634,16.07307149473684,0.0,836.4561531052632
KDEN_Denver,CO,2023-07-15,21.510416666666668,59.0,15.4898975,16.0692599,0.0,838.48074646875
KDEN_Denver,CO,2023-07-16,23.956228956228955,45.515151515151516,14.825435151515151,16.069991418181814,0.0,837.6594827575758
KDEN_Denver,CO,2023-07-17,26.797385620915033,33.26470588235294,14.626060588235294,16.07067990588235,0.0,835.9104515588235
KDEN_Denver,CO,2023-07-18,26.53116531165312,36.78048780487805,17.820496585365852,16.07455894634146,0.0,835.967539195122
KDEN_Denver,CO,2023-07-19,24.983164983164983,45.303030303030305,17.0199896969697,16.069991418181814,0.0,839.2705834545455
KDEN_Denver,CO,2023-07-20,17.962962962962965,83.60317460317461,18.52018253968254,12.734222063492064,10.16,841.0986476666667
KDEN_Denver,CO,2023-07-21,19.03935185185185,69.08333333333333,10.795989166666667,13.8242306,2.794,840.5302179166666
KDEN_Denver,CO,2023-07-22,23.020833333333332,50.75,13.17647125,16.0692599,0.0,838.5336588125
KDEN_Denver,CO,2023-07-23,25.617283950617285,38.5,19.982638333333334,15.737557044444442,0.0,837.6894129722223
KDEN_Denver,CO,2023-07-24,27.46612466124661,35.609756097560975,17.290088717948716,15.839045775609756,9.144,838.1563034634146
KDEN_Denver,CO,2023-07-25,25.925925925925924,45.07692307692308,16.918702564102563,15.248290174358972,8.89,837.3413673333333
KDEN_Denver,CO,2023-07-26,24.74074074074074,50.0,15.843058222222224,16.00470748444444,5.8420000000000005,837.6950569555556
KDEN_Denver,CO,2023-07-27,25.925925925925927,41.27777777777778,18.641521666666666,16.07462436666667,0.0,837.1720478333333
KDEN_Denver,CO,2023-07-28,24.19590643274854,49.3421052631579,17.659244324324323,16.07307149473684,14.224,838.8177145526316
KDEN_Denver,CO,2023-07-29,24.41176470588235,54.88235294117647,15.904065882352942,16.07067990588235,0.0,840.0936392058824
KDEN_Denver,CO,2023-07-30,25.723905723905723,42.96969696969697,11.524950967741935,16.069991418181814,0.0,838.3390779354839
KDEN_Denver,CO,2023-07-31,22.025462962962962,69.29166666666667,15.087562499999999,14.903829516666667,12.192,839.2462117083334
KDEN_Denver,CO,2023-08-01,22.22222222222222,66.77142857142857,13.932286285714286,16.07132905142857,0.0,838.1024988
KDEN_Denver,CO,2023-08-02,23.07936507936508,57.0,12.230984,15.979366765714284,1.778,837.4155453999999
KDEN_Denver,CO,2023-08-03,21.693121693121693,68.95238095238095,14.139201428571429,15.883419447619046,48.768,836.389953
KDEN_Denver,CO,2023-08-04,22.55892255892256,59.0,9.412200606060606,16.069991418181814,0.0,835.9252406060606
KDEN_Denver,CO,2023-08-05,22.174603174603174,53.77142857142857,12.460889714285715,16.025347908571426,0.0,838.0250956
KDEN_Denver,CO,2023-08-06,16.966966966966964,65.89189189189189,8.65563945945946,16.072522075675675,0.0,840.4653883783784
KDEN_Denver,CO,2023-08-07,18.282828282828284,68.43181818181819,15.72764090909091,12.340345968181817,6.8580000000000005,836.8077543636363
KDEN_Denver,CO,2023-08-08,20.735294117647058,58.76470588235294,15.4898975,16.07067990588235,0.0,834.1176568529412
KDEN_Denver,CO,2023-08-09,20.29513888888889,52.25,11.16479625,16.0692599,0.0,833.98319725
KDEN_Denver,CO,2023-08-10,24.659498207885306,38.61290322580645,17.80656838709677,16.071596038709675,0.0,832.4729765483871
KDEN_Denver,CO,2023-08-11,24.523809523809522,38.4,18.024608,16.07132905142857,0.0,834.551627
KDEN_Denver,CO,2023-08-12,23.663194444444446,43.65625,17.149529375,16.0692599,0.0,835.4118305312501
KDEN_Denver,CO,2023-08-13,19.006734006734007,52.36363636363637,18.775633333333335,16.069991418181814,0.0,840.0915264848485
KDEN_Denver,CO,2023-08-14,18.77104377104377,44.21212121212121,11.948130303030302,16.069991418181814,0.0,843.3855603939394
KDEN_Denver,CO,2023-08-15,23.4006734006734,37.09090909090909,12.51132064516129,16.069991418181814,0.0,840.0607411212121
KDEN_Denver,CO,2023-08-16,28.41750841750842,29.09090909090909,19.462955625,16.069991418181814,0.0,836.1612617272727
KDEN_Denver,CO,2023-08-17,25.381944444444443,41.84375,22.581051875,16.021985537499997,0.0,836.82988134375
KDEN_Denver,CO,2023-08-18,27.83783783783784,37.513513513513516,16.91981783783784,16.072522075675675,0.0,833.4546458378379
KDEN_Denver,CO,2023-08-19,25.46099290780142,47.8936170212766,21.572004255319147,15.760574791489361,4.571999999999999,836.6760978085107
KDEN_Denver,CO,2023-08-20,24.93827160493827,48.111111111111114,18.373298333333334,16.027238244444444,0.0,839.1286287222223
KDEN_Denver,CO,2023-08-21,29.25925925925926,22.575757575757574,31.45528181818182,16.069991418181814,0.0,838.3572843333333
KDEN_Denver,CO,2023-08-22,28.602693602693602,25.03030303030303,24.383939393939393,16.069991418181814,0.0,838.3880696969698
KDEN_Denver,CO,2023-08-23,26.616161616161616,33.121212121212125,13.26486303030303,16.069991418181814,0.0,837.7723624242425
KDEN_Denver,CO,2023-08-24,25.420054200542005,44.707317073170735,18.880305853658538,15.996054556097562,0.762,836.2070643414634
KDEN_Denver,CO,2023-08-25,17.505910165484632,80.70212765957447,15.237368085106382,15.220932272340425,1.524,842.0078607872341
KDEN_Denver,CO,2023-08-26,19.666666666666668,65.97142857142858,11.541266857142858,15.933385622857141,0.0,841.3340824
KDEN_Denver,CO,2023-08-27,21.458333333333332,62.0,17.541806,15.996034929999999,1.524,838.7664731250001
KDEN_Denver,CO,2023-08-28,18.59173126614987,64.30232558139535,20.622007906976744,15.963155739534884,0.0,840.8170110232559
KDEN_Denver,CO,2023-08-29,20.13888888888889,50.5,13.226763125,16.0692599,0.0,841.25335328125
KDEN_Denver,CO,2023-08-30,26.176470588235293,33.088235294117645,18.270742352941177,16.07067990588235,0.0,834.3566961470589
KDEN_Denver,CO,2023-08-31,26.111111111111114,30.294117647058822,15.904065882352942,16.07067990588235,0.0,832.4344218235294
KDEN_Denver,CO,2023-09-01,27.708333333333332,24.625,17.80332375,16.0692599,0.0,833.7503829375
KDEN_Denver,CO,2023-09-02,26.73611111111111,33.1875,10.36012625,16.0692599,0.0,836.565319625
KDEN_Denver,CO,2023-09-03,23.843537414965986,46.42857142857143,19.14786163265306,15.807003167346938,1.778,833.4251340000001
KDEN_Denver,CO,2023-09-04,24.133986928104576,39.5,23.950765882352943,16.07067990588235,0.0,827.4942764117648
KDEN_Denver,CO,2023-09-05,18.78472222222222,43.53125,17.753031875,15.696094187499998,0.0,836.099691
KDEN_Denver,CO,2023-09-06,20.989583333333332,39.84375,15.691065,16.018968025,0.0,836.35367025
KDEN_Denver,CO,2023-09-07,23.541666666666668,26.21875,13.497690322580645,16.0722774125,0.0,836.15260334375
KDEN_Denver,CO,2023-09-08,23.00347222222222,28.53125,12.07005,16.0692599,0.0,838.8722978125
KDEN_Denver,CO,2023-09-09,22.69097222222222,33.03125,14.936686875,15.956606099999998,0.0,839.81413753125
KDEN_Denver,CO,2023-09-10,14.86868686868687,82.83636363636364,10.914251272727272,9.819607465454546,8.89,840.6743960363636
KDEN_Denver,CO,2023-09-11,14.51923076923077,80.1923076923077,9.151149019607843,14.110507426923077,1.016,840.3326785
KDEN_Denver,CO,2023-09-12,16.86868686868687,62.42424242424242,11.65552303030303,16.069991418181814,0.0,836.7872307878788
KDEN_Denver,CO,2023-09-13,18.552188552188554,47.09090909090909,12.240737575757576,16.069991418181814,0.0,833.6471236969697
KDEN_Denver,CO,2023-09-14,14.843304843304844,70.35897435897436,17.620209743589744,14.66438861025641,14.478,837.0895588461539
KDEN_Denver,CO,2023-09-15,13.404558404558403,75.6923076923077,10.15122153846154,16.07359273846154,0.762,840.3457030769231
KDEN_Denver,CO,2023-09-16,16.09375,48.21875,11.416255625,16.0692599,0.0,840.13161159375
KDEN_Denver,CO,2023-09-17,20.225694444444443,34.0,13.67939,16.0692599,0.0,837.2849275
KDEN_Denver,CO,2023-09-18,20.95486111111111,32.75,16.0934,16.0692599,0.0,833.602228375
KDEN_Denver,CO,2023-09-19,19.246031746031747,38.67857142857143,14.886394999999998,16.079605657142857,0.0,832.2537194999999
KDEN_Denver,CO,2023-09-20,19.930555555555557,34.78125,18.50741,16.0722774125,0.0,831.9725281875
KDEN_Denver,CO,2023-09-21,18.986928104575163,41.588235294117645,12.77718424242424,16.07067990588235,0.0,831.5479844411765
KDEN_Denver,CO,2023-09-22,17.806267806267808,61.23076923076923,13.78255282051282,15.3209168,0.0,831.7147501025642
KDEN_Denver,CO,2023-09-23,15.760233918128655,39.89473684210526,17.575686842105263,16.07307149473684,0.0,833.1856132894737
KDEN_Denver,CO,2023-09-24,16.145833333333336,31.09375,12.57296875,16.0692599,0.0,836.91454109375
KDEN_Denver,CO,2023-09-25,19.270833333333332,27.46875,11.26538,16.0692599,0.0,839.5495758125
KDEN_Denver,CO,2023-09-26,18.489583333333332,34.5625,12.925011875,16.0692599,0.0,838.05744771875
KDEN_Denver,CO,2023-09-27,21.07638888888889,33.875,18.40682625,16.0692599,0.0,834.15251675
KDEN_Denver,CO,2023-09-28,22.043010752688172,31.516129032258064,18.74102387096774,16.071596038709675,0.0,830.3209803225807
KDEN_Denver,CO,2023-09-29,18.96057347670251,39.32258064516129,17.18359806451613,16.071596038709675,0.0,831.664612483871
KDEN_Denver,CO,2023-09-30,21.813725490196077,32.911764705882355,20.82675294117647,16.07067990588235,0.0,831.0499859117648
KDEN_Denver,CO,2023-10-01,21.64983164983165,38.60606060606061,31.504049696969698,16.069991418181814,0.0,831.0303677878787
KDEN_Denver,CO,2023-10-02,17.86786786786787,55.945945945945944,19.31208,16.072522075675675,0.0,830.7912958648649
KDEN_Denver,CO,2023-10-03,12.573099415204679,59.21052631578947,15.458134210526316,14.357853863157892,0.0,830.8507865
KDEN_Denver,CO,2023-10-04,13.83838383838384,40.666666666666664,13.996381212121213,16.069991418181814,0.0,835.6994812727273
KDEN_Denver,CO,2023-10-05,12.107279693486591,48.172413793103445,13.263181379310344,16.076751655172412,0.0,840.5253524137931
KDEN_Denver,CO,2023-10-06,7.760416666666666,61.1875,12.824428125,16.0692599,0.0,844.47042378125
KDEN_Denver,CO,2023-10-07,12.79513888888889,42.0625,12.019758125,16.0692599,0.0,840.5654928125
KDEN_Denver,CO,2023-10-08,15.625,33.75,13.60151870967742,16.0692599,0.0,836.47007740625
KDEN_Denver,CO,2023-10-09,15.622895622895623,33.39393939393939,11.948130303030302,15.863215612121211,0.0,831.6255514848485
KDEN_Denver,CO,2023-10-10,17.20486111111111,27.84375,14.48406,16.0722774125,0.0,825.8241138437501
KDEN_Denver,CO,2023-10-11,15.077160493827162,46.22222222222222,18.50741,16.027238244444444,0.254,818.6409692222222
KDEN_Denver,CO,2023-10-12,8.35016835016835,64.18181818181819,23.603653333333334,16.07291749090909,0.0,822.5233456363636
KDEN_Denver,CO,2023-10-13,5.954861111111111,52.78125,23.083970625,16.0692599,0.0,836.97803590625
KDEN_Denver,CO,2023-10-14,4.600694444444445,58.28125,10.008083125,16.0692599,0.0,841.221605875
KDEN_Denver,CO,2023-10-15,9.965277777777777,46.09375,13.77997375,16.0692599,0.0,843.3804295
KDEN_Denver,CO,2023-10-16,13.77104377104377,38.81818181818182,12.874719999999998,16.069991418181814,0.0,840.3070240303031
KDEN_Denver,CO,2023-10-17,19.27777777777778,25.866666666666667,16.844425333333334,16.07408792,0.0,832.7358769333333
KDEN_Denver,CO,2023-10-18,13.246527777777779,40.25,13.327346875,16.0692599,0.0,836.5018248125
KDEN_Denver,CO,2023-10-19,16.666666666666668,30.6875,11.466547499999999,16.0692599,0.0,837.82463340625
KDEN_Denver,CO,2023-10-20,18.26388888888889,19.59375,14.333184375,16.0692599,0.0,835.2742584375001
KDEN_Denver,CO,2023-10-21,16.979166666666668,24.21875,14.031433125,16.0692599,0.0,832.3217496562501
KDEN_Denver,CO,2023-10-22,14.027777777777777,41.78125,15.339021875,16.0692599,0.0,829.46448309375
KDEN_Denver,CO,2023-10-23,16.302083333333332,33.5,13.126179375,16.0692599,0.0,826.26857753125
KDEN_Denver,CO,2023-10-24,12.746913580246915,60.94444444444444,9.432520555555556,16.071942133333334,0.0,829.9101226111111
KDEN_Denver,CO,2023-10-25,10.124716553287982,76.46938775510205,10.805568571428571,9.798909979591837,0.0,829.4927749999999
KDEN_Denver,CO,2023-10-26,4.590643274853801,91.08771929824562,12.677081754385965,7.238924256140351,0.0,829.3803803157895
KDEN_Denver,CO,2023-10-27,0.9104938271604939,60.0,21.234347222222222,16.071942133333334,0.0,836.2031640277778
KDEN_Denver,CO,2023-10-28,-4.226726726726727,83.1891891891892,10.917414594594595,5.769701378378378,23.875999999999998,836.6900211486487
KDEN_Denver,CO,2023-10-29,-5.984405458089668,78.08771929824562,9.288997543859649,7.804734319298245,7.366,841.8327898596492
KDEN_Denver,CO,2023-10-30,-1.7534722222222223,54.125,11.8688825,16.0692599,0.0,840.42792071875
KDEN_Denver,CO,2023-10-31,1.5451388888888888,52.375,12.824428125,16.0692599,0.0,840.628987625
KDEN_Denver,CO,2023-11-01,8.055555555555555,40.71875,10.309834375,16.0692599,0.0,836.2478455625001
KDEN_Denver,CO,2023-11-02,10.555555555555555,37.28125,15.59048125,16.0692599,0.0,834.4382434062501
KDEN_Denver,CO,2023-11-03,13.24915824915825,37.57575757575758,11.919174374999999,16.069991418181814,0.0,835.4634601515153
KDEN_Denver,CO,2023-11-04,10.225694444444445,48.40625,15.28873,16.0692599,0.0,837.33783984375
KDEN_Denver,CO,2023-11-05,15.49019607843137,26.941176470588236,17.134737647058824,16.07067990588235,0.0,830.8408265294119
KDEN_Denver,CO,2023-11-06,12.419354838709678,37.516129032258064,14.951287741935483,16.071596038709675,0.0,828.922728967742
KDEN_Denver,CO,2023-11-07,13.628472222222221,31.03125,18.40682625,16.0692599,0.0,826.5543041875001
KDEN_Denver,CO,2023-11-08,4.340277777777778,67.71875,13.98114125,16.0692599,0.0,835.3271707812501
KDEN_Denver,CO,2023-11-09,2.777777777777778,54.878787878787875,13.508702424242424,16.069991418181814,0.0,838.7472322727273
KDEN_Denver,CO,2023-11-10,3.350694444444444,44.1875,13.528514375,16.0692599,0.0,835.7927994062501
KDEN_Denver,CO,2023-11-11,7.549019607843138,28.147058823529413,15.762065294117647,16.07067990588235,0.0,835.4323729705883
KDEN_Denver,CO,2023-11-12,8.975694444444445,24.53125,19.41266375,16.0692599,0.0,840.53374540625
KDEN_Denver,CO,2023-11-13,8.940972222222223,31.03125,12.925011875000001,16.0692599,0.0,838.21618475
KDEN_Denver,CO,2023-11-14,11.075268817204302,21.29032258064516,12.51132064516129,15.967767651612903,0.0,835.3459461290323
KDEN_Denver,CO,2023-11-15,11.143790849673202,24.441176470588236,15.762065294117647,16.07067990588235,0.0,835.1833737058823
KDEN_Denver,CO,2023-11-16,11.781045751633986,40.14705882352941,17.371405294117647,16.07067990588235,0.0,829.9743090882354
KDEN_Denver,CO,2023-11-17,5.972222222222222,71.5,10.058375,9.844040172727272,0.0,834.5758155
KDEN_Denver,CO,2023-11-18,7.586805555555556,51.09375,11.8688825,16.0692599,0.0,831.6762190625001
KDEN_Denver,CO,2023-11-19,7.395833333333333,49.84375,11.215088125,16.0692599,0.0,826.0463456875
KDEN_Denver,CO,2023-11-20,4.672364672364672,61.23076923076923,33.25969333333334,15.99106248205128,0.254,838.0857629729729
KDEN_Denver,CO,2023-11-21,4.774305555555555,44.5625,12.623260625,16.0692599,0.0,844.02596009375
KDEN_Denver,CO,2023-11-22,10.625,27.5,12.925011875,16.0692599,0.0,834.618145375
KDEN_Denver,CO,2023-11-23,0.13888888888888892,61.475,16.656669,15.280683299999998,0.254,835.5240047000001
KDEN_Denver,CO,2023-11-24,-6.905982905982906,81.32307692307693,18.643584923076922,8.907077923076923,3.81,836.1622089692307
KDEN_Denver,CO,2023-11-25,-8.869047619047619,78.96428571428571,13.104625714285714,8.634683864285714,3.556,832.864479125
KDEN_Denver,CO,2023-11-26,-4.479166666666667,63.0625,14.081725,16.0692599,0.0,836.06794359375
KDEN_Denver,CO,2023-11-27,-1.701388888888889,53.125,14.333184375,16.0692599,0.0,838.0257003125
KDEN_Denver,CO,2023-11-28,3.888888888888889,34.15625,14.6852275,16.0692599,0.0,836.80871640625
KDEN_Denver,CO,2023-11-29,4.010416666666667,31.21875,13.37763875,16.0692599,0.0,828.8401174375
KDEN_Denver,CO,2023-11-30,-1.5972222222222223,53.3125,12.220925625,16.0692599,0.0,826.77653603125
KDEN_Denver,CO,2023-12-01,-1.8402777777777777,67.8125,10.913336875,15.793660424999999,0.0,824.8187793125
KDEN_Denver,CO,2023-12-02,0.30303030303030304,44.84848484848485,20.09236606060606,16.069991418181814,0.0,825.6942380909092
KDEN_Denver,CO,2023-12-03,0.40540540540540543,51.4054054054054,17.615748648648648,15.553183708108106,0.0,827.679478027027
KDEN_Denver,CO,2023-12-04,5.666666666666667,49.77142857142857,21.427212571428573,16.07132905142857,0.0,833.4292806
KDEN_Denver,CO,2023-12-05,7.413194444444445,46.09375,14.132016875,16.0692599,0.0,839.53899334375
KDEN_Denver,CO,2023-12-06,9.913194444444445,33.53125,12.472385,16.0692599,0.0,834.86154215625
KDEN_Denver,CO,2023-12-07,9.493464052287582,28.58823529411765,25.938774117647057,16.07067990588235,0.0,823.9784067941176
KDEN_Denver,CO,2023-12-08,-0.02415458937198065,65.69565217391305,15.218758695652173,10.80601838695652,1.016,828.5392072391304
KDEN_Denver,CO,2023-12-09,-2.873015873015873,65.68571428571428,16.59919257142857,15.312640194285713,0.0,839.1571174000001
KDEN_Denver,CO,2023-12-10,3.4895833333333335,42.375,21.072295625,16.0692599,0.0,833.27417184375
KDEN_Denver,CO,2023-12-11,4.53125,54.1875,13.729681875,16.0692599,0.0,835.4435779375
KDEN_Denver,CO,2023-12-12,-1.5491452991452992,85.07692307692308,6.994439230769231,8.844870742307693,0.0,838.2602078199999
KDEN_Denver,CO,2023-12-13,0.11337868480725623,80.0204081632653,5.55058081632653,9.324318897959182,3.302,841.953308
KDEN_Denver,CO,2023-12-14,-1.0576923076923077,87.38461538461539,8.325239615384616,6.682474861538462,0.0,837.6040296346154
KDEN_Denver,CO,2023-12-15,2.293906810035842,53.87096774193548,14.691716774193548,15.735192064516127,0.0,839.7482531290324
KDEN_Denver,CO,2023-12-16,6.892361111111112,33.59375,14.081725,16.0692599,0.0,836.2478455625001
KDEN_Denver,CO,2023-12-17,6.336805555555555,30.71875,14.433768125,16.0692599,0.0,837.80346846875
KDEN_Denver,CO,2023-12-18,4.305555555555555,40.40625,13.629098125,16.0692599,0.0,834.7662999375
KDEN_Denver,CO,2023-12-19,10.252525252525253,23.484848484848484,15.703256969696971,16.069991418181814,0.0,830.240210121212
KDEN_Denver,CO,2023-12-20,7.65625,38.28125,11.667715,16.0692599,0.0,833.263589375
KDEN_Denver,CO,2023-12-21,7.361111111111112,45.15625,12.623260625,16.0692599,0.0,836.2055156875
KDEN_Denver,CO,2023-12-22,5.555555555555555,47.96875,14.735519374999999,16.0692599,0.0,833.78213034375
KDEN_Denver,CO,2023-12-23,5.138888888888889,58.25,16.13810388888889,14.28602177222222,0.0,825.2162098055555
KDEN_Denver,CO,2023-12-24,-3.21256038647343,67.17391304347827,26.62408130434783,11.583399578260869,0.0,832.3893854347826
KDEN_Denver,CO,2023-12-25,-5.476190476190477,47.68571428571428,14.897890285714285,16.07132905142857,0.0,832.132777
KDEN_Denver,CO,2023-12-26,1.325757575757576,47.52272727272727,35.29575227272727,13.572954104545454,0.254,828.4842511627908
KDEN_Denver,CO,2023-12-27,2.7430555555555554,39.84375,20.066458125,16.0692599,0.0,835.58115003125
KDEN_Denver,CO,2023-12-28,-0.78125,45.15625,13.830265625,16.0692599,0.0,837.8987106875
KDEN_Denver,CO,2023-12-29,2.5,34.65625,15.38931375,16.0692599,0.0,838.2373496875
KDEN_Denver,CO,2023-12-30,3.59375,35.90625,14.936686875,16.0692599,0.0,834.31125378125
KDEN_Denver,CO,2023-12-31,-0.5902777777777777,56.46875,8.54961875,16.0692599,0.0,834.8264083600001
KDEN_Denver,CO,2024-01-01,2.100694444444444,50.03125,11.114504375,16.0692599,0.0,835.4435779375
KDEN_Denver,CO,2024-01-02,1.4756944444444444,57.46875,10.46071,16.0692599,0.0,836.057361125
KDEN_Denver,CO,2024-01-03,-0.9722222222222222,56.625,16.546026875,15.956606099999998,0.0,832.713301
KDEN_Denver,CO,2024-01-04,-3.538011695906433,76.94736842105263,9.867795263157895,13.567159710526315,0.0,829.0684759736843
KDEN_Denver,CO,2024-01-05,-0.5034722222222222,58.28125,10.913336875,15.805730474999999,0.0,827.8559478437501
KDEN_Denver,CO,2024-01-06,-2.4479166666666665,49.78125,13.226763125,16.0692599,0.0,826.77653603125
KDEN_Denver,CO,2024-01-07,-3.3506944444444446,45.125,12.522676875,16.0692599,0.0,819.887348875
KDEN_Denver,CO,2024-01-08,-6.1342592592592595,66.02083333333333,30.242180833333332,11.353223141666666,1.27,825.7853114583332
KDEN_Denver,CO,2024-01-09,-3.420138888888889,45.53125,16.344859375,16.0692599,0.0,821.88743546875
KDEN_Denver,CO,2024-01-10,-0.4444444444444444,33.17142857142857,28.416346285714283,16.07132905142857,0.0,817.1842839999999
KDEN_Denver,CO,2024-01-11,-8.362573099415204,61.421052631578945,18.719165263157894,15.395454652631578,0.0,819.1588294473685
KDEN_Denver,CO,2024-01-12,-8.26388888888889,50.425,28.686485499999996,13.722037509999998,0.0,820.6492866250001
KDEN_Denver,CO,2024-01-13,-13.716931216931217,71.19047619047619,14.637330476190476,10.168729742857142,4.826,827.0128778333334
KDEN_Denver,CO,2024-01-14,-15.502645502645501,68.02380952380952,7.931747142857143,14.94157237142857,0.0,827.0693176666666
KDEN_Denver,CO,2024-01-15,-15.05668934240363,70.12244897959184,17.834114693877552,8.143588836734693,4.064,833.687752
KDEN_Denver,CO,2024-01-16,-6.111111111111111,46.75757575757576,16.288471515151514,16.069991418181814,0.0,829.2550784848485
KDEN_Denver,CO,2024-01-17,1.2152777777777777,44.84375,14.48406,16.0692599,0.0,822.4694712500001
KDEN_Denver,CO,2024-01-18,-4.024390243902439,61.146341463414636,21.745716097560976,15.829625248780486,0.0,833.5392497804878
KDEN_Denver,CO,2024-01-19,-6.111111111111111,66.8125,10.863045,15.805730474999999,0.0,838.9992874375
KDEN_Denver,CO,2024-01-20,-2.482638888888889,68.625,6.13560875,16.0692599,0.0,831.1259306875
KDEN_Denver,CO,2024-01-21,4.722222222222221,54.8125,11.516839375,16.018968025,0.0,826.19450025
KDEN_Denver,CO,2024-01-22,4.375,59.8125,10.611585625,16.0722774125,0.0,828.6919628750001
KDEN_Denver,CO,2024-01-23,3.576388888888889,63.34375,13.528514375,16.0692599,0.0,829.86661690625
KDEN_Denver,CO,2024-01-24,3.611111111111111,61.9375,11.617423125,16.0692599,0.0,831.0836008125
KDEN_Denver,CO,2024-01-25,3.026315789473684,62.44736842105263,13.171177368421054,15.057916763157895,1.778,831.0735753157894
KDEN_Denver,CO,2024-01-26,1.510721247563353,80.96491228070175,10.220720701754386,9.631758729824561,3.556,836.9136128070176
KDEN_Denver,CO,2024-01-27,1.6493055555555556,51.6875,15.238438125,16.0692599,0.0,840.78772465625
KDEN_Denver,CO,2024-01-28,6.245791245791246,42.81818181818182,14.743630967741934,16.069991418181814,0.0,841.0766581212122
KDEN_Denver,CO,2024-01-29,6.545138888888889,50.65625,12.522676875,16.0692599,0.0,841.6131572187501
KDEN_Denver,CO,2024-01-30,5.815972222222222,52.8125,11.315671875,16.0692599,0.0,838.73472571875
KDEN_Denver,CO,2024-01-31,7.03125,39.5625,9.4548725,16.0692599,0.0,833.82446021875
KDEN_Denver,CO,2024-02-01,7.725694444444445,35.53125,13.629098125,16.0692599,0.0,828.38507128125
KDEN_Denver,CO,2024-02-02,5.619047619047619,59.857142857142854,13.564437142857143,15.933385622857141,1.524,820.5319724
KDEN_Denver,CO,2024-02-03,1.5608465608465607,91.98412698412699,11.418650476190477,4.657634320634921,23.876,819.3558737777778
KDEN_Denver,CO,2024-02-04,-1.1008230452674896,88.24074074074075,8.761962222222222,7.2926944074074065,0.0,831.3399317222223
KDEN_Denver,CO,2024-02-05,0.78125,68.5625,10.6618775,15.906314225,0.0,833.2000945625
KDEN_Denver,CO,2024-02-06,4.357638888888888,62.1875,7.94611625,15.6427848,0.0,827.168087375
KDEN_Denver,CO,2024-02-07,6.043771043771044,55.06060606060606,19.458383636363635,16.069991418181814,0.0,816.4278436363636
KDEN_Denver,CO,2024-02-08,4.380952380952381,49.628571428571426,18.254513714285714,15.335630765714285,1.524,821.9832824
KDEN_Denver,CO,2024-02-09,0.584795321637427,78.52631578947368,13.834677192982456,10.354267687719297,4.064,827.6218339298246
KDEN_Denver,CO,2024-02-10,-2.9166666666666665,87.6,19.499836333333334,5.497505439999999,5.588,830.66453505
KDEN_Denver,CO,2024-02-11,-3.644986449864499,73.4390243902439,10.755101463414634,13.496082248780487,0.0,833.4401359268294
KDEN_Denver,CO,2024-02-12,2.0659722222222223,50.78125,12.623260625,16.0692599,0.0,831.07301834375
KDEN_Denver,CO,2024-02-13,3.9057239057239057,47.03030303030303,17.215061212121213,16.069991418181814,0.0,830.5172783939395
KDEN_Denver,CO,2024-02-14,3.3501683501683504,54.84848484848485,17.849043636363636,16.069991418181814,0.0,829.7784296666667
KDEN_Denver,CO,2024-02-15,-0.6555555555555556,82.94,11.426314,8.25108618,0.0,831.23006218
KDEN_Denver,CO,2024-02-16,-4.936507936507937,89.35714285714286,18.461428857142856,2.7082893142857145,7.62,835.761052
KDEN_Denver,CO,2024-02-17,-7.550505050505051,71.77272727272727,10.680165454545454,11.890828045454544,0.508,838.8011066590909
KDEN_Denver,CO,2024-02-18,3.1597222222222223,40.875,15.28873,16.0692599,0.0,829.453900625
KDEN_Denver,CO,2024-02-19,6.388888888888889,39.0625,17.40098875,16.0692599,0.0,831.41165734375
KDEN_Denver,CO,2024-02-20,9.652777777777777,37.96875,14.58464375,16.0692599,0.0,832.97786271875
KDEN_Denver,CO,2024-02-21,7.5,49.5625,16.0934,16.0692599,0.0,828.8189525
KDEN_Denver,CO,2024-02-22,2.0338983050847457,82.37288135593221,10.228855932203391,11.132268488135592,10.16,835.4511112203389
KDEN_Denver,CO,2024-02-23,3.420138888888889,40.96875,12.120341875,16.0692599,0.0,836.55473715625
KDEN_Denver,CO,2024-02-24,8.072916666666666,23.25,23.083970625,16.0692599,0.0,831.43282228125
KDEN_Denver,CO,2024-02-25,11.371527777777779,15.6875,22.128425,16.0692599,0.0,828.6919628750001
KDEN_Denver,CO,2024-02-26,12.222222222222221,24.2,34.57781942857143,16.07132905142857,0.0,821.3737322000001
KDEN_Denver,CO,2024-02-27,-2.5341130604288495,74.0701754385965,20.01793087719298,12.65647090877193,8.636,821.9422043859649
KDEN_Denver,CO,2024-02-28,0.8602150537634408,42.41935483870968,13.082376774193548,16.071596038709675,0.0,832.7242248387097
KDEN_Denver,CO,2024-02-29,7.760416666666667,27.1875,12.220925625,16.0692599,0.0,829.1787564375
KDEN_Denver,CO,2024-03-01,10.437710437710438,23.454545454545453,17.215061212121213,16.07291749090909,0.0,826.6383225757577
KDEN_Denver,CO,2024-03-02,11.666666666666666,23.84375,21.62550625,16.0692599,0.0,819.96142615625
KDEN_Denver,CO,2024-03-03,3.306878306878307,56.833333333333336,18.85226857142857,14.101650161904761,3.556,820.4416686666667
KDEN_Denver,CO,2024-03-04,1.2962962962962963,49.84848484848485,20.189901818181816,16.069991418181814,0.0,827.2232444848485
KDEN_Denver,CO,2024-03-05,1.1631944444444444,55.59375,18.356534375,16.0692599,0.0,831.2423378437501
KDEN_Denver,CO,2024-03-06,7.725694444444445,37.8125,12.6735525,16.0692599,0.0,825.99343334375
KDEN_Denver,CO,2024-03-07,0.5967078189300411,83.70370370370371,14.03702111111111,11.11755914074074,0.254,827.6462581851853
KDEN_Denver,CO,2024-03-08,-2.9142300194931776,80.56140350877193,12.422975438596492,8.230221228070176,1.778,836.1709834210527
KDEN_Denver,CO,2024-03-09,2.7430555555555554,42.53125,13.327346875,16.0692599,0.0,835.5917325
KDEN_Denver,CO,2024-03-10,9.07986111111111,20.03125,12.925011875,16.0692599,0.0,832.3534970625
KDEN_Denver,CO,2024-03-11,8.031746031746032,23.085714285714285,14.162192,16.07132905142857,0.0,829.4430158000001
KDEN_Denver,CO,2024-03-12,8.75,33.0,12.321509375,16.0722774125,0.0,827.9511900625
KDEN_Denver,CO,2024-03-13,5.813953488372093,74.51162790697674,18.151858139534884,11.837631362790697,34.29,825.9483963255815
KDEN_Denver,CO,2024-03-14,0.5930930930930931,95.29729729729729,22.487264324324325,3.3345959756756756,31.496,835.2119076756757
KDEN_Denver,CO,2024-03-15,1.5404040404040402,82.93181818181819,17.044373636363638,10.252227318181818,0.0,838.2084884090909
KDEN_Denver,CO,2024-03-16,4.913194444444445,61.0,14.886395,14.576094131249999,0.0,836.44891246875
KDEN_Denver,CO,2024-03-17,4.652777777777778,54.84375,11.667715,16.0692599,0.0,838.1103600625
KDEN_Denver,CO,2024-03-18,6.25,49.5625,11.516839375,16.0692599,0.0,837.750556125
KDEN_Denver,CO,2024-03-19,9.731182795698926,37.96774193548387,11.524950967741935,16.071596038709675,0.0,833.1611783870968
KDEN_Denver,CO,2024-03-20,7.795138888888889,50.8125,12.120341875,16.0692599,0.0,831.7291314062501
KDEN_Denver,CO,2024-03-21,10.364583333333334,40.53125,16.043108125,16.0722774125,0.0,830.16292603125
KDEN_Denver,CO,2024-03-22,9.276094276094277,42.24242424242424,16.495735,16.069991418181814,0.0,833.5958147575758
KDEN_Denver,CO,2024-03-23,9.429012345679013,48.583333333333336,15.959288333333335,16.071942133333334,0.0,823.4947948888889
KDEN_Denver,CO,2024-03-24,0.7060185185185186,75.8125,26.05119125,9.364011845833334,6.35,815.8166258958335
KDEN_Denver,CO,2024-03-25,-6.003898635477583,75.6842105263158,19.537952280701756,11.995229807017543,0.508,822.3283716666667
KDEN_Denver,CO,2024-03-26,-1.337448559670782,67.37037037037037,8.702357037037038,15.844250325925925,0.0,825.1629055185185
KDEN_Denver,CO,2024-03-27,3.641975308641975,48.25925925925926,12.576694074074075,16.082671066666666,0.0,831.082816925926
KDEN_Denver,CO,2024-03-28,8.888888888888888,34.083333333333336,12.002994166666667,16.0934,0.0,827.6054960833334
KDEN_Denver,CO,2024-03-29,5.104166666666667,66.375,15.28873,16.0934,0.0,827.54905625
KDEN_Denver,CO,2024-03-30,9.555555555555555,55.32,16.5440152,16.0934,0.0,825.7508831600001
KDEN_Denver,CO,2024-03-31,7.847222222222222,65.79166666666667,16.495735,15.556953333333333,0.0,821.495884125
KDEN_Denver,CO,2024-04-01,4.15032679738562,81.41176470588235,18.649410588235295,11.240766564705881,14.224,826.1330804313726
KDEN_Denver,CO,2024-04-02,8.620689655172415,42.0,17.75823448275862,16.08008132413793,0.0,835.2239004827586
KDEN_Denver,CO,2024-04-03,12.895622895622894,32.75757575757576,14.776667272727273,16.069991418181814,0.0,833.821574090909
KDEN_Denver,CO,2024-04-04,14.915824915824913,28.696969696969695,19.865290625,16.069991418181814,0.0,829.2653402727273
KDEN_Denver,CO,2024-04-05,14.82638888888889,29.6875,25.85002375,16.0692599,0.0,822.6599556875001
KDEN_Denver,CO,2024-04-06,7.1082621082621085,39.92307692307692,26.450947179487176,15.433983251282049,1.524,816.0592086410256
KDEN_Denver,CO,2024-04-07,7.973856209150326,24.029411764705884,25.46543882352941,16.07067990588235,0.0,824.5660450588235
KDEN_Denver,CO,2024-04-08,5.589225589225589,36.0,10.728933333333334,16.069991418181814,0.0,830.9790588484848
KDEN_Denver,CO,2024-04-09,7.65993265993266,42.72727272727273,9.35428875,16.069991418181814,0.0,832.4567563030304
KDEN_Denver,CO,2024-04-10,8.350694444444445,48.03125,15.238438125,16.0692599,0.0,835.7398870625
KDEN_Denver,CO,2024-04-11,7.934027777777778,47.53125,12.522676875,16.0692599,0.0,836.0361961875001
KDEN_Denver,CO,2024-04-12,15.353535353535353,24.78787878787879,18.09288303030303,16.069991418181814,0.0,833.3803172121212
KDEN_Denver,CO,2024-04-13,17.44107744107744,24.87878787878788,15.65448909090909,15.851511321212119,0.0,831.7076457878787
KDEN_Denver,CO,2024-04-14,17.82986111111111,23.75,23.03367875,16.0692599,0.0,830.2370033125
KDEN_Denver,CO,2024-04-15,14.932659932659933,25.181818181818183,26.432190303030303,16.069991418181814,0.0,821.0969571212122
KDEN_Denver,CO,2024-04-16,11.711711711711711,52.21621621621622,26.35837945945946,15.44270469189189,17.272,825.7849301081081
KDEN_Denver,CO,2024-04-17,12.642642642642643,43.270270270270274,19.036193142857144,16.0290264,0.0,830.9102771351352
KDEN_Denver,CO,2024-04-18,0.5373406193078324,85.77049180327869,16.489139344262295,9.717775337704918,0.762,838.5145756721312
KDEN_Denver,CO,2024-04-19,1.0185185185185184,88.0,15.869880555555556,7.202690577777777,17.78,838.6818133749999
KDEN_Denver,CO,2024-04-20,-0.31202435312024357,90.23287671232876,13.095177534246575,3.193327383561644,18.796,840.4370535342466
KDEN_Denver,CO,2024-04-21,6.711711711711711,69.91891891891892,13.831624864864866,11.538097886486486,0.0,838.1589822162163
KDEN_Denver,CO,2024-04-22,17.53267973856209,29.147058823529413,20.82675294117647,16.07067990588235,0.0,828.8189525
KDEN_Denver,CO,2024-04-23,10.885416666666666,45.53125,15.99281625,16.0692599,0.0,835.210763625
KDEN_Denver,CO,2024-04-24,16.05902777777778,39.90625,16.244275625,16.0692599,0.0,831.5492294375
KDEN_Denver,CO,2024-04-25,12.604166666666666,68.02083333333333,16.629846666666666,11.688502308333334,6.8580000000000005,824.7623394791667
KDEN_Denver,CO,2024-04-26,12.252252252252251,60.972972972972975,17.659244324324323,15.203913432432433,7.619999999999999,821.9134626216216
KDEN_Denver,CO,2024-04-27,4.3957115009746595,89.78947368421052,13.947613333333333,10.797542038596491,61.467999999999996,827.6574801403509
KDEN_Denver,CO,2024-04-28,6.932367149758454,73.23913043478261,9.65604,16.07660688695652,0.0,829.3563578695653
KDEN_Denver,CO,2024-04-29,11.961805555555555,48.40625,10.863045,16.0692599,0.0,829.4510786333334
KDEN_Denver,CO,2024-04-30,14.0,46.52,17.1877512,16.07408792,0.0,827.4182184545455
KDEN_Denver,CO,2024-05-01,11.666666666666666,52.275862068965516,24.80603379310345,16.08341099310345,0.0,826.7929571034483
KDEN_Denver,CO,2024-05-02,8.993055555555555,45.25,17.40098875,16.0692599,0.0,830.5756423125
KDEN_Denver,CO,2024-05-03,11.38888888888889,48.9375,29.471038749999998,16.0692599,0.0,829.71846234375
KDEN_Denver,CO,2024-05-04,9.444444444444445,51.84848484848485,21.945545454545453,16.069991418181814,0.0,833.5342440303031
KDEN_Denver,CO,2024-05-05,16.492063492063494,40.285714285714285,30.209610857142856,16.07132905142857,0.0,822.9314716000001
KDEN_Denver,CO,2024-05-06,12.114197530864196,27.444444444444443,37.864193888888884,16.071942133333334,0.0,817.9919111388889
KDEN_Denver,CO,2024-05-07,9.809523809523808,32.05714285714286,38.25631085714286,16.076846788571427,0.0,821.8575022
KDEN_Denver,CO,2024-05-08,9.46360153256705,27.586206896551722,19.645046896551726,16.076751655172412,0.0,826.6645078275861
KDEN_Denver,CO,2024-05-09,8.365079365079366,57.628571428571426,15.525397647058824,16.07132905142857,0.0,837.4348962
KDEN_Denver,CO,2024-05-10,8.694444444444445,66.725,7.966233,16.07408792,0.0,839.9347776750001
KDEN_Denver,CO,2024-05-11,12.041666666666666,60.225,14.363359499999998,16.07408792,0.0,831.4095408500001
KDEN_Denver,CO,2024-05-12,10.73611111111111,74.05,13.8000905,14.826849419999999,25.146,829.6994139000001
KDEN_Denver,CO,2024-05-13,14.67013888888889,54.4375,11.8688825,16.0692599,0.0,831.27408525
KDEN_Denver,CO,2024-05-14,17.314814814814817,43.666666666666664,17.613332222222223,16.071942133333334,0.0,829.2516578888889
KDEN_Denver,CO,2024-05-15,13.282828282828282,62.515151515151516,13.021023636363637,15.777384145454544,1.5239999999999998,832.4978034545454
KDEN_Denver,CO,2024-05-16,15.92013888888889,53.5625,11.215088125,16.0692599,0.0,830.12059615625
KDEN_Denver,CO,2024-05-17,20.69023569023569,30.333333333333332,16.92245393939394,16.069991418181814,0.0,826.8948672727273
KDEN_Denver,CO,2024-05-18,16.632996632996633,45.27272727272727,25.603136363636363,16.069991418181814,0.0,832.0257612121212
KDEN_Denver,CO,2024-05-19,18.49206349206349,43.51428571428571,18.530400571428572,16.07132905142857,0.0,829.0269736
KDEN_Denver,CO,2024-05-20,12.39952718676123,68.95744680851064,21.29807404255319,15.18669099574468,19.558,828.1524821276596
KDEN_Denver,CO,2024-05-21,8.686868686868687,74.27272727272727,15.032698636363635,15.335181404545454,12.700000000000001,829.8425658409091
KDEN_Denver,CO,2024-05-22,12.8125,40.875,19.714415,16.0692599,0.0,829.90894678125
KDEN_Denver,CO,2024-05-23,16.96078431372549,31.794117647058822,23.903432352941174,16.07067990588235,0.0,824.1078864117648
KDEN_Denver,CO,2024-05-24,13.682539682539682,35.48571428571429,17.702740000000002,16.07132905142857,0.0,829.3462618
KDEN_Denver,CO,2024-05-25,15.46875,45.625,14.634935624999999,16.0692599,0.0,824.72353709375
KDEN_Denver,CO,2024-05-26,16.986531986531986,32.27272727272727,22.23815272727273,16.069991418181814,0.0,830.7532995151515
KDEN_Denver,CO,2024-05-27,17.430555555555557,35.65625,11.4665475,16.0692599,0.0,836.903958625
KDEN_Denver,CO,2024-05-28,17.845117845117844,46.84848484848485,15.361881818181818,16.069991418181814,0.0,838.2854518181819
KDEN_Denver,CO,2024-05-29,20.19047619047619,43.22857142857143,18.85226857142857,16.07132905142857,0.0,833.0519400000001
KDEN_Denver,CO,2024-05-30,17.6984126984127,51.25714285714286,18.024608,15.565536479999999,10.921999999999999,833.3518774
KDEN_Denver,CO,2024-05-31,14.57957957957958,71.32432432432432,13.092198378378379,16.072522075675675,0.0,835.0105547567567
KDEN_Denver,CO,2024-06-01,20.43402777777778,41.78125,14.936686875,16.0692599,0.0,831.739713875
KDEN_Denver,CO,2024-06-02,20.387205387205388,43.696969696969695,16.581078787878788,15.851511321212119,0.0,828.6598947878789
KDEN_Denver,CO,2024-06-03,22.542087542087543,33.515151515151516,16.288471515151514,16.07291749090909,0.0,826.7409404545455
KDEN_Denver,CO,2024-06-04,22.743055555555557,29.0,18.60799375,16.0692599,0.0,829.1575915
KDEN_Denver,CO,2024-06-05,24.930555555555554,25.9375,19.61383125,16.0692599,0.0,832.30058471875
KDEN_Denver,CO,2024-06-06,22.205882352941178,42.23529411764706,14.531393529411764,16.07067990588235,0.0,835.3626531764705
KDEN_Denver,CO,2024-06-07,25.59027777777778,33.3125,23.486305625,15.649322743749998,0.0,831.4539872187501
KDEN_Denver,CO,2024-06-08,21.269841269841272,54.57142857142857,16.323305714285716,16.036689923809522,0.0,832.6326726666666
KDEN_Denver,CO,2024-06-09,19.18918918918919,69.1891891891892,21.182394054054054,15.811548021621622,9.398,835.4315654054055
KDEN_Denver,CO,2024-06-10,21.054131054131055,56.0,15.680748717948719,15.93989372307692,0.0,832.7306671025641
KDEN_Denver,CO,2024-06-11,21.69934640522876,55.85294117647059,15.904065882352942,15.86998574117647,0.0,834.0479370588235
KDEN_Denver,CO,2024-06-12,26.26736111111111,28.4375,16.19398375,16.0692599,0.0,833.65514071875
KDEN_Denver,CO,2024-06-13,26.447811447811446,33.72727272727273,21.896777575757575,16.069991418181814,0.0,835.1042975757575
KDEN_Denver,CO,2024-06-14,21.6031746031746,54.68571428571428,13.886305142857141,16.07132905142857,0.0,834.5322762000001
KDEN_Denver,CO,2024-06-15,22.45014245014245,51.51282051282051,13.78255282051282,12.780635507692308,0.0,830.2386313846154
KDEN_Denver,CO,2024-06-16,23.937908496732028,41.088235294117645,21.77342352941176,16.07067990588235,0.0,826.7970784705883
KDEN_Denver,CO,2024-06-17,22.543859649122805,58.75,13.552336842105262,15.205721936842105,0.0,821.9303223157896
KDEN_Denver,CO,2024-06-18,17.82828282828283,26.484848484848484,21.018955757575757,16.069991418181814,0.0,829.8400003939395
KDEN_Denver,CO,2024-06-19,16.69934640522876,54.911764705882355,23.761431764705883,16.07067990588235,0.0,838.1713648823529
KDEN_Denver,CO,2024-06-20,22.85493827160494,53.72222222222222,20.519085,15.603445377777778,1.27,835.7422387222223
KDEN_Denver,CO,2024-06-21,21.65374677002584,56.58139534883721,13.437988999999998,14.767004427906976,0.0,834.8632648837211
KDEN_Denver,CO,2024-06-22,23.737373737373737,37.84848484848485,15.800792727272727,16.069991418181814,0.0,836.387021060606
KDEN_Denver,CO,2024-06-23,28.333333333333332,23.4,14.208173142857143,16.07132905142857,0.0,835.0353970000001
KDEN_Denver,CO,2024-06-24,27.41830065359477,26.41176470588235,18.50741,16.07067990588235,0.0,833.4304188823529
KDEN_Denver,CO,2024-06-25,28.61111111111111,23.5,15.540189375,16.0692599,0.0,834.6287278437501
KDEN_Denver,CO,2024-06-26,23.950617283950617,49.25,16.003992222222223,16.074624366666665,0.508,836.0902843611111
KDEN_Denver,CO,2024-06-27,25.555555555555557,42.97142857142857,20.829457714285713,16.07132905142857,0.0,829.3849634000001
KDEN_Denver,CO,2024-06-28,26.46031746031746,30.142857142857142,21.10534457142857,16.07132905142857,0.0,829.6171730000001
KDEN_Denver,CO,2024-06-29,21.22222222222222,44.31428571428572,17.932645714285716,15.933385622857141,5.8420000000000005,839.9311494
KDEN_Denver,CO,2024-06-30,24.225589225589225,52.63636363636363,22.140616969696968,16.07291749090909,0.0,837.1361315757576
KDEN_Denver,CO,2024-07-01,24.509803921568626,42.588235294117645,18.176075294117645,16.07067990588235,0.0,832.3846219705882
KDEN_Denver,CO,2024-07-02,22.525252525252526,42.57575757575758,12.48457696969697,15.874919903030301,1.778,834.0781187878788
KDEN_Denver,CO,2024-07-03,24.46078431372549,36.61764705882353,21.442088823529414,16.07067990588235,0.0,833.6096983529412
KDEN_Denver,CO,2024-07-04,20.46875,35.46875,11.718006875,16.0722774125,0.0,838.84055040625
KDEN_Denver,CO,2024-07-05,19.82638888888889,35.34375,16.59631875,16.0692599,0.0,839.17918940625
KDEN_Denver,CO,2024-07-06,24.564564564564563,29.16216216216216,20.70394162162162,16.072522075675675,0.0,833.9488757297298
KDEN_Denver,CO,2024-07-07,17.339181286549707,53.28947368421053,18.04154842105263,16.07307149473684,7.112,837.6770358157895
KDEN_Denver,CO,2024-07-08,19.72222222222222,43.84375,11.718006875,16.0692599,0.0,838.0680301875001
KDEN_Denver,CO,2024-07-09,23.92156862745098,30.470588235294116,14.957395294117648,16.07067990588235,0.0,837.2450876176471
KDEN_Denver,CO,2024-07-10,25.370370370370374,26.757575757575758,14.337756363636364,16.069991418181814,0.0,838.3059753939394
KDEN_Denver,CO,2024-07-11,27.18855218855219,23.0,13.069791515151515,16.069991418181814,0.0,836.5614714545455
KDEN_Denver,CO,2024-07-12,29.270833333333332,19.34375,16.89807,16.075294924999998,0.0,835.28484090625
KDEN_Denver,CO,2024-07-13,27.43295019157088,27.655172413793103,12.486258620689656,16.086740662068966,0.0,837.8746264482759
KDEN_Denver,CO,2024-07-14,28.73456790123457,24.25,19.133264444444443,16.0773066,0.0,837.6705996944444
KDEN_Denver,CO,2024-07-15,26.141975308641975,37.22222222222222,18.23918666666667,16.071942133333334,9.905999999999999,836.532396388889
KDEN_Denver,CO,2024-07-16,22.523809523809522,51.08571428571429,16.78311714285714,16.07132905142857,0.254,837.5026240000001
KDEN_Denver,CO,2024-07-17,22.66937669376694,50.19512195121951,19.35133219512195,16.07455894634146,0.0,840.3946246585366
KDEN_Denver,CO,2024-07-18,23.31649831649832,50.78787878787879,14.532827878787879,16.069991418181814,0.0,839.1884891515152
KDEN_Denver,CO,2024-07-19,23.67383512544803,41.806451612903224,16.24914258064516,16.074710890322578,0.0,838.7214122903226
KDEN_Denver,CO,2024-07-20,21.291291291291294,58.027027027027025,17.702740000000002,15.376591264864865,32.51199999999999,841.2067332162162
KDEN_Denver,CO,2024-07-21,19.385964912280702,62.44736842105263,15.458134210526316,15.946018336842105,9.905999999999999,841.116895131579
KDEN_Denver,CO,2024-07-22,21.17845117845118,50.15151515151515,13.26486303030303,14.171457896969697,0.0,839.2911070303031
KDEN_Denver,CO,2024-07-23,23.28125,40.75,13.427930625,11.89704595,0.0,839.2532666875001
KDEN_Denver,CO,2024-07-24,25.885416666666664,32.6875,14.98697875,13.1151151625,0.0,840.76655971875
KDEN_Denver,CO,2024-07-25,28.31597222222222,23.53125,26.45352625,15.254531524999999,0.0,838.808803
KDEN_Denver,CO,2024-07-26,25.473856209150327,37.85294117647059,15.856732352941178,15.421263882352939,0.0,834.6355753235295
KDEN_Denver,CO,2024-07-27,24.537037037037038,42.80555555555556,17.658036111111112,16.071942133333334,0.0,831.5186578611111
KDEN_Denver,CO,2024-07-28,25.067340067340066,38.93939393939394,14.825435151515151,16.021223539393937,0.508,832.5285888181818
KDEN_Denver,CO,2024-07-29,27.64309764309764,23.0,13.021023636363637,16.069991418181814,0.0,833.3597936363637
KDEN_Denver,CO,2024-07-30,28.285714285714285,14.257142857142858,12.04705942857143,16.07132905142857,0.0,832.519793
KDEN_Denver,CO,2024-07-31,27.22222222222222,19.8125,12.37180125,15.921401787499999,0.0,835.888041625
KDEN_Denver,CO,2024-08-01,27.952380952380953,29.0,15.909475428571428,14.941112559999997,0.0,840.3471916
KDEN_Denver,CO,2024-08-02,27.55255255255255,35.54054054054054,16.745835135135135,15.934205827027027,0.0,840.5660648378379
KDEN_Denver,CO,2024-08-03,26.582491582491585,35.484848484848484,16.43477515151515,16.07291749090909,0.0,839.4655574242424
KDEN_Denver,CO,2024-08-04,29.19753086419753,31.805555555555557,20.787308333333335,16.071942133333334,0.0,835.9774046944444
KDEN_Denver,CO,2024-08-05,25.666666666666668,46.22857142857143,23.220477142857142,15.589446674285714,8.128,839.1377666000001
KDEN_Denver,CO,2024-08-06,25.675675675675677,48.2972972972973,19.268584324324326,16.072522075675675,0.0,838.5250784324325
KDEN_Denver,CO,2024-08-07,24.183006535947715,48.529411764705884,17.040070588235295,16.07067990588235,0.0,836.139530882353
KDEN_Denver,CO,2024-08-08,16.987179487179485,85.5,18.136023846153844,12.325996957692308,1.27,839.9745026346154
KDEN_Denver,CO,2024-08-09,15.997474747474747,83.13636363636364,13.167327272727272,9.023276772727273,0.0,840.0479138863636
KDEN_Denver,CO,2024-08-10,17.950617283950617,72.0,15.950347555555554,9.385313248888888,0.0,838.6883980222223
KDEN_Denver,CO,2024-08-11,19.59349593495935,63.926829268292686,18.05600975609756,11.513453873170732,0.0,836.776969
KDEN_Denver,CO,2024-08-12,21.486486486486488,65.45945945945945,15.571451891891893,12.779899427027027,2.286,836.5115492432433
KDEN_Denver,CO,2024-08-13,19.933333333333334,76.04,13.7115768,13.378765288,6.603999999999999,835.20568404
KDEN_Denver,CO,2024-08-14,22.22222222222222,50.77777777777778,14.126428888888888,16.071942133333334,0.0,835.7986785555555
KDEN_Denver,CO,2024-08-15,22.899305555555557,39.75,10.6618775,16.0692599,0.0,837.4754119375
KDEN_Denver,CO,2024-08-16,23.24652777777778,46.25,10.913336875,16.0692599,0.0,837.1156080000001
KDEN_Denver,CO,2024-08-17,28.431372549019606,27.5,15.288730000000001,16.07067990588235,0.0,836.6773692941177
KDEN_Denver,CO,2024-08-18,26.454248366013072,34.76470588235294,16.330067647058826,16.023346376470585,0.0,837.8327258823529
KDEN_Denver,CO,2024-08-19,23.596491228070178,54.18421052631579,17.36393157894737,15.318375736842103,6.858,838.9781225
KDEN_Denver,CO,2024-08-20,25.850694444444443,42.0625,15.79164875,16.0692599,0.0,838.62890103125
KDEN_Denver,CO,2024-08-21,26.797385620915033,34.94117647058823,17.134737647058824,16.07067990588235,0.0,836.1992907058824
KDEN_Denver,CO,2024-08-22,23.0,51.885714285714286,18.530400571428572,15.22757508,2.032,836.7576182
KDEN_Denver,CO,2024-08-23,22.650793650793652,56.51428571428571,16.185362285714284,16.07132905142857,1.016,835.3933868
KDEN_Denver,CO,2024-08-24,25.0,40.121212121212125,16.87368606060606,16.069991418181814,0.0,835.6994812727273
KDEN_Denver,CO,2024-08-25,25.735294117647058,34.8235294117647,20.353417647058823,16.07067990588235,0.0,838.261004617647
KDEN_Denver,CO,2024-08-26,22.659932659932657,50.96969696969697,14.630363636363635,16.069991418181814,0.508,840.3070240303031
KDEN_Denver,CO,2024-08-27,21.885521885521882,36.96969696969697,15.107030322580647,16.069991418181814,0.0,840.2249297272728
KDEN_Denver,CO,2024-08-28,25.705705705705704,32.108108108108105,17.006809189189187,15.724556670270267,0.254,834.6261537297298
KDEN_Denver,CO,2024-08-29,21.99652777777778,36.6875,16.99865375,16.0692599,0.0,837.5177418125
KDEN_Denver,CO,2024-08-30,21.89236111111111,37.3125,16.747194375,16.0692599,0.0,841.4366416400001
KDEN_Denver,CO,2024-08-31,23.385416666666668,29.0,13.57880625,16.0692599,0.0,840.3644259062501
KDEN_Denver,CO,2024-09-01,22.962962962962965,24.87878787878788,18.87316909090909,16.069991418181814,0.0,841.6205328787879
KDEN_Denver,CO,2024-09-02,23.98989898989899,22.151515151515152,17.068757575757576,16.069991418181814,0.0,838.4906875757575
KDEN_Denver,CO,2024-09-03,25.27777777777778,22.84375,14.936686875,16.0692599,0.0,836.76638653125
KDEN_Denver,CO,2024-09-04,20.419753086419753,53.355555555555554,19.848526666666668,15.718602595555556,2.032,841.4426618888889
KDEN_Denver,CO,2024-09-05,16.746031746031747,68.82857142857142,13.564437142857143,15.74946105142857,6.096,845.9395728
KDEN_Denver,CO,2024-09-06,19.983164983164983,44.36363636363637,13.17647125,16.069991418181814,0.0,843.3034660909091
KDEN_Denver,CO,2024-09-07,21.84027777777778,36.875,11.516839375,16.0692599,0.0,838.6606484375001
KDEN_Denver,CO,2024-09-08,23.055555555555557,32.875,13.98114125,16.0692599,0.0,836.4912423437501
KDEN_Denver,CO,2024-09-09,24.591503267973856,27.41176470588235,14.342059411764707,16.07067990588235,0.0,835.9303715
KDEN_Denver,CO,2024-09-10,24.20875420875421,28.21212121212121,15.898328484848482,16.069991418181814,0.0,834.3551870606061
KDEN_Denver,CO,2024-09-11,21.631944444444443,34.6875,15.892232499999999,16.0692599,0.0,830.2793331875
KDEN_Denver,CO,2024-09-12,24.191919191919194,26.060606060606062,26.578493939393937,16.069991418181814,0.0,825.6121437878788
KDEN_Denver,CO,2024-09-13,19.87037037037037,28.733333333333334,12.177339333333332,16.0773066,0.0,832.7020130333333
KDEN_Denver,CO,2024-09-14,21.52777777777778,38.84375,13.930849375,16.0692599,0.0,834.2583414375
KDEN_Denver,CO,2024-09-15,21.267806267806268,40.12820512820513,17.90906564102564,15.949797353846153,0.0,832.8348637179487
KDEN_Denver,CO,2024-09-16,21.145833333333336,39.25,19.161204375,16.0692599,0.0,831.4222398125
KDEN_Denver,CO,2024-09-17,21.732026143790847,39.05882352941177,23.430097058823527,16.07067990588235,0.0,827.8229554411764
KDEN_Denver,CO,2024-09-18,17.17948717948718,48.58974358974359,11.224114871794871,12.599068943589742,0.0,829.2227143846154
KDEN_Denver,CO,2024-09-19,19.478114478114477,28.393939393939394,17.507668484848484,16.069991418181814,0.0,832.713301
KDEN_Denver,CO,2024-09-20,22.39057239057239,26.151515151515152,13.606238181818181,16.069991418181814,0.0,830.5788491212121
KDEN_Denver,CO,2024-09-21,15.46031746031746,46.457142857142856,14.851909142857144,15.922350148571429,3.048,836.1093664
KDEN_Denver,CO,2024-09-22,10.384615384615385,77.56410256410257,12.42080358974359,14.491487723076924,24.384,838.5048962051283
KDEN_Denver,CO,2024-09-23,18.072916666666668,43.40625,12.925011875,16.0692599,0.0,833.40116146875
KDEN_Denver,CO,2024-09-24,17.48263888888889,42.6875,10.56129375,16.0692599,0.0,836.66056184375
KDEN_Denver,CO,2024-09-25,20.3125,38.5625,15.79164875,16.0692599,0.0,835.83512928125
KDEN_Denver,CO,2024-09-26,23.720538720538723,30.666666666666668,12.582112727272728,16.069991418181814,0.0,834.3551870606061
KDEN_Denver,CO,2024-09-27,21.397306397306398,35.303030303030305,13.26486303030303,16.069991418181814,0.0,838.2957136060606
KDEN_Denver,CO,2024-09-28,22.043010752688172,34.67741935483871,19.363994193548386,16.071596038709675,0.0,839.486081
KDEN_Denver,CO,2024-09-29,23.524305555555557,26.53125,18.909745,16.0692599,0.0,835.83512928125
KDEN_Denver,CO,2024-09-30,19.635416666666668,28.96875,19.261788125,16.0722774125,0.0,838.98870496875
KDEN_Denver,CO,2024-10-01,14.41077441077441,33.60606060606061,12.82595212121212,16.069991418181814,0.0,841.2818938787879
KDEN_Denver,CO,2024-10-02,21.5625,20.03125,12.220925625,16.0692599,0.0,833.14718221875
KDEN_Denver,CO,2024-10-03,14.882154882154882,34.21212121212121,18.58056181818182,16.069991418181814,0.0,836.971942969697
KDEN_Denver,CO,2024-10-04,17.118055555555557,39.71875,14.38347625,16.0692599,0.0,837.7399736562501
KDEN_Denver,CO,2024-10-05,21.319444444444443,20.65625,20.770544375,16.0692599,0.0,836.44891246875
KDEN_Denver,CO,2024-10-06,15.64236111111111,34.90625,13.930849375,16.0692599,0.0,841.3168480937501
KDEN_Denver,CO,2024-10-07,18.653198653198654,25.454545454545453,14.142684848484848,16.069991418181814,0.0,838.3643393125001
KDEN_Denver,CO,2024-10-08,18.47222222222222,25.8125,14.534351875,16.018968025,0.0,836.34308778125
KDEN_Denver,CO,2024-10-09,19.25347222222222,26.71875,13.67939,16.0692599,0.0,837.76113859375
KDEN_Denver,CO,2024-10-10,20.260416666666668,24.53125,13.528514375,16.0692599,0.0,838.3325919062501
KDEN_Denver,CO,2024-10-11,15.437710437710438,33.36363636363637,12.045666060606061,16.069991418181814,0.0,840.1120500606062
KDEN_Denver,CO,2024-10-12,18.468013468013467,27.848484848484848,15.166810303030303,16.069991418181814,0.0,839.0653476969696
KDEN_Denver,CO,2024-10-13,13.784722222222221,40.8125,13.327346875,16.0692599,0.0,841.3380130312501
KDEN_Denver,CO,2024-10-14,17.34375,34.03125,10.008083125,16.0692599,0.0,838.5336588125
KDEN_Denver,CO,2024-10-15,15.520833333333334,34.875,17.753031875,16.0692599,0.0,840.23743628125
KDEN_Denver,CO,2024-10-16,17.444444444444443,32.74285714285714,14.576022285714286,16.07132905142857,0.0,834.0968832000001
KDEN_Denver,CO,2024-10-17,17.17013888888889,34.28125,27.9622825,16.0692599,0.0,826.7871185
KDEN_Denver,CO,2024-10-18,7.739018087855297,73.02325581395348,17.066489302325582,15.62257448372093,3.556,835.8634312325582
KDEN_Denver,CO,2024-10-19,9.583333333333334,75.05555555555556,11.533603333333334,15.017824433333333,0.0,841.0569896944445
KDEN_Denver,CO,2024-10-20,12.182539682539684,67.5952380952381,16.01676476190476,11.182230766666667,0.0,836.8253460000001
KDEN_Denver,CO,2024-10-21,12.710437710437711,46.54545454545455,23.067206666666664,16.069991418181814,0.508,832.6414684848485
KDEN_Denver,CO,2024-10-22,15.885416666666666,29.875,12.522676875,16.0692599,0.0,837.50715934375
KDEN_Denver,CO,2024-10-23,14.670138888888888,38.46875,16.596318750000002,16.0692599,0.0,837.67647884375
KDEN_Denver,CO,2024-10-24,13.576388888888888,33.46875,20.519085,16.018968025,0.0,833.7927128125
KDEN_Denver,CO,2024-10-25,9.461805555555555,45.28125,13.57880625,16.0692599,0.0,840.628987625
KDEN_Denver,CO,2024-10-26,12.186379928315413,38.87096774193548,11.732607741935485,16.071596038709675,0.0,840.2725973870969
KDEN_Denver,CO,2024-10-27,16.07638888888889,24.125,14.132016875,16.0692599,0.0,835.00969671875
KDEN_Denver,CO,2024-10-28,17.40740740740741,20.515151515151516,17.166293333333332,16.069991418181814,0.0,825.940521
KDEN_Denver,CO,2024-10-29,8.670033670033671,51.666666666666664,16.14216787878788,16.069991418181814,0.0,823.180100060606
KDEN_Denver,CO,2024-10-30,3.861788617886179,75.78048780487805,12.52145024390244,15.79586836097561,0.0,832.713301
KDEN_Denver,CO,2024-10-31,5.168350168350168,52.45454545454545,13.703773939393939,16.021223539393937,0.0,832.2002116060606
KDEN_Denver,CO,2024-11-01,6.5625,40.53125,18.758869375,16.0692599,0.0,833.69747059375
KDEN_Denver,CO,2024-11-02,8.59375,41.9375,14.333184375,16.0692599,0.0,827.98293746875
KDEN_Denver,CO,2024-11-03,7.102102102102102,55.2972972972973,18.00720972972973,15.97509176216216,1.7779999999999998,824.5127457567568
KDEN_Denver,CO,2024-11-04,2.873015873015873,67.65714285714286,15.357701714285714,14.856507257142857,0.508,830.729844
KDEN_Denver,CO,2024-11-05,2.276688453159041,67.6470588235294,18.112963921568628,9.793938349019607,7.366,826.830278372549
KDEN_Denver,CO,2024-11-06,-2.358974358974359,85.63076923076923,19.38635723076923,3.9550149476923075,11.176,836.7925984923078
KDEN_Denver,CO,2024-11-07,-1.3479052823315119,87.32786885245902,8.521587213114755,6.69036935409836,11.176,840.529755295082
KDEN_Denver,CO,2024-11-08,-0.3253968253968254,90.72857142857143,16.829098285714288,1.0918222371428572,41.656,836.4673562
KDEN_Denver,CO,2024-11-09,1.8888888888888888,85.06666666666666,21.31481422222222,7.822107662222223,12.446,828.5969558222223
KDEN_Denver,CO,2024-11-10,5.329861111111111,54.90625,22.229008750000002,16.0692599,0.0,833.9726147812501
KDEN_Denver,CO,2024-11-11,4.496527777777778,53.4375,13.327346875,16.0692599,0.0,833.44349134375
KDEN_Denver,CO,2024-11-12,3.7037037037037037,64.45454545454545,12.582112727272728,15.960751369696967,0.254,825.2324576363636
KDEN_Denver,CO,2024-11-13,1.5798611111111112,71.90625,12.77413625,16.0692599,0.0,834.69222265625
KDEN_Denver,CO,2024-11-14,3.9409722222222223,55.90625,12.623260625,16.0692599,0.0,833.12601728125
KDEN_Denver,CO,2024-11-15,5.707070707070708,50.15151515151515,16.386007272727273,16.069991418181814,0.0,824.1857552727273
KDEN_Denver,CO,2024-11-16,4.6875,52.8125,13.528514375,16.0692599,0.0,824.83994425
KDEN_Denver,CO,2024-11-17,3.5249042145593874,53.206896551724135,16.204388965517243,16.076751655172412,0.0,827.7504880689655
KDEN_Denver,CO,2024-11-18,5.092592592592593,42.875,19.379135833333333,16.0934,0.0,819.5204899583333
KDEN_Denver,CO,2024-11-19,0.26666666666666666,34.28,23.496364,16.0934,0.0,830.43764692
KDEN_Denver,CO,2024-11-20,1.087962962962963,38.166666666666664,13.209999166666668,16.0934,0.0,837.1014980416667
KDEN_Denver,CO,2024-11-21,4.444444444444445,49.333333333333336,9.477224444444445,16.082671066666666,0.0,837.7552594444445
KDEN_Denver,CO,2024-11-22,8.819444444444445,40.09375,13.37763875,16.0692599,0.0,835.11552140625
KDEN_Denver,CO,2024-11-23,11.145833333333334,26.5,14.333184375,16.0692599,0.0,826.5850274838709
KDEN_Denver,CO,2024-11-24,4.555555555555555,58.977777777777774,14.662875555555555,14.557016746666667,0.0,829.3795881777779
KDEN_Denver,CO,2024-11-25,0.5808080808080809,73.43181818181819,12.070050000000002,15.628154436363637,0.0,837.2079640909091
KDEN_Denver,CO,2024-11-26,4.865319865319865,57.39393939393939,12.045666060606061,16.024149612121214,1.016,829.0703663030304
KDEN_Denver,CO,2024-11-27,-0.7979797979797979,84.05454545454545,17.46865418181818,8.6743426,8.382,832.3992902909091
KDEN_Denver,CO,2024-11-28,-4.739583333333333,69.28125,15.38931375,16.0692599,0.0,836.3748351875
KDEN_Denver,CO,2024-11-29,1.1458333333333335,46.03125,13.427930625,16.0692599,0.0,834.2160115625001
KDEN_Denver,CO,2024-11-30,1.8582375478927204,48.0,13.76263172413793,16.076751655172412,0.0,834.8619070689655
KDEN_Denver,CO,2024-12-01,2.160493827160494,51.592592592592595,9.238803703703704,16.082671066666666,0.0,839.3104904074074
KDEN_Denver,CO,2024-12-02,2.638888888888889,55.65625,13.0758875,16.0692599,0.0,841.4226727812501
KDEN_Denver,CO,2024-12-03,7.796296296296296,38.7,15.342374666666666,16.07408792,0.0,838.3121324666666
KDEN_Denver,CO,2024-12-04,5.399305555555555,44.15625,10.56129375,16.0692599,0.0,839.613070625
KDEN_Denver,CO,2024-12-05,2.951388888888889,51.28125,9.303996875,16.0692599,0.0,839.9305446875001
KDEN_Denver,CO,2024-12-06,4.895833333333333,44.625,14.634935625,16.0692599,0.0,839.03103484375
KDEN_Denver,CO,2024-12-07,6.423611111111111,33.0625,14.433768125,16.0692599,0.0,833.95144984375
KDEN_Denver,CO,2024-12-08,5.473856209150327,41.76470588235294,19.406747058823527,16.07067990588235,0.0,826.5082393235294
KDEN_Denver,CO,2024-12-09,-1.8686868686868685,59.60606060606061,13.996381212121213,15.97538173333333,0.0,834.0370716363636
KDEN_Denver,CO,2024-12-10,-2.3784722222222223,49.4375,16.59631875,16.0692599,0.0,837.2214326875
KDEN_Denver,CO,2024-12-11,3.298611111111111,36.9375,15.640773124999999,16.0692599,0.0,833.99377971875
KDEN_Denver,CO,2024-12-12,3.3333333333333335,41.878787878787875,13.313630909090909,16.069991418181814,0.0,831.307436060606
KDEN_Denver,CO,2024-12-13,2.6041666666666665,45.0,19.161204375,16.0692599,0.0,828.7977875625
KDEN_Denver,CO,2024-12-14,5.590277777777778,35.21875,17.551864375,16.0692599,0.0,832.12068275
KDEN_Denver,CO,2024-12-15,5.833333333333333,35.5,22.581051875,16.0692599,0.0,830.71321440625
KDEN_Denver,CO,2024-12-16,0.6423611111111112,49.28125,15.942524375,16.0692599,0.0,834.67105771875
KDEN_Denver,CO,2024-12-17,2.4126984126984126,55.25714285714286,15.449664,16.07132905142857,0.0,836.680215
KDEN_Denver,CO,2024-12-18,4.555555555555555,45.7,17.75638466666667,16.07408792,0.0,838.2669806
KDEN_Denver,CO,2024-12-19,5.967741935483871,34.87096774193548,14.899373548387096,16.071596038709675,0.0,839.7264054516129
KDEN_Denver,CO,2024-12-20,6.784511784511785,36.60606060606061,13.411166666666668,16.069991418181814,0.0,838.8908973030303
KDEN_Denver,CO,2024-12-21,7.916666666666666,28.6875,13.77997375,16.0692599,0.0,837.23201515625
KDEN_Denver,CO,2024-12-22,10.625,28.0625,11.76829875,16.0692599,0.0,832.46990421875
KDEN_Denver,CO,2024-12-23,5.798611111111111,48.75,9.15312125,16.0692599,0.0,835.45416040625
KDEN_Denver,CO,2024-12-24,4.253472222222222,56.71875,16.143691875,16.0692599,0.0,835.041444125
KDEN_Denver,CO,2024-12-25,3.576388888888889,70.125,12.321509375,16.0692599,0.0,827.5702211875
KDEN_Denver,CO,2024-12-26,2.256944444444444,64.53125,13.277055,16.0692599,0.0,826.53313925
KDEN_Denver,CO,2024-12-27,3.767361111111111,36.875,18.00449125,16.0692599,0.0,824.2261610625001
KDEN_Denver,CO,2024-12-28,3.9756944444444446,46.25,14.132016875,16.0692599,0.0,828.1628394375
KDEN_Denver,CO,2024-12-29,5.138888888888888,53.28125,17.652448125,16.0692599,0.0,826.575469125
KDEN_Denver,CO,2024-12-30,4.379084967320261,35.3235294117647,25.228771176470588,16.07067990588235,0.0,827.5926688484849
KDEN_Denver,CO,2024-12-31,-4.7578347578347575,70.33333333333333,12.46206871794872,13.071967312820512,2.286,835.7610520000001
KDEN_Denver,CO,2025-01-01,-3.4375,61.8125,14.836103125,16.0692599,0.0,833.50698615625
KDEN_Denver,CO,2025-01-02,-0.4603174603174602,60.82857142857143,11.771172571428572,14.416007908571427,0.0,836.2738482000001
KDEN_Denver,CO,2025-01-03,-3.205128205128205,81.0576923076923,7.447141960784314,5.979626565384615,0.0,835.578707923077
KDEN_Denver,CO,2025-01-04,-5.961857379767828,88.43283582089552,10.520760000000001,1.9751645999999998,0.762,828.3312112537313
KDEN_Denver,CO,2025-01-05,-7.766203703703703,79.95833333333333,5.967969166666666,14.043167895833333,0.0,835.4365229583333
KDEN_Denver,CO,2025-01-06,-3.5339506172839505,75.94444444444444,15.422841666666667,13.778185594444444,0.508,837.7458528055555
KDEN_Denver,CO,2025-01-07,-6.08974358974359,83.42307692307692,13.277055,7.490549234615385,8.128,842.5468565769231
KDEN_Denver,CO,2025-01-08,-4.965277777777778,62.0,15.99281625,16.0692599,0.0,836.06794359375
KDEN_Denver,CO,2025-01-09,-4.0246913580246915,72.88888888888889,32.973588444444445,10.35520882222222,0.0,837.6950569555556
KDEN_Denver,CO,2025-01-10,-2.2395833333333335,50.21875,18.960036875,16.0692599,0.0,831.17884303125
KDEN_Denver,CO,2025-01-11,1.7142857142857142,52.74285714285714,18.070589142857145,16.07132905142857,0.0,825.3503216
KDEN_Denver,CO,2025-01-12,-2.4652777777777777,54.03125,10.76246125,16.0692599,0.0,833.16834715625
KDEN_Denver,CO,2025-01-13,-3.697916666666667,51.75,16.344859375,16.0692599,0.0,835.9938663125
KDEN_Denver,CO,2025-01-14,-3.680555555555556,51.15625,14.031433125,16.0692599,0.0,839.09452965625
KDEN_Denver,CO,2025-01-15,-0.4166666666666665,42.84375,15.38931375,16.0692599,0.0,841.0946162500001
KDEN_Denver,CO,2025-01-16,4.826388888888889,43.53125,11.818590625,16.0692599,0.0,833.04135753125
KDEN_Denver,CO,2025-01-17,-0.18055555555555552,53.525,25.266638,12.311048665,0.762,826.39768365
KDEN_Denver,CO,2025-01-18,-11.502057613168724,77.0925925925926,17.792147777777778,6.191786637037037,1.524,836.0808777222222
KDEN_Denver,CO,2025-01-19,-12.023809523809524,68.80952380952381,15.135459523809525,11.64242537142857,1.016,835.4707900000001
KDEN_Denver,CO,2025-01-20,-15.709876543209877,70.92592592592592,16.0934,7.750760255555555,2.794,839.5299786481481
KDEN_Denver,CO,2025-01-21,-3.4722222222222228,33.875,26.554109999999998,16.0692599,0.0,833.771547875
KDEN_Denver,CO,2025-01-22,-4.548611111111111,43.8125,23.23484625,16.0783124375,0.0,837.8457983437501
KDEN_Denver,CO,2025-01-23,-6.388888888888888,48.2,12.338273333333335,16.07408792,0.0,839.9940395
KDEN_Denver,CO,2025-01-24,0.3561253561253561,55.02564102564103,15.020506666666666,15.506609876923076,0.0,830.855128025641
KDEN_Denver,CO,2025-01-25,-6.902071563088512,83.45762711864407,15.602414915254236,7.603722345762711,8.128,836.5186850169492
KDEN_Denver,CO,2025-01-26,-8.191721132897603,80.45098039215686,12.180494901960785,9.859258619607843,0.0,837.3148074117647
KDEN_Denver,CO,2025-01-27,-1.4409722222222223,61.1875,12.07005,15.85602235,0.0,834.86154215625
KDEN_Denver,CO,2025-01-28,0.9595959595959598,49.18181818181818,12.240737575757576,16.069991418181814,0.0,833.2982229090909
KDEN_Denver,CO,2025-01-29,1.9444444444444444,52.71875,10.96362875,16.0692599,0.0,830.59680725
KDEN_Denver,CO,2025-01-30,1.851851851851852,55.05128205128205,14.855446153846154,15.342374666666664,1.524,827.5208363333334
KDEN_Denver,CO,2025-01-31,5.53763440860215,33.61290322580645,22.219274838709676,16.071596038709675,0.0,832.2435759354839
KDEN_Denver,CO,2025-02-01,6.767676767676768,34.484848484848484,12.728416363636363,16.069991418181814,0.0,828.6393712121212
KDEN_Denver,CO,2025-02-02,9.983164983164983,41.515151515151516,14.435292121212122,16.069991418181814,0.0,827.0898412424242
KDEN_Denver,CO,2025-02-03,6.0130718954248366,51.411764705882355,18.649410588235295,16.07067990588235,0.0,831.0300659705882
KDEN_Denver,CO,2025-02-04,-4.242424242424242,81.1590909090909,7.24203,10.611768504545454,0.0,831.4972791363635
KDEN_Denver,CO,2025-02-05,6.801346801346801,43.09090909090909,23.11597454545455,16.069991418181814,0.0,825.1914104848486
KDEN_Denver,CO,2025-02-06,2.3063973063973067,56.24242424242424,22.335688484848486,16.069991418181814,0.0,830.1273304545455
KDEN_Denver,CO,2025-02-07,4.60573476702509,53.12903225806452,14.224489032258065,16.071596038709675,0.0,825.4926436129032
KDEN_Denver,CO,2025-02-08,-1.5679012345679013,69.75555555555556,21.672445333333332,15.196818804444444,0.0,832.4122885555556
KDEN_Denver,CO,2025-02-09,-3.1362007168458783,57.67741935483871,15.262772903225807,16.071596038709675,0.0,836.7332736451613
KDEN_Denver,CO,2025-02-10,-6.262626262626262,62.78787878787879,20.97018787878788,15.226794793939392,0.0,833.8626212424243
KDEN_Denver,CO,2025-02-11,-12.617283950617285,79.82222222222222,17.917318666666667,5.002186351111112,0.508,826.4221409111111
KDEN_Denver,CO,2025-02-12,-15.358796296296296,74.33333333333333,11.801826666666665,10.206568391666666,1.016,826.5895790833333
KDEN_Denver,CO,2025-02-13,-5.931372549019608,59.38235294117647,13.442722352941175,15.763958635294117,0.0,828.8089925294119
KDEN_Denver,CO,2025-02-14,2.447447447447448,66.10810810810811,12.831224324324324,15.573191718918919,0.508,823.6249624324325
KDEN_Denver,CO,2025-02-15,-4.63768115942029,88.30434782608695,14.577355072463767,4.502886672463768,5.334,830.7648997971014
KDEN_Denver,CO,2025-02-16,-7.239057239057239,79.51515151515152,15.410649696969697,13.65549373939394,0.0,831.3279596363636
KDEN_Denver,CO,2025-02-17,-6.881720430107527,85.6774193548387,14.977244838709677,5.177142951612903,0.508,828.0706695483871
KDEN_Denver,CO,2025-02-18,-14.795321637426902,81.6140350877193,13.495868771929826,5.056998024561404,0.762,833.6698076491228
KDEN_Denver,CO,2025-02-19,-12.592592592592592,76.44444444444444,10.10307888888889,12.767430666666666,0.0,838.6959233333333
KDEN_Denver,CO,2025-02-20,-8.978494623655914,74.51612903225806,8.202442580645162,14.41034184516129,0.0,834.6031250967743
KDEN_Denver,CO,2025-02-21,-2.0,74.475,13.1563545,11.340616645,1.016,837.0648121500001
KDEN_Denver,CO,2025-02-22,4.704861111111112,45.90625,13.8805575,16.0692599,0.0,835.53882015625
KDEN_Denver,CO,2025-02-23,10.32986111111111,31.75,18.960036875,16.0692599,0.0,833.6233933125
KDEN_Denver,CO,2025-02-24,12.34375,33.28125,14.58464375,16.0692599,0.0,832.79796075
KDEN_Denver,CO,2025-02-25,11.582491582491583,29.424242424242426,27.992762424242425,16.069991418181814,0.0,830.4351840909092
KDEN_Denver,CO,2025-02-26,3.202614379084967,36.911764705882355,13.442722352941175,16.07067990588235,0.0,837.6136065294118
KDEN_Denver,CO,2025-02-27,6.840277777777778,28.125,15.99281625,16.0692599,0.0,839.0945296562501
KDEN_Denver,CO,2025-02-28,8.295019157088124,26.655172413793103,18.146695862068967,16.076751655172412,0.0,834.5466224827587
KDEN_Denver,CO,2025-03-01,7.482638888888888,32.40625,16.344859375,16.0692599,0.0,833.1365997500001
KDEN_Denver,CO,2025-03-02,8.42013888888889,32.59375,10.511001875,16.0692599,0.0,826.19450025
KDEN_Denver,CO,2025-03-03,8.097222222222223,49.0,28.726718999999996,14.714195619999998,5.08,818.363473375
KDEN_Denver,CO,2025-03-04,2.2993827160493825,63.19444444444444,35.36077611111111,16.027238244444444,0.0,826.5613591666666
KDEN_Denver,CO,2025-03-05,2.638888888888889,53.78125,18.00449125,16.0692599,0.0,830.3639929375
KDEN_Denver,CO,2025-03-06,3.4541062801932365,71.65217391304348,15.04383043478261,12.919501634782609,0.0,819.7787635434782
KDEN_Denver,CO,2025-03-07,-1.6035353535353536,82.93181818181819,15.28873,11.563473659090908,0.0,827.9492659772728
KDEN_Denver,CO,2025-03-08,1.9270833333333333,48.28125,14.48406,16.0692599,0.0,835.7822169375
KDEN_Denver,CO,2025-03-09,9.85663082437276,24.419354838709676,16.768284516129032,16.071596038709675,0.0,835.6190420967743
KDEN_Denver,CO,2025-03-10,12.32638888888889,17.0,15.59048125,16.0692599,0.0,829.52797790625
KDEN_Denver,CO,2025-03-11,11.475694444444445,18.6875,13.37763875,16.0692599,0.0,825.61246446875
KDEN_Denver,CO,2025-03-12,10.340501792114695,24.225806451612904,12.14792129032258,16.071596038709675,0.0,826.1262262580645
KDEN_Denver,CO,2025-03-13,11.094771241830065,26.794117647058822,14.247392352941176,16.07067990588235,0.0,818.9685415882353
KDEN_Denver,CO,2025-03-14,4.8106060606060606,54.79545454545455,26.883293181818182,14.210472199999998,4.8260000000000005,811.5945415454546
KDEN_Denver,CO,2025-03-15,0.9548611111111112,45.84375,11.0642125,16.0692599,0.0,822.88218753125
KDEN_Denver,CO,2025-03-16,8.15359477124183,25.764705882352942,19.50141411764706,16.07067990588235,0.0,829.1575915000001
KDEN_Denver,CO,2025-03-17,15.26936026936027,16.757575757575758,26.23711878787879,16.069991418181814,0.0,826.8435583333334
KDEN_Denver,CO,2025-03-18,5.30398322851153,60.339622641509436,39.62620188679246,12.353050920754717,2.032,822.0238095471698
KDEN_Denver,CO,2025-03-19,0.42857142857142855,52.02857142857143,27.588685714285717,16.025347908571426,0.0,836.680215
KDEN_Denver,CO,2025-03-20,6.339869281045752,22.529411764705884,23.950765882352943,16.07067990588235,0.0,831.2691052647059
KDEN_Denver,CO,2025-03-21,5.972222222222221,32.53125,15.238438125,16.0692599,0.0,830.8296215625
KDEN_Denver,CO,2025-03-22,9.313725490196079,34.588235294117645,26.222775294117646,16.07067990588235,0.0,826.3986796470589
KDEN_Denver,CO,2025-03-23,6.267361111111112,41.40625,11.4665475,16.0692599,0.0,832.713301
KDEN_Denver,CO,2025-03-24,14.326599326599327,31.454545454545453,28.382905454545455,16.069991418181814,0.0,833.8318358787878
KDEN_Denver,CO,2025-03-25,12.708333333333334,36.78125,10.913336875,16.0692599,0.0,839.26384915625
KDEN_Denver,CO,2025-03-26,13.10763888888889,34.28125,14.132016875,16.0692599,0.0,835.20018115625
KDEN_Denver,CO,2025-03-27,15.996168582375478,25.310344827586206,18.31317931034483,16.08008132413793,0.0,830.2027015172414
KDEN_Denver,CO,2025-03-28,16.180555555555554,29.90625,18.909745,16.0722774125,1.27,824.68120721875
KDEN_Denver,CO,2025-03-29,5.770609318996415,87.74193548387096,17.858482580645163,9.415417712903224,52.324,826.3228553548388
KDEN_Denver,CO,2025-03-30,3.1481481481481484,89.01851851851852,11.533603333333334,10.815062825925926,0.0,828.7248861111111
KDEN_Denver,CO,2025-03-31,8.251633986928104,63.64705882352941,14.673394117647058,15.858625694117647,0.0,825.8907211470588
KDEN_Denver,CO,2025-04-01,3.657407407407407,75.79166666666667,19.144440416666665,13.496998133333333,4.064,815.8166258958335
KDEN_Denver,CO,2025-04-02,3.5416666666666665,49.65625,17.048945624999998,16.0692599,0.0,821.21015746875
KDEN_Denver,CO,2025-04-03,0.7721280602636535,81.77966101694915,13.583920677966102,6.840513308474576,7.112,828.425786881356
KDEN_Denver,CO,2025-04-04,-0.18518518518518515,82.08888888888889,18.453765333333333,14.23657927111111,0.0,837.4918735555556
KDEN_Denver,CO,2025-04-05,-0.8010335917312661,67.23255813953489,8.009273488372093,15.028990009302326,0.0,842.0219358372093
KDEN_Denver,CO,2025-04-06,6.614583333333334,38.71875,15.18814625,16.0692599,0.0,836.0361961875
KDEN_Denver,CO,2025-04-07,10.48611111111111,34.59375,11.818590625,16.0692599,0.0,833.93028490625
KDEN_Denver,CO,2025-04-08,14.809027777777779,24.9375,15.037270625,16.0692599,0.0,831.00952353125
KDEN_Denver,CO,2025-04-09,14.583333333333334,26.34375,23.63718125,16.0692599,0.0,836.5229897500001
KDEN_Denver,CO,2025-04-10,10.694444444444445,33.78125,10.56129375,16.0692599,0.0,843.5709139375
KDEN_Denver,CO,2025-04-11,16.510416666666668,24.59375,17.149529375,16.0692599,0.0,837.2002677500001
KDEN_Denver,CO,2025-04-12,21.024305555555557,15.21875,20.11675,16.0692599,0.0,828.42740115625
KDEN_Denver,CO,2025-04-13,11.17117117117117,42.13513513513514,22.00881189189189,15.333095589189186,1.27,832.5760149189189
KDEN_Denver,CO,2025-04-14,3.549382716049383,67.81481481481481,12.010444814814816,12.183299851851851,3.048,840.2762386666667
KDEN_Denver,CO,2025-04-15,10.76388888888889,38.40625,12.120341875,16.0692599,0.0,835.79279940625
KDEN_Denver,CO,2025-04-16,16.84640522875817,29.647058823529413,15.525397647058824,16.07067990588235,0.0,827.5241563235295
KDEN_Denver,CO,2025-04-17,11.608187134502923,48.86486486486486,28.332854210526317,15.512343557894736,0.0,823.1868512368421
KDEN_Denver,CO,2025-04-18,-0.7309941520467836,86.14473684210526,16.559261578947368,5.851644942105263,7.366,832.1786078421053
KDEN_Denver,CO,2025-04-19,1.3734567901234567,70.94444444444444,12.427681111111111,15.937830466666664,0.0,834.1713300277778
KDEN_Denver,CO,2025-04-20,8.819444444444445,45.25,15.741356875,16.0692599,0.0,832.08893534375
KDEN_Denver,CO,2025-04-21,14.365079365079366,28.114285714285714,23.726269714285714,16.07132905142857,0.0,830.6717916
KDEN_Denver,CO,2025-04-22,14.107744107744107,31.21212121212121,15.31311393939394,16.069991418181814,0.0,831.3792685757576
KDEN_Denver,CO,2025-04-23,10.746527777777779,56.75,14.48406,16.0692599,0.0,832.95669778125
KDEN_Denver,CO,2025-04-24,12.089371980676328,64.6304347826087,16.828098695652173,14.337819973913042,0.0,832.5366197826087
KDEN_Denver,CO,2025-04-25,6.327160493827161,87.0,16.957675185185185,7.339484477777778,0.0,836.9023908518518
KDEN_Denver,CO,2025-04-26,11.583924349881796,70.02127659574468,13.662269361702128,10.037487821276596,0.0,830.6310314042553
KDEN_Denver,CO,2025-04-27,18.541666666666668,36.9375,22.43017625,16.0692599,0.0,823.83460971875
KDEN_Denver,CO,2025-04-28,10.51051051051051,46.37837837837838,22.31328162162162,16.072522075675675,0.0,830.4801140810811
KDEN_Denver,CO,2025-04-29,9.04513888888889,55.28125,19.462955625,16.0692599,0.0,834.3161922666666
KDEN_Denver,CO,2025-04-30,11.561561561561561,53.810810810810814,16.87632216216216,15.898539372972971,2.032,829.3920338846153
KDEN_Denver,CO,2025-05-01,8.952380952380953,67.08571428571429,15.219758285714287,15.517716091428571,2.032,835.0063708
KDEN_Denver,CO,2025-05-02,9.739583333333334,48.21875,15.0875625,16.0692599,0.0,836.13143840625
KDEN_Denver,CO,2025-05-03,15.0,30.21875,16.043108125,16.0692599,0.0,831.98311065625
KDEN_Denver,CO,2025-05-04,15.99673202614379,36.294117647058826,24.85010294117647,16.07067990588235,0.0,827.8727552941176
KDEN_Denver,CO,2025-05-05,11.861861861861861,62.4054054054054,31.316886486486485,16.072522075675675,0.0,828.6313281891893
KDEN_Denver,CO,2025-05-06,7.163742690058479,89.12280701754386,19.00150561403509,11.863094522807017,22.606,834.7510760350876
KDEN_Denver,CO,2025-05-07,8.217592592592593,85.45833333333333,12.07005,12.04993325,19.304,837.8281608958333
KDEN_Denver,CO,2025-05-08,12.135416666666666,63.84375,12.723844375,15.968676149999999,0.0,839.4754985312501
KDEN_Denver,CO,2025-05-09,15.0,51.90909090909091,11.557987272727274,16.069991418181814,0.0,842.1028369090909
KDEN_Denver,CO,2025-05-10,17.413194444444443,42.84375,15.8922325,16.0692599,0.0,840.6713175
KDEN_Denver,CO,2025-05-11,20.21021021021021,35.054054054054056,20.486463243243243,16.072522075675675,0.0,834.0495521891892
KDEN_Denver,CO,2025-05-12,21.254480286738353,30.741935483870968,17.13168387096774,16.071596038709675,0.0,827.1749147741936
KDEN_Denver,CO,2025-05-13,21.40625,26.25,16.59631875,16.0692599,0.0,821.5170490625001
KDEN_Denver,CO,2025-05-14,11.981981981981981,58.67567567567568,26.184396756756758,15.528826129729728,7.366,823.2039517837839
KDEN_Denver,CO,2025-05-15,13.57638888888889,35.125,31.9856325,16.0692599,0.0,826.27916
KDEN_Denver,CO,2025-05-16,14.949494949494948,32.75757575757576,18.53179393939394,16.069991418181814,0.0,829.8913093333334
KDEN_Denver,CO,2025-05-17,15.262345679012347,49.166666666666664,15.199322222222223,16.071942133333334,0.0,829.3551309166667
KDEN_Denver,CO,2025-05-18,12.692307692307692,66.8974358974359,15.1680295,15.38609507,5.588,822.0461725000001
KDEN_Denver,CO,2025-05-19,11.984126984126984,55.42857142857143,13.978267428571428,16.07132905142857,0.254,825.4277248000001
KDEN_Denver,CO,2025-05-20,13.181818181818182,44.45454545454545,19.653455151515153,16.069991418181814,0.0,831.2048181818183
KDEN_Denver,CO,2025-05-21,14.70486111111111,44.34375,14.886395,16.0692599,0.0,834.96736684375
KDEN_Denver,CO,2025-05-22,16.218637992831543,52.25806451612903,20.506106451612904,16.071596038709675,0.0,835.4879560322581
KDEN_Denver,CO,2025-05-23,18.198653198653197,57.0,16.92245393939394,16.021223539393937,0.0,830.8148702424243
KDEN_Denver,CO,2025-05-24,14.29059829059829,64.96923076923076,20.054852307692308,10.482002806153845,12.192,834.1303749692308
KDEN_Denver,CO,2025-05-25,11.127214170692433,89.91304347826087,16.699817971014493,9.830735023188405,78.232,837.1450548695652
KDEN_Denver,CO,2025-05-26,11.166666666666668,87.62,15.095609199999998,14.231071751999998,8.89,835.2937301800001
KDEN_Denver,CO,2025-05-27,11.233333333333333,86.0,9.3019852,8.514052335999999,0.0,836.3502838600001
KDEN_Denver,CO,2025-05-28,12.81045751633987,83.82352941176471,17.3871831372549,14.11517402745098,9.905999999999999,836.604329509804
KDEN_Denver,CO,2025-05-29,12.912912912912912,77.83783783783784,8.264178378378379,15.757613383783783,2.032,838.3969447567567
KDEN_Denver,CO,2025-05-30,18.34920634920635,57.628571428571426,15.587607428571427,16.07132905142857,0.0,837.9833704375
KDEN_Denver,CO,2025-05-31,18.680555555555557,62.53125,11.16479625,15.956606099999998,0.0,838.427834125
KDEN_Denver,CO,2025-06-01,20.23809523809524,56.628571428571426,15.817513142857145,15.503461937142855,4.572,832.1714786
KDEN_Denver,CO,2025-06-02,17.192982456140353,69.78947368421052,18.08389947368421,14.784752473684208,1.524,829.4430158000001
KDEN_Denver,CO,2025-06-03,10.584045584045583,82.94871794871794,16.712376923076924,12.013929425641026,7.874,834.8915734864865
KDEN_Denver,CO,2025-06-04,14.586894586894587,73.56410256410257,14.071408717948717,15.537146071794872,24.892,833.3384806923077
KDEN_Denver,CO,2025-06-05,14.5,81.72,13.5506428,12.974499080000001,34.544,834.08817534
KDEN_Denver,CO,2025-06-06,13.90096618357488,83.56521739130434,10.425724347826087,13.332332330434783,0.254,835.1573911739131
KDEN_Denver,CO,2025-06-07,19.930555555555557,45.9375,16.244275625,16.0692599,0.0,833.7080530625001
KDEN_Denver,CO,2025-06-08,16.25,66.38888888888889,14.618171666666667,16.07462436666667,0.0,836.01503125
KDEN_Denver,CO,2025-06-09,18.282828282828284,57.84848484848485,11.315671875,14.95028092121212,0.0,836.1817853030303
KDEN_Denver,CO,2025-06-10,23.333333333333332,38.421052631578945,16.77101684210526,15.988369389473684,0.0,833.9609183684211
KDEN_Denver,CO,2025-06-11,21.5993265993266,41.78787878787879,15.762065294117647,16.076359929411765,0.254,833.4403788529412
KDEN_Denver,CO,2025-06-12,21.64983164983165,43.515151515151516,16.53231090909091,16.069991418181814,0.0,831.6152896969697
KDEN_Denver,CO,2025-06-13,21.158730158730158,48.114285714285714,15.541626285714285,16.07132905142857,0.0,832.2101802000001
KDEN_Denver,CO,2025-06-14,23.14814814814815,43.42424242424242,17.702740000000002,16.069991418181814,0.0,834.1807366666667
KDEN_Denver,CO,2025-06-15,24.414414414414416,37.729729729729726,15.962912972972974,16.072522075675675,0.0,835.083774
KDEN_Denver,CO,2025-06-16,24.346405228758172,38.794117647058826,16.046066470588233,16.073519917647058,0.0,831.9264633235294
KDEN_Denver,CO,2025-06-17,15.367383512544802,85.2258064516129,19.234208709677418,14.817089551612904,23.368000000000002,833.0574019193549
KDEN_Denver,CO,2025-06-18,18.73263888888889,54.46875,12.97530375,16.0692599,0.0,835.7610520000001
KDEN_Denver,CO,2025-06-19,25.59027777777778,33.1875,19.9155825,16.0692599,0.0,832.7344659375001
KDEN_Denver,CO,2025-06-20,28.552188552188554,21.181818181818183,24.23763575757576,16.069991418181814,0.0,825.8071177575757
KDEN_Denver,CO,2025-06-21,28.118279569892476,14.67741935483871,22.37501741935484,16.071596038709675,0.0,823.0784752580646
KDEN_Denver,CO,2025-06-22,23.96604938271605,36.80555555555556,17.300404999999998,15.982534355555552,0.0,827.4455832222222
KDEN_Denver,CO,2025-06-23,17.692307692307693,62.794871794871796,14.73165076923077,16.03232761025641,0.0,837.4368808974359
KDEN_Denver,CO,2025-06-24,19.412698412698415,70.4,13.242569142857143,15.308501891428572,0.508,836.099691
KDEN_Denver,CO,2025-06-25,17.938271604938272,78.0,16.200689333333333,13.735180453333333,2.2859999999999996,835.2267549111111
KDEN_Denver,CO,2025-06-26,21.44097222222222,48.84375,14.6852275,16.0692599,0.0,835.1049389375
KDEN_Denver,CO,2025-06-27,25.60763888888889,28.0,17.70274,16.0692599,0.0,833.78213034375
KDEN_Denver,CO,2025-06-28,26.470588235294116,22.88235294117647,16.42473470588235,16.07067990588235,0.0,833.9483373529412
KDEN_Denver,CO,2025-06-29,23.158730158730158,36.714285714285715,15.311720571428571,16.07132905142857,0.0,836.341576
KDEN_Denver,CO,2025-06-30,18.803418803418804,63.794871794871796,13.741287692307692,16.07359273846154,0.0,840.3457030769231
KDEN_Denver,CO,2025-07-01,22.44744744744745,47.4054054054054,17.833227027027025,15.942035048648647,15.239999999999998,836.7678165945946
KDEN_Denver,CO,2025-07-02,23.87152777777778,37.53125,15.640773124999999,16.0692599,0.0,834.3535836562501
KDEN_Denver,CO,2025-07-03,24.479166666666668,40.875,15.691065,16.0692599,0.0,831.358745
KDEN_Denver,CO,2025-07-04,24.054054054054053,43.513513513513516,14.571051351351352,16.072522075675675,0.0,833.7109131891892
KDEN_Denver,CO,2025-07-05,22.207207207207205,46.13513513513514,16.2673827027027,16.072522075675675,0.7619999999999999,838.040000945946
KDEN_Denver,CO,2025-07-06,22.39316239316239,52.256410256410255,24.305160512820514,16.03232761025641,0.762,836.3775486410257
KDEN_Denver,CO,2025-07-07,24.12037037037037,43.42857142857143,21.010827777777777,16.071942133333334,0.0,836.6358694166668
KDEN_Denver,CO,2025-07-08,25.947712418300654,30.558823529411764,15.430730588235296,16.07067990588235,0.0,838.3606043235295
KDEN_Denver,CO,2025-07-09,28.59375,20.90625,11.8688825,16.0692599,0.0,835.77163446875
KDEN_Denver,CO,2025-07-10,25.697674418604652,29.953488372093023,22.68046604651163,15.426085297674419,0.0,833.4712073333334
KDEN_Denver,CO,2025-07-11,20.517676767676768,59.56818181818182,22.567335909090907,13.736082659090908,0.254,836.2382251363637
KDEN_Denver,CO,2025-07-12,20.167958656330747,68.53488372093024,12.201042790697675,10.783326530232557,0.0,837.5093742790698
KDEN_Denver,CO,2025-07-13,25.22875816993464,41.85294117647059,13.537389411764705,16.073519917647058,0.0,837.5040468529412
KDEN_Denver,CO,2025-07-14,26.144781144781145,32.06060606060606,23.31104606060606,16.07291749090909,0.0,835.5558162424243
KDEN_Denver,CO,2025-07-15,26.470588235294116,30.323529411764707,22.057424705882354,16.07067990588235,0.0,832.9722602352941
KDEN_Denver,CO,2025-07-16,18.818181818181817,74.54545454545455,20.453248363636366,15.378267825454545,6.35,836.3767592727273
KDEN_Denver,CO,2025-07-17,19.914529914529915,68.2051282051282,16.54731641025641,13.622031471794871,0.7619999999999999,835.057724846154
KDEN_Denver,CO,2025-07-18,24.166666666666668,42.27777777777778,15.244026111111111,16.027238244444444,0.254,834.7169150833333
KDEN_Denver,CO,2025-07-19,23.954248366013072,46.35294117647059,15.336063529411764,16.07067990588235,0.0,834.7351750294118
KDEN_Denver,CO,2025-07-20,26.25,31.625,12.57296875,16.0692599,0.0,834.45940834375
KDEN_Denver,CO,2025-07-21,26.5625,30.875,15.741356875,16.0692599,0.0,832.4064094062501
KDEN_Denver,CO,2025-07-22,24.926900584795323,46.1578947368421,19.227377894736843,15.946018336842105,0.7619999999999999,832.2855464736842
KDEN_Denver,CO,2025-07-23,21.86728395061728,62.02777777777778,17.032181666666666,16.071942133333334,0.508,835.1402138333333
KDEN_Denver,CO,2025-07-24,21.714285714285715,56.82857142857143,15.081814857142858,16.07132905142857,0.0,838.0734726000001
KDEN_Denver,CO,2025-07-25,24.400584795321635,39.13157894736842,18.65183794871795,16.07359273846154,0.0,835.0924570512822
KDEN_Denver,CO,2025-07-26,27.43243243243243,28.054054054054053,18.52915783783784,16.072522075675675,0.0,833.6102367297298
KDEN_Denver,CO,2025-07-27,27.413194444444446,20.3125,18.457118125,16.0692599,0.0,836.1208559375
KDEN_Denver,CO,2025-07-28,27.491039426523297,23.838709677419356,14.068746451612904,16.074710890322578,0.0,838.3936971290323
KDEN_Denver,CO,2025-07-29,21.894586894586894,67.66666666666667,15.144302051282052,14.801388835897436,0.0,841.4183152941177
KDEN_Denver,CO,2025-07-30,20.52188552188552,54.666666666666664,10.777701212121212,16.069991418181814,0.0,841.7539361212122
KDEN_Denver,CO,2025-07-31,22.375,46.3,20.036283,15.993620919999998,0.0,840.916830775
KDEN_Denver,CO,2025-08-01,21.546546546546544,48.78378378378378,16.48486108108108,16.0290264,0.0,840.9047038378379
KDEN_Denver,CO,2025-08-02,21.472868217054263,46.604651162790695,17.927299069767443,16.075435274418602,0.0,839.6278368604651
KDEN_Denver,CO,2025-08-03,22.37847222222222,35.3125,15.137854375,16.0692599,0.0,837.242597625
KDEN_Denver,CO,2025-08-04,26.043771043771045,39.878787878787875,25.554368484848485,16.069991418181814,0.0,834.4270195757576
KDEN_Denver,CO,2025-08-05,26.822916666666668,27.5,13.327346875,16.0692599,0.0,835.1895986875
KDEN_Denver,CO,2025-08-06,27.598039215686274,15.764705882352942,17.89207411764706,16.07067990588235,0.0,838.1514449411765
KDEN_Denver,CO,2025-08-07,29.814814814814817,18.393939393939394,19.714415,16.069991418181814,0.0,835.5352926666667
KDEN_Denver,CO,2025-08-08,26.437908496732028,26.147058823529413,16.803402941176472,16.07067990588235,0.0,832.9921801764706
KDEN_Denver,CO,2025-08-09,23.67283950617284,44.138888888888886,17.613332222222223,16.071942133333334,0.0,834.7263217222222
KDEN_Denver,CO,2025-08-10,18.166666666666664,66.5,16.012933,15.029223925,112.776,837.6912943
KDEN_Denver,CO,2025-08-11,19.427083333333332,53.75,13.629098125,16.0692599,0.0,837.8987106874999
KDEN_Denver,CO,2025-08-12,22.67361111111111,40.46875,15.691065,16.0692599,0.0,837.9410405625
KDEN_Denver,CO,2025-08-13,27.586805555555557,25.5625,15.691065,16.0692599,0.0,833.23184196875
KDEN_Denver,CO,2025-08-14,27.032163742690056,24.710526315789473,16.464786153846156,16.07359273846154,0.0,833.1735027179487
KDEN_Denver,CO,2025-08-15,24.814814814814817,37.07692307692308,14.401529743589744,15.619676328205127,1.778,834.4238621025642
KDEN_Denver,CO,2025-08-16,23.973063973063972,41.42424242424242,15.60572121212121,16.069991418181814,0.0,835.1966536666667
KDEN_Denver,CO,2025-08-17,24.94949494949495,36.75757575757576,14.191452727272726,16.069991418181814,0.0,835.5866016060606
KDEN_Denver,CO,2025-08-18,23.29268292682927,45.90243902439025,19.31208,16.03530675121951,1.5239999999999998,838.2884552682928
KDEN_Denver,CO,2025-08-19,23.61952861952862,47.57575757575758,19.9948303030303,16.069991418181814,0.0,841.0458727575758
KDEN_Denver,CO,2025-08-20,25.64236111111111,43.25,20.41850125,16.0692599,0.0,839.8247200000001
KDEN_Denver,CO,2025-08-21,26.336336336336338,34.62162162162162,15.962912972972974,16.072522075675675,0.0,837.4908566216216
KDEN_Denver,CO,2025-08-22,21.11111111111111,61.4375,16.39515125,16.0692599,0.0,840.58665775
KDEN_Denver,CO,2025-08-23,20.166666666666664,69.35,14.564527000000002,13.87492481,0.0,841.3485955
KDEN_Denver,CO,2025-08-24,19.068627450980394,73.91176470588235,12.827386470588236,15.689171658823527,0.0,838.9980424411765
KDEN_Denver,CO,2025-08-25,16.790123456790123,84.95555555555555,11.26538,9.490456795555556,0.254,839.1850685555556
KJFK_New_York,NY,2021-01-01,2.4024024024024024,74.56756756756756,11.917815135135134,14.969906697297297,23.368,1027.6137741081081
KJFK_New_York,NY,2021-01-02,5.873015873015873,77.05714285714286,20.185721714285716,12.213970977142857,1.778,1011.7275517999999
KJFK_New_York,NY,2021-01-03,2.8654970760233915,83.52631578947368,19.100324736842104,14.1541453,4.826,1016.2734621052631
KJFK_New_York,NY,2021-01-04,3.7345679012345676,75.75,17.076885555555556,16.071942133333334,0.254,1013.9886390277778
KJFK_New_York,NY,2021-01-05,3.7418300653594767,68.29411764705883,15.667398235294119,16.07067990588235,0.0,1012.5405699705882
KJFK_New_York,NY,2021-01-06,2.9901960784313726,65.44117647058823,24.613435294117647,16.07067990588235,0.0,1014.4927242058824
KJFK_New_York,NY,2021-01-07,1.9618055555555556,55.46875,24.1401,16.0692599,0.0,1017.87475671875
KJFK_New_York,NY,2021-01-08,0.2681992337164751,59.793103448275865,19.978013793103447,16.076751655172412,0.0,1014.2121277931035
KJFK_New_York,NY,2021-01-09,0.2430555555555556,48.53125,27.05702875,16.018968025,0.0,1011.54644040625
KJFK_New_York,NY,2021-01-10,1.1458333333333333,52.53125,18.457118125,16.0692599,0.0,1021.5680383125
KJFK_New_York,NY,2021-01-11,0.03472222222222223,67.5,7.795240625,16.0692599,0.0,1024.39355746875
KJFK_New_York,NY,2021-01-12,2.2569444444444446,65.40625,8.95195375,15.968676149999999,0.0,1019.091740625
KJFK_New_York,NY,2021-01-13,2.65625,68.03125,11.16479625,16.0692599,0.0,1015.6418558125
KJFK_New_York,NY,2021-01-14,4.444444444444445,76.6875,5.230355,14.6701399375,0.0,1010.08605971875
KJFK_New_York,NY,2021-01-15,5.296296296296297,83.42222222222222,22.423470666666667,11.381967742222221,9.143999999999998,1012.8617236888888
KJFK_New_York,NY,2021-01-16,6.355013550135501,80.5609756097561,22.098985853658537,13.168326419512194,23.368,997.1349247317073
KJFK_New_York,NY,2021-01-17,4.53125,58.0,30.124833125,16.0692599,0.0,1003.01697059375
KJFK_New_York,NY,2021-01-18,5.0,59.84375,22.43017625,16.0692599,0.0,1007.46160746875
KJFK_New_York,NY,2021-01-19,2.9340277777777777,58.34375,22.53076,16.0692599,0.0,1016.975246875
KJFK_New_York,NY,2021-01-20,1.4114114114114114,60.62162162162162,20.355976216216217,13.292713443243242,1.016,1013.5739842162163
KJFK_New_York,NY,2021-01-21,0.38314176245210735,58.51724137931034,12.375269655172414,16.076751655172412,0.0,1007.7429551724138
KJFK_New_York,NY,2021-01-22,4.270833333333333,53.09375,23.083970625,16.0692599,0.0,1006.0753040625
KJFK_New_York,NY,2021-01-23,-1.0069444444444444,37.3125,34.852269375,16.0692599,0.0,1016.805927375
KJFK_New_York,NY,2021-01-24,-2.5448028673835124,38.193548387096776,30.214060645161293,16.071596038709675,0.0,1020.6033268064517
KJFK_New_York,NY,2021-01-25,-0.4545454545454545,42.75757575757576,14.727899393939394,16.069991418181814,0.0,1019.1186778181818
KJFK_New_York,NY,2021-01-26,0.7671957671957672,73.78571428571429,16.01676476190476,10.672606433333332,5.8420000000000005,1013.8126005
KJFK_New_York,NY,2021-01-27,1.8421052631578947,70.47368421052632,20.243803157894735,14.747483547368422,0.0,1015.6852996315789
KJFK_New_York,NY,2021-01-28,-1.5451388888888888,48.125,35.2043125,16.0692599,0.0,1017.652524875
KJFK_New_York,NY,2021-01-29,-6.163194444444445,40.09375,38.775035625,16.0692599,0.0,1019.2398951875
KJFK_New_York,NY,2021-01-30,-4.288194444444445,43.71875,23.083970625,16.0692599,0.0,1024.6997663225807
KJFK_New_York,NY,2021-01-31,-4.824561403508771,63.86842105263158,15.881644736842107,11.650351068421053,2.286,1024.2493017105264
KJFK_New_York,NY,2021-02-01,-1.0852713178294575,89.67441860465117,39.1481311627907,1.9349506511627907,38.354,1008.5929472093023
KJFK_New_York,NY,2021-02-02,0.20833333333333334,86.5,31.945399,9.433548745,0.762,995.7171836499999
KJFK_New_York,NY,2021-02-03,0.3472222222222222,66.40625,24.24068375,15.33550144375,0.0,999.44009615625
KJFK_New_York,NY,2021-02-04,1.4930555555555556,60.34375,21.474630625,16.0692599,0.0,1009.68392590625
KJFK_New_York,NY,2021-02-05,3.6111111111111107,74.11764705882354,17.229404705882352,16.023346376470585,0.508,1006.0267492058823
KJFK_New_York,NY,2021-02-06,2.482638888888889,56.40625,21.575214374999998,16.0692599,0.0,1015.92758246875
KJFK_New_York,NY,2021-02-07,0.4027777777777778,78.6,17.70274,9.33175799,13.716,1014.046019525
KJFK_New_York,NY,2021-02-08,-5.329861111111111,56.5625,17.149529375,16.0692599,0.0,1028.03392671875
KJFK_New_York,NY,2021-02-09,-1.1711711711711712,80.70270270270271,14.440564324324324,13.49018381081081,0.254,1022.753846837838
KJFK_New_York,NY,2021-02-10,-1.6666666666666667,65.7,12.123694666666667,15.627764293333334,0.0,1025.5682115000002
KJFK_New_York,NY,2021-02-11,-2.186379928315412,71.90322580645162,14.380231612903225,11.109637419354838,4.572,1024.3283558064516
KJFK_New_York,NY,2021-02-12,-3.5416666666666665,43.666666666666664,13.277054999999999,16.0934,0.0,1026.457138875
KJFK_New_York,NY,2021-02-13,-2.3273273273273274,50.891891891891895,18.790131891891892,16.077741556756756,0.254,1024.3646701891892
KJFK_New_York,NY,2021-02-14,0.45045045045045046,73.02702702702703,14.00560756756757,16.072522075675675,0.0,1023.0192665945946
KJFK_New_York,NY,2021-02-15,0.8796296296296297,77.47222222222223,15.780472777777776,11.896598911111111,0.0,1020.996585
KJFK_New_York,NY,2021-02-16,5.798611111111111,83.85416666666667,24.307739583333333,10.069103933333333,19.304,1004.7983528333333
KJFK_New_York,NY,2021-02-17,-1.6493055555555556,41.75,19.61383125,16.0692599,0.0,1026.3513141875
KJFK_New_York,NY,2021-02-18,-2.750455373406193,79.59016393442623,20.763124262295083,6.245294504918033,44.704,1027.5417551803278
KJFK_New_York,NY,2021-02-19,-0.7561728395061729,87.63888888888889,18.14977888888889,8.044911844444444,1.524,1018.9177178055555
KJFK_New_York,NY,2021-02-20,-0.5555555555555556,59.04,26.2644288,15.835905599999998,0.0,1019.34402668
KJFK_New_York,NY,2021-02-21,-1.234567901234568,56.48148148148148,17.523924444444443,16.082671066666666,0.0,1031.3062612222222
KJFK_New_York,NY,2021-02-22,1.4938271604938274,82.57777777777778,19.633948,11.24284924,29.972,1015.4353800888889
KJFK_New_York,NY,2021-02-23,3.5842293906810037,72.09677419354838,21.025248387096774,14.990742529032259,0.0,1005.8998399032257
KJFK_New_York,NY,2021-02-24,4.982638888888889,71.875,21.374046875,16.0692599,0.0,1013.49361465625
KJFK_New_York,NY,2021-02-25,6.788194444444445,41.84375,25.85002375,16.0692599,0.0,1017.4408755
KJFK_New_York,NY,2021-02-26,3.75,48.0625,16.19398375,16.0692599,0.0,1029.60013209375
KJFK_New_York,NY,2021-02-27,7.342995169082125,87.54347826086956,20.01179304347826,9.949219765217391,11.938,1019.6935610217391
KJFK_New_York,NY,2021-02-28,5.345345345345345,83.94594594594595,13.657642162162162,11.575069210810812,7.112,1021.0698042432433
KJFK_New_York,NY,2021-03-01,6.13960113960114,73.53846153846153,22.53076,9.365946148717947,3.81,1005.2715791282052
KJFK_New_York,NY,2021-03-02,-1.5798611111111112,32.59375,32.7903025,16.0692599,0.0,1019.16581790625
KJFK_New_York,NY,2021-03-03,5.260416666666667,46.90625,19.61383125,16.0692599,0.0,1012.0226514999999
KJFK_New_York,NY,2021-03-04,3.7847222222222223,45.625,29.672206250000002,16.0692599,0.0,1009.40878171875
KJFK_New_York,NY,2021-03-05,-0.2604166666666667,30.65625,34.3996425,16.0692599,0.0,1011.44061571875
KJFK_New_York,NY,2021-03-06,0.3472222222222222,41.75,26.05119125,16.0692599,0.0,1017.906504125
KJFK_New_York,NY,2021-03-07,1.3194444444444444,39.4375,22.178716875,16.0692599,0.0,1025.779860875
KJFK_New_York,NY,2021-03-08,1.3888888888888888,41.28125,14.986978749999999,16.0692599,0.0,1029.20858075
KJFK_New_York,NY,2021-03-09,9.947916666666666,40.34375,19.563539375,16.0692599,0.0,1026.51005121875
KJFK_New_York,NY,2021-03-10,6.317460317460317,70.08571428571429,12.41490857142857,16.074087919999997,0.0,1031.542771
KJFK_New_York,NY,2021-03-11,9.068627450980394,78.26470588235294,14.058058235294117,12.348371152941175,0.0,1023.1080987647059
KJFK_New_York,NY,2021-03-12,15.364583333333334,37.96875,23.888640625,16.0692599,0.0,1016.9117520625
KJFK_New_York,NY,2021-03-13,5.746527777777778,30.5,29.320163125,16.0692599,0.0,1021.631533125
KJFK_New_York,NY,2021-03-14,6.493055555555555,32.25,34.651101875,16.0692599,0.0,1015.620690875
KJFK_New_York,NY,2021-03-15,-0.2777777777777778,22.46875,30.376292499999998,16.0692599,0.0,1025.24015496875
KJFK_New_York,NY,2021-03-16,0.10101010101010102,50.39393939393939,11.65552303030303,16.021223539393937,0.508,1024.721614
KJFK_New_York,NY,2021-03-17,4.517543859649122,74.71052631578948,9.317231578947368,15.978205136842103,0.0,1021.1659045
KJFK_New_York,NY,2021-03-18,6.805555555555556,88.11363636363636,16.020248181818182,12.832657704545454,18.034,1012.5383063409091
KJFK_New_York,NY,2021-03-19,2.8114478114478114,39.666666666666664,31.69912121212121,15.814447733333333,2.286,1021.1197264545455
KJFK_New_York,NY,2021-03-20,4.635416666666667,47.875,12.37180125,16.0692599,0.0,1033.05001690625
KJFK_New_York,NY,2021-03-21,7.291666666666667,58.8125,5.93444125,16.018968025,0.0,1032.9653571562499
KJFK_New_York,NY,2021-03-22,7.621527777777778,68.8125,10.15895875,15.74336855,0.0,1028.41489559375
KJFK_New_York,NY,2021-03-23,9.487179487179487,80.15384615384616,11.884356923076922,12.26936056923077,0.0,1024.895275025641
KJFK_New_York,NY,2021-03-24,10.99206349206349,87.33333333333333,19.503668095238094,11.90221882857143,27.686,1019.6662175
KJFK_New_York,NY,2021-03-25,11.677777777777779,92.12,12.552852,3.259557236,0.762,1016.87196198
KJFK_New_York,NY,2021-03-26,15.0,71.83783783783784,32.012817297297296,8.047134956756755,0.0,1007.7347495675675
KJFK_New_York,NY,2021-03-27,12.465277777777779,58.9375,19.5132475,16.0692599,0.0,1019.007080875
KJFK_New_York,NY,2021-03-28,11.215277777777779,89.58333333333333,21.055531666666667,7.655093933333333,34.798,1005.8565997083333
KJFK_New_York,NY,2021-03-29,9.70486111111111,37.40625,32.287383750000004,15.868092399999998,0.0,1015.2608869375
KJFK_New_York,NY,2021-03-30,8.402777777777779,64.4375,20.92142,16.0692599,0.0,1027.35664871875
KJFK_New_York,NY,2021-03-31,11.904761904761905,88.0952380952381,23.87187666666667,10.643101866666667,31.496000000000002,1016.1024451666666
KJFK_New_York,NY,2021-04-01,7.972222222222223,67.9,30.6981605,14.66832943,1.016,1009.2796756
KJFK_New_York,NY,2021-04-02,1.3368055555555556,41.1875,24.7436025,15.956606099999998,0.0,1021.25056425
KJFK_New_York,NY,2021-04-03,4.947916666666667,38.6875,18.80916125,16.0692599,0.0,1025.1660776875
KJFK_New_York,NY,2021-04-04,9.6875,48.0625,11.516839375,16.0692599,0.0,1017.40912809375
KJFK_New_York,NY,2021-04-05,14.496527777777779,27.125,29.320163125,16.0692599,0.0,1012.657599625
KJFK_New_York,NY,2021-04-06,14.166666666666666,25.5625,18.20565875,16.0692599,0.0,1013.09148084375
KJFK_New_York,NY,2021-04-07,12.5,49.375,11.617423125,16.0692599,0.0,1015.31379928125
KJFK_New_York,NY,2021-04-08,11.979166666666666,66.03125,11.215088125000001,16.0692599,0.0,1018.89067371875
KJFK_New_York,NY,2021-04-09,8.518518518518519,87.9375,10.594821666666666,11.536285566666665,0.0,1020.8978152916667
KJFK_New_York,NY,2021-04-10,12.291666666666666,86.8125,7.912588333333333,12.181697962499998,4.571999999999999,1013.5676919375001
KJFK_New_York,NY,2021-04-11,12.050264550264549,94.04761904761905,18.009280952380955,3.1531568714285716,11.937999999999999,1003.1454719999999
KJFK_New_York,NY,2021-04-12,8.362573099415204,85.02631578947368,13.891145263157895,12.472385,18.796,1008.6362615
KJFK_New_York,NY,2021-04-13,11.16013071895425,66.61764705882354,13.15872117647059,15.917319270588234,3.302,1016.1759592352942
KJFK_New_York,NY,2021-04-14,12.996632996632997,73.15151515151516,15.118042424242423,16.069991418181814,0.0,1014.7574179696969
KJFK_New_York,NY,2021-04-15,10.518518518518517,90.22222222222223,16.12916311111111,11.591897204444445,26.162,1006.1039943111111
KJFK_New_York,NY,2021-04-16,7.809523809523809,70.91428571428571,20.599552,16.025347908571426,2.286,1003.6485927999998
KJFK_New_York,NY,2021-04-17,9.53968253968254,59.74285714285714,14.438078857142857,16.07132905142857,0.0,1007.499402
KJFK_New_York,NY,2021-04-18,11.440972222222221,63.625,15.691065,16.0692599,0.0,1009.68392590625
KJFK_New_York,NY,2021-04-19,12.586805555555555,64.71875,10.611585625,16.0692599,0.0,1010.21304934375
KJFK_New_York,NY,2021-04-20,13.645833333333332,67.5625,24.84418625,16.0692599,0.0,1012.13905865625
KJFK_New_York,NY,2021-04-21,10.84045584045584,69.6923076923077,34.786503076923076,15.403447056410256,4.318,1004.4814214615384
KJFK_New_York,NY,2021-04-22,6.059027777777778,35.96875,34.09789125,16.0692599,0.0,1010.41411625
KJFK_New_York,NY,2021-04-23,10.79861111111111,36.3125,24.894478125,16.0692599,0.0,1014.31904721875
KJFK_New_York,NY,2021-04-24,13.402777777777777,51.46875,17.853615625,16.0692599,0.0,1013.98040821875
KJFK_New_York,NY,2021-04-25,12.430555555555555,70.75,19.9155825,14.4518732,14.732,1006.35044825
KJFK_New_York,NY,2021-04-26,11.041666666666666,34.03125,31.5832975,16.0692599,0.0,1015.1632551290322
KJFK_New_York,NY,2021-04-27,10.95486111111111,45.40625,10.058375,16.0692599,0.0,1016.6577728125
KJFK_New_York,NY,2021-04-28,16.024305555555557,68.6875,8.95195375,16.0692599,0.0,1009.7156733125
KJFK_New_York,NY,2021-04-29,15.746527777777779,81.0,13.77997375,15.918384275,2.54,1003.64133625
KJFK_New_York,NY,2021-04-30,16.38888888888889,49.15625,39.2276625,16.0692599,0.508,998.08554015625
KJFK_New_York,NY,2021-05-01,11.614583333333334,43.40625,28.716660625,16.0692599,0.0,1010.0119824375
KJFK_New_York,NY,2021-05-02,17.53472222222222,50.125,18.758869375,16.0692599,0.0,1007.36636525
KJFK_New_York,NY,2021-05-03,15.23148148148148,71.72222222222223,13.545278333333334,14.5967138,8.128,1009.1536266388889
KJFK_New_York,NY,2021-05-04,14.45679012345679,83.88888888888889,15.700005777777779,13.129353351111112,13.462,1006.8113735555555
KJFK_New_York,NY,2021-05-05,12.462121212121213,89.56818181818181,11.777442727272728,8.385758677272726,11.938,1006.1580397272727
KJFK_New_York,NY,2021-05-06,14.07986111111111,51.6875,20.468793124999998,16.0692599,0.0,1012.20255346875
KJFK_New_York,NY,2021-05-07,12.552083333333332,56.25,15.28873,16.0692599,0.0,1011.895661875
KJFK_New_York,NY,2021-05-08,10.3125,68.84375,11.617423125,15.868092399999998,1.016,1011.3665384375
KJFK_New_York,NY,2021-05-09,10.666666666666666,73.71428571428571,17.334890857142856,15.147108079999999,13.462,1014.755952
KJFK_New_York,NY,2021-05-10,11.695906432748538,73.0,16.00869789473684,15.69191202105263,0.254,1010.6770070526316
KJFK_New_York,NY,2021-05-11,14.124579124579125,44.666666666666664,21.99431333333333,16.069991418181814,0.0,1016.2556390000001
KJFK_New_York,NY,2021-05-12,14.166666666666666,39.74193548387097,22.22900875,16.0692599,0.0,1020.13940503125
KJFK_New_York,NY,2021-05-13,14.930555555555555,44.5,15.99281625,16.0692599,0.0,1021.9490071875
KJFK_New_York,NY,2021-05-14,16.649305555555557,44.03125,15.540189375,16.0692599,0.0,1022.139491625
KJFK_New_York,NY,2021-05-15,16.52777777777778,52.3125,13.67939,16.0692599,0.0,1023.03900146875
KJFK_New_York,NY,2021-05-16,16.354166666666668,57.0,13.528514375,16.0692599,0.0,1023.705697
KJFK_New_York,NY,2021-05-17,16.788194444444443,63.53125,13.126179375,16.018968025,0.0,1024.71103153125
KJFK_New_York,NY,2021-05-18,19.050179211469533,57.25806451612903,18.066139354838707,16.071596038709675,0.0,1024.5796040967741
KJFK_New_York,NY,2021-05-19,21.822916666666668,48.0,13.126179375,16.0692599,0.0,1025.0814179375
KJFK_New_York,NY,2021-05-20,17.100694444444446,57.71875,11.56713125,16.0692599,0.0,1031.1345900625
KJFK_New_York,NY,2021-05-21,16.90972222222222,65.96875,13.629098125,16.0692599,0.0,1030.93352315625
KJFK_New_York,NY,2021-05-22,25.13888888888889,50.65625,15.439605625,16.0692599,0.0,1020.09707515625
KJFK_New_York,NY,2021-05-23,27.239583333333336,48.90625,25.85002375,16.0692599,0.0,1013.09148084375
KJFK_New_York,NY,2021-05-24,16.38888888888889,50.75,19.060620625,16.0692599,0.0,1024.5734594375
KJFK_New_York,NY,2021-05-25,16.59722222222222,70.375,24.190391875,16.0692599,0.0,1022.95434171875
KJFK_New_York,NY,2021-05-26,19.603174603174605,83.9047619047619,17.894328095238095,13.720389852380952,2.286,1015.3687273333334
KJFK_New_York,NY,2021-05-27,23.73015873015873,54.17142857142857,20.875438857142857,15.968331291428571,1.524,1012.9466522
KJFK_New_York,NY,2021-05-28,14.591503267973856,63.61764705882353,23.903432352941174,13.97285788235294,33.274,1015.2297620294116
KJFK_New_York,NY,2021-05-29,9.371345029239768,86.13157894736842,29.603385789473684,14.51921137368421,21.844,1015.1951642368421
KJFK_New_York,NY,2021-05-30,9.91725768321513,90.8936170212766,20.647489787234043,7.665594591489362,45.466,1019.6924645957446
KJFK_New_York,NY,2021-05-31,13.75,77.16666666666667,14.260540555555556,15.341033549999999,0.0,1021.6550497222223
KJFK_New_York,NY,2021-06-01,17.166666666666668,71.13333333333334,15.825176666666666,16.07408792,0.0,1023.6041053
KJFK_New_York,NY,2021-06-02,17.186379928315414,76.35483870967742,13.23811935483871,16.074710890322578,0.0,1022.7334753548387
KJFK_New_York,NY,2021-06-03,17.172619047619047,94.96428571428571,11.322856428571429,8.15647997857143,6.858,1016.5338067499999
KJFK_New_York,NY,2021-06-04,18.22695035460993,93.72340425531915,12.771996170212766,12.245022923404255,19.557999999999996,1012.3865082978723
KJFK_New_York,NY,2021-06-05,24.0625,70.15625,16.79748625,13.753821975,0.0,1012.73167690625
KJFK_New_York,NY,2021-06-06,24.756944444444443,67.25,16.747194375,16.0692599,0.0,1016.22389159375
KJFK_New_York,NY,2021-06-07,22.20486111111111,82.25,11.215088125,16.0692599,0.0,1017.7795145
KJFK_New_York,NY,2021-06-08,22.73391812865497,88.0,12.112401052631578,14.5725737,37.592,1016.4873393684211
KJFK_New_York,NY,2021-06-09,25.980392156862745,76.17647058823529,13.253388235294118,15.592611258823528,0.0,1014.1540852058824
KJFK_New_York,NY,2021-06-10,22.8494623655914,54.38709677419355,21.44056193548387,16.071596038709675,0.0,1015.7749900967742
KJFK_New_York,NY,2021-06-11,18.529411764705884,69.55882352941177,12.922053529411766,16.07067990588235,0.0,1014.1441252352942
KJFK_New_York,NY,2021-06-12,18.496732026143793,74.47058823529412,11.833382352941175,16.070679905882354,0.0,1010.9469746764705
KJFK_New_York,NY,2021-06-13,18.61111111111111,76.0625,15.4898975,16.0692599,0.0,1012.572939875
KJFK_New_York,NY,2021-06-14,19.084084084084083,89.13513513513513,17.093800540540542,15.844604735135135,1.524,1009.6567547027026
KJFK_New_York,NY,2021-06-15,22.630718954248366,66.70588235294117,18.460076470588234,15.976012847058822,1.778,1006.5446676764706
KJFK_New_York,NY,2021-06-16,21.68402777777778,41.90625,21.776381875,16.0692599,0.0,1010.00139996875
KJFK_New_York,NY,2021-06-17,20.104166666666664,42.96875,16.19398375,16.0692599,0.0,1014.3719595625
KJFK_New_York,NY,2021-06-18,21.44097222222222,62.59375,20.92142,16.0692599,0.0,1014.23438746875
KJFK_New_York,NY,2021-06-19,23.82154882154882,69.63636363636364,19.019472727272728,16.069991418181814,1.27,1007.9025436666667
KJFK_New_York,NY,2021-06-20,22.98611111111111,75.875,16.747194375,16.0692599,0.0,1008.68917384375
KJFK_New_York,NY,2021-06-21,22.977207977207975,86.92307692307692,21.911783076923076,12.616400297435897,0.0,1005.4452401538462
KJFK_New_York,NY,2021-06-22,20.478395061728392,81.30555555555556,19.043856666666667,15.8037188,5.588,1006.6232407777778
KJFK_New_York,NY,2021-06-23,18.541666666666668,54.3125,17.753031875,16.0692599,0.0,1021.00716746875
KJFK_New_York,NY,2021-06-24,19.52861952861953,58.78787878787879,12.92348787878788,16.069991418181814,0.0,1027.1126105757576
KJFK_New_York,NY,2021-06-25,20.203252032520325,78.53658536585365,16.68218292682927,16.07455894634146,0.0,1024.8785442682927
KJFK_New_York,NY,2021-06-26,23.06201550387597,87.88372093023256,22.006788837209303,11.075253320930232,0.0,1022.9811670465116
KJFK_New_York,NY,2021-06-27,23.619047619047617,84.62857142857143,22.760665714285715,15.979366765714284,0.0,1021.4126272
KJFK_New_York,NY,2021-06-28,25.3125,76.03125,20.267625625,16.0692599,0.0,1022.054831875
KJFK_New_York,NY,2021-06-29,26.614583333333332,73.40625,19.1109125,16.0692599,0.0,1020.954255125
KJFK_New_York,NY,2021-06-30,27.175925925925927,72.61111111111111,19.446191666666667,16.027238244444444,0.0,1014.2520249166666
KJFK_New_York,NY,2021-07-01,24.25,84.025,11.989583,13.536963409999998,22.606,1009.6098486249999
KJFK_New_York,NY,2021-07-02,22.02898550724638,88.28260869565217,15.918471739130434,15.237650947826086,11.937999999999999,1006.5602571956522
KJFK_New_York,NY,2021-07-03,16.88034188034188,89.9423076923077,14.700701923076924,12.549447626923078,71.628,1008.4278682692307
KJFK_New_York,NY,2021-07-04,20.063492063492067,78.31428571428572,10.069870285714286,15.968331291428571,0.0,1011.901709
KJFK_New_York,NY,2021-07-05,23.14236111111111,79.28125,15.38931375,15.053364024999999,0.0,1016.34029875
KJFK_New_York,NY,2021-07-06,24.834834834834833,77.4054054054054,23.83563027027027,15.013402372972973,10.16,1014.1231285405406
KJFK_New_York,NY,2021-07-07,26.09375,79.5625,14.836103125,15.956606099999998,0.0,1013.40895490625
KJFK_New_York,NY,2021-07-08,24.35185185185185,87.02380952380952,14.407424761904762,15.251178733333333,17.78,1014.1431766666667
KJFK_New_York,NY,2021-07-09,24.102564102564102,84.07692307692308,21.82925282051282,14.213773410256408,27.177999999999997,1008.7187504871795
KJFK_New_York,NY,2021-07-10,23.9159891598916,81.3170731707317,10.755101463414634,16.07455894634146,0.0,1014.3889947560975
KJFK_New_York,NY,2021-07-11,23.11965811965812,88.05128205128206,14.566590256410255,13.152434312820514,0.0,1018.0443475641025
KJFK_New_York,NY,2021-07-12,24.79328165374677,90.67441860465117,13.473544186046512,12.417368027906978,4.064,1018.7442418837209
KJFK_New_York,NY,2021-07-13,21.839506172839506,91.5111111111111,13.697271555555554,10.613418484444443,0.0,1022.4113434888889
KJFK_New_York,NY,2021-07-14,24.576023391812868,86.97368421052632,9.740742105263157,9.434543994736842,0.254,1019.9628448947369
KJFK_New_York,NY,2021-07-15,26.319444444444443,76.0,13.528514375,16.0692599,0.0,1017.567865125
KJFK_New_York,NY,2021-07-16,27.552083333333332,77.90625,15.188146249999999,16.0692599,0.0,1015.31379928125
KJFK_New_York,NY,2021-07-17,26.62878787878788,82.5909090909091,15.544761363636365,15.189243527272726,9.905999999999999,1015.7168951363636
KJFK_New_York,NY,2021-07-18,25.041666666666664,80.3,20.358151,15.828663569999998,1.778,1013.96982575
KJFK_New_York,NY,2021-07-19,23.888888888888886,74.38235294117646,13.064054117647059,16.070679905882354,0.0,1013.6959265588234
KJFK_New_York,NY,2021-07-20,25.79861111111111,74.96875,13.37763875,10.551235375000001,0.0,1011.6205176875
KJFK_New_York,NY,2021-07-21,24.174174174174176,73.70270270270271,12.222284864864864,13.309676756756756,44.704,1011.2584256486487
KJFK_New_York,NY,2021-07-22,23.87152777777778,55.03125,15.0875625,16.0692599,0.0,1017.00699428125
KJFK_New_York,NY,2021-07-23,23.663194444444443,52.53125,11.26538,15.918384275,2.286,1018.78484903125
KJFK_New_York,NY,2021-07-24,23.59375,65.3125,13.327346875,16.0692599,0.0,1018.03349375
KJFK_New_York,NY,2021-07-25,23.464912280701753,83.47368421052632,20.58261157894737,14.931287115789473,16.509999999999998,1012.592990868421
KJFK_New_York,NY,2021-07-26,25.855855855855854,70.43243243243244,9.26457891891892,14.510157405405405,0.0,1011.6245218648648
KJFK_New_York,NY,2021-07-27,26.346801346801346,58.666666666666664,13.411166666666666,15.096584557575758,0.0,1013.0539611818183
KJFK_New_York,NY,2021-07-28,23.398692810457515,74.38235294117646,14.768061176470589,15.881345788235294,3.8099999999999996,1014.7716033823529
KJFK_New_York,NY,2021-07-29,23.346560846560845,86.30952380952381,23.335430000000002,14.581769928571429,14.985999999999999,1012.0307143333333
KJFK_New_York,NY,2021-07-30,24.56597222222222,56.03125,26.805569375,16.018968025,0.0,1008.424612125
KJFK_New_York,NY,2021-07-31,20.538194444444443,58.65625,16.89807,16.0692599,0.0,1014.21322253125
KJFK_New_York,NY,2021-08-01,21.493055555555554,74.40625,14.886395,16.0692599,1.016,1011.6840125
KJFK_New_York,NY,2021-08-02,22.450980392156865,62.029411764705884,17.70274,16.07067990588235,0.0,1013.3672475294118
KJFK_New_York,NY,2021-08-03,22.03125,58.3125,8.499326875,16.0692599,0.0,1018.8483438437501
KJFK_New_York,NY,2021-08-04,21.631944444444443,70.34375,9.95779125,16.0692599,0.0,1019.18698284375
KJFK_New_York,NY,2021-08-05,22.450980392156865,76.6470588235294,15.667398235294119,16.070679905882354,0.0,1018.0783136176472
KJFK_New_York,NY,2021-08-06,24.288194444444446,71.5,17.451280625,16.0692599,0.0,1019.82193096875
KJFK_New_York,NY,2021-08-07,24.114583333333332,74.75,15.691065,16.0692599,0.0,1017.68427228125
KJFK_New_York,NY,2021-08-08,20.609756097560975,86.70731707317073,18.33077512195122,13.121223785365853,14.478,1017.6514924390244
KJFK_New_York,NY,2021-08-09,23.035230352303522,88.39024390243902,13.699016097560976,13.922361087804877,1.27,1019.5429151463414
KJFK_New_York,NY,2021-08-10,23.98148148148148,89.02380952380952,14.48406,15.198300419047618,27.939999999999998,1019.2388873333333
KJFK_New_York,NY,2021-08-11,25.69023569023569,85.0,15.31311393939394,16.078769636363635,0.0,1015.7117642424242
KJFK_New_York,NY,2021-08-12,27.58169934640523,75.82352941176471,15.336063529411764,16.07067990588235,0.0,1014.9409228823529
KJFK_New_York,NY,2021-08-13,28.802083333333332,68.5,15.18814625,16.0692599,0.0,1015.82175778125
KJFK_New_York,NY,2021-08-14,28.350694444444446,62.78125,16.847778124999998,16.0692599,0.0,1016.92233453125
KJFK_New_York,NY,2021-08-15,23.819444444444446,56.75,14.132016875,16.0692599,0.0,1021.19765190625
KJFK_New_York,NY,2021-08-16,23.42013888888889,69.78125,10.712169375,16.0692599,0.0,1021.98075459375
KJFK_New_York,NY,2021-08-17,24.21875,74.3125,15.28873,16.0692599,0.0,1022.00191953125
KJFK_New_York,NY,2021-08-18,25.12012012012012,88.0,17.528757297297297,16.072522075675675,0.0,1021.1704807027027
KJFK_New_York,NY,2021-08-19,27.117117117117118,77.21621621621621,27.44577135135135,16.072522075675675,1.27,1012.8692490000001
KJFK_New_York,NY,2021-08-20,26.006944444444446,72.09375,11.4665475,16.0692599,0.0,1011.41945078125
KJFK_New_York,NY,2021-08-21,24.45436507936508,89.96428571428571,10.518186428571429,10.975124035714286,120.142,1011.88961475
KJFK_New_York,NY,2021-08-22,23.12169312169312,95.26190476190476,19.541985714285712,11.965059723809523,76.708,1008.7491411666666
KJFK_New_York,NY,2021-08-23,24.281842818428185,86.90243902439025,24.45411756097561,12.103414365853657,21.336,1007.4592844878049
KJFK_New_York,NY,2021-08-24,27.118055555555557,71.0,11.36596375,16.0692599,0.0,1013.00682109375
KJFK_New_York,NY,2021-08-25,26.875,69.0,10.410418125,16.0692599,0.0,1018.06524115625
KJFK_New_York,NY,2021-08-26,27.1875,79.0625,15.037270625,16.0692599,0.0,1018.4356275625
KJFK_New_York,NY,2021-08-27,28.19047619047619,73.88571428571429,11.357342285714285,15.979366765714284,1.016,1017.6682473999999
KJFK_New_York,NY,2021-08-28,21.958333333333332,82.475,20.680018999999998,14.94754992,38.862,1022.545858425
KJFK_New_York,NY,2021-08-29,21.842105263157894,83.23684210526316,10.07955052631579,16.07307149473684,0.0,1020.8450886052631
KJFK_New_York,NY,2021-08-30,24.501424501424502,90.43589743589743,13.12231076923077,11.569916646153846,0.0,1011.6275726666668
KJFK_New_York,NY,2021-08-31,26.38888888888889,67.3125,10.2595425,16.0692599,0.0,1007.9801484375
KJFK_New_York,NY,2021-09-01,21.843434343434343,90.13636363636364,22.018697272727273,12.828268595454546,111.252,1003.9261008636364
KJFK_New_York,NY,2021-09-02,20.108024691358025,63.69444444444444,29.146935555555558,15.937830466666664,10.668,1008.2599959444445
KJFK_New_York,NY,2021-09-03,19.635416666666668,60.21875,13.57880625,16.0692599,0.0,1015.9381649375
KJFK_New_York,NY,2021-09-04,21.041666666666668,66.0625,15.540189375,16.0692599,0.0,1015.10214990625
KJFK_New_York,NY,2021-09-05,21.34259259259259,88.5,18.328594444444445,15.626244361111112,0.0,1010.1883569166667
KJFK_New_York,NY,2021-09-06,23.963963963963966,67.8108108108108,17.006809189189187,15.898539372972971,0.0,1008.8513430270269
KJFK_New_York,NY,2021-09-07,22.5,63.25,14.132016875,16.0692599,0.0,1013.4407023125
KJFK_New_York,NY,2021-09-08,23.54938271604938,84.08333333333333,27.31407611111111,16.071942133333334,0.0,1010.2730166666666
KJFK_New_York,NY,2021-09-09,21.537467700258397,90.4186046511628,9.506333953488372,14.64012855348837,10.668,1007.5219029302326
KJFK_New_York,NY,2021-09-10,20.850694444444443,56.0625,24.542435,16.0692599,0.0,1011.853332
KJFK_New_York,NY,2021-09-11,20.74652777777778,61.8125,14.132016875,16.0692599,0.0,1020.4251316875
KJFK_New_York,NY,2021-09-12,23.4375,70.59375,23.184554375,16.0692599,0.0,1017.7160196875
KJFK_New_York,NY,2021-09-13,25.1797385620915,70.29411764705883,17.32407176470588,16.07067990588235,4.571999999999999,1015.6082409117647
KJFK_New_York,NY,2021-09-14,22.474747474747474,81.15151515151516,10.924004848484849,15.57060833939394,0.0,1017.0868438181818
KJFK_New_York,NY,2021-09-15,23.857142857142858,89.31428571428572,18.668343999999998,12.811266022857142,0.0,1014.5043916
KJFK_New_York,NY,2021-09-16,23.24915824915825,77.96969696969697,15.752024848484849,16.07291749090909,0.0,1021.0786793030303
KJFK_New_York,NY,2021-09-17,22.85185185185185,85.62222222222222,15.306611555555556,16.040470595555554,0.0,1021.7114895555557
KJFK_New_York,NY,2021-09-18,24.25925925925926,73.75,11.980642222222222,16.071942133333334,0.0,1016.5848713611111
KJFK_New_York,NY,2021-09-19,21.354166666666668,60.21875,16.344859375,16.0692599,0.0,1020.35105440625
KJFK_New_York,NY,2021-09-20,19.96527777777778,72.75,11.667715,16.0692599,0.0,1026.4359739375
KJFK_New_York,NY,2021-09-21,20.818713450292396,80.13157894736842,14.18760263157895,16.07307149473684,1.5239999999999998,1025.8712042894738
KJFK_New_York,NY,2021-09-22,23.6026936026936,90.21212121212122,20.14113393939394,16.069991418181814,0.0,1018.1643315454545
KJFK_New_York,NY,2021-09-23,23.042328042328045,87.33333333333333,26.745698095238097,15.463075166666666,27.686,1013.4497729999999
KJFK_New_York,NY,2021-09-24,18.577235772357724,71.02439024390245,14.719573170731707,14.814563482926829,14.477999999999998,1016.0904492439025
KJFK_New_York,NY,2021-09-25,19.21875,66.96875,8.499326875,16.0692599,0.0,1014.78467584375
KJFK_New_York,NY,2021-09-26,19.930555555555554,54.1875,22.43017625,16.0692599,0.0,1011.7898371875
KJFK_New_York,NY,2021-09-27,21.197916666666668,56.0625,22.681635625,16.0692599,0.0,1013.165558125
KJFK_New_York,NY,2021-09-28,20.212418300653592,74.47058823529412,17.418738823529413,15.881345788235294,3.8099999999999996,1009.9908174999999
KJFK_New_York,NY,2021-09-29,17.01388888888889,51.4375,17.300405,16.0692599,0.0,1014.38254203125
KJFK_New_York,NY,2021-09-30,16.336805555555554,56.03125,14.634935624999999,16.0692599,0.0,1018.57319965625
KJFK_New_York,NY,2021-10-01,15.746527777777779,57.625,13.226763125,16.0692599,0.0,1022.5416254375
KJFK_New_York,NY,2021-10-02,18.5016835016835,67.39393939393939,17.21506121212121,16.069991418181814,0.0,1019.4470550303031
KJFK_New_York,NY,2021-10-03,20.052083333333332,83.4375,12.97530375,14.77726163125,0.0,1014.223805
KJFK_New_York,NY,2021-10-04,20.27777777777778,91.86111111111111,12.472385,14.514905683333334,0.508,1014.1015186944444
KJFK_New_York,NY,2021-10-05,17.126984126984127,83.82857142857142,12.001078285714286,16.07132905142857,0.0,1022.9800419999999
KJFK_New_York,NY,2021-10-06,18.73015873015873,77.97142857142858,9.288190857142856,16.07132905142857,0.0,1027.0630608000001
KJFK_New_York,NY,2021-10-07,19.248366013071895,83.11764705882354,9.277371764705881,16.070679905882354,0.0,1024.0941358529412
KJFK_New_York,NY,2021-10-08,19.56228956228956,83.15151515151516,10.094950909090908,15.656439806060606,0.0,1020.4321866666667
KJFK_New_York,NY,2021-10-09,18.082010582010582,75.78571428571429,22.760665714285715,16.07500754285714,0.0,1022.5849631666666
KJFK_New_York,NY,2021-10-10,18.04232804232804,87.35714285714286,22.798983333333336,14.275228976190476,4.064,1019.9806679999999
KJFK_New_York,NY,2021-10-11,18.933933933933933,80.05405405405405,21.791333513513514,15.931596086486485,0.0,1017.4546041081081
KJFK_New_York,NY,2021-10-12,18.024691358024693,84.0,9.343112777777778,16.071942133333334,0.0,1018.4850124166666
KJFK_New_York,NY,2021-10-13,18.741830065359476,87.82352941176471,8.75670294117647,16.070679905882354,0.0,1015.8373202352942
KJFK_New_York,NY,2021-10-14,21.26736111111111,70.34375,12.321509375,15.6427848,0.0,1012.75284184375
KJFK_New_York,NY,2021-10-15,20.833333333333332,75.53125,10.410418125,16.0692599,0.0,1012.2660482812499
KJFK_New_York,NY,2021-10-16,19.6996996996997,81.45945945945945,26.488866486486486,15.724556670270267,4.064,1006.6364609189189
KJFK_New_York,NY,2021-10-17,14.479166666666668,62.0625,24.94477,16.0692599,0.0,1008.5727666875
KJFK_New_York,NY,2021-10-18,12.256944444444445,56.96875,28.616076875,16.0692599,0.0,1010.9855695625
KJFK_New_York,NY,2021-10-19,14.635416666666666,53.21875,23.486305625,16.0692599,0.0,1014.4566193125
KJFK_New_York,NY,2021-10-20,19.02777777777778,57.90625,19.714415,16.0692599,0.0,1015.282051875
KJFK_New_York,NY,2021-10-21,17.95138888888889,75.875,17.954199374999998,16.0692599,0.0,1013.8216711875
KJFK_New_York,NY,2021-10-22,18.26388888888889,64.125,18.255950625,16.0692599,0.0,1010.9009098125
KJFK_New_York,NY,2021-10-23,13.177083333333334,63.6875,14.58464375,15.717216774999999,3.556,1014.14972771875
KJFK_New_York,NY,2021-10-24,13.047138047138047,67.12121212121212,11.362915757575758,16.069991418181814,0.254,1020.0114533636363
KJFK_New_York,NY,2021-10-25,19.39814814814815,86.88888888888889,17.792147777777778,16.027238244444444,0.508,1011.8345187222221
KJFK_New_York,NY,2021-10-26,15.978260869565217,90.95652173913044,22.110932173913046,11.94095294347826,113.792,996.1728739565217
KJFK_New_York,NY,2021-10-27,13.719135802469136,74.88888888888889,31.203314444444445,15.893126577777776,5.842,1003.0204980833332
KJFK_New_York,NY,2021-10-28,11.851851851851853,71.80555555555556,11.980642222222222,16.071942133333334,0.0,1013.5653402777776
KJFK_New_York,NY,2021-10-29,11.996996996996996,76.08108108108108,30.79493837837838,13.421025686486486,10.668,1008.9977815135135
KJFK_New_York,NY,2021-10-30,15.49382716049383,88.5,17.25570111111111,16.071942133333334,0.762,1002.2209337777778
KJFK_New_York,NY,2021-10-31,15.121951219512194,81.34146341463415,19.54759317073171,15.16037532195122,2.794,1001.6693835365854
KJFK_New_York,NY,2021-11-01,13.472222222222221,53.0625,19.61383125,16.0692599,0.0,1016.73185009375
KJFK_New_York,NY,2021-11-02,10.190972222222221,61.90625,13.427930625,16.0692599,0.254,1021.70561040625
KJFK_New_York,NY,2021-11-03,8.383838383838384,51.78787878787879,15.995864242424242,16.069991418181814,0.0,1023.5928173333333
KJFK_New_York,NY,2021-11-04,7.239583333333333,53.03125,10.410418125,16.0692599,0.0,1025.95976284375
KJFK_New_York,NY,2021-11-05,7.378472222222222,54.6875,13.226763125,16.0692599,0.0,1026.93334996875
KJFK_New_York,NY,2021-11-06,6.927083333333333,62.75,8.6502025,16.0692599,0.0,1027.9386845
KJFK_New_York,NY,2021-11-07,8.10763888888889,62.0625,9.706331875,16.0692599,0.0,1021.28231165625
KJFK_New_York,NY,2021-11-08,12.34375,53.59375,12.925011875000001,16.0692599,0.0,1018.99649840625
KJFK_New_York,NY,2021-11-09,13.333333333333332,70.625,8.449035,16.0692599,0.0,1017.81126190625
KJFK_New_York,NY,2021-11-10,14.322916666666666,55.71875,14.836103125,16.0692599,0.0,1018.02291128125
KJFK_New_York,NY,2021-11-11,11.64983164983165,71.03030303030303,16.337239393939395,16.069991418181814,0.0,1024.1161685151515
KJFK_New_York,NY,2021-11-12,15.916666666666666,82.75,26.312709,14.331575035,6.858,1013.707380525
KJFK_New_York,NY,2021-11-13,10.0,74.0,26.69149268292683,14.396527604878049,6.096,1007.3188731951219
KJFK_New_York,NY,2021-11-14,6.631944444444445,64.9375,21.273463125,16.0692599,0.508,1011.7898371875
KJFK_New_York,NY,2021-11-15,6.475694444444445,68.65625,24.84418625,16.0692599,0.0,1009.76858565625
KJFK_New_York,NY,2021-11-16,6.493055555555555,54.1875,20.368209375,16.0692599,0.0,1019.89600825
KJFK_New_York,NY,2021-11-17,9.114583333333334,71.21875,13.025595625,16.0692599,0.0,1023.8855989687501
KJFK_New_York,NY,2021-11-18,13.513071895424837,80.82352941176471,19.738081764705882,15.928679317647058,2.54,1015.4688013235294
KJFK_New_York,NY,2021-11-19,7.135416666666667,49.28125,27.710823125,15.956606099999998,1.524,1023.5998723125
KJFK_New_York,NY,2021-11-20,5.416666666666667,58.0625,12.824428125,16.0692599,0.0,1032.43623371875
KJFK_New_York,NY,2021-11-21,10.030864197530864,74.69444444444444,13.947613333333333,16.071942133333334,0.0,1022.6615600833334
KJFK_New_York,NY,2021-11-22,8.961988304093566,69.86842105263158,23.843642631578945,15.798636673684209,1.016,1011.131496236842
KJFK_New_York,NY,2021-11-23,2.6215277777777777,45.0625,29.370455,16.0692599,0.0,1015.94874740625
KJFK_New_York,NY,2021-11-24,3.6805555555555554,46.5625,19.41266375,16.0692599,0.0,1024.98617571875
KJFK_New_York,NY,2021-11-25,7.34375,56.4375,13.629098125,16.0692599,0.0,1015.9381649375
KJFK_New_York,NY,2021-11-26,6.435185185185185,71.30555555555556,25.83884777777778,15.759014911111109,3.556,1003.6883694444446
KJFK_New_York,NY,2021-11-27,2.8819444444444446,48.78125,29.823081875,16.0692599,0.0,1010.27654415625
KJFK_New_York,NY,2021-11-28,2.698412698412698,73.8,8.920341714285714,15.400464177142856,0.0,1011.272808
KJFK_New_York,NY,2021-11-29,3.956228956228956,57.21212121212121,21.457866666666668,15.851511321212122,0.0,1011.9662116666666
KJFK_New_York,NY,2021-11-30,3.1372549019607843,62.8235294117647,16.046066470588233,16.023346376470585,0.0,1015.2098420882353
KJFK_New_York,NY,2021-12-01,6.996527777777778,53.75,15.137854375,16.0692599,0.0,1019.2822250625001
KJFK_New_York,NY,2021-12-02,11.26984126984127,75.25714285714285,22.622722285714286,16.07132905142857,0.762,1007.4123234000001
KJFK_New_York,NY,2021-12-03,6.857638888888889,43.96875,28.86753625,16.0692599,0.0,1012.5941048125
KJFK_New_York,NY,2021-12-04,5.486111111111111,59.59375,10.309834375,16.0692599,0.0,1019.48329196875
KJFK_New_York,NY,2021-12-05,6.736111111111112,47.125,12.824428125,16.0692599,0.0,1026.42539146875
KJFK_New_York,NY,2021-12-06,12.131313131313133,88.50909090909092,28.909598545454546,9.65077306909091,20.066,1010.0985662727272
KJFK_New_York,NY,2021-12-07,4.444444444444445,46.0,17.60215625,16.0692599,0.0,1019.8113485
KJFK_New_York,NY,2021-12-08,3.3625730994152043,71.84210526315789,12.324156315789475,15.290424042105261,3.302,1014.8119674736841
KJFK_New_York,NY,2021-12-09,2.170138888888889,53.03125,16.99865375,16.0692599,0.0,1021.4410486875
KJFK_New_York,NY,2021-12-10,6.753472222222222,64.5,10.913336875,16.0692599,0.0,1020.75318821875
KJFK_New_York,NY,2021-12-11,11.25,94.3125,25.380632916666666,6.254632854166666,4.826,1008.4810519583333
KJFK_New_York,NY,2021-12-12,7.621527777777778,41.0,26.503818125,16.0692599,0.0,1018.1181535
KJFK_New_York,NY,2021-12-13,7.638888888888889,42.65625,24.492143125,16.0692599,0.0,1023.748026875
KJFK_New_York,NY,2021-12-14,7.829861111111111,40.59375,14.38347625,16.0692599,0.0,1031.18750240625
KJFK_New_York,NY,2021-12-15,7.8125,67.1875,14.534351875,16.0692599,0.0,1033.3357435625
KJFK_New_York,NY,2021-12-16,12.152777777777779,79.15625,17.80332375,16.0692599,0.0,1017.38796315625
KJFK_New_York,NY,2021-12-17,12.378472222222221,44.34375,17.551864375,16.0692599,0.0,1017.04932415625
KJFK_New_York,NY,2021-12-18,6.847545219638243,82.27906976744185,10.965967906976745,10.531820372093023,1.778,1015.9563766279069
KJFK_New_York,NY,2021-12-19,4.152046783625731,68.13157894736842,25.79179105263158,14.423497994736842,0.508,1015.7565920526316
KJFK_New_York,NY,2021-12-20,-0.48611111111111105,52.21875,16.6969025,16.0692599,0.0,1025.64228878125
KJFK_New_York,NY,2021-12-21,3.107638888888889,62.4375,11.818590625,16.0692599,0.0,1017.2080611875
KJFK_New_York,NY,2021-12-22,5.06006006006006,66.94594594594595,24.22709135135135,14.67152636216216,2.794,1004.3575119729729
KJFK_New_York,NY,2021-12-23,0.8333333333333334,47.03125,19.110912499999998,16.0692599,0.0,1019.84309590625
KJFK_New_York,NY,2021-12-24,1.1861861861861862,79.64864864864865,10.917414594594595,14.355747756756756,0.762,1017.8115479189189
KJFK_New_York,NY,2021-12-25,5.5925925925925934,90.4888888888889,9.870618666666667,11.462792373333333,4.8260000000000005,1003.3647810666666
KJFK_New_York,NY,2021-12-26,7.847222222222222,56.0625,31.1809625,16.0692599,0.0,1010.84799746875
KJFK_New_York,NY,2021-12-27,2.2058823529411766,64.41176470588235,12.16471705882353,16.070679905882354,0.762,1016.1161994117647
KJFK_New_York,NY,2021-12-28,5.625,80.075,11.9493495,13.040079685,1.5239999999999998,1010.134739075
KJFK_New_York,NY,2021-12-29,5.954415954415954,92.71794871794872,10.275016923076922,8.345459528205128,9.398,1012.0617252307693
KJFK_New_York,NY,2021-12-30,7.853535353535353,92.52272727272727,9.253705,10.819519668181819,2.2859999999999996,1013.1617099545455
KJFK_New_York,NY,2021-12-31,9.20335429769392,94.90566037735849,12.085232452830189,7.629789845283018,0.254,1013.5401375849057
KJFK_New_York,NY,2022-01-01,10.426587301587302,99.25,9.885945714285715,2.1826673750000003,31.75,1007.831993875
KJFK_New_York,NY,2022-01-02,10.272536687631028,91.0754716981132,15.63792641509434,8.199739124528302,1.016,1003.6812700943397
KJFK_New_York,NY,2022-01-03,-1.1111111111111112,51.375,29.471038749999998,16.0692599,0.0,1018.5626171875
KJFK_New_York,NY,2022-01-04,-2.7777777777777777,53.9375,16.6969025,16.0692599,0.0,1027.769365
KJFK_New_York,NY,2022-01-05,3.8227513227513223,87.26190476190476,15.595270952380954,13.851052933333332,8.128,1013.7158465
KJFK_New_York,NY,2022-01-06,2.8472222222222223,56.875,17.5015725,16.0692599,0.0,1011.16547153125
KJFK_New_York,NY,2022-01-07,-0.9078590785907859,69.7560975609756,27.790554146341464,10.152187746341463,9.906,1011.1512755365854
KJFK_New_York,NY,2022-01-08,-3.59375,49.46875,20.871128125,16.0692599,0.0,1032.7537077812501
KJFK_New_York,NY,2022-01-09,2.716049382716049,78.0,23.782468888888886,15.614174311111109,3.048,1021.6456430833334
KJFK_New_York,NY,2022-01-10,-0.6770833333333333,48.75,28.817244375,16.0692599,0.0,1018.9859159375001
KJFK_New_York,NY,2022-01-11,-7.303921568627452,43.14705882352941,24.045432941176472,15.976012847058822,0.0,1030.2394377058824
KJFK_New_York,NY,2022-01-12,-0.03472222222222217,55.15625,20.92142,16.0692599,0.0,1022.38288840625
KJFK_New_York,NY,2022-01-13,3.7152777777777777,67.59375,6.53794375,16.0692599,0.0,1014.48836671875
KJFK_New_York,NY,2022-01-14,2.9682539682539684,70.4,30.945309142857145,15.979366765714284,0.0,1008.5830468
KJFK_New_York,NY,2022-01-15,-8.90625,43.84375,29.26987125,16.0692599,0.0,1023.8538515625
KJFK_New_York,NY,2022-01-16,-3.9018087855297154,65.86046511627907,19.64891860465116,14.472457781395347,19.304,1022.4928968604651
KJFK_New_York,NY,2022-01-17,4.349593495934959,77.17073170731707,38.93817756097561,14.536657941463416,23.622,988.9745507804878
KJFK_New_York,NY,2022-01-18,0.5555555555555555,47.46875,29.722498125,16.0692599,0.0,1011.37712090625
KJFK_New_York,NY,2022-01-19,3.75,63.96875,20.770544375,16.0692599,0.0,1017.51495278125
KJFK_New_York,NY,2022-01-20,1.4814814814814814,71.46153846153847,22.07684358974359,13.496585482051282,7.112,1020.0674985128205
KJFK_New_York,NY,2022-01-21,-7.152777777777778,43.59375,26.45352625,16.0692599,0.0,1032.552640875
KJFK_New_York,NY,2022-01-22,-5.121527777777778,53.90625,16.646610625,16.0692599,0.0,1026.118499875
KJFK_New_York,NY,2022-01-23,-0.8412698412698413,53.0,15.863494285714287,15.061123342857144,0.0,1011.9307352
KJFK_New_York,NY,2022-01-24,-0.3306878306878307,71.47619047619048,14.177519047619047,14.075211004761902,0.0,1011.4260018333332
KJFK_New_York,NY,2022-01-25,2.8645833333333335,59.71875,17.9039075,15.8439523,0.0,1014.1179803125
KJFK_New_York,NY,2022-01-26,-4.149305555555555,38.09375,22.53076,16.0692599,0.0,1026.67937071875
KJFK_New_York,NY,2022-01-27,-4.253472222222222,53.71875,14.78581125,16.0692599,0.0,1028.66887484375
KJFK_New_York,NY,2022-01-28,-0.5,77.48,11.748182,8.837851544,4.318,1018.5922481
KJFK_New_York,NY,2022-01-29,-7.258454106280194,76.91304347826087,40.7582847826087,4.931577530434782,5.842,1004.6020403695652
KJFK_New_York,NY,2022-01-30,-7.309027777777778,49.125,22.43017625,16.0692599,0.0,1015.67360321875
KJFK_New_York,NY,2022-01-31,-4.6632996632996635,51.09090909090909,6.876270909090909,16.069991418181814,0.0,1027.184443090909
KJFK_New_York,NY,2022-02-01,-1.5277777777777777,64.375,11.567131250000001,16.0692599,0.0,1033.060599375
KJFK_New_York,NY,2022-02-02,2.3555555555555556,91.04,9.1410512,10.4446166,0.0,1029.44224166
KJFK_New_York,NY,2022-02-03,5.5353535353535355,98.12727272727273,8.661175272727274,3.223069109090909,11.43,1022.6959370727272
KJFK_New_York,NY,2022-02-04,2.8231292517006805,91.77551020408163,26.636219183673468,10.96650257142857,22.86,1012.178149
KJFK_New_York,NY,2022-02-05,-3.823529411764706,61.588235294117645,29.01545352941176,16.026186388235292,0.0,1023.1678585882354
KJFK_New_York,NY,2022-02-06,-4.34920634920635,62.25714285714286,11.541266857142858,16.07132905142857,0.0,1034.7937054000001
KJFK_New_York,NY,2022-02-07,1.8271604938271604,89.35555555555555,11.909116,7.17121904,8.128,1024.3001965777778
KJFK_New_York,NY,2022-02-08,3.611111111111111,71.86111111111111,21.86020166666667,14.554245105555554,3.8099999999999996,1013.2643278333334
KJFK_New_York,NY,2022-02-09,1.8055555555555556,67.34375,12.824428125,16.0692599,0.0,1016.67893775
KJFK_New_York,NY,2022-02-10,6.319444444444445,61.875,15.841940625,16.018968025,0.0,1011.4088683125
KJFK_New_York,NY,2022-02-11,6.527777777777778,68.84375,19.965874375,16.0692599,0.0,1014.10739784375
KJFK_New_York,NY,2022-02-12,9.84375,50.75,22.279300625,16.0692599,0.0,1013.74759390625
KJFK_New_York,NY,2022-02-13,-0.2199074074074074,79.22916666666667,16.965125833333335,7.897165491666667,8.889999999999999,1018.7883765208334
KJFK_New_York,NY,2022-02-14,-6.111111111111112,44.6875,30.27570875,16.0692599,0.0,1021.34580646875
KJFK_New_York,NY,2022-02-15,-4.882154882154882,45.484848484848484,19.165776363636365,16.069991418181814,0.0,1036.379005030303
KJFK_New_York,NY,2022-02-16,2.5520833333333335,71.09375,18.20565875,16.0692599,0.0,1036.1295153125
KJFK_New_York,NY,2022-02-17,8.75,86.85,34.681277,11.445223745,6.604,1016.6789377499999
KJFK_New_York,NY,2022-02-18,6.695906432748538,64.36842105263158,40.0217447368421,12.66338824736842,14.986,1005.0627288947368
KJFK_New_York,NY,2022-02-19,-0.4629629629629629,48.166666666666664,29.191639444444448,15.624903244444445,0.0,1016.1897925277777
KJFK_New_York,NY,2022-02-20,-2.083333333333333,48.625,23.5365975,16.0692599,0.0,1029.0180963125001
KJFK_New_York,NY,2022-02-21,3.4027777777777777,67.5625,12.220925625,16.0692599,0.0,1026.880437625
KJFK_New_York,NY,2022-02-22,6.732804232804233,93.14285714285714,21.151325714285715,13.40082090952381,3.556,1023.0526075
KJFK_New_York,NY,2022-02-23,11.228956228956228,69.75757575757575,22.87213515151515,15.498431878787878,0.0,1015.383387030303
KJFK_New_York,NY,2022-02-24,0.08680555555555555,43.84375,17.451280625,16.0692599,0.0,1029.7377041875
KJFK_New_York,NY,2022-02-25,0.9368191721132898,80.3921568627451,22.057424705882354,11.416847294117646,32.766,1019.2635501176471
KJFK_New_York,NY,2022-02-26,-0.9548611111111112,48.6875,21.575214374999998,16.0692599,0.0,1027.7905299375
KJFK_New_York,NY,2022-02-27,3.3159722222222223,43.75,30.47687625,16.0692599,0.0,1015.92758246875
KJFK_New_York,NY,2022-02-28,-0.4340277777777778,34.0,20.167041875,16.0692599,0.0,1023.240068375
KJFK_New_York,NY,2022-03-01,3.454861111111111,65.90625,15.691065,16.0692599,0.0,1019.8325134375
KJFK_New_York,NY,2022-03-02,6.753472222222222,62.15625,19.362371875,16.0692599,0.0,1014.10739784375
KJFK_New_York,NY,2022-03-03,3.758169934640523,47.35294117647059,29.820123529411763,15.675444935294118,2.032,1017.1918762352941
KJFK_New_York,NY,2022-03-04,-2.100694444444444,44.15625,15.38931375,16.0692599,0.0,1032.0023525
KJFK_New_York,NY,2022-03-05,2.946127946127946,59.54545454545455,12.045666060606061,16.069991418181814,0.0,1030.7247599090908
KJFK_New_York,NY,2022-03-06,9.283625730994151,88.10526315789474,10.968922631578947,12.181856778947369,1.27,1017.0487671842104
KJFK_New_York,NY,2022-03-07,12.373737373737374,80.45454545454545,24.96915393939394,15.467708115151513,1.5239999999999998,1006.1272543636364
KJFK_New_York,NY,2022-03-08,6.180555555555555,40.21875,28.012574375,16.0692599,0.0,1017.04932415625
KJFK_New_York,NY,2022-03-09,2.1132897603485836,85.70588235294117,15.399174901960786,11.344269215686275,27.177999999999997,1016.169319254902
KJFK_New_York,NY,2022-03-10,3.3771929824561404,78.92105263157895,8.936072105263158,12.782394705263156,0.0,1020.444068736842
KJFK_New_York,NY,2022-03-11,5.709876543209877,75.97222222222223,10.773637222222222,15.177864355555556,0.0,1016.0204730277778
KJFK_New_York,NY,2022-03-12,2.3371647509578546,82.75862068965517,30.71619620689655,6.118544196551723,15.748,996.275938
KJFK_New_York,NY,2022-03-13,-1.6975308641975309,50.80555555555556,29.817493888888887,15.244920188888889,0.0,1020.8460787777777
KJFK_New_York,NY,2022-03-14,6.736111111111111,54.3125,23.23484625,16.0692599,0.0,1027.48363834375
KJFK_New_York,NY,2022-03-15,9.253472222222221,62.21875,13.8805575,16.0692599,0.0,1022.2029864375
KJFK_New_York,NY,2022-03-16,10.286195286195287,70.57575757575758,12.679648484848485,16.069991418181814,0.0,1021.4583654545455
KJFK_New_York,NY,2022-03-17,10.324074074074074,95.25,14.2828925,4.275479933333334,1.524,1015.282051875
KJFK_New_York,NY,2022-03-18,11.261574074074074,91.0,13.209999166666668,6.9694480375,0.0,1015.1127323750001
KJFK_New_York,NY,2022-03-19,11.548463356973993,91.27659574468085,13.319856595744682,8.193252663829787,8.382000000000001,1008.9280674468084
KJFK_New_York,NY,2022-03-20,12.309027777777779,58.78125,28.96812,16.0692599,0.0,1008.05422571875
KJFK_New_York,NY,2022-03-21,11.89236111111111,35.9375,26.906153125,16.0692599,0.0,1016.66835528125
KJFK_New_York,NY,2022-03-22,10.885416666666666,22.75,26.25235875,16.0692599,0.0,1020.276977125
KJFK_New_York,NY,2022-03-23,5.555555555555556,50.96969696969697,20.336205454545453,15.679848387878788,1.778,1022.5153296060607
KJFK_New_York,NY,2022-03-24,7.046070460704608,93.63414634146342,22.727020975609758,7.592159580487806,27.178,1011.2421299024389
KJFK_New_York,NY,2022-03-25,9.904761904761905,72.17142857142858,18.94423085714286,16.07132905142857,1.5239999999999998,1002.4391678
KJFK_New_York,NY,2022-03-26,9.542483660130719,55.0,21.584089411764705,16.07067990588235,0.0,997.8197334411765
KJFK_New_York,NY,2022-03-27,4.477124183006536,50.38235294117647,31.28746294117647,16.023346376470585,0.0,1003.8255957058823
KJFK_New_York,NY,2022-03-28,-2.5,32.59375,36.863944375,16.0692599,0.0,1012.60468728125
KJFK_New_York,NY,2022-03-29,-1.3457248783335231e-17,37.03030303030303,33.405996969696965,16.069991418181814,0.0,1019.6933379393939
KJFK_New_York,NY,2022-03-30,3.0303030303030303,45.81818181818182,15.849560606060605,16.069991418181814,0.0,1020.9760614242424
KJFK_New_York,NY,2022-03-31,10.78231292517007,91.0204081632653,32.219643673469385,10.07184090612245,1.524,1004.92851
KJFK_New_York,NY,2022-04-01,10.79124579124579,58.515151515151516,32.67447878787879,14.383598169696969,2.032,1002.8229586666665
KJFK_New_York,NY,2022-04-02,6.899641577060931,49.935483870967744,26.11283935483871,16.071596038709675,0.0,1015.7749900967742
KJFK_New_York,NY,2022-04-03,6.40432098765432,77.58333333333333,12.91942388888889,16.027238244444444,2.54,1009.3417594166666
KJFK_New_York,NY,2022-04-04,8.489583333333334,48.90625,21.62550625,16.0692599,0.0,1013.9486608125
KJFK_New_York,NY,2022-04-05,8.285714285714286,64.65714285714286,11.403323428571428,15.933385622857141,1.778,1016.3136914
KJFK_New_York,NY,2022-04-06,9.956140350877192,87.1842105263158,23.75894052631579,14.319314405263158,14.224,1009.4561243421052
KJFK_New_York,NY,2022-04-07,8.762626262626263,91.68181818181819,29.11442363636364,6.3444571909090905,14.986,1006.4735897045455
KJFK_New_York,NY,2022-04-08,11.472222222222223,73.6,21.484689,12.798678684999999,1.016,1001.6349001749999
KJFK_New_York,NY,2022-04-09,10.707070707070706,63.60606060606061,17.60520424242424,16.069991418181814,0.508,1003.1205505151515
KJFK_New_York,NY,2022-04-10,8.524305555555555,45.84375,32.48855125,16.0692599,0.0,1008.2023802812499
KJFK_New_York,NY,2022-04-11,8.56902356902357,53.96969696969697,21.652938181818183,16.069991418181814,0.0,1018.0104047272727
KJFK_New_York,NY,2022-04-12,12.849462365591398,68.25806451612904,14.380231612903225,16.071596038709675,0.508,1015.8296092903225
KJFK_New_York,NY,2022-04-13,13.431372549019608,77.1470588235294,12.969387058823528,16.070679905882354,0.0,1014.6520837352941
KJFK_New_York,NY,2022-04-14,16.356209150326798,71.67647058823529,19.02807882352941,15.692011670588235,4.8260000000000005,1008.1382629705884
KJFK_New_York,NY,2022-04-15,13.75,46.34375,23.888640625,16.0692599,0.254,1018.08640609375
KJFK_New_York,NY,2022-04-16,11.634920634920634,69.91428571428571,24.553930285714287,15.933385622857141,2.2859999999999996,1012.6950918
KJFK_New_York,NY,2022-04-17,7.760416666666667,45.09375,26.05119125,16.0692599,0.0,1019.75843615625
KJFK_New_York,NY,2022-04-18,7.079365079365079,57.542857142857144,24.599911428571428,13.934585342857142,29.21,1022.0995806
KJFK_New_York,NY,2022-04-19,7.6126126126126135,67.45945945945945,34.57906216216217,13.64024389189189,16.509999999999998,1005.7212203783783
KJFK_New_York,NY,2022-04-20,9.097222222222221,51.5,22.681635625000002,16.0692599,0.0,1025.9068505
KJFK_New_York,NY,2022-04-21,9.35763888888889,76.6875,19.764706874999998,16.0692599,0.0,1029.9070236875
KJFK_New_York,NY,2022-04-22,15.173611111111112,45.09375,20.82083625,16.0692599,0.0,1026.91218503125
KJFK_New_York,NY,2022-04-23,11.996527777777777,53.59375,12.87472,16.0692599,0.0,1026.83810775
KJFK_New_York,NY,2022-04-24,10.555555555555555,62.625,18.859453125,16.0692599,0.0,1023.6422021875
KJFK_New_York,NY,2022-04-25,10.260416666666666,56.1875,15.691065,16.0692599,0.0,1023.3670579999999
KJFK_New_York,NY,2022-04-26,12.764227642276424,85.41463414634147,12.325189268292682,14.589648404878048,1.524,1016.2886769512195
KJFK_New_York,NY,2022-04-27,10.441176470588236,46.088235294117645,35.07414529411764,16.07067990588235,0.0,1013.3074877058823
KJFK_New_York,NY,2022-04-28,9.114583333333334,29.15625,35.30489625,16.0692599,0.0,1015.2185570625
KJFK_New_York,NY,2022-04-29,11.336805555555555,19.0625,29.26987125,16.0692599,0.0,1017.3350508125
KJFK_New_York,NY,2022-04-30,11.599326599326599,37.878787878787875,18.629329696969698,16.069991418181814,0.0,1018.7287298787879
KJFK_New_York,NY,2022-05-01,12.135416666666666,63.875,13.830265625,16.0692599,0.0,1018.9859159375001
KJFK_New_York,NY,2022-05-02,11.666666666666664,89.18,16.4796416,12.929759428,17.78,1016.8042341800001
KJFK_New_York,NY,2022-05-03,12.047619047619046,79.02857142857142,17.334890857142856,15.519555337142856,0.0,1019.9226156
KJFK_New_York,NY,2022-05-04,12.470449172576831,90.19148936170212,10.306624255319148,10.932897204255317,2.54,1015.182081319149
KJFK_New_York,NY,2022-05-05,15.572390572390573,66.6969696969697,17.507668484848484,16.069991418181814,0.0,1016.7276812424243
KJFK_New_York,NY,2022-05-06,11.756756756756756,88.08108108108108,11.221884324324325,13.748983081081082,25.654,1012.6862008918918
KJFK_New_York,NY,2022-05-07,8.98550724637681,86.04347826086956,30.192617826086956,10.759487469565217,46.482,1009.9466471956521
KJFK_New_York,NY,2022-05-08,10.850694444444445,43.65625,31.08037875,16.0692599,0.0,1018.10757103125
KJFK_New_York,NY,2022-05-09,13.90625,25.1875,31.5832975,16.0692599,0.0,1022.4569656875
KJFK_New_York,NY,2022-05-10,15.711805555555555,25.15625,26.503818125,16.0692599,0.0,1025.7163660625001
KJFK_New_York,NY,2022-05-11,15.420875420875422,52.54545454545455,20.287437575757576,16.069991418181814,0.0,1023.8596238181818
KJFK_New_York,NY,2022-05-12,16.30050505050505,83.47727272727273,11.960322272727273,12.255855618181817,0.0,1025.0294676363637
KJFK_New_York,NY,2022-05-13,16.832151300236408,93.06382978723404,10.066935319148936,5.537156838297872,0.0,1023.4391088510639
KJFK_New_York,NY,2022-05-14,16.35593220338983,96.44067796610169,8.319469491525425,4.052809105084746,6.096,1017.5183606949153
KJFK_New_York,NY,2022-05-15,16.40096618357488,92.04347826086956,9.795982608695653,7.197948078260869,0.0,1011.5441398695652
KJFK_New_York,NY,2022-05-16,17.248062015503876,87.32558139534883,15.419722790697675,15.234087293023256,4.318,1003.9543804418604
KJFK_New_York,NY,2022-05-17,19.583333333333332,46.53125,26.202066875,16.0692599,0.0,1007.451025
KJFK_New_York,NY,2022-05-18,16.40625,54.25,23.385721874999998,16.0692599,0.0,1012.911578875
KJFK_New_York,NY,2022-05-19,13.523391812865498,90.15789473684211,12.747666842105263,11.867611968421052,33.019999999999996,1007.9055141842106
KJFK_New_York,NY,2022-05-20,15.949494949494948,92.2909090909091,11.996898181818182,11.111175967272727,23.367999999999995,1013.2202021454546
KJFK_New_York,NY,2022-05-21,20.20671834625323,84.25581395348837,11.26538,7.311269046511628,0.0,1014.8774570232558
KJFK_New_York,NY,2022-05-22,22.743055555555557,77.03125,14.534351875,15.5492419125,0.0,1014.93283040625
KJFK_New_York,NY,2022-05-23,19.852941176470587,51.23529411764706,21.01608705882353,16.070679905882354,0.0,1020.3890267941176
KJFK_New_York,NY,2022-05-24,15.833333333333332,65.78125,15.540189375,16.0692599,0.0,1025.09200040625
KJFK_New_York,NY,2022-05-25,14.42652329749104,66.06451612903226,12.51132064516129,16.071596038709675,0.0,1027.834908032258
KJFK_New_York,NY,2022-05-26,16.07936507936508,81.14285714285714,14.208173142857143,15.24366848,0.0,1023.2219269999999
KJFK_New_York,NY,2022-05-27,18.303030303030305,93.98181818181818,20.39472690909091,7.165074287272727,1.27,1012.5737095090908
KJFK_New_York,NY,2022-05-28,20.121951219512194,81.46341463414635,17.58498341463415,13.497259814634146,4.572,1006.8976393170732
KJFK_New_York,NY,2022-05-29,19.427083333333332,68.28125,12.472385,16.0692599,0.0,1016.77417996875
KJFK_New_York,NY,2022-05-30,21.40625,77.25,16.948361875,16.0692599,0.0,1017.906504125
KJFK_New_York,NY,2022-05-31,26.12847222222222,63.78125,17.501572499999998,16.0692599,0.0,1013.3960207777777
KJFK_New_York,NY,2022-06-01,16.335697399527184,84.04255319148936,15.031920425531915,14.571375255319147,44.196,1013.150247319149
KJFK_New_York,NY,2022-06-02,19.63888888888889,91.35,12.4321515,12.575785094999999,15.24,1006.595961525
KJFK_New_York,NY,2022-06-03,18.68421052631579,91.63157894736842,9.571337894736843,11.193806721052631,0.0,1007.5668751842104
KJFK_New_York,NY,2022-06-04,19.35483870967742,71.09677419354838,10.434752903225807,15.955308245161289,0.0,1010.804643483871
KJFK_New_York,NY,2022-06-05,18.541666666666668,48.21875,12.824428124999999,16.0692599,0.0,1014.89050053125
KJFK_New_York,NY,2022-06-06,20.59027777777778,50.03125,16.143691875000002,16.0692599,0.0,1016.7424325625
KJFK_New_York,NY,2022-06-07,20.052083333333332,74.375,26.956445,16.018968025,1.016,1016.128649375
KJFK_New_York,NY,2022-06-08,22.72079772079772,78.7948717948718,18.693103076923077,15.949797353846153,0.0,1010.6290217692307
KJFK_New_York,NY,2022-06-09,22.85714285714286,73.45238095238095,28.431673333333336,10.917072842857143,28.194000000000003,1003.6453676666666
KJFK_New_York,NY,2022-06-10,21.936026936026938,51.18181818181818,17.849043636363636,16.069991418181814,0.0,1009.7599272727272
KJFK_New_York,NY,2022-06-11,21.11111111111111,66.52941176470588,12.87472,16.07067990588235,0.0,1012.6302097058823
KJFK_New_York,NY,2022-06-12,19.62532299741602,86.32558139534883,17.478180930232558,15.47773388372093,6.095999999999999,1014.1214257674419
KJFK_New_York,NY,2022-06-13,22.541666666666664,81.25,12.351684500000001,13.712783804999997,0.0,1011.9464577250001
KJFK_New_York,NY,2022-06-14,22.53472222222222,54.46875,13.0758875,16.0692599,0.0,1012.4247853125
KJFK_New_York,NY,2022-06-15,21.75347222222222,65.34375,16.596318750000002,16.0692599,0.0,1018.287473
KJFK_New_York,NY,2022-06-16,20.176151761517616,78.60975609756098,22.17749024390244,15.173721068292682,11.937999999999999,1018.6261119999999
KJFK_New_York,NY,2022-06-17,26.169590643274855,61.63157894736842,23.166025789473686,15.597045663157894,0.0,1005.481571868421
KJFK_New_York,NY,2022-06-18,20.15625,46.0,31.1809625,16.0692599,0.0,1005.89540209375
KJFK_New_York,NY,2022-06-19,18.75,38.1875,27.761115,16.0692599,0.0,1013.26080034375
KJFK_New_York,NY,2022-06-20,20.53763440860215,46.096774193548384,17.754654193548387,15.915853458064516,0.0,1018.7135027096774
KJFK_New_York,NY,2022-06-21,21.180555555555554,63.59375,7.895824375,15.918384275,0.508,1018.9330035937501
KJFK_New_York,NY,2022-06-22,17.62054507337526,89.75471698113208,16.97398226415094,13.351752667924528,3.556,1016.3259225660377
KJFK_New_York,NY,2022-06-23,19.473684210526315,80.44736842105263,13.806443157894739,15.988369389473684,0.0,1014.3931245
KJFK_New_York,NY,2022-06-24,20.108024691358025,82.41666666666667,12.472385,16.071942133333334,0.0,1016.1051327777778
KJFK_New_York,NY,2022-06-25,24.96527777777778,67.40625,13.327346875,16.0692599,0.0,1018.245143125
KJFK_New_York,NY,2022-06-26,23.94097222222222,72.15625,21.072295625,16.0692599,0.0,1017.69485475
KJFK_New_York,NY,2022-06-27,22.50712250712251,87.43589743589743,14.318999487179486,14.16177934871795,9.652,1013.8243846410256
KJFK_New_York,NY,2022-06-28,21.631944444444443,60.25,13.67939,16.0692599,0.0,1019.72668875
KJFK_New_York,NY,2022-06-29,22.569444444444443,67.75,17.954199375,16.0692599,0.0,1022.0442494062501
KJFK_New_York,NY,2022-06-30,24.114583333333332,63.75,15.59048125,16.0692599,0.0,1020.71085834375
KJFK_New_York,NY,2022-07-01,25.169753086419753,76.75,20.20615777777778,16.071942133333334,0.0,1015.6442074722222
KJFK_New_York,NY,2022-07-02,25.866013071895424,76.11764705882354,16.42473470588235,16.07067990588235,0.0,1012.1222512058822
KJFK_New_York,NY,2022-07-03,25.885416666666668,51.84375,13.98114125,16.0692599,0.0,1015.32438175
KJFK_New_York,NY,2022-07-04,23.958333333333332,44.1875,15.79164875,16.0692599,0.0,1019.599699125
KJFK_New_York,NY,2022-07-05,23.367003367003367,71.21212121212122,23.018438787878786,16.069991418181814,0.254,1014.9318683636363
KJFK_New_York,NY,2022-07-06,26.666666666666668,63.885714285714286,17.610777714285714,16.07132905142857,0.0,1009.8311734
KJFK_New_York,NY,2022-07-07,23.958333333333332,66.15625,16.2945675,16.0692599,0.0,1015.01749015625
KJFK_New_York,NY,2022-07-08,22.53472222222222,79.625,9.505164375,15.918384275,6.603999999999999,1015.10214990625
KJFK_New_York,NY,2022-07-09,24.583333333333332,63.09375,13.0758875,16.0692599,0.0,1015.8535051875
KJFK_New_York,NY,2022-07-10,22.333333333333336,64.08571428571429,14.576022285714286,16.07132905142857,0.0,1017.0586972000001
KJFK_New_York,NY,2022-07-11,23.00347222222222,62.9375,22.078133125,16.0692599,0.0,1013.26080034375
KJFK_New_York,NY,2022-07-12,24.612794612794616,75.39393939393939,25.164225454545456,16.07291749090909,0.0,1007.789664
KJFK_New_York,NY,2022-07-13,26.833333333333332,62.03333333333333,16.790780666666667,16.07408792,0.0,1010.6229436333334
KJFK_New_York,NY,2022-07-14,26.70250896057348,62.38709677419355,11.732607741935485,16.071596038709675,0.0,1014.0053282258064
KJFK_New_York,NY,2022-07-15,25.0,57.96875,14.333184375,16.0692599,0.0,1019.5785341875
KJFK_New_York,NY,2022-07-16,24.674796747967477,79.4390243902439,11.775658536585366,16.07455894634146,0.508,1018.1718401707317
KJFK_New_York,NY,2022-07-17,25.60763888888889,72.6875,13.4782225,16.0692599,0.508,1015.8535051875
KJFK_New_York,NY,2022-07-18,25.53240740740741,88.0,23.43601375,15.193510716666665,26.669999999999998,1011.387703375
KJFK_New_York,NY,2022-07-19,29.02777777777778,56.75,22.7319275,16.0692599,0.0,1007.408695125
KJFK_New_York,NY,2022-07-20,28.984674329501914,62.10344827586207,20.92142,16.076751655172412,0.0,1006.878841862069
KJFK_New_York,NY,2022-07-21,28.70967741935484,69.25806451612904,19.208251612903226,16.080940593548387,0.0,1004.3268071290323
KJFK_New_York,NY,2022-07-22,29.78114478114478,52.84848484848485,16.337239393939395,16.069991418181814,0.0,1010.6629646060605
KJFK_New_York,NY,2022-07-23,29.600694444444446,56.4375,15.0875625,15.956606099999998,0.0,1014.93283040625
KJFK_New_York,NY,2022-07-24,28.78472222222222,67.125,22.379884375,16.0692599,0.0,1014.5836089375
KJFK_New_York,NY,2022-07-25,26.574074074074076,79.44444444444444,16.406327222222224,15.893126577777776,5.841999999999999,1011.0819876111111
KJFK_New_York,NY,2022-07-26,24.51388888888889,60.9375,15.0875625,16.0692599,0.0,1014.562444
KJFK_New_York,NY,2022-07-27,24.774305555555554,62.1875,13.98114125,16.0692599,0.0,1013.0385685
KJFK_New_York,NY,2022-07-28,25.86894586894587,81.43589743589743,16.83617230769231,14.7737412,5.588000000000001,1009.7607166410257
KJFK_New_York,NY,2022-07-29,26.805555555555554,67.03125,15.38931375,16.0692599,0.0,1011.69459496875
KJFK_New_York,NY,2022-07-30,27.32638888888889,50.90625,18.00449125,16.0692599,0.0,1015.94874740625
KJFK_New_York,NY,2022-07-31,25.43402777777778,59.71875,13.126179375,16.0692599,0.0,1019.9065907187501
KJFK_New_York,NY,2022-08-01,21.937669376693766,87.65853658536585,12.207432682926829,13.923931175609757,13.97,1013.6208623902439
KJFK_New_York,NY,2022-08-02,26.927083333333332,70.4375,16.948361875,16.0692599,0.0,1009.30295703125
KJFK_New_York,NY,2022-08-03,26.73611111111111,63.28125,16.646610625,16.0692599,0.0,1014.520114125
KJFK_New_York,NY,2022-08-04,27.424242424242426,71.15151515151516,19.312079999999998,16.069991418181814,0.0,1016.6045397878788
KJFK_New_York,NY,2022-08-05,27.135416666666668,70.34375,17.149529375,16.0692599,0.0,1019.6208640625
KJFK_New_York,NY,2022-08-06,27.04861111111111,75.40625,19.1109125,16.0692599,0.0,1021.76910521875
KJFK_New_York,NY,2022-08-07,27.434640522875817,76.0,23.14609588235294,16.07067990588235,0.254,1019.7017888235295
KJFK_New_York,NY,2022-08-08,27.135416666666668,77.625,22.53076,16.0692599,0.0,1014.7952583125
KJFK_New_York,NY,2022-08-09,29.25347222222222,70.1875,17.753031875,16.0722774125,0.0,1012.2660482812499
KJFK_New_York,NY,2022-08-10,26.25,69.15625,15.188146249999999,16.075294924999998,0.0,1015.4302064375
KJFK_New_York,NY,2022-08-11,24.969135802469133,78.91666666666667,10.863045,13.61054601111111,11.684000000000001,1011.5617261944444
KJFK_New_York,NY,2022-08-12,25.086805555555557,45.0625,17.70274,16.0692599,0.0,1014.46720178125
KJFK_New_York,NY,2022-08-13,22.725694444444443,45.5,17.0992375,16.0692599,0.0,1017.737184625
KJFK_New_York,NY,2022-08-14,22.899305555555557,54.4375,14.081725,16.0692599,0.0,1017.02815921875
KJFK_New_York,NY,2022-08-15,23.09027777777778,57.8125,11.667715,16.0692599,0.0,1015.0915674375
KJFK_New_York,NY,2022-08-16,22.82986111111111,63.5625,14.433768125,16.0692599,0.0,1015.2608869375
KJFK_New_York,NY,2022-08-17,22.48263888888889,61.875,11.315671875,16.0692599,3.302,1014.50953165625
KJFK_New_York,NY,2022-08-18,23.55902777777778,64.21875,15.892232499999999,16.0692599,0.0,1012.1708060625
KJFK_New_York,NY,2022-08-19,25.677083333333332,57.375,17.451280625,16.0692599,0.0,1017.0810715625
KJFK_New_York,NY,2022-08-20,25.64236111111111,71.28125,14.132016875,16.0692599,0.0,1020.07591021875
KJFK_New_York,NY,2022-08-21,24.043927648578812,84.25581395348837,11.489939069767443,15.888302716279071,0.0,1018.6733639534883
KJFK_New_York,NY,2022-08-22,23.397932816537466,90.46511627906976,10.40457023255814,16.075435274418606,0.7619999999999999,1012.0108385116279
KJFK_New_York,NY,2022-08-23,25.0,79.47222222222223,14.305244444444444,15.799248411111112,0.0,1009.0689668888889
KJFK_New_York,NY,2022-08-24,26.44097222222222,61.59375,18.406826249999998,16.0692599,0.0,1013.46186725
KJFK_New_York,NY,2022-08-25,26.944444444444446,54.96875,15.0875625,16.0692599,0.0,1015.88525259375
KJFK_New_York,NY,2022-08-26,26.228070175438596,74.0,19.989696842105264,15.978205136842103,0.508,1012.6197255263158
KJFK_New_York,NY,2022-08-27,26.354166666666668,69.28125,13.025595625,16.0692599,0.0,1014.943412875
KJFK_New_York,NY,2022-08-28,24.09722222222222,79.75,16.4555015,16.07408792,0.0,1020.0399298250001
KJFK_New_York,NY,2022-08-29,25.3003003003003,83.8108108108108,16.310878378378376,15.944644789189187,0.0,1018.6718740270271
KJFK_New_York,NY,2022-08-30,25.712250712250714,82.02564102564102,21.210275897435896,16.07359273846154,1.524,1011.4191794358974
KJFK_New_York,NY,2022-08-31,26.26736111111111,52.21875,18.50741,16.0692599,0.0,1008.3187874375
KJFK_New_York,NY,2022-09-01,25.9375,39.78125,20.368209375,16.0692599,0.0,1013.1020633125
KJFK_New_York,NY,2022-09-02,21.006944444444443,58.90625,11.667715,16.0692599,0.0,1023.16599109375
KJFK_New_York,NY,2022-09-03,21.788194444444446,70.375,11.718006875,16.0692599,0.0,1023.5363775000001
KJFK_New_York,NY,2022-09-04,25.052083333333332,74.75,14.634935625,16.0692599,0.762,1018.97533346875
KJFK_New_York,NY,2022-09-05,24.756944444444443,81.375,13.57880625,16.0692599,0.0,1017.5890300625
KJFK_New_York,NY,2022-09-06,21.604938271604937,92.77777777777777,15.306611555555556,13.080000257777778,29.971999999999998,1015.1569435777778
KJFK_New_York,NY,2022-09-07,20.96825396825397,77.88571428571429,20.369646285714285,15.61427649142857,0.0,1014.4560145999999
KJFK_New_York,NY,2022-09-08,21.75347222222222,64.1875,11.667715,16.0692599,0.0,1012.49886259375
KJFK_New_York,NY,2022-09-09,20.60763888888889,70.71875,11.818590625,16.0692599,0.0,1017.567865125
KJFK_New_York,NY,2022-09-10,22.95138888888889,64.46875,11.4665475,16.0692599,0.0,1022.60512025
KJFK_New_York,NY,2022-09-11,22.0189701897019,82.21951219512195,11.657901951219511,12.49632883902439,9.144,1018.1388022195122
KJFK_New_York,NY,2022-09-12,22.834757834757834,89.25641025641026,12.338273333333333,14.605379476923076,1.5239999999999998,1009.7607166410257
KJFK_New_York,NY,2022-09-13,24.735449735449738,77.30952380952381,17.127975714285714,15.797587980952379,0.508,1006.8624381666666
KJFK_New_York,NY,2022-09-14,23.211805555555557,53.1875,19.312079999999998,16.0692599,0.0,1013.19730553125
KJFK_New_York,NY,2022-09-15,21.11111111111111,43.25,19.5132475,16.0692599,0.0,1019.54678678125
KJFK_New_York,NY,2022-09-16,19.322916666666668,51.6875,9.55545625,16.0692599,0.0,1021.19765190625
KJFK_New_York,NY,2022-09-17,20.833333333333332,63.1875,14.735519374999999,16.0692599,0.0,1023.12366121875
KJFK_New_York,NY,2022-09-18,23.524305555555557,68.375,22.83251125,16.0692599,0.0,1017.1234014375
KJFK_New_York,NY,2022-09-19,23.78787878787879,71.45454545454545,18.04411515151515,16.069991418181814,0.7619999999999999,1011.8943791515152
KJFK_New_York,NY,2022-09-20,23.506944444444446,60.84375,19.764706875,16.0692599,0.0,1011.1548890624999
KJFK_New_York,NY,2022-09-21,21.68402777777778,67.5,17.551864375,16.0692599,0.0,1012.0861463125
KJFK_New_York,NY,2022-09-22,20.599415204678365,71.34210526315789,24.860067894736844,15.310752547368418,10.414,1003.3249761315789
KJFK_New_York,NY,2022-09-23,14.166666666666666,45.0,32.740010625,16.0692599,0.0,1011.94857421875
KJFK_New_York,NY,2022-09-24,15.989583333333334,48.40625,17.19982125,16.0692599,0.0,1014.21322253125
KJFK_New_York,NY,2022-09-25,18.793650793650794,71.71428571428571,18.714325142857145,15.887404479999999,8.382,1006.0384165999999
KJFK_New_York,NY,2022-09-26,19.032258064516128,71.90322580645162,23.04990193548387,16.071596038709675,0.0,1005.451962516129
KJFK_New_York,NY,2022-09-27,18.76736111111111,50.71875,19.21149625,16.0692599,0.0,1010.84799746875
KJFK_New_York,NY,2022-09-28,17.552083333333332,55.78125,17.451280625,16.0692599,0.0,1018.7742665625
KJFK_New_York,NY,2022-09-29,16.197916666666668,55.25,20.92142,16.0692599,0.0,1026.1089415161289
KJFK_New_York,NY,2022-09-30,14.913194444444445,65.1875,17.70274,16.0692599,0.0,1024.03375353125
KJFK_New_York,NY,2022-10-01,14.140211640211641,90.07142857142857,27.128874285714286,12.371992838095238,28.448,1015.0892157777778
KJFK_New_York,NY,2022-10-02,13.38095238095238,68.48571428571428,33.70417771428572,14.445895651428572,6.096,1016.8990531
KJFK_New_York,NY,2022-10-03,10.052083333333334,76.96875,28.616076875,15.065434074999999,19.304,1021.6122922727274
KJFK_New_York,NY,2022-10-04,10.783475783475783,95.71794871794872,29.50456666666667,10.731821892307693,45.72,1014.1540852058824
KJFK_New_York,NY,2022-10-05,13.676122931442082,97.68085106382979,20.23659446808511,12.82130360851064,26.669999999999998,1011.8389218297872
KJFK_New_York,NY,2022-10-06,16.83006535947712,71.79411764705883,10.602710588235295,16.07067990588235,0.0,1013.6262067647059
KJFK_New_York,NY,2022-10-07,18.78472222222222,65.75,17.652448125,16.0692599,0.0,1014.08623290625
KJFK_New_York,NY,2022-10-08,12.34375,54.40625,17.19982125,16.0692599,1.016,1019.88542578125
KJFK_New_York,NY,2022-10-09,12.743055555555555,54.59375,18.054783125,16.0692599,0.0,1020.24522971875
KJFK_New_York,NY,2022-10-10,14.809027777777777,56.125,15.188146249999999,16.0692599,0.0,1022.054831875
KJFK_New_York,NY,2022-10-11,15.850694444444445,64.40625,13.327346875,16.0692599,0.0,1024.8909335
KJFK_New_York,NY,2022-10-12,16.09375,72.96875,15.691065,16.0692599,0.0,1021.6950279375
KJFK_New_York,NY,2022-10-13,17.5968992248062,93.51162790697674,24.1401,11.871315223255813,38.1,1009.9711291860465
KJFK_New_York,NY,2022-10-14,14.605263157894736,72.60526315789474,16.305155263157896,14.127040626315788,6.35,1011.2206117631579
KJFK_New_York,NY,2022-10-15,15.161290322580646,71.29032258064517,14.691716774193548,16.071596038709675,0.0,1015.5565133225806
KJFK_New_York,NY,2022-10-16,15.0,68.06666666666666,10.782578,16.07408792,0.0,1012.9482647666666
KJFK_New_York,NY,2022-10-17,15.864197530864196,81.44444444444444,15.244026111111111,15.895808811111111,2.54,1004.8077594722222
KJFK_New_York,NY,2022-10-18,11.510416666666666,45.46875,19.060620625,16.0692599,0.0,1004.022305125
KJFK_New_York,NY,2022-10-19,9.947916666666666,52.46875,23.989224375,16.0692599,0.0,1010.0966421875
KJFK_New_York,NY,2022-10-20,11.577060931899643,51.16129032258065,27.20303741935484,16.071596038709675,0.0,1014.9666260322581
KJFK_New_York,NY,2022-10-21,12.934027777777779,57.8125,10.36012625,16.0692599,0.0,1019.58911665625
KJFK_New_York,NY,2022-10-22,12.744107744107744,70.93939393939394,6.925038787878789,16.021223539393937,0.0,1024.1777392424242
KJFK_New_York,NY,2022-10-23,14.129129129129131,78.16216216216216,17.180791891891893,16.072522075675675,0.762,1023.5226488918919
KJFK_New_York,NY,2022-10-24,15.028490028490028,92.6923076923077,14.731650769230768,11.0078856,11.43,1020.4321866666668
KJFK_New_York,NY,2022-10-25,18.822751322751323,96.02380952380952,10.077533809523809,3.7976592238095233,0.0,1017.6585719999999
KJFK_New_York,NY,2022-10-26,18.486997635933808,91.93617021276596,9.553316170212765,4.891708774468085,0.0,1009.3171420425532
KJFK_New_York,NY,2022-10-27,15.627240143369175,52.58064516129032,24.763070322580646,16.071596038709675,0.0,1019.2378469677419
KJFK_New_York,NY,2022-10-28,10.555555555555555,57.625,16.6969025,16.0692599,0.0,1031.5578888124999
KJFK_New_York,NY,2022-10-29,10.243055555555555,66.6875,9.75662375,16.0692599,0.0,1029.9070236875
KJFK_New_York,NY,2022-10-30,10.925925925925926,73.18181818181819,4.730484242424243,15.97245566060606,0.0,1022.8334450303031
KJFK_New_York,NY,2022-10-31,14.502923976608187,83.34210526315789,9.740742105263157,15.69191202105263,3.302,1017.1557058157895
KJFK_New_York,NY,2022-11-01,17.22222222222222,83.8,14.269481333333333,15.415331413333332,5.334,1015.774019088889
KJFK_New_York,NY,2022-11-02,15.868055555555555,67.03125,9.55545625,16.0692599,0.0,1024.37239253125
KJFK_New_York,NY,2022-11-03,13.020833333333334,76.96875,5.884149375,16.0692599,0.0,1028.11858646875
KJFK_New_York,NY,2022-11-04,14.10569105691057,91.92682926829268,6.515864390243903,10.250710756097561,0.0,1027.017751609756
KJFK_New_York,NY,2022-11-05,18.62847222222222,86.75,18.60799375,16.0692599,0.0,1023.1977385
KJFK_New_York,NY,2022-11-06,18.88888888888889,87.53125,22.43017625,16.0692599,0.0,1022.00191953125
KJFK_New_York,NY,2022-11-07,20.60931899641577,54.70967741935484,21.596304516129035,16.071596038709675,0.0,1021.5318530967742
KJFK_New_York,NY,2022-11-08,11.302083333333334,35.875,24.793894375,16.0692599,0.0,1032.552640875
KJFK_New_York,NY,2022-11-09,8.194444444444445,56.625,12.522676875,16.0692599,0.0,1035.7273815
KJFK_New_York,NY,2022-11-10,12.881944444444445,79.78125,9.15312125,16.0692599,0.0,1027.1767467500001
KJFK_New_York,NY,2022-11-11,18.010335917312663,92.97674418604652,23.241863720930233,11.134761474418603,21.844,1011.9399605813953
KJFK_New_York,NY,2022-11-12,18.96825396825397,78.16666666666667,25.289628571428572,11.145829028571429,4.064,1001.4361513333332
KJFK_New_York,NY,2022-11-13,10.756172839506172,66.36111111111111,23.42483777777778,15.782260933333333,2.54,1011.3171535833333
KJFK_New_York,NY,2022-11-14,5.416666666666667,49.78125,21.22317125,16.0692599,0.0,1025.53646409375
KJFK_New_York,NY,2022-11-15,5.261437908496732,68.23529411764706,17.466072352941175,15.344110229411763,13.208,1027.3510462352942
KJFK_New_York,NY,2022-11-16,7.748538011695906,75.44736842105263,27.78229052631579,13.356251468421052,5.8420000000000005,1011.7909511315789
KJFK_New_York,NY,2022-11-17,5.277777777777778,53.1875,28.3646175,16.0692599,0.0,1014.012155625
KJFK_New_York,NY,2022-11-18,4.015873015873016,56.371428571428574,30.025686285714286,15.404602479999998,0.254,1019.2163114
KJFK_New_York,NY,2022-11-19,2.638888888888889,48.96875,22.43017625,16.0692599,0.0,1021.02833240625
KJFK_New_York,NY,2022-11-20,2.013888888888889,37.0,29.973957499999997,16.0692599,0.0,1019.92775565625
KJFK_New_York,NY,2022-11-21,2.1354166666666665,44.96875,23.03367875,16.0692599,0.0,1028.3408183125
KJFK_New_York,NY,2022-11-22,6.336805555555555,54.09375,16.495735,16.0692599,0.0,1025.441221875
KJFK_New_York,NY,2022-11-23,7.621527777777778,52.15625,12.472385,15.6427848,0.0,1022.91201184375
KJFK_New_York,NY,2022-11-24,6.979166666666667,70.96875,10.712169375,16.0692599,0.0,1026.711118125
KJFK_New_York,NY,2022-11-25,9.656862745098039,72.55882352941177,22.95676176470588,15.834012258823527,0.508,1012.4808101470587
KJFK_New_York,NY,2022-11-26,9.322916666666666,46.6875,21.9272575,16.0692599,0.0,1015.0915674375
KJFK_New_York,NY,2022-11-27,11.170212765957446,83.46808510638297,21.263832765957446,11.786189817021276,20.828,1002.7244891702127
KJFK_New_York,NY,2022-11-28,10.052083333333334,64.15625,27.006736874999998,16.0692599,0.0,1006.12821640625
KJFK_New_York,NY,2022-11-29,4.052287581699346,67.05882352941177,7.620698235294118,16.07067990588235,0.0,1023.9347763235295
KJFK_New_York,NY,2022-11-30,10.37037037037037,79.25641025641026,32.434390769230774,12.39852042051282,12.446,1011.8272828461538
KJFK_New_York,NY,2022-12-01,4.201388888888888,44.15625,27.66053125,16.0692599,0.0,1023.2083209687501
KJFK_New_York,NY,2022-12-02,3.576388888888889,61.15625,10.76246125,16.0692599,0.0,1032.22458434375
KJFK_New_York,NY,2022-12-03,11.602067183462532,84.83720930232558,33.122462790697675,10.185250874418605,12.446,1018.8072444883721
KJFK_New_York,NY,2022-12-04,5.364583333333333,47.375,17.300405,16.0692599,0.0,1021.51512596875
KJFK_New_York,NY,2022-12-05,3.75,67.84375,8.95195375,15.918384275,0.0,1024.4676347500001
KJFK_New_York,NY,2022-12-06,10.784313725490197,89.1470588235294,18.554743529411763,12.602552205882352,14.478,1025.0104531470588
KJFK_New_York,NY,2022-12-07,12.729468599033817,96.45652173913044,19.941821739130436,4.475014769565218,15.24,1020.2824984130435
KJFK_New_York,NY,2022-12-08,10.243055555555555,64.65625,20.7202525,16.0692599,0.0,1021.76910521875
KJFK_New_York,NY,2022-12-09,4.305555555555555,53.1875,21.575214375,16.0692599,0.0,1024.425304875
KJFK_New_York,NY,2022-12-10,2.2792022792022792,62.02564102564103,16.50605128205128,16.07359273846154,0.0,1027.6738514358974
KJFK_New_York,NY,2022-12-11,3.238482384823848,82.14634146341463,18.919558048780488,12.103806887804877,7.62,1021.2361101463415
KJFK_New_York,NY,2022-12-12,1.2015503875968991,79.11627906976744,23.765834883720927,14.429791558139534,1.27,1020.2326784186046
KJFK_New_York,NY,2022-12-13,0.625,63.21875,20.770544375,16.0692599,0.0,1023.41997034375
KJFK_New_York,NY,2022-12-14,1.1458333333333333,54.375,23.687473125,16.0692599,0.0,1020.0018329375
KJFK_New_York,NY,2022-12-15,3.380952380952381,82.48571428571428,20.691514285714284,14.554870959999999,16.51,1019.5646257999999
KJFK_New_York,NY,2022-12-16,5.753968253968254,94.61904761904762,30.19428380952381,8.105709133333333,19.304,1002.9277754999999
KJFK_New_York,NY,2022-12-17,4.624183006535948,64.02941176470588,25.03943705882353,16.07067990588235,0.0,1006.2060286764707
KJFK_New_York,NY,2022-12-18,2.4652777777777777,54.78125,22.782219375,16.0692599,0.0,1013.1443931875
KJFK_New_York,NY,2022-12-19,1.1631944444444444,56.8125,25.85002375,16.0692599,0.0,1022.40405334375
KJFK_New_York,NY,2022-12-20,1.2673611111111112,56.5625,21.374046875,16.0692599,0.0,1028.33023584375
KJFK_New_York,NY,2022-12-21,0.1388888888888889,67.8125,7.34261375,16.0692599,0.0,1031.58963621875
KJFK_New_York,NY,2022-12-22,5.061728395061729,86.16666666666667,21.055531666666667,15.748285977777776,3.81,1023.0754521944444
KJFK_New_York,NY,2022-12-23,3.4903381642512072,81.6304347826087,49.50469782608696,11.54316607826087,12.7,991.6012474565217
KJFK_New_York,NY,2022-12-24,-11.284722222222223,48.0,39.982040625,16.0692599,0.0,1009.21829728125
KJFK_New_York,NY,2022-12-25,-5.798611111111111,50.9375,32.538843125,16.0692599,0.0,1013.53594453125
KJFK_New_York,NY,2022-12-26,-4.357638888888889,49.8125,20.267625625,16.0692599,0.0,1022.38288840625
KJFK_New_York,NY,2022-12-27,-0.2777777777777778,51.125,17.19982125,16.0692599,0.0,1024.73219646875
KJFK_New_York,NY,2022-12-28,2.569444444444444,68.40625,13.327346875,15.856022349999998,0.0,1025.85393815625
KJFK_New_York,NY,2022-12-29,3.993055555555556,74.1875,11.315671875,16.0692599,0.0,1025.47296928125
KJFK_New_York,NY,2022-12-30,5.868055555555555,83.0625,10.108666875,15.604562974999999,0.0,1024.29831525
KJFK_New_York,NY,2022-12-31,8.801169590643275,99.9298245614035,4.573913684210527,2.4888301929824563,6.8580000000000005,1014.437682263158
KJFK_New_York,NY,2023-01-01,9.12280701754386,81.07894736842105,16.13575105263158,11.21794682105263,0.0,1011.3899312631578
KJFK_New_York,NY,2023-01-02,8.28125,81.34375,10.6618775,16.0692599,0.508,1019.04941075
KJFK_New_York,NY,2023-01-03,8.765432098765432,98.84444444444445,9.512987555555554,6.2546105022222225,9.398,1013.3583942222223
KJFK_New_York,NY,2023-01-04,10.904392764857882,96.20930232558139,9.431480930232558,10.05014116744186,0.508,1009.5143603023255
KJFK_New_York,NY,2023-01-05,8.83838383838384,97.95454545454545,10.533861818181817,6.91613865,1.778,1013.12322825
KJFK_New_York,NY,2023-01-06,6.435185185185185,88.47222222222223,12.87472,14.400463727777776,6.604,1015.2020954444444
KJFK_New_York,NY,2023-01-07,4.6875,64.78125,19.664123125,16.0692599,0.0,1020.3404719375
KJFK_New_York,NY,2023-01-08,2.5520833333333335,63.59375,14.6852275,16.0692599,0.0,1024.002006125
KJFK_New_York,NY,2023-01-09,4.474474474474474,70.64864864864865,15.266982162162162,15.703678745945947,0.762,1013.7661847297296
KJFK_New_York,NY,2023-01-10,3.870967741935484,62.41935483870968,15.470429677419355,16.071596038709675,0.0,1016.5833541612903
KJFK_New_York,NY,2023-01-11,2.3784722222222223,63.21875,12.422093125,16.0692599,0.0,1022.91201184375
KJFK_New_York,NY,2023-01-12,8.055555555555555,90.54761904761905,20.11675,12.660141333333332,16.002,1015.529984
KJFK_New_York,NY,2023-01-13,8.055555555555555,84.13157894736842,30.95861947368421,13.086051752631578,1.016,1001.8456583947369
KJFK_New_York,NY,2023-01-14,0.6156156156156156,69.8108108108108,35.92742810810811,15.453143654054054,0.0,1008.9062574594594
KJFK_New_York,NY,2023-01-15,0.6045751633986928,57.088235294117645,36.77815235294118,15.917319270588234,0.0,1013.9449258235295
KJFK_New_York,NY,2023-01-16,3.107638888888889,35.40625,26.906153125,16.0692599,0.0,1010.97498709375
KJFK_New_York,NY,2023-01-17,4.30976430976431,55.515151515151516,11.314147878787878,16.07291749090909,0.0,1005.4704999393939
KJFK_New_York,NY,2023-01-18,8.177083333333332,67.96875,22.581051875,15.805730474999999,0.0,1008.62567903125
KJFK_New_York,NY,2023-01-19,5.185185185185185,91.05128205128206,16.0934,11.882293666666666,33.782,1010.2035522564103
KJFK_New_York,NY,2023-01-20,6.666666666666666,74.5,23.193429411764704,15.917319270588234,0.0,1004.9909122647058
KJFK_New_York,NY,2023-01-21,3.787878787878788,59.666666666666664,18.483026060606058,16.069991418181814,0.0,1019.1084160303029
KJFK_New_York,NY,2023-01-22,3.406432748538012,76.71052631578948,13.213528421052631,13.645509157894738,16.002,1017.1022364999999
KJFK_New_York,NY,2023-01-23,3.238482384823848,88.39024390243902,26.53448390243902,10.699363346341464,6.604,1002.9248256829268
KJFK_New_York,NY,2023-01-24,4.236111111111111,55.40625,26.101483125,16.0692599,0.0,1019.8113485
KJFK_New_York,NY,2023-01-25,4.66374269005848,80.65789473684211,20.58261157894737,12.064120852631579,34.036,1017.3428484210526
KJFK_New_York,NY,2023-01-26,7.364672364672365,72.43589743589743,33.466018974358974,13.620793517948718,14.986,1002.0935823589743
KJFK_New_York,NY,2023-01-27,3.3159722222222223,62.96875,18.859453124999998,16.0692599,0.0,1018.37213275
KJFK_New_York,NY,2023-01-28,6.041666666666667,58.5,20.92142,16.0692599,0.0,1023.663367125
KJFK_New_York,NY,2023-01-29,6.111111111111111,82.65625,16.646610625,16.0692599,0.0,1022.5416254375
KJFK_New_York,NY,2023-01-30,6.197916666666667,84.125,9.95779125,16.0692599,0.0,1019.9171731875
KJFK_New_York,NY,2023-01-31,2.664141414141414,73.04545454545455,16.605462727272727,15.295313663636364,1.27,1021.2967422954546
KJFK_New_York,NY,2023-02-01,-0.5409356725146198,61.3421052631579,16.559261578947368,15.215886189473682,1.016,1023.7056970000001
KJFK_New_York,NY,2023-02-02,0.4861111111111111,50.1875,16.2945675,16.0692599,0.0,1018.86950878125
KJFK_New_York,NY,2023-02-03,-4.722222222222222,39.65625,41.94342375,16.0692599,0.0,1016.3614636875
KJFK_New_York,NY,2023-02-04,-9.253472222222221,39.34375,27.610239375,16.0692599,0.0,1033.61088775
KJFK_New_York,NY,2023-02-05,2.395833333333333,69.28125,19.965874375,16.0692599,0.0,1021.45163115625
KJFK_New_York,NY,2023-02-06,5.416666666666667,67.78125,22.279300625,16.0692599,0.0,1016.2344740625
KJFK_New_York,NY,2023-02-07,1.9270833333333333,66.84375,15.79164875,16.0692599,0.508,1024.721614
KJFK_New_York,NY,2023-02-08,6.555555555555555,64.76666666666667,17.917318666666667,15.338083093333331,0.254,1021.5948472333333
KJFK_New_York,NY,2023-02-09,6.34920634920635,86.4,13.932286285714286,15.400923988571428,0.0,1019.7291076
KJFK_New_York,NY,2023-02-10,10.815972222222223,61.96875,24.592726875,16.018968025,0.0,1011.48294559375
KJFK_New_York,NY,2023-02-11,4.92831541218638,47.193548387096776,21.75204709677419,16.071596038709675,0.0,1023.0065713225807
KJFK_New_York,NY,2023-02-12,4.281045751633987,65.20588235294117,10.413376470588235,16.07067990588235,1.016,1016.3950785882354
KJFK_New_York,NY,2023-02-13,8.038194444444445,42.4375,22.279300625,16.0692599,0.0,1002.23386790625
KJFK_New_York,NY,2023-02-14,7.621527777777778,50.875,23.1342625,16.0692599,0.0,1015.94874740625
KJFK_New_York,NY,2023-02-15,8.57638888888889,77.375,21.374046875,16.0692599,0.0,1016.594278
KJFK_New_York,NY,2023-02-16,10.84967320261438,80.73529411764706,10.034708235294119,15.06720908235294,2.032,1013.9050859411764
KJFK_New_York,NY,2023-02-17,8.585858585858587,86.45454545454545,27.029596818181815,11.199177604545454,12.192,1004.14929475
KJFK_New_York,NY,2023-02-18,1.5625,49.1875,24.995061875,16.0692599,0.0,1024.8486036250001
KJFK_New_York,NY,2023-02-19,5.0,73.9375,20.167041875,16.0692599,0.0,1023.25065084375
KJFK_New_York,NY,2023-02-20,8.777777777777779,80.45714285714286,13.610418285714285,15.044110319999998,0.0,1006.5147877647058
KJFK_New_York,NY,2023-02-21,5.056980056980057,80.94871794871794,15.804544102564101,15.128621302564103,5.08,1004.3077604358974
KJFK_New_York,NY,2023-02-22,4.084084084084084,67.1891891891892,12.26578054054054,15.002963410810809,6.096,1017.7566334864864
KJFK_New_York,NY,2023-02-23,4.457070707070707,93.1590909090909,14.593787727272728,9.764304690909091,1.27,1012.4459502499999
KJFK_New_York,NY,2023-02-24,4.019607843137255,60.5,28.305450588235292,12.809873064705883,0.0,1021.8531424705883
KJFK_New_York,NY,2023-02-25,-2.6495726495726495,61.23076923076923,10.976524102564102,15.99106248205128,0.0,1027.8301463589744
KJFK_New_York,NY,2023-02-26,1.8627450980392157,77.61764705882354,16.756069411764706,15.143889399999997,0.0,1012.3911704117646
KJFK_New_York,NY,2023-02-27,2.2364672364672367,64.94871794871794,20.71509435897436,12.217366507692308,11.43,1011.670987923077
KJFK_New_York,NY,2023-02-28,1.4599483204134367,92.20930232558139,19.087520930232557,9.182220362790698,11.938,1006.9627548139534
KJFK_New_York,NY,2023-03-01,3.646723646723647,81.12820512820512,13.865083076923078,13.290259841025641,0.762,1017.4886322820513
KJFK_New_York,NY,2023-03-02,6.951219512195122,82.78048780487805,17.03545268292683,7.026927970731707,0.0,1005.3283366341462
KJFK_New_York,NY,2023-03-03,4.340277777777778,68.21875,19.664123125,15.1680295,3.302,1013.6946815625
KJFK_New_York,NY,2023-03-04,5.91016548463357,84.51063829787235,29.036602553191486,12.305287570212766,25.145999999999997,1000.1810941276595
KJFK_New_York,NY,2023-03-05,6.909722222222222,55.71875,25.699148125,16.0692599,0.0,1018.8589263125
KJFK_New_York,NY,2023-03-06,8.055555555555555,41.40625,24.1401,16.0692599,0.0,1017.229226125
KJFK_New_York,NY,2023-03-07,3.2428940568475455,61.13953488372093,29.267532093023256,13.476912572093022,5.08,1009.6482408372093
KJFK_New_York,NY,2023-03-08,3.5069444444444446,53.0,33.49438875,16.0692599,0.0,1019.27164259375
KJFK_New_York,NY,2023-03-09,5.101010101010101,54.27272727272727,28.13906606060606,16.069991418181814,0.0,1020.4629720303031
KJFK_New_York,NY,2023-03-10,4.358974358974359,74.48717948717949,12.503333846153847,14.980892143589744,9.905999999999999,1013.6594066666667
KJFK_New_York,NY,2023-03-11,4.523809523809524,82.26190476190476,22.45412476190476,13.520755057142857,14.224,1006.6528045
KJFK_New_York,NY,2023-03-12,4.150326797385621,65.79411764705883,15.762065294117647,16.07067990588235,0.0,1015.7676004411765
KJFK_New_York,NY,2023-03-13,5.025252525252525,91.27272727272727,20.18990181818182,10.134087131818182,34.036,1010.6527028181819
KJFK_New_York,NY,2023-03-14,1.7700258397932818,82.97674418604652,36.64055488372093,9.841675497674418,2.286,999.7647072325581
KJFK_New_York,NY,2023-03-15,3.7847222222222223,49.78125,40.887294375,16.0692599,0.0,1008.89024075
KJFK_New_York,NY,2023-03-16,6.076388888888888,43.46875,16.043108125,16.0692599,0.0,1015.2185570624999
KJFK_New_York,NY,2023-03-17,8.489583333333334,71.40625,12.57296875,16.0692599,0.0,1005.67317025
KJFK_New_York,NY,2023-03-18,8.333333333333332,51.5,26.412109411764703,15.766798647058822,0.508,1005.2199915882353
KJFK_New_York,NY,2023-03-19,1.9444444444444444,36.90625,30.67804375,16.0692599,0.0,1016.043989625
KJFK_New_York,NY,2023-03-20,3.506944444444444,54.75,20.066458125,16.0692599,0.0,1024.56287696875
KJFK_New_York,NY,2023-03-21,7.275985663082436,55.193548387096776,18.22188193548387,16.071596038709675,0.0,1026.961000935484
KJFK_New_York,NY,2023-03-22,7.901234567901235,76.19444444444444,20.60849277777778,14.753177411111109,0.0,1025.2577924166667
KJFK_New_York,NY,2023-03-23,10.194444444444445,91.225,13.759857,9.715183245,2.032,1012.6152697499999
KJFK_New_York,NY,2023-03-24,8.194444444444445,61.0,15.8922325,16.0692599,0.254,1013.9486608125
KJFK_New_York,NY,2023-03-25,6.262626262626262,87.0909090909091,24.030372272727273,9.036078340909091,2.5399999999999996,1011.253017409091
KJFK_New_York,NY,2023-03-26,10.54093567251462,62.078947368421055,16.85571894736842,12.645600805263157,0.0,1010.7126532631578
KJFK_New_York,NY,2023-03-27,8.585858585858585,58.63636363636363,18.87316909090909,15.533544751515151,4.318,1015.0139626666665
KJFK_New_York,NY,2023-03-28,6.959064327485381,74.34210526315789,14.10290052631579,15.3531036,0.762,1017.3695830789475
KJFK_New_York,NY,2023-03-29,6.475694444444445,56.65625,19.9155825,16.018968025,0.0,1018.922421125
KJFK_New_York,NY,2023-03-30,3.7455197132616487,41.225806451612904,24.243928387096773,16.071596038709675,0.508,1024.219117419355
KJFK_New_York,NY,2023-03-31,6.458333333333333,73.5,15.037270625,15.956606099999998,0.0,1021.5574558437501
KJFK_New_York,NY,2023-04-01,11.73913043478261,87.52173913043478,28.65324913043478,10.780828717391303,7.874,1000.0230521521739
KJFK_New_York,NY,2023-04-02,7.760416666666667,36.96875,31.633589375,16.0692599,0.0,1011.65226509375
KJFK_New_York,NY,2023-04-03,7.013888888888889,63.1875,21.374046875,16.0692599,0.0,1018.626112
KJFK_New_York,NY,2023-04-04,11.823361823361823,90.35897435897436,12.668394358974359,13.033590743589743,0.0,1016.8721356410257
KJFK_New_York,NY,2023-04-05,10.08274231678487,97.04255319148936,19.312079999999998,2.429076161702128,0.0,1022.0629375957446
KJFK_New_York,NY,2023-04-06,13.732193732193732,84.38461538461539,13.452431794871796,9.117942728205128,0.508,1019.2165594871796
KJFK_New_York,NY,2023-04-07,11.319444444444445,31.46875,26.604401875,16.0692599,0.0,1025.74811346875
KJFK_New_York,NY,2023-04-08,6.215277777777778,46.1875,17.40098875,16.0692599,0.0,1031.25099721875
KJFK_New_York,NY,2023-04-09,6.770833333333333,56.46875,15.439605625,16.0692599,0.0,1031.8118680625
KJFK_New_York,NY,2023-04-10,8.802083333333334,67.84375,18.557701875,16.0692599,0.0,1028.98634890625
KJFK_New_York,NY,2023-04-11,14.74910394265233,47.806451612903224,22.16736064516129,16.071596038709675,0.0,1018.3857875483872
KJFK_New_York,NY,2023-04-12,20.45138888888889,41.84375,21.172879375,16.0692599,0.0,1009.59926615625
KJFK_New_York,NY,2023-04-13,20.9375,50.46875,17.9039075,16.0692599,0.0,1010.0119824375
KJFK_New_York,NY,2023-04-14,18.78472222222222,61.1875,14.936686875,16.0692599,0.0,1010.6680954999999
KJFK_New_York,NY,2023-04-15,14.657210401891254,94.06382978723404,10.68327829787234,7.9686298893617025,0.762,1011.8893574255319
KJFK_New_York,NY,2023-04-16,14.539007092198583,91.8936170212766,11.813240425531916,7.863509170212765,0.0,1009.1514250851063
KJFK_New_York,NY,2023-04-17,14.390243902439025,77.02439024390245,20.01861951219512,9.380097068292683,0.254,1002.3136235853658
KJFK_New_York,NY,2023-04-18,11.23263888888889,45.8125,30.929503125,16.0692599,0.0,1007.8954886875
KJFK_New_York,NY,2023-04-19,10.381944444444445,53.59375,18.758869375,16.0692599,0.0,1016.890587125
KJFK_New_York,NY,2023-04-20,10.01736111111111,65.21875,11.16479625,16.0692599,0.0,1021.64211559375
KJFK_New_York,NY,2023-04-21,13.347953216374268,77.6842105263158,19.439133157894737,16.07307149473684,0.0,1017.3517599736842
KJFK_New_York,NY,2023-04-22,14.580498866213151,88.6938775510204,18.29392612244898,13.08229201632653,37.846,1012.627364
KJFK_New_York,NY,2023-04-23,14.666666666666666,78.0,16.307978666666667,12.040008986666665,40.894,1010.1375610666666
KJFK_New_York,NY,2023-04-24,10.815972222222221,60.5,17.853615625,16.0692599,0.0,1016.5731130625
KJFK_New_York,NY,2023-04-25,10.76388888888889,57.375,13.176471249999999,16.0692599,0.0,1020.41454921875
KJFK_New_York,NY,2023-04-26,9.934640522875817,77.05882352941177,15.146729411764705,16.07067990588235,0.0,1022.6399801470588
KJFK_New_York,NY,2023-04-27,10.76923076923077,83.05128205128206,12.379538461538463,16.07359273846154,0.0,1022.2556274358974
KJFK_New_York,NY,2023-04-28,9.983660130718954,80.0,19.07541235294118,14.776581211764706,9.398,1019.5623492352943
KJFK_New_York,NY,2023-04-29,10.438034188034187,95.6923076923077,31.25833461538462,5.801361211538462,54.102,1011.3115096
KJFK_New_York,NY,2023-04-30,13.252525252525253,99.0,19.19503709090909,6.329095309090909,67.31,995.1615078363636
KJFK_New_York,NY,2023-05-01,12.878787878787879,65.06060606060606,28.48044121212121,15.389191830303028,0.7619999999999999,992.160961060606
KJFK_New_York,NY,2023-05-02,10.68100358422939,66.70967741935483,23.309472903225807,15.641227374193546,2.54,995.7297460645161
KJFK_New_York,NY,2023-05-03,10.416666666666666,66.15625,16.747194375,16.0692599,0.254,998.9427201249999
KJFK_New_York,NY,2023-05-04,10.105105105105105,82.32432432432432,14.571051351351349,15.143889399999997,6.35,1010.6452144864865
KJFK_New_York,NY,2023-05-05,11.42361111111111,78.0625,10.661877500000001,15.968676149999999,0.0,1021.546873375
KJFK_New_York,NY,2023-05-06,14.913194444444445,68.25,13.17647125,16.0692599,0.0,1021.70561040625
KJFK_New_York,NY,2023-05-07,17.474747474747478,57.15151515151515,16.386007272727273,16.069991418181814,0.0,1013.8954277878788
KJFK_New_York,NY,2023-05-08,19.166666666666668,55.59375,15.691065,16.0692599,0.0,1007.8531588124999
KJFK_New_York,NY,2023-05-09,14.114583333333334,49.34375,13.830265625,16.0692599,0.0,1014.2872998125
KJFK_New_York,NY,2023-05-10,13.402777777777779,72.59375,14.58464375,16.0692599,0.0,1019.65261146875
KJFK_New_York,NY,2023-05-11,17.98611111111111,57.90625,15.4898975,16.0692599,0.0,1018.21339571875
KJFK_New_York,NY,2023-05-12,20.59027777777778,63.1875,14.534351875,16.0692599,0.0,1016.50961825
KJFK_New_York,NY,2023-05-13,22.569444444444443,51.4375,15.188146249999999,16.0692599,0.0,1015.15506225
KJFK_New_York,NY,2023-05-14,16.52777777777778,50.3125,13.57880625,16.0692599,0.0,1020.90134278125
KJFK_New_York,NY,2023-05-15,17.239583333333332,43.1875,19.5132475,16.0692599,0.0,1020.22406478125
KJFK_New_York,NY,2023-05-16,19.848484848484848,52.96969696969697,21.40909878787879,16.07291749090909,0.0,1005.4089292121212
KJFK_New_York,NY,2023-05-17,15.729166666666666,36.375,26.000899375,16.0692599,0.0,1008.24471015625
KJFK_New_York,NY,2023-05-18,10.64516129032258,53.645161290322584,16.560627741935484,16.071596038709675,0.0,1025.5845972580644
KJFK_New_York,NY,2023-05-19,14.427083333333334,74.8125,19.312079999999998,16.0692599,0.0,1025.95976284375
KJFK_New_York,NY,2023-05-20,15.929292929292929,97.67272727272727,14.162192000000001,5.994937803636364,80.518,1015.8369580545454
KJFK_New_York,NY,2023-05-21,17.719298245614038,65.5,20.286154210526316,15.130760573684208,0.0,1012.869249
KJFK_New_York,NY,2023-05-22,16.944444444444446,69.09375,15.439605625,16.0692599,0.0,1021.13415709375
KJFK_New_York,NY,2023-05-23,14.139784946236558,70.41935483870968,13.549604516129031,16.071596038709675,0.0,1025.5955210967743
KJFK_New_York,NY,2023-05-24,15.21885521885522,57.63636363636363,13.313630909090909,16.069991418181814,0.254,1017.127890969697
KJFK_New_York,NY,2023-05-25,15.121527777777777,47.84375,23.5365975,16.0692599,0.0,1019.4515445625
KJFK_New_York,NY,2023-05-26,16.475694444444443,49.25,13.57880625,16.0692599,0.0,1023.79035675
KJFK_New_York,NY,2023-05-27,17.48263888888889,53.03125,12.220925625,16.0692599,0.0,1025.017923125
KJFK_New_York,NY,2023-05-28,17.30902777777778,60.4375,12.97530375,16.0692599,0.0,1019.39863221875
KJFK_New_York,NY,2023-05-29,18.211805555555554,61.8125,21.82667375,16.0692599,0.0,1016.79534490625
KJFK_New_York,NY,2023-05-30,14.583333333333332,66.9375,17.5015725,15.856022349999998,0.0,1022.02308446875
KJFK_New_York,NY,2023-05-31,14.6996996996997,79.94594594594595,7.829221621621621,14.475360864864864,0.0,1021.8019966756757
KJFK_New_York,NY,2023-06-01,19.121863799283155,75.38709677419355,9.084983870967742,16.071596038709675,0.0,1017.8068240967741
KJFK_New_York,NY,2023-06-02,20.751633986928105,69.67647058823529,10.271375882352942,16.07067990588235,0.508,1012.0027315588236
KJFK_New_York,NY,2023-06-03,17.177177177177178,74.02702702702703,17.441765945945946,16.072522075675675,0.0,1014.9743022432433
KJFK_New_York,NY,2023-06-04,14.78114478114478,59.09090909090909,16.776150303030303,16.069991418181814,0.0,1015.6399317272726
KJFK_New_York,NY,2023-06-05,18.164983164983166,55.484848484848484,17.166293333333332,15.923687781818183,0.0,1010.3448491818181
KJFK_New_York,NY,2023-06-06,19.07986111111111,51.34375,16.043108125,10.4717742125,0.762,1003.82123821875
KJFK_New_York,NY,2023-06-07,18.120915032679736,44.294117647058826,20.590085294117646,5.2398217058823535,0.0,1002.9092784117647
KJFK_New_York,NY,2023-06-08,16.777777777777775,61.628571428571426,8.368568,6.165151634285714,0.0,1005.2160076
KJFK_New_York,NY,2023-06-09,17.48263888888889,65.71875,12.623260625,16.0692599,1.5239999999999998,1006.2446235625
KJFK_New_York,NY,2023-06-10,19.149305555555557,63.96875,16.546026875,15.968676149999999,0.762,1008.0965555937499
KJFK_New_York,NY,2023-06-11,20.208333333333332,76.6875,15.841940625,15.968676149999999,0.508,1010.498776
KJFK_New_York,NY,2023-06-12,20.256410256410255,88.71794871794872,20.384973333333335,13.210618143589745,7.112,1005.7838791538461
KJFK_New_York,NY,2023-06-13,21.519607843137255,62.6764705882353,18.980745294117646,16.07067990588235,0.0,1003.9152354411764
KJFK_New_York,NY,2023-06-14,19.444444444444446,79.33333333333333,20.797624615384613,15.51733881025641,10.668,1000.4003873589743
KJFK_New_York,NY,2023-06-15,21.743295019157088,56.06896551724138,19.756035862068963,16.076751655172412,0.0,1003.0370407931034
KJFK_New_York,NY,2023-06-16,19.166666666666668,76.72222222222223,10.639525555555556,15.358021027777776,6.35,1005.3157179722223
KJFK_New_York,NY,2023-06-17,20.873015873015873,59.31428571428572,24.048137714285716,15.578411199999998,0.0,1004.2000906
KJFK_New_York,NY,2023-06-18,21.612903225806452,59.645161290322584,16.404885161290323,16.071596038709675,0.0,1009.9307363870968
KJFK_New_York,NY,2023-06-19,20.26143790849673,75.67647058823529,14.48406,16.07067990588235,0.0,1017.1221564411763
KJFK_New_York,NY,2023-06-20,19.384384384384383,73.1891891891892,16.180391351351354,16.072522075675675,0.0,1021.6830154054053
KJFK_New_York,NY,2023-06-21,17.978395061728392,68.97222222222223,22.977798888888888,16.071942133333334,0.0,1023.6398505277778
KJFK_New_York,NY,2023-06-22,18.42105263157895,76.42105263157895,18.54976105263158,15.564858863157895,0.0,1020.0163142105264
KJFK_New_York,NY,2023-06-23,18.956639566395662,93.53658536585365,14.48406,13.644848068292681,0.0,1015.6774748536585
KJFK_New_York,NY,2023-06-24,20.34722222222222,95.33928571428571,12.788505357142856,9.700009467857143,0.7619999999999999,1010.226655375
KJFK_New_York,NY,2023-06-25,21.617283950617285,90.73333333333333,8.475857333333334,9.638158444444445,0.0,1009.051863909091
KJFK_New_York,NY,2023-06-26,22.46612466124661,90.04878048780488,15.15134731707317,14.227350643902438,0.254,1006.9554557317074
KJFK_New_York,NY,2023-06-27,21.455026455026456,87.83333333333333,15.365365238095237,15.998372304761904,0.508,1005.3063113333334
KJFK_New_York,NY,2023-06-28,23.022875816993466,78.5,11.312713529411766,15.621958047058824,5.842,1008.8055810000001
KJFK_New_York,NY,2023-06-29,22.16475095785441,72.37931034482759,14.595048965517242,13.922455834482758,0.0,1015.1930131724138
KJFK_New_York,NY,2023-06-30,22.794612794612796,78.48484848484848,13.411166666666666,8.905990024242424,0.0,1016.9226552121212
KJFK_New_York,NY,2023-07-01,22.46732026143791,78.11764705882354,13.537389411764705,14.925208494117646,0.0,1016.1859192058824
KJFK_New_York,NY,2023-07-02,23.703703703703702,88.85714285714286,15.365365238095237,12.948289828571427,23.368,1010.6600326666667
KJFK_New_York,NY,2023-07-03,26.029411764705884,78.67647058823529,14.38939294117647,15.644678141176469,4.572,1009.5127389117648
KJFK_New_York,NY,2023-07-04,24.291666666666664,88.525,9.535339500000001,14.42612376,5.588,1011.6755465250001
KJFK_New_York,NY,2023-07-05,25.238095238095237,80.05714285714286,11.26538,11.451603628571428,0.0,1014.1367264
KJFK_New_York,NY,2023-07-06,25.146198830409357,86.28947368421052,12.535911578947369,15.978205136842107,0.0,1012.976187631579
KJFK_New_York,NY,2023-07-07,25.27027027027027,84.4054054054054,9.569048648648648,16.072522075675675,0.0,1010.700128918919
KJFK_New_York,NY,2023-07-08,25.257452574525743,87.0,10.401831707317074,16.07455894634146,0.0,1010.1683964878049
KJFK_New_York,NY,2023-07-09,24.692671394799053,91.46808510638297,15.990676170212765,15.29797514468085,16.002000000000002,1009.0073233829787
KJFK_New_York,NY,2023-07-10,25.22792022792023,73.92307692307692,15.103036923076921,16.07359273846154,0.0,1007.121069051282
KJFK_New_York,NY,2023-07-11,25.9375,57.03125,17.048945625,16.0692599,0.0,1011.09139425
KJFK_New_York,NY,2023-07-12,26.7921146953405,67.09677419354838,15.00320193548387,16.071596038709675,0.0,1012.3776762580645
KJFK_New_York,NY,2023-07-13,25.967741935483872,83.58064516129032,23.569043870967743,16.071596038709675,0.0,1010.4332329677419
KJFK_New_York,NY,2023-07-14,24.875283446712018,81.75510204081633,15.962025306122449,16.044791363265308,6.096,1011.466316
KJFK_New_York,NY,2023-07-15,25.71637426900585,88.1842105263158,13.29823052631579,16.07307149473684,0.0,1012.8781605526316
KJFK_New_York,NY,2023-07-16,24.643605870020963,97.18867924528301,16.457778867924528,13.180190950943395,19.304000000000002,1009.1122729245284
KJFK_New_York,NY,2023-07-17,26.01851851851852,83.61111111111111,14.97580277777778,15.759014911111109,0.0,1012.3706971388888
KJFK_New_York,NY,2023-07-18,24.415954415954413,90.3076923076923,14.979241538461538,13.940598261538462,68.326,1013.7115049743591
KJFK_New_York,NY,2023-07-19,23.3015873015873,84.4,8.184643428571428,12.169369268571428,5.08,1015.6847904000001
KJFK_New_York,NY,2023-07-20,24.526143790849673,77.76470588235294,11.786048823529413,12.596398847058824,0.0,1013.9947256764707
KJFK_New_York,NY,2023-07-21,25.105105105105103,81.21621621621621,16.528356756756757,15.550573967567566,2.5399999999999996,1007.4327201891892
KJFK_New_York,NY,2023-07-22,24.930555555555554,54.9375,14.48406,16.0692599,0.0,1008.3399523749999
KJFK_New_York,NY,2023-07-23,25.225694444444443,61.28125,15.640773124999999,16.0692599,0.0,1013.927495875
KJFK_New_York,NY,2023-07-24,24.6875,74.78125,16.344859375,16.018968025,0.0,1018.37213275
KJFK_New_York,NY,2023-07-25,23.28828828828829,83.16216216216216,12.265780540540542,15.290904783783782,11.43,1017.7200238648649
KJFK_New_York,NY,2023-07-26,24.545454545454547,77.63636363636364,17.361364848484847,15.656439806060606,0.0,1017.7743836060606
KJFK_New_York,NY,2023-07-27,27.12962962962963,81.97222222222223,19.267376111111112,15.761697144444444,0.508,1013.5935601944444
KJFK_New_York,NY,2023-07-28,27.70061728395062,76.86111111111111,12.785312222222222,15.882397644444445,1.016,1013.8569460833332
KJFK_New_York,NY,2023-07-29,27.058823529411764,73.41176470588235,23.193429411764704,15.514510935294117,32.512,1007.6801043235295
KJFK_New_York,NY,2023-07-30,22.60942760942761,54.84848484848485,21.018955757575757,16.069991418181814,0.0,1012.2138186774193
KJFK_New_York,NY,2023-07-31,23.333333333333332,56.03030303030303,15.752024848484849,16.069991418181814,0.0,1014.2853757272727
KJFK_New_York,NY,2023-08-01,22.586805555555557,53.34375,14.48406,16.0692599,0.0,1019.1129055625
KJFK_New_York,NY,2023-08-02,21.319444444444443,56.46875,13.427930625,16.0692599,0.0,1021.87492990625
KJFK_New_York,NY,2023-08-03,21.822916666666664,66.21875,22.53076,16.0692599,0.0,1018.65785940625
KJFK_New_York,NY,2023-08-04,22.063492063492063,82.2,21.887024,16.074087919999997,0.0,1013.9528937999999
KJFK_New_York,NY,2023-08-05,24.55246913580247,69.30555555555556,12.472385,16.071942133333334,0.0,1013.6688133055554
KJFK_New_York,NY,2023-08-06,24.0625,65.25,14.98697875,16.0692599,0.0,1015.3032168125001
KJFK_New_York,NY,2023-08-07,23.291666666666664,92.025,25.025236999999997,14.89041835,6.35,1010.5241739249999
KJFK_New_York,NY,2023-08-08,23.746031746031747,76.2,23.864213142857142,15.611517622857143,0.7619999999999999,1003.6485927999998
KJFK_New_York,NY,2023-08-09,25.808080808080806,51.121212121212125,24.8228503030303,16.069991418181814,0.0,1006.1375161515151
KJFK_New_York,NY,2023-08-10,22.058823529411764,89.91176470588235,11.028712352941177,13.538809417647059,8.636,1004.4829537647058
KJFK_New_York,NY,2023-08-11,24.35763888888889,68.0625,17.250113125,16.0692599,0.0,1007.70500425
KJFK_New_York,NY,2023-08-12,23.513071895424837,83.47058823529412,17.986741176470588,15.786678729411763,6.35,1011.2258538529412
KJFK_New_York,NY,2023-08-13,25.043859649122805,77.07894736842105,14.658042702702703,14.31592632105263,59.436,1010.8730612105263
KJFK_New_York,NY,2023-08-14,24.80902777777778,73.90625,12.87472,16.018968025,0.0,1013.17614059375
KJFK_New_York,NY,2023-08-15,23.718820861678005,90.10204081632654,15.009558775510204,14.577336032653061,15.748,1007.637622
KJFK_New_York,NY,2023-08-16,22.85907859078591,89.48780487804878,11.186875609756097,15.17332854634146,12.446,1012.3571607560975
KJFK_New_York,NY,2023-08-17,22.608024691358025,94.16666666666667,16.272215555555555,14.35486576111111,0.0,1012.7281494166667
KJFK_New_York,NY,2023-08-18,23.774928774928775,71.61538461538461,22.200638974358974,14.671816333333332,13.969999999999999,1006.5306215641025
KJFK_New_York,NY,2023-08-19,21.788194444444443,55.625,21.22317125,16.0692599,0.0,1014.4883667187501
KJFK_New_York,NY,2023-08-20,23.602693602693602,65.9090909090909,15.069274545454546,16.069991418181814,0.0,1018.1027608181819
KJFK_New_York,NY,2023-08-21,26.631944444444446,66.0625,15.640773125,16.0692599,0.0,1016.07573703125
KJFK_New_York,NY,2023-08-22,22.63888888888889,55.6875,19.261788125,16.0692599,0.0,1017.49378784375
KJFK_New_York,NY,2023-08-23,20.885416666666668,63.15625,14.132016875,16.0692599,0.0,1019.01766334375
KJFK_New_York,NY,2023-08-24,21.296296296296298,80.91666666666667,19.312079999999998,15.624903244444445,1.524,1016.6601244722222
KJFK_New_York,NY,2023-08-25,22.462121212121215,94.1590909090909,22.16500090909091,14.139149177272726,20.32,1011.3915515454545
KJFK_New_York,NY,2023-08-26,23.841269841269842,85.82857142857142,10.176708823529411,14.522684159999999,4.826,1009.6279900000001
KJFK_New_York,NY,2023-08-27,23.177083333333336,75.53125,11.76829875,16.0219855375,0.0,1012.58352234375
KJFK_New_York,NY,2023-08-28,21.069444444444446,87.45,11.184913,16.03385442,0.0,1016.3572307000001
KJFK_New_York,NY,2023-08-29,22.34722222222222,86.825,9.816974,16.07408792,0.0,1012.657599625
KJFK_New_York,NY,2023-08-30,23.40277777777778,80.125,14.725461000000001,13.222337439999999,3.556,1005.9948773
KJFK_New_York,NY,2023-08-31,20.64516129032258,55.25806451612903,22.16736064516129,16.071596038709675,0.0,1013.4045170967742
KJFK_New_York,NY,2023-09-01,19.02777777777778,60.0,13.57880625,16.0692599,0.0,1023.73744440625
KJFK_New_York,NY,2023-09-02,20.104166666666668,70.625,18.3062425,16.0692599,0.0,1020.869595375
KJFK_New_York,NY,2023-09-03,24.739583333333336,71.625,14.58464375,16.0692599,0.0,1012.9327438125
KJFK_New_York,NY,2023-09-04,26.006944444444446,73.375,7.694656875,16.0692599,0.0,1010.6469305625
KJFK_New_York,NY,2023-09-05,27.831541218637994,69.83870967741936,11.057723225806452,16.071596038709675,0.0,1012.0936564516129
KJFK_New_York,NY,2023-09-06,27.743055555555557,74.0,8.901661875,15.856022349999998,0.0,1009.482859
KJFK_New_York,NY,2023-09-07,27.598566308243726,74.93548387096774,13.96491806451613,16.071596038709675,0.0,1008.8602001935484
KJFK_New_York,NY,2023-09-08,25.144927536231886,88.19565217391305,10.845552173913044,11.159723330434783,0.254,1013.1048239565216
KJFK_New_York,NY,2023-09-09,25.294784580498863,92.73469387755102,11.134005306122448,13.153891224489795,0.0,1017.520352
KJFK_New_York,NY,2023-09-10,23.073286052009454,92.65957446808511,12.018688085106383,14.433382910638297,43.942,1018.0425001063829
KJFK_New_York,NY,2023-09-11,23.458333333333336,91.8,8.609969000000001,15.50679557,12.953999999999999,1014.8587531249999
KJFK_New_York,NY,2023-09-12,22.99382716049383,87.22222222222223,11.31008388888889,16.071942133333334,0.0,1014.5906639166666
KJFK_New_York,NY,2023-09-13,23.587301587301585,86.54285714285714,16.001437714285714,16.02534790857143,0.508,1012.4725576
KJFK_New_York,NY,2023-09-14,21.648745519713263,58.38709677419355,21.077162580645158,16.071596038709675,0.0,1016.0917814193549
KJFK_New_York,NY,2023-09-15,17.48263888888889,61.71875,25.44768875,16.0692599,0.0,1015.8111753125
KJFK_New_York,NY,2023-09-16,20.381944444444443,48.96875,21.776381875,16.0692599,0.0,1011.7898371875
KJFK_New_York,NY,2023-09-17,19.936507936507937,68.08571428571429,12.644814285714286,16.07132905142857,0.0,1012.8595736000001
KJFK_New_York,NY,2023-09-18,18.641975308641975,94.68888888888888,14.627112444444444,12.740250702222223,21.336,1007.4058731333333
KJFK_New_York,NY,2023-09-19,18.849206349206348,63.642857142857146,19.024697857142858,16.079605657142857,0.0,1013.24417075
KJFK_New_York,NY,2023-09-20,19.774305555555557,52.59375,14.081724999999999,16.0692599,0.0,1019.86426084375
KJFK_New_York,NY,2023-09-21,17.864583333333332,64.4375,11.56713125,16.0692599,0.0,1023.84326909375
KJFK_New_York,NY,2023-09-22,17.67361111111111,69.75,21.273463125,16.0692599,0.0,1026.12908234375
KJFK_New_York,NY,2023-09-23,15.590277777777779,92.47916666666667,32.22032791666667,9.670121725,48.514,1018.6190570208333
KJFK_New_York,NY,2023-09-24,17.175925925925927,98.83333333333333,26.85586125,10.160970425,19.304,1014.6188838333334
KJFK_New_York,NY,2023-09-25,15.202020202020202,98.13636363636364,25.091073636363635,8.10741600909091,10.16,1017.6871584090909
KJFK_New_York,NY,2023-09-26,14.751461988304094,87.13157894736842,18.54976105263158,15.22732097368421,0.254,1025.9068505
KJFK_New_York,NY,2023-09-27,15.086805555555555,69.65625,15.59048125,16.0692599,0.0,1025.85393815625
KJFK_New_York,NY,2023-09-28,15.54093567251462,86.92105263157895,15.415783157894737,14.974485189473683,25.908,1023.6878738947369
KJFK_New_York,NY,2023-09-29,15.0,99.16666666666667,23.45464037037037,8.18051364074074,278.892,1020.0559211111112
KJFK_New_York,NY,2023-09-30,15.543735224586289,91.31914893617021,20.13387063829787,13.464012370212766,7.62,1020.4417934468086
KJFK_New_York,NY,2023-10-01,19.774305555555557,72.84375,16.948361875,16.0692599,0.0,1020.4251316875
KJFK_New_York,NY,2023-10-02,19.80902777777778,77.40625,12.77413625,16.0692599,0.0,1021.2082343750001
KJFK_New_York,NY,2023-10-03,18.72759856630824,84.09677419354838,8.721584516129033,16.071596038709675,0.0,1020.6797936774194
KJFK_New_York,NY,2023-10-04,20.208333333333332,86.5625,9.65604,14.789834599999999,0.0,1021.70561040625
KJFK_New_York,NY,2023-10-05,18.69281045751634,90.17647058823529,9.703373529411763,12.94477362352941,0.0,1021.9925820588236
KJFK_New_York,NY,2023-10-06,20.041666666666664,95.225,13.1563545,9.19576876,0.0,1015.3413137
KJFK_New_York,NY,2023-10-07,17.411347517730494,92.08510638297872,19.44904510638298,10.795247272340426,87.122,1004.8211689361702
KJFK_New_York,NY,2023-10-08,13.072916666666666,62.84375,28.917828125,16.0692599,0.0,1004.191624625
KJFK_New_York,NY,2023-10-09,12.95138888888889,60.90625,21.374046875,16.0692599,0.0,1008.21296275
KJFK_New_York,NY,2023-10-10,14.322916666666666,71.875,10.712169375,16.0692599,0.0,1009.28179209375
KJFK_New_York,NY,2023-10-11,15.60763888888889,75.40625,7.292321875,16.0692599,0.0,1010.6151831562499
KJFK_New_York,NY,2023-10-12,14.41520467836257,84.34210526315789,6.5644131578947365,10.481038505263157,0.0,1011.5503392105263
KJFK_New_York,NY,2023-10-13,13.958333333333334,59.25,12.824428125,16.0692599,0.0,1013.758176375
KJFK_New_York,NY,2023-10-14,10.78078078078078,86.8108108108108,14.049103243243243,12.652892054054053,22.098,1007.1306908108108
KJFK_New_York,NY,2023-10-15,12.378472222222221,66.53125,24.94477,16.0692599,0.254,999.2601941875
KJFK_New_York,NY,2023-10-16,13.28125,65.21875,17.0992375,16.0692599,0.0,1003.0275530624999
KJFK_New_York,NY,2023-10-17,13.369175627240145,69.35483870967742,8.254356774193548,16.071596038709675,0.0,1012.6616960645161
KJFK_New_York,NY,2023-10-18,14.39236111111111,75.5,7.594073125,16.0692599,0.0,1019.7690186250001
KJFK_New_York,NY,2023-10-19,14.444444444444445,76.28125,16.495735,16.0692599,0.0,1018.9012561875
KJFK_New_York,NY,2023-10-20,16.39479905437352,94.1063829787234,18.901184680851063,14.02385724255319,31.496,1004.4825299361703
KJFK_New_York,NY,2023-10-21,15.4320987654321,83.57777777777778,18.739870222222223,10.96640039111111,5.587999999999999,992.1821687555555
KJFK_New_York,NY,2023-10-22,12.100694444444445,57.34375,31.281546249999998,16.0692599,0.0,1004.01172265625
KJFK_New_York,NY,2023-10-23,11.5625,61.375,19.21149625,16.0692599,0.0,1019.3668848125
KJFK_New_York,NY,2023-10-24,12.256944444444445,78.15625,12.07005,16.0692599,0.0,1026.9227675
KJFK_New_York,NY,2023-10-25,15.104166666666666,77.46875,14.634935625,16.0692599,0.0,1024.71103153125
KJFK_New_York,NY,2023-10-26,16.42361111111111,78.625,11.0642125,16.0692599,0.0,1022.25589878125
KJFK_New_York,NY,2023-10-27,17.395833333333332,79.46875,13.226763125,16.0692599,0.0,1018.31922040625
KJFK_New_York,NY,2023-10-28,20.868055555555557,70.5625,15.8922325,16.0692599,0.0,1015.6418558125
KJFK_New_York,NY,2023-10-29,12.997076023391813,84.76315789473684,16.77101684210526,12.74089067368421,4.318,1017.6458412105262
KJFK_New_York,NY,2023-10-30,13.657407407407407,89.70833333333333,14.58464375,9.369041033333334,15.239999999999998,1008.8338009166667
KJFK_New_York,NY,2023-10-31,9.253472222222223,57.5,14.48406,16.0692599,0.0,1016.88000465625
KJFK_New_York,NY,2023-11-01,6.736111111111111,62.28125,21.172879375,15.924419299999999,0.508,1017.2503910625
KJFK_New_York,NY,2023-11-02,6.075268817204301,55.58064516129032,14.48406,16.071596038709675,0.0,1030.6751060967742
KJFK_New_York,NY,2023-11-03,9.409722222222221,60.84375,19.261788125,16.0692599,0.0,1029.95993603125
KJFK_New_York,NY,2023-11-04,10.95486111111111,70.0,12.2712175,16.0692599,0.0,1022.04424940625
KJFK_New_York,NY,2023-11-05,12.534722222222221,62.53125,9.505164375,15.74336855,0.0,1016.58369553125
KJFK_New_York,NY,2023-11-06,9.82078853046595,69.2258064516129,12.718977419354838,16.071596038709675,0.0,1018.8336649354839
KJFK_New_York,NY,2023-11-07,14.340277777777779,74.90625,17.451280625,15.956606099999998,0.254,1008.805581
KJFK_New_York,NY,2023-11-08,8.211805555555555,48.8125,20.267625625,16.0692599,0.0,1016.83767478125
KJFK_New_York,NY,2023-11-09,11.033950617283951,74.55555555555556,11.354787777777778,16.071942133333334,0.0,1012.1355311666666
KJFK_New_York,NY,2023-11-10,9.39236111111111,65.8125,17.250113125,16.0692599,0.0,1018.70018928125
KJFK_New_York,NY,2023-11-11,8.28125,60.5,17.80332375,16.0692599,0.0,1025.79044334375
KJFK_New_York,NY,2023-11-12,4.21875,61.0625,11.818590625,16.0692599,0.0,1030.9123582187501
KJFK_New_York,NY,2023-11-13,5.034722222222222,67.5,9.605748125,16.0692599,0.0,1025.0814179375
KJFK_New_York,NY,2023-11-14,8.297491039426523,57.83870967741935,21.544390322580643,16.071596038709675,0.0,1024.142650548387
KJFK_New_York,NY,2023-11-15,7.34375,69.5,12.57296875,16.0692599,0.0,1028.2667410312501
KJFK_New_York,NY,2023-11-16,10.625,76.1875,12.77413625,16.0692599,0.0,1022.8379345625
KJFK_New_York,NY,2023-11-17,12.95138888888889,84.78125,18.557701875,16.0692599,0.0,1015.32438175
KJFK_New_York,NY,2023-11-18,10.895061728395062,67.88888888888889,23.871876666666665,16.071942133333334,0.0,1006.8866266666666
KJFK_New_York,NY,2023-11-19,8.194444444444445,53.84375,18.960036875,16.0692599,0.0,1013.32429515625
KJFK_New_York,NY,2023-11-20,4.357638888888888,46.71875,15.4898975,16.0692599,0.0,1027.1555818125
KJFK_New_York,NY,2023-11-21,5.416666666666667,72.16666666666667,25.347105,14.625771327777777,14.478,1027.759958361111
KJFK_New_York,NY,2023-11-22,11.553030303030303,88.1590909090909,23.591461363636366,10.969115136363635,28.702,1005.6577775681818
KJFK_New_York,NY,2023-11-23,9.288194444444445,59.9375,23.23484625,16.0692599,0.0,1010.3506214375
KJFK_New_York,NY,2023-11-24,6.961805555555555,50.125,24.1401,16.0692599,0.0,1020.07591021875
KJFK_New_York,NY,2023-11-25,1.2152777777777777,56.8125,10.812753125,16.0692599,0.0,1028.41489559375
KJFK_New_York,NY,2023-11-26,7.069444444444445,79.9,21.484689,13.778766744999999,9.906,1016.7635975
KJFK_New_York,NY,2023-11-27,8.333333333333332,73.875,26.393176,15.87292042,2.032,1005.36839515
KJFK_New_York,NY,2023-11-28,1.5522875816993464,46.3235294117647,28.636785294117647,15.976012847058822,0.0,1011.3553334705883
KJFK_New_York,NY,2023-11-29,0.0868055555555556,51.8125,23.184554375,16.0692599,0.0,1018.626112
KJFK_New_York,NY,2023-11-30,5.381944444444445,57.34375,17.048945625,16.0692599,0.0,1019.86426084375
KJFK_New_York,NY,2023-12-01,6.637426900584796,86.07894736842105,10.92657157894737,12.662117715789472,24.637999999999998,1019.3746824210527
KJFK_New_York,NY,2023-12-02,8.787878787878789,96.36363636363636,10.497285909090909,6.065017245454545,0.0,1015.7557433333334
KJFK_New_York,NY,2023-12-03,8.813131313131313,99.77272727272727,14.922970909090909,4.649529563636364,19.812,1008.7055285681818
KJFK_New_York,NY,2023-12-04,7.486111111111112,79.525,17.8234405,12.59549951,0.0,1007.2478416
KJFK_New_York,NY,2023-12-05,4.809027777777778,58.5625,14.78581125,16.0692599,0.0,1015.3878765625
KJFK_New_York,NY,2023-12-06,2.8819444444444446,58.875,19.81499875,16.0692599,0.0,1015.0492375625
KJFK_New_York,NY,2023-12-07,1.906906906906907,66.62162162162163,19.52955837837838,15.942035048648648,0.0,1016.3563154594594
KJFK_New_York,NY,2023-12-08,5.052083333333333,74.96875,9.0525375,15.856022349999998,0.0,1021.1024096875
KJFK_New_York,NY,2023-12-09,7.946127946127946,91.48484848484848,9.558504242424242,15.034161672727272,0.0,1021.5301979696969
KJFK_New_York,NY,2023-12-10,11.83531746031746,99.33928571428571,27.81859142857143,6.8868256714285705,89.408,1009.62799
KJFK_New_York,NY,2023-12-11,5.380116959064327,76.71052631578948,30.831566315789473,13.986435131578945,21.59,1008.6629961578947
KJFK_New_York,NY,2023-12-12,4.022988505747127,57.758620689655174,22.530759999999997,16.076751655172412,0.0,1027.640915724138
KJFK_New_York,NY,2023-12-13,4.848484848484849,51.96969696969697,21.26279515151515,16.069991418181814,0.0,1030.8581631515153
KJFK_New_York,NY,2023-12-14,2.329749103942652,51.61290322580645,18.844852258064517,16.071596038709675,0.0,1035.5034428064516
KJFK_New_York,NY,2023-12-15,6.875,55.21875,18.960036875,16.0692599,0.0,1027.4942208125
KJFK_New_York,NY,2023-12-16,8.315972222222221,66.0,13.930849375,16.0722774125,0.0,1030.87002834375
KJFK_New_York,NY,2023-12-17,10.609756097560975,91.82926829268293,22.88402975609756,13.878791151219511,3.048,1020.4431993170732
KJFK_New_York,NY,2023-12-18,11.481481481481483,88.88888888888889,37.58702977777778,9.278023915555556,45.974000000000004,991.456238744186
KJFK_New_York,NY,2023-12-19,3.440860215053763,59.25806451612903,27.099209032258063,16.071596038709675,0.0,1014.835539967742
KJFK_New_York,NY,2023-12-20,2.3784722222222223,55.3125,20.82083625,16.0692599,0.0,1026.9016025625
KJFK_New_York,NY,2023-12-21,1.9618055555555556,53.21875,22.128425,16.0692599,0.0,1028.996931375
KJFK_New_York,NY,2023-12-22,-0.6076388888888888,51.4375,7.292321875,16.0692599,0.0,1031.14517253125
KJFK_New_York,NY,2023-12-23,2.6909722222222223,63.03125,9.002245625,16.0692599,0.0,1031.1875024062501
KJFK_New_York,NY,2023-12-24,6.512345679012346,87.11111111111111,5.096243333333334,15.759014911111112,0.508,1029.1709541944444
KJFK_New_York,NY,2023-12-25,6.376262626262626,96.8409090909091,7.367200888888889,7.559964057777778,0.0,1029.6194902682928
KJFK_New_York,NY,2023-12-26,5.934343434343433,98.04545454545455,5.565634166666666,1.4738872166666666,0.0,1025.686222060606
KJFK_New_York,NY,2023-12-27,7.375886524822695,96.53191489361703,10.512071914893617,9.471137106382978,6.858,1016.5132991086956
KJFK_New_York,NY,2023-12-28,10.034013605442178,97.77551020408163,17.341459591836735,8.862865285714285,75.692,1004.983798
KJFK_New_York,NY,2023-12-29,9.065040650406505,86.8780487804878,13.219578571428572,10.943512,0.508,1004.0138391499999
KJFK_New_York,NY,2023-12-30,5.729166666666667,66.15625,23.184554375,16.0692599,0.0,1004.0328875937499
KJFK_New_York,NY,2023-12-31,5.104166666666667,54.78125,19.41266375,16.0692599,0.0,1013.6092379259259
KJFK_New_York,NY,2024-01-01,5.185185185185185,69.51515151515152,10.48509393939394,16.069991418181814,0.0,1016.1940682727272
KJFK_New_York,NY,2024-01-02,2.1180555555555554,58.21875,15.79164875,16.0692599,0.0,1017.313885875
KJFK_New_York,NY,2024-01-03,3.767361111111111,60.59375,13.629098125,16.0692599,0.0,1015.6418558125
KJFK_New_York,NY,2024-01-04,3.506944444444444,55.25,23.1342625,16.0692599,0.0,1015.35612915625
KJFK_New_York,NY,2024-01-05,-0.17361111111111102,52.46875,21.072295625,16.0692599,0.0,1023.97025871875
KJFK_New_York,NY,2024-01-06,1.084010840108401,79.04878048780488,19.03731463414634,11.839639614634146,21.59,1015.6196584390244
KJFK_New_York,NY,2024-01-07,2.7339181286549707,87.02631578947368,24.775365789473682,11.848977505263157,8.128,1004.3141584736843
KJFK_New_York,NY,2024-01-08,3.6458333333333335,58.21875,20.41850125,16.0692599,0.0,1025.65287125
KJFK_New_York,NY,2024-01-09,5.555555555555555,88.69444444444444,28.297561666666667,11.673526505555555,46.989999999999995,1014.4871908888888
KJFK_New_York,NY,2024-01-10,9.253968253968255,68.11428571428571,36.279121714285715,13.855957588571428,7.112,991.8929818
KJFK_New_York,NY,2024-01-11,6.076388888888888,58.4375,23.687473125,16.0692599,0.0,1010.38236884375
KJFK_New_York,NY,2024-01-12,6.059027777777778,70.96875,18.20565875,15.767508649999998,1.524,1017.398545625
KJFK_New_York,NY,2024-01-13,8.78048780487805,79.1219512195122,36.38678487804878,9.296097370731708,46.736,995.6993364594595
KJFK_New_York,NY,2024-01-14,1.6081871345029242,52.39473684210526,35.36312894736842,14.844890968421051,0.0,1011.7642164736841
KJFK_New_York,NY,2024-01-15,-3.1432748538011697,54.973684210526315,14.399357894736843,12.665929310526314,1.778,1022.707603105263
KJFK_New_York,NY,2024-01-16,-2.119341563786008,86.20370370370371,21.636682222222223,8.671958392592593,13.969999999999999,1010.730806425926
KJFK_New_York,NY,2024-01-17,-6.09375,53.96875,29.018411874999998,16.0692599,0.0,1015.29263434375
KJFK_New_York,NY,2024-01-18,-2.2395833333333335,51.5625,18.255950625,16.0692599,0.0,1019.88542578125
KJFK_New_York,NY,2024-01-19,-1.7638888888888888,73.45,18.266009,11.12536742,0.508,1009.592916675
KJFK_New_York,NY,2024-01-20,-6.111111111111111,55.11764705882353,33.89080705882353,16.023346376470585,0.0,1014.4429243529412
KJFK_New_York,NY,2024-01-21,-3.975694444444444,51.1875,28.66636875,16.0692599,0.0,1026.07617
KJFK_New_York,NY,2024-01-22,-1.2186379928315412,57.935483870967744,19.83122193548387,16.071596038709675,0.0,1032.8926453548386
KJFK_New_York,NY,2024-01-23,2.508960573476702,67.35483870967742,11.369208387096775,16.071596038709675,0.254,1031.9531952258064
KJFK_New_York,NY,2024-01-24,5.073099415204678,93.10526315789474,8.706942051282052,8.087139825641026,3.048,1030.139838
KJFK_New_York,NY,2024-01-25,9.283950617283951,97.26666666666667,9.689567916666666,6.597958720833333,7.874,1020.0588154615385
KJFK_New_York,NY,2024-01-26,6.026570048309179,96.8913043478261,13.434490434782607,5.7222532695652175,5.588,1017.5860064999999
KJFK_New_York,NY,2024-01-27,6.0227272727272725,89.4090909090909,8.332804888888889,11.690961022222222,0.0,1021.9055633684211
KJFK_New_York,NY,2024-01-28,3.6921296296296298,94.04166666666667,22.866039166666667,7.8455325,26.162,1007.6132895208333
KJFK_New_York,NY,2024-01-29,2.7506775067750677,79.4390243902439,25.39617024390244,15.472037751219512,1.016,1009.5819728536586
KJFK_New_York,NY,2024-01-30,2.051282051282051,69.3076923076923,12.915985128205127,15.949797353846153,0.0,1021.7780596153846
KJFK_New_York,NY,2024-01-31,2.2883597883597884,76.57142857142857,11.955097142857143,15.750074133333333,0.0,1019.6742803333334
KJFK_New_York,NY,2024-02-01,3.986928104575163,83.38235294117646,11.975382941176472,15.917319270588234,0.0,1015.110242382353
KJFK_New_York,NY,2024-02-02,4.664082687338501,86.51162790697674,11.452512558139535,12.616477069767441,6.604,1011.3729371395349
KJFK_New_York,NY,2024-02-03,2.6041666666666665,55.78125,22.7319275,16.0692599,0.0,1016.43554096875
KJFK_New_York,NY,2024-02-04,2.7604166666666665,53.46875,16.948361875,16.0692599,0.0,1014.72118103125
KJFK_New_York,NY,2024-02-05,2.6041666666666665,45.0625,20.41850125,16.0692599,0.0,1013.46186725
KJFK_New_York,NY,2024-02-06,1.3194444444444444,49.59375,16.89807,16.0692599,0.0,1020.96483759375
KJFK_New_York,NY,2024-02-07,3.1362007168458783,62.225806451612904,11.473036774193547,16.071596038709675,0.0,1024.9073192580645
KJFK_New_York,NY,2024-02-08,4.618055555555555,71.0,9.505164375,16.0692599,0.0,1025.02850559375
KJFK_New_York,NY,2024-02-09,6.336805555555555,84.8125,15.841940625,16.0692599,0.0,1018.61552953125
KJFK_New_York,NY,2024-02-10,7.8125,82.4375,10.56129375,15.5542711,0.0,1010.55168834375
KJFK_New_York,NY,2024-02-11,7.951388888888889,61.65625,15.28873,16.0692599,0.0,1012.0438164375
KJFK_New_York,NY,2024-02-12,4.774305555555555,66.90625,10.812753125,16.0692599,0.0,1011.46178065625
KJFK_New_York,NY,2024-02-13,1.6222222222222222,84.56,23.625111200000003,9.731035244,25.4,1002.489569883721
KJFK_New_York,NY,2024-02-14,0.12152777777777776,48.3125,37.215987500000004,16.0692599,0.0,1015.3455466875
KJFK_New_York,NY,2024-02-15,-0.2592592592592592,61.03333333333333,20.438618,16.07408792,0.0,1017.271556
KJFK_New_York,NY,2024-02-16,3.194444444444444,47.6875,24.492143125,16.0692599,0.0,1010.6892604375
KJFK_New_York,NY,2024-02-17,-0.4227053140096618,74.15217391304348,16.196123829787233,9.731713221276594,8.636,1008.7652668333334
KJFK_New_York,NY,2024-02-18,0.06944444444444448,55.84375,28.3646175,16.0692599,0.0,1011.41945078125
KJFK_New_York,NY,2024-02-19,1.8923611111111112,45.09375,17.149529375,16.0692599,0.0,1020.40396675
KJFK_New_York,NY,2024-02-20,-1.0763888888888888,49.9375,12.422093125,16.0692599,0.0,1031.20866734375
KJFK_New_York,NY,2024-02-21,0.7575757575757576,66.57575757575758,11.801826666666667,16.069991418181814,0.0,1029.308633181818
KJFK_New_York,NY,2024-02-22,3.1231231231231233,77.1891891891892,13.048702702702704,15.942035048648648,1.27,1015.5692085945946
KJFK_New_York,NY,2024-02-23,6.714285714285714,84.08571428571429,11.495285714285714,15.05054768,1.27,998.5883586
KJFK_New_York,NY,2024-02-24,4.201388888888889,52.21875,22.581051875,16.0692599,0.0,1005.0170571875
KJFK_New_York,NY,2024-02-25,-1.1111111111111112,53.71875,16.19398375,16.0692599,0.0,1019.4727095
KJFK_New_York,NY,2024-02-26,4.288194444444445,76.875,13.930849375,16.0692599,0.0,1017.21864365625
KJFK_New_York,NY,2024-02-27,6.691919191919192,91.75,19.494959545454545,9.613246186363636,13.207999999999998,1014.4468111707317
KJFK_New_York,NY,2024-02-28,9.328165374677003,93.25581395348837,35.89202465116279,8.160850860465116,2.54,1004.8079889024391
KJFK_New_York,NY,2024-02-29,2.326388888888889,38.875,31.935340625,16.0692599,0.0,1023.08133134375
KJFK_New_York,NY,2024-03-01,2.204301075268817,55.41935483870968,16.61254193548387,16.071596038709675,0.0,1035.0446415806452
KJFK_New_York,NY,2024-03-02,7.958333333333333,94.15,19.231613,7.9505419349999995,45.974,1025.697691117647
KJFK_New_York,NY,2024-03-03,11.819444444444445,80.325,15.288730000000001,14.064424595,0.0,1020.0483958000001
KJFK_New_York,NY,2024-03-04,8.70870870870871,86.05405405405405,18.00720972972973,13.715056454054054,0.0,1027.3483543513514
KJFK_New_York,NY,2024-03-05,7.159090909090909,95.13636363636364,17.66616409090909,5.314479590909091,15.748000000000001,1020.1767221578948
KJFK_New_York,NY,2024-03-06,8.611111111111112,97.25,12.03347409090909,5.600137440909091,63.245999999999995,1014.0848761794871
KJFK_New_York,NY,2024-03-07,9.801587301587302,84.76190476190476,24.446640952380953,13.325718376190475,6.35,1009.9021263333333
KJFK_New_York,NY,2024-03-08,6.750841750841751,66.84848484848484,16.87368606060606,16.069991418181814,0.0,1024.5984725454546
KJFK_New_York,NY,2024-03-09,6.052631578947368,86.28947368421052,28.078747894736843,11.207782568421052,52.832,1014.5089746842104
KJFK_New_York,NY,2024-03-10,7.264957264957265,73.97435897435898,28.76179435897436,13.697546656410255,3.3019999999999996,995.7634032972974
KJFK_New_York,NY,2024-03-11,6.784511784511785,39.06060606060606,42.037911515151514,15.960751369696967,0.0,1003.818352090909
KJFK_New_York,NY,2024-03-12,11.845878136200717,39.225806451612904,21.64821870967742,16.071596038709675,0.0,1009.2206868709678
KJFK_New_York,NY,2024-03-13,9.21875,65.5625,9.303996875,16.0692599,0.0,1012.62585221875
KJFK_New_York,NY,2024-03-14,10.50179211469534,75.64516129032258,9.50029741935484,16.071596038709675,0.0,1014.9557021935484
KJFK_New_York,NY,2024-03-15,14.848484848484848,63.24242424242424,18.58056181818182,16.069991418181814,0.0,1006.0862072121212
KJFK_New_York,NY,2024-03-16,9.607843137254903,75.23529411764706,16.803402941176472,16.07067990588235,0.0,1008.6163415588235
KJFK_New_York,NY,2024-03-17,12.238562091503269,55.3235294117647,21.53675588235294,16.070679905882354,0.0,1001.9132813529412
KJFK_New_York,NY,2024-03-18,7.811447811447811,39.81818181818182,23.586889375,16.0692599,0.0,1005.376861125
KJFK_New_York,NY,2024-03-19,4.731182795698924,48.806451612903224,25.801354193548388,16.071596038709675,0.0,1006.6863562903226
KJFK_New_York,NY,2024-03-20,6.909722222222222,59.125,23.083970625,15.968676149999999,0.7619999999999999,1004.75249546875
KJFK_New_York,NY,2024-03-21,2.043010752688172,34.096774193548384,31.200430322580647,16.071596038709675,0.0,1019.0412178709677
KJFK_New_York,NY,2024-03-22,1.9865319865319866,51.39393939393939,15.313113939393938,16.069991418181814,0.0,1026.815018727273
KJFK_New_York,NY,2024-03-23,7.511111111111111,90.02,23.657298,7.8255766840000005,129.54,1010.25495592
KJFK_New_York,NY,2024-03-24,3.5590277777777777,42.46875,25.598564375,16.0692599,0.0,1023.4517177500001
KJFK_New_York,NY,2024-03-25,5.746527777777778,49.375,20.41850125,16.0692599,0.0,1028.9651839687501
KJFK_New_York,NY,2024-03-26,6.1447811447811445,66.03030303030303,16.43477515151515,16.0358539030303,0.0,1022.0945963030304
KJFK_New_York,NY,2024-03-27,6.899641577060931,82.61290322580645,8.462013548387098,14.938828335483871,2.794,1018.7790457419355
KJFK_New_York,NY,2024-03-28,8.4375,90.9375,15.238438125,9.8572075,24.384,1013.1867230625
KJFK_New_York,NY,2024-03-29,8.356481481481481,41.916666666666664,31.784465,16.0934,0.0,1006.3645582083333
KJFK_New_York,NY,2024-03-30,10.0,49.541666666666664,26.419998333333336,15.892232499999999,0.508,1007.3804752083333
KJFK_New_York,NY,2024-03-31,12.291666666666666,55.0,17.300405,16.0934,0.0,1011.1619440416666
KJFK_New_York,NY,2024-04-01,9.572649572649572,73.65384615384616,7.1801323076923085,15.696016815384613,0.254,1013.7158465
KJFK_New_York,NY,2024-04-02,7.037037037037037,92.25,24.005988333333335,10.782578,7.111999999999999,1010.7245353333333
KJFK_New_York,NY,2024-04-03,5.7317073170731705,89.60975609756098,37.44659414634146,9.071574814634147,38.1,1002.96405825
KJFK_New_York,NY,2024-04-04,6.023391812865497,73.8157894736842,24.097748947368423,14.434085757894737,5.842,994.7520625
KJFK_New_York,NY,2024-04-05,6.7973856209150325,56.8235294117647,23.903432352941174,16.07067990588235,0.0,1002.6254192499999
KJFK_New_York,NY,2024-04-06,8.368055555555555,52.90625,27.86169875,16.0692599,0.0,1008.38228225
KJFK_New_York,NY,2024-04-07,8.697916666666666,57.96875,20.7202525,16.0692599,0.0,1016.594278
KJFK_New_York,NY,2024-04-08,10.503472222222221,60.6875,11.114504375,16.0692599,0.0,1019.7690186250001
KJFK_New_York,NY,2024-04-09,14.375,60.34375,12.623260625,16.0692599,0.0,1016.128649375
KJFK_New_York,NY,2024-04-10,11.959876543209877,81.58333333333333,14.394652222222224,16.027238244444444,0.0,1016.213309125
KJFK_New_York,NY,2024-04-11,12.317073170731707,92.07317073170732,22.687768780487804,11.802350029268291,1.778,1012.234300875
KJFK_New_York,NY,2024-04-12,13.591731266149871,85.34883720930233,34.80665581395349,7.682914306976744,7.62,996.741566625
KJFK_New_York,NY,2024-04-13,11.146953405017921,55.29032258064516,36.18419290322581,16.071596038709675,0.0,1003.677619
KJFK_New_York,NY,2024-04-14,12.916666666666668,60.6875,24.894478125,16.0692599,0.254,1009.101890125
KJFK_New_York,NY,2024-04-15,17.20486111111111,66.15625,16.99865375,16.0692599,0.0,1008.678591375
KJFK_New_York,NY,2024-04-16,15.252525252525253,45.666666666666664,18.336722424242424,16.069991418181814,0.0,1018.71077175
KJFK_New_York,NY,2024-04-17,10.757575757575758,75.39393939393939,16.97122181818182,16.027075684848484,1.778,1019.642029
KJFK_New_York,NY,2024-04-18,8.402777777777779,87.175,21.082354000000002,9.73489766,3.302,1017.821844375
KJFK_New_York,NY,2024-04-19,9.473684210526315,78.10526315789474,16.178102105263157,15.988369389473684,0.0,1019.430379625
KJFK_New_York,NY,2024-04-20,12.333333333333334,72.57142857142857,19.358061142857142,14.108853874285714,5.588,1013.207888
KJFK_New_York,NY,2024-04-21,8.90625,43.75,17.60215625,16.0692599,0.0,1015.112732375
KJFK_New_York,NY,2024-04-22,10.21885521885522,46.484848484848484,16.716370322580648,16.069991418181814,0.0,1017.1022365
KJFK_New_York,NY,2024-04-23,10.15625,58.125,17.048945625,16.0692599,0.0,1019.04941075
KJFK_New_York,NY,2024-04-24,14.292929292929294,57.696969696969695,23.164742424242426,16.069991418181814,0.508,1011.76867225
KJFK_New_York,NY,2024-04-25,8.072916666666666,53.90625,17.19982125,16.0692599,0.0,1025.398892
KJFK_New_York,NY,2024-04-26,8.628472222222221,65.21875,13.629098125,16.0692599,0.0,1030.73245625
KJFK_New_York,NY,2024-04-27,9.791666666666666,67.375,17.853615625,16.0692599,0.0,1031.3250745
KJFK_New_York,NY,2024-04-28,14.444444444444445,80.34375,11.667715,15.918384275,0.762,1020.06532775
KJFK_New_York,NY,2024-04-29,19.68013468013468,78.06060606060606,13.947613333333335,14.183649866666666,0.0,1014.604773875
KJFK_New_York,NY,2024-04-30,14.34920634920635,84.77142857142857,15.771531999999999,12.328923834285714,0.0,1012.1138235384616
KJFK_New_York,NY,2024-05-01,13.59375,83.28125,13.277055,14.176273725,0.0,1013.6946815625
KJFK_New_York,NY,2024-05-02,14.967320261437907,84.6470588235294,14.105391764705884,8.290941011764705,0.0,1013.6190925
KJFK_New_York,NY,2024-05-03,12.663398692810457,77.17647058823529,13.67939,16.070679905882354,0.0,1021.2057443823529
KJFK_New_York,NY,2024-05-04,11.767676767676766,74.6969696969697,15.703256969696971,16.069991418181814,0.0,1025.439939151515
KJFK_New_York,NY,2024-05-05,10.708333333333332,89.125,16.817603,13.601739344999999,6.604,1022.97762315
KJFK_New_York,NY,2024-05-06,15.38888888888889,91.275,8.288101000000001,10.91454388,1.524,1014.384658525
KJFK_New_York,NY,2024-05-07,18.28125,66.15625,13.327346875,14.6369473,0.0,1007.48277240625
KJFK_New_York,NY,2024-05-08,19.145299145299145,77.82051282051282,17.90906564102564,12.858213948717948,1.5239999999999998,1002.1543637179487
KJFK_New_York,NY,2024-05-09,17.845117845117844,59.03030303030303,17.215061212121213,16.069991418181814,0.0,1005.7680917878787
KJFK_New_York,NY,2024-05-10,10.597222222222221,80.925,17.260171500000002,15.74256388,8.636,1007.950517525
KJFK_New_York,NY,2024-05-11,11.38047138047138,70.75757575757575,17.946579393939395,15.863215612121211,0.0,1010.355110969697
KJFK_New_York,NY,2024-05-12,10.64102564102564,75.6923076923077,14.112673846153845,16.07359273846154,1.27,1012.6000744102564
KJFK_New_York,NY,2024-05-13,13.078078078078079,79.94594594594595,17.137296216216217,16.072522075675675,0.0,1017.2898608108108
KJFK_New_York,NY,2024-05-14,15.677083333333332,82.625,15.691065,16.0692599,0.254,1014.98574275
KJFK_New_York,NY,2024-05-15,15.759637188208616,91.6938775510204,17.637052653061225,13.554912477551019,10.16,1008.4531199999999
KJFK_New_York,NY,2024-05-16,16.820987654320987,83.61111111111111,31.33742611111111,13.941354788888889,1.778,1005.5320706666666
KJFK_New_York,NY,2024-05-17,17.93402777777778,69.625,15.99281625,15.817800525,0.0,1013.02798603125
KJFK_New_York,NY,2024-05-18,16.92982456140351,77.89473684210526,9.401933684210526,16.07307149473684,1.016,1014.3485667368421
KJFK_New_York,NY,2024-05-19,16.712962962962962,78.33333333333333,14.752283333333331,16.071942133333334,0.0,1014.9763361111111
KJFK_New_York,NY,2024-05-20,15.46031746031746,83.08571428571429,10.437719428571429,16.07132905142857,0.0,1016.4297961999999
KJFK_New_York,NY,2024-05-21,17.35042735042735,85.12820512820512,11.801826666666667,13.805661292307692,0.0,1014.9792304615385
KJFK_New_York,NY,2024-05-22,19.947916666666668,78.0625,17.70274,16.0692599,0.0,1013.419537375
KJFK_New_York,NY,2024-05-23,20.083333333333336,83.825,12.87472,14.826849419999999,41.402,1010.9474726750001
KJFK_New_York,NY,2024-05-24,22.743055555555554,65.15625,13.77997375,15.918384275,0.0,1009.3347044375
KJFK_New_York,NY,2024-05-25,20.353535353535353,66.78787878787878,10.582629696969697,14.38262281212121,0.0,1010.9092475151514
KJFK_New_York,NY,2024-05-26,19.8015873015873,90.26190476190476,11.112109523809524,7.192600271428572,0.0,1012.2645365
KJFK_New_York,NY,2024-05-27,19.89106753812636,94.2156862745098,19.722303921568628,10.161877650980392,30.988,1008.9251006470589
KJFK_New_York,NY,2024-05-28,22.20797720797721,67.71794871794872,18.693103076923077,11.321913225641024,0.0,1006.2874961282051
KJFK_New_York,NY,2024-05-29,19.901960784313726,68.38235294117646,16.61406882352941,15.597344611764704,10.159999999999998,1011.8433720294117
KJFK_New_York,NY,2024-05-30,18.13271604938272,66.55555555555556,18.19448277777778,15.557847411111108,6.604,1013.555933638889
KJFK_New_York,NY,2024-05-31,21.041666666666668,38.4375,19.764706874999998,16.0692599,0.0,1018.99649840625
KJFK_New_York,NY,2024-06-01,22.04861111111111,44.5625,17.250113125,16.0692599,0.0,1019.3668848125001
KJFK_New_York,NY,2024-06-02,21.354166666666668,66.84375,14.132016875,16.0692599,0.0,1016.043989625
KJFK_New_York,NY,2024-06-03,23.26164874551971,70.83870967741936,10.123267741935484,16.071596038709675,0.508,1012.3012093870967
KJFK_New_York,NY,2024-06-04,20.54131054131054,83.61538461538461,11.182849743589744,12.806632538461539,0.0,1015.3439186153846
KJFK_New_York,NY,2024-06-05,21.541666666666664,87.1,13.075887499999999,13.973899219999998,1.016,1011.709410425
KJFK_New_York,NY,2024-06-06,23.321513002364064,86.55319148936171,14.381336170212768,12.954159761702126,29.718,1000.7647060212765
KJFK_New_York,NY,2024-06-07,24.010416666666668,58.21875,16.244275625,16.0692599,0.0,1001.7999866875
KJFK_New_York,NY,2024-06-08,23.09027777777778,47.1875,23.083970625,16.0692599,0.0,1006.7525820625
KJFK_New_York,NY,2024-06-09,21.84027777777778,58.875,20.368209375,16.0692599,0.0,1002.08571334375
KJFK_New_York,NY,2024-06-10,20.79861111111111,53.4375,20.61966875,16.0692599,0.0,1004.20220709375
KJFK_New_York,NY,2024-06-11,19.53125,65.34375,12.422093125,16.0692599,0.0,1012.44595025
KJFK_New_York,NY,2024-06-12,20.19097222222222,69.65625,15.4898975,16.0692599,0.0,1015.67360321875
KJFK_New_York,NY,2024-06-13,21.57986111111111,77.3125,18.20565875,16.0692599,0.0,1015.0915674375
KJFK_New_York,NY,2024-06-14,21.666666666666664,80.4054054054054,16.61534810810811,14.529730459459458,46.228,1011.0204631081081
KJFK_New_York,NY,2024-06-15,23.385416666666668,56.1875,17.60215625,16.0692599,0.0,1014.5836089375
KJFK_New_York,NY,2024-06-16,20.451388888888886,62.125,15.540189375,16.0692599,0.0,1022.562790375
KJFK_New_York,NY,2024-06-17,22.124183006535947,78.79411764705883,20.21141705882353,16.07067990588235,0.0,1021.5145034705882
KJFK_New_York,NY,2024-06-18,23.29861111111111,74.8125,21.072295625,16.0692599,0.0,1023.5152125625
KJFK_New_York,NY,2024-06-19,23.541666666666668,75.15625,19.462955625,16.0692599,0.0,1026.34073171875
KJFK_New_York,NY,2024-06-20,23.975694444444446,74.59375,17.80332375,16.0692599,0.0,1024.509964625
KJFK_New_York,NY,2024-06-21,26.077441077441076,71.39393939393939,17.458900606060606,16.069991418181814,0.0,1019.8164793939394
KJFK_New_York,NY,2024-06-22,25.789473684210527,75.60526315789474,11.350082105263157,15.893503031578947,1.778,1014.7317634999999
KJFK_New_York,NY,2024-06-23,23.958333333333332,81.96875,20.368209375,16.0692599,0.0,1005.64142284375
KJFK_New_York,NY,2024-06-24,25.17361111111111,56.09375,31.08037875,16.068481187096772,0.0,1003.27094984375
KJFK_New_York,NY,2024-06-25,25.97222222222222,45.65625,22.3295925,16.0692599,0.0,1010.837415
KJFK_New_York,NY,2024-06-26,24.06862745098039,72.82352941176471,18.980745294117646,15.694851682352938,15.748,1006.5546276470589
KJFK_New_York,NY,2024-06-27,23.88888888888889,69.21621621621621,18.70314054054054,14.24787848108108,25.4,1007.7072923513514
KJFK_New_York,NY,2024-06-28,20.65972222222222,49.0625,14.98697875,16.068481187096772,0.0,1019.9595030625001
KJFK_New_York,NY,2024-06-29,22.358024691358025,82.31111111111112,23.21025911111111,13.655428715555557,0.508,1019.8753136444444
KJFK_New_York,NY,2024-06-30,23.511111111111113,89.36,15.6427848,11.410864336,23.875999999999998,1012.23938046
KJFK_New_York,NY,2024-07-01,23.541666666666668,53.40625,24.995061875,16.0692599,0.0,1015.790010375
KJFK_New_York,NY,2024-07-02,22.899305555555557,55.78125,12.660141333333334,16.018968025,0.0,1022.63686765625
KJFK_New_York,NY,2024-07-03,22.395833333333332,69.4375,16.546026875,16.0692599,0.0,1020.98600253125
KJFK_New_York,NY,2024-07-04,23.369175627240143,79.29032258064517,15.88574322580645,15.339605909677418,1.778,1013.1532688064516
KJFK_New_York,NY,2024-07-05,24.33006535947712,87.82352941176471,12.164717058823529,14.322652664705881,1.27,1008.9151406764705
KJFK_New_York,NY,2024-07-06,23.854875283446713,91.9795918367347,15.699275918367347,10.002691835999999,0.508,1010.07209086
KJFK_New_York,NY,2024-07-07,26.279461279461277,79.54545454545455,9.119593333333333,15.923687781818183,0.0,1014.2032814242425
KJFK_New_York,NY,2024-07-08,26.095238095238095,84.74285714285715,9.196228571428572,10.706249302857142,0.0,1015.8879737999999
KJFK_New_York,NY,2024-07-09,24.573643410852714,91.3953488372093,15.195163720930232,6.6922345441860465,0.0,1014.0426725116279
KJFK_New_York,NY,2024-07-10,25.34313725490196,87.11764705882354,28.021449411764706,11.689015088235294,0.0,1010.7876151470589
KJFK_New_York,NY,2024-07-11,26.11111111111111,72.08823529411765,22.057424705882354,15.4979442,0.254,1012.9887686470587
KJFK_New_York,NY,2024-07-12,24.415204678362574,86.6842105263158,13.382932631578948,14.658122826315788,3.3019999999999996,1020.5450663333334
KJFK_New_York,NY,2024-07-13,24.276485788113696,91.02325581395348,11.63964511627907,12.7620662,46.99,1019.980668
KJFK_New_York,NY,2024-07-14,26.58730158730159,74.85714285714286,11.72519142857143,16.079605657142857,0.0,1015.3364760000001
KJFK_New_York,NY,2024-07-15,26.15497076023392,83.3157894736842,15.415783157894737,14.748982123076924,11.43,1010.730476368421
KJFK_New_York,NY,2024-07-16,28.16993464052288,71.29411764705883,17.70274,15.976012847058822,0.0,1008.3075824705882
KJFK_New_York,NY,2024-07-17,26.396011396011392,80.02564102564102,17.083763076923077,14.548846251282049,0.0,1009.5610064615385
KJFK_New_York,NY,2024-07-18,26.060606060606062,69.63636363636364,16.04463212121212,16.069991418181814,0.0,1011.5454783636362
KJFK_New_York,NY,2024-07-19,23.86973180076628,58.48275862068966,15.593949655172413,16.073421986206895,0.0,1018.182378137931
KJFK_New_York,NY,2024-07-20,24.166666666666668,72.125,16.0934,16.0692599,0.0,1018.25572559375
KJFK_New_York,NY,2024-07-21,25.46875,74.78125,15.38931375,16.0692599,0.0,1016.07573703125
KJFK_New_York,NY,2024-07-22,24.75975975975976,82.43243243243244,12.787728648648649,15.811548021621622,1.778,1016.7224116756756
KJFK_New_York,NY,2024-07-23,24.819121447028422,86.0,9.618613488372093,15.963155739534884,0.508,1015.8618727209303
KJFK_New_York,NY,2024-07-24,25.253968253968253,85.82857142857142,11.955097142857143,15.22757508,0.0,1018.577735
KJFK_New_York,NY,2024-07-25,26.333333333333332,68.17142857142858,15.587607428571427,16.07132905142857,0.0,1016.5749272
KJFK_New_York,NY,2024-07-26,25.052083333333332,49.0,17.753031875,16.0692599,0.0,1017.8747567187501
KJFK_New_York,NY,2024-07-27,24.86111111111111,57.75,10.410418125,16.0692599,0.0,1019.37746728125
KJFK_New_York,NY,2024-07-28,25.67340067340067,59.515151515151516,14.09391696969697,16.069991418181814,0.0,1018.379829090909
KJFK_New_York,NY,2024-07-29,24.65686274509804,78.94117647058823,20.164083529411766,16.023346376470585,1.27,1014.1341652647059
KJFK_New_York,NY,2024-07-30,25.50653594771242,82.82352941176471,25.418105294117648,15.515930941176471,0.0,1013.6560866764705
KJFK_New_York,NY,2024-07-31,26.593567251461987,79.44736842105263,19.227377894736843,16.075612557894736,0.0,1011.7107471578948
KJFK_New_York,NY,2024-08-01,28.802083333333332,68.375,14.936686875,16.0692599,0.0,1012.911578875
KJFK_New_York,NY,2024-08-02,27.177177177177178,83.13513513513513,15.049503783783784,14.62629085945946,4.571999999999999,1010.6269096756756
KJFK_New_York,NY,2024-08-03,26.166666666666668,85.6,17.0992375,13.889811204999997,80.264,1009.5505868
KJFK_New_York,NY,2024-08-04,24.50904392764858,89.04651162790698,16.54251813953488,15.177198995348835,8.128,1012.6251139069767
KJFK_New_York,NY,2024-08-05,27.03125,74.53125,14.333184375,16.0692599,0.0,1014.901083
KJFK_New_York,NY,2024-08-06,25.407407407407405,89.04444444444445,14.662875555555555,13.053535555555555,30.988,1012.7488440222222
KJFK_New_York,NY,2024-08-07,20.37940379403794,90.95121951219512,16.917696097560977,13.611091180487806,1.524,1014.6698173414634
KJFK_New_York,NY,2024-08-08,20.799457994579946,93.95121951219512,18.990212,9.007593736585367,7.111999999999999,1017.3706698536585
KJFK_New_York,NY,2024-08-09,24.78036175710594,93.5813953488372,31.47569627906977,11.530359702325581,6.604,1011.4280644186047
KJFK_New_York,NY,2024-08-10,27.34375,59.53125,19.01032875,16.0692599,0.0,1012.1284761875
KJFK_New_York,NY,2024-08-11,24.559386973180075,56.793103448275865,13.485159310344827,16.076751655172412,0.0,1014.7726337241379
KJFK_New_York,NY,2024-08-12,22.962962962962962,60.96296296296296,15.080111851851852,16.086247377777777,0.254,1014.2865159259259
KJFK_New_York,NY,2024-08-13,23.055555555555557,62.625,13.0758875,16.0692599,0.0,1015.37729409375
KJFK_New_York,NY,2024-08-14,25.60763888888889,58.1875,12.17063375,16.0692599,0.0,1016.3297162812501
KJFK_New_York,NY,2024-08-15,25.520833333333332,62.53125,13.528514375,16.0692599,0.0,1016.35088121875
KJFK_New_York,NY,2024-08-16,24.983660130718956,73.79411764705883,12.59071882352941,15.574624517647056,0.0,1016.295478882353
KJFK_New_York,NY,2024-08-17,23.75338753387534,84.73170731707317,15.740130243902438,15.055571960975609,1.524,1014.7111147804877
KJFK_New_York,NY,2024-08-18,24.002267573696145,89.44897959183673,19.90326612244898,14.116210857142855,25.146,1009.220241
KJFK_New_York,NY,2024-08-19,24.38271604938272,81.47222222222223,15.28873,15.038388222222222,8.382,1004.8736059444444
KJFK_New_York,NY,2024-08-20,20.434027777777775,55.21875,20.669960625,16.0722774125,0.0,1011.2395488125
KJFK_New_York,NY,2024-08-21,19.46236559139785,54.0,19.98696451612903,16.071596038709675,0.0,1016.3648773870967
KJFK_New_York,NY,2024-08-22,21.28472222222222,53.96875,15.037270625,16.0692599,0.0,1020.615616125
KJFK_New_York,NY,2024-08-23,22.811447811447813,57.72727272727273,12.728416363636363,16.069991418181814,0.0,1024.0648595757575
KJFK_New_York,NY,2024-08-24,23.697916666666664,62.78125,13.528514375,16.0692599,0.0,1023.14482615625
KJFK_New_York,NY,2024-08-25,23.71527777777778,71.6875,16.0934,16.0692599,0.0,1022.26648125
KJFK_New_York,NY,2024-08-26,23.368055555555557,76.5625,12.97530375,16.0692599,0.7619999999999999,1019.54678678125
KJFK_New_York,NY,2024-08-27,23.802083333333332,76.65625,11.818590625,16.018968025,0.0,1018.02291128125
KJFK_New_York,NY,2024-08-28,27.630718954248366,70.26470588235294,15.383397058823528,16.07067990588235,0.0,1014.0644454705881
KJFK_New_York,NY,2024-08-29,23.4984984984985,68.86486486486487,18.00720972972973,16.072522075675675,0.0,1021.9484351621622
KJFK_New_York,NY,2024-08-30,20.833333333333332,75.11764705882354,16.235400588235294,15.692011670588235,7.112,1023.7256169411766
KJFK_New_York,NY,2024-08-31,22.95795795795796,81.4054054054054,12.178789189189189,16.072522075675675,0.0,1017.7566334864864
KJFK_New_York,NY,2024-09-01,24.365079365079364,86.88571428571429,13.748361714285714,15.968331291428571,0.0,1011.5146930000001
KJFK_New_York,NY,2024-09-02,23.038194444444446,50.875,23.23484625,16.0692599,0.0,1015.3878765625
KJFK_New_York,NY,2024-09-03,18.90625,50.375,12.77413625,16.0692599,0.0,1025.7163660625
KJFK_New_York,NY,2024-09-04,19.756944444444443,57.875,8.75078625,16.0692599,0.0,1029.37790025
KJFK_New_York,NY,2024-09-05,20.104166666666664,65.4375,12.019758125,16.0692599,0.0,1026.6899531875001
KJFK_New_York,NY,2024-09-06,21.158730158730158,79.05714285714286,12.966682285714286,16.07132905142857,0.0,1018.1229911999999
KJFK_New_York,NY,2024-09-07,20.386473429951693,83.28260869565217,17.772711304347826,14.51974536521739,9.905999999999999,1010.2632010434783
KJFK_New_York,NY,2024-09-08,18.368055555555557,51.46875,20.368209375,16.0692599,0.0,1014.78467584375
KJFK_New_York,NY,2024-09-09,19.895833333333336,53.0,17.652448125,16.0692599,0.0,1017.79009696875
KJFK_New_York,NY,2024-09-10,21.75347222222222,57.40625,13.025595625,16.0692599,0.0,1017.7583495625
KJFK_New_York,NY,2024-09-11,19.96527777777778,62.09375,9.253705,16.0692599,0.0,1021.70561040625
KJFK_New_York,NY,2024-09-12,19.930555555555554,76.15625,8.499326875,16.0692599,0.0,1023.63161971875
KJFK_New_York,NY,2024-09-13,20.65134099616858,79.62068965517241,7.158788275862069,16.076751655172412,0.0,1023.3553807931034
KJFK_New_York,NY,2024-09-14,22.18855218855219,80.24242424242425,7.65655696969697,15.272636599999998,0.0,1023.4491523030304
KJFK_New_York,NY,2024-09-15,21.041666666666664,68.625,14.48406,16.0692599,0.0,1026.414809
KJFK_New_York,NY,2024-09-16,19.56228956228956,74.42424242424242,11.65552303030303,16.069991418181814,0.0,1025.3681066363636
KJFK_New_York,NY,2024-09-17,21.857142857142858,74.4,12.001078285714286,16.07132905142857,0.0,1021.9641250000001
KJFK_New_York,NY,2024-09-18,22.026143790849673,73.23529411764706,14.910061764705882,16.07067990588235,0.0,1016.6241579117647
KJFK_New_York,NY,2024-09-19,24.722222222222225,58.0,17.350696875,16.0692599,0.0,1011.18663646875
KJFK_New_York,NY,2024-09-20,23.072916666666668,65.90625,21.02200375,16.0692599,0.0,1012.911578875
KJFK_New_York,NY,2024-09-21,21.145833333333332,62.125,19.81499875,16.0692599,0.0,1014.57302646875
KJFK_New_York,NY,2024-09-22,20.0,61.588235294117645,15.99873294117647,16.070679905882354,0.0,1015.7476804999999
KJFK_New_York,NY,2024-09-23,17.87878787878788,68.39393939393939,13.411166666666666,16.069991418181814,0.508,1017.3536503030303
KJFK_New_York,NY,2024-09-24,18.194444444444443,64.21875,14.38347625,16.0692599,0.0,1019.61028159375
KJFK_New_York,NY,2024-09-25,18.349206349206348,75.57142857142857,17.242928571428575,16.07132905142857,0.254,1020.464438
KJFK_New_York,NY,2024-09-26,21.243386243386244,92.23809523809524,15.135459523809525,13.218812219047617,1.27,1017.4731268333334
KJFK_New_York,NY,2024-09-27,20.488215488215488,82.15151515151516,10.777701212121212,15.826152024242422,1.016,1015.3423398787878
KJFK_New_York,NY,2024-09-28,18.513071895424837,90.91176470588235,21.77342352941176,10.834644882352942,5.334,1013.506687117647
KJFK_New_York,NY,2024-09-29,17.017543859649123,90.94736842105263,11.613345405405406,10.849126383783783,15.748,1015.5605378947369
KJFK_New_York,NY,2024-09-30,18.541666666666668,76.34375,12.220925625,16.0692599,0.0,1016.45670590625
KJFK_New_York,NY,2024-10-01,17.916666666666668,76.34375,14.886395,16.0692599,0.0,1016.71068515625
KJFK_New_York,NY,2024-10-02,17.291666666666664,73.625,9.4548725,16.0692599,0.0,1015.58894346875
KJFK_New_York,NY,2024-10-03,18.57638888888889,74.0625,9.15312125,16.0692599,0.0,1019.73727121875
KJFK_New_York,NY,2024-10-04,18.78472222222222,79.09375,8.801078125,16.0692599,0.0,1021.673863
KJFK_New_York,NY,2024-10-05,20.17361111111111,60.6875,15.640773125,16.0692599,0.0,1019.80076603125
KJFK_New_York,NY,2024-10-06,17.708333333333332,70.375,14.836103125,16.0692599,0.0,1017.483205375
KJFK_New_York,NY,2024-10-07,20.31045751633987,60.85294117647059,22.24675882352941,16.023346376470585,0.0,1009.585476878788
KJFK_New_York,NY,2024-10-08,16.927083333333332,51.9375,15.640773124999999,16.0692599,0.0,1011.980321625
KJFK_New_York,NY,2024-10-09,17.02020202020202,46.39393939393939,16.14216787878788,16.069991418181814,0.0,1012.1304002727272
KJFK_New_York,NY,2024-10-10,13.368055555555555,50.71875,24.7436025,16.0692599,0.0,1016.77417996875
KJFK_New_York,NY,2024-10-11,15.17361111111111,52.65625,17.149529375,16.0692599,0.0,1016.58369553125
KJFK_New_York,NY,2024-10-12,19.02777777777778,41.65625,20.971711875,16.0692599,0.0,1012.5941048125
KJFK_New_York,NY,2024-10-13,18.26388888888889,62.53125,15.4898975,16.0692599,0.0,1009.0701427187499
KJFK_New_York,NY,2024-10-14,14.122807017543861,68.05263157894737,21.556685789473683,15.798636673684209,0.0,1004.2696007105263
KJFK_New_York,NY,2024-10-15,11.354166666666666,50.65625,21.172879375,16.0692599,0.0,1011.1548890625
KJFK_New_York,NY,2024-10-16,11.666666666666666,49.46875,22.02784125,16.0692599,0.0,1016.7001026875
KJFK_New_York,NY,2024-10-17,11.57986111111111,50.15625,19.5132475,16.0692599,0.0,1022.6686150625001
KJFK_New_York,NY,2024-10-18,14.565972222222223,46.375,14.634935625,16.0692599,0.0,1029.1239209999999
KJFK_New_York,NY,2024-10-19,14.097222222222221,67.03125,8.398743125,16.0692599,0.0,1031.3462394375
KJFK_New_York,NY,2024-10-20,15.746527777777777,66.78125,11.818590625,16.0692599,0.0,1025.356562125
KJFK_New_York,NY,2024-10-21,17.586805555555557,59.125,10.511001875,16.0692599,0.0,1021.57862078125
KJFK_New_York,NY,2024-10-22,19.739583333333332,62.5625,8.34845125,16.0692599,0.0,1022.732109875
KJFK_New_York,NY,2024-10-23,17.663398692810457,80.20588235294117,18.22340882352941,16.070679905882354,0.0,1016.6639977941176
KJFK_New_York,NY,2024-10-24,17.84722222222222,54.5,23.1342625,16.0692599,0.0,1012.83750159375
KJFK_New_York,NY,2024-10-25,13.159722222222221,58.09375,16.89807,16.0692599,0.0,1018.4779574375
KJFK_New_York,NY,2024-10-26,15.519713261648745,43.29032258064516,24.86689870967742,16.071596038709675,0.0,1019.4235522258065
KJFK_New_York,NY,2024-10-27,11.40625,47.8125,16.59631875,16.0692599,0.0,1027.52596821875
KJFK_New_York,NY,2024-10-28,11.89236111111111,55.0625,9.404580625,16.0692599,0.0,1029.6530444375
KJFK_New_York,NY,2024-10-29,15.619047619047619,76.8,19.220117714285713,16.07132905142857,0.254,1029.8205498
KJFK_New_York,NY,2024-10-30,16.902356902356903,81.33333333333333,12.679648484848485,15.723739478787879,0.0,1025.1320855151516
KJFK_New_York,NY,2024-10-31,18.71527777777778,78.3125,17.350696875,16.0692599,0.0,1018.3509678125
KJFK_New_York,NY,2024-11-01,20.69023569023569,55.878787878787875,22.43322424242424,16.069991418181814,0.0,1014.4187789696971
KJFK_New_York,NY,2024-11-02,13.4375,46.84375,18.7085775,16.0692599,0.0,1025.0390880625
KJFK_New_York,NY,2024-11-03,8.472222222222221,49.5,12.77413625,16.0692599,0.0,1030.6477965
KJFK_New_York,NY,2024-11-04,10.340501792114695,69.35483870967742,12.14792129032258,16.071596038709675,0.0,1030.511248516129
KJFK_New_York,NY,2024-11-05,15.817901234567902,86.75,17.166293333333336,14.000363922222222,0.0,1022.43580075
KJFK_New_York,NY,2024-11-06,20.12152777777778,73.0,16.546026875,16.0692599,0.0,1016.13923184375
KJFK_New_York,NY,2024-11-07,19.56597222222222,57.34375,19.462955625,16.0692599,0.0,1016.68952021875
KJFK_New_York,NY,2024-11-08,15.572916666666666,45.03125,23.486305625,16.0692599,0.0,1014.096815375
KJFK_New_York,NY,2024-11-09,9.965277777777779,35.96875,18.457118125,15.918384275,0.0,1025.11316534375
KJFK_New_York,NY,2024-11-10,11.714285714285714,63.3235294117647,15.035833714285715,15.473574194285714,1.27,1021.4610042
KJFK_New_York,NY,2024-11-11,17.07207207207207,71.37837837837837,22.661247027027027,16.072522075675675,3.81,1006.7371373783783
KJFK_New_York,NY,2024-11-12,11.215277777777779,45.6875,32.89088625,16.0692599,0.0,1016.17097925
KJFK_New_York,NY,2024-11-13,6.371527777777778,41.375,18.155366875,16.0692599,0.0,1030.39381725
KJFK_New_York,NY,2024-11-14,6.076388888888889,55.5,9.002245625,16.0692599,0.0,1023.8326866250001
KJFK_New_York,NY,2024-11-15,10.381944444444445,40.40625,16.79748625,16.0692599,0.0,1010.99615203125
KJFK_New_York,NY,2024-11-16,12.65625,36.0625,26.503818125,16.0692599,0.0,1010.67867796875
KJFK_New_York,NY,2024-11-17,12.666666666666666,39.56666666666667,13.893968666666666,16.07408792,0.0,1015.4429054
KJFK_New_York,NY,2024-11-18,14.837962962962962,45.5,19.781470833333334,16.0934,0.0,1010.8233050416667
KJFK_New_York,NY,2024-11-19,12.013888888888888,56.166666666666664,13.142943333333333,16.0934,0.0,1011.9944315833333
KJFK_New_York,NY,2024-11-20,13.551587301587302,63.17857142857143,11.035474285714287,16.0934,0.0,1007.22123425
KJFK_New_York,NY,2024-11-21,8.875338753387535,88.26829268292683,23.315803902439022,11.101698346341463,36.83,998.3160314878048
KJFK_New_York,NY,2024-11-22,4.984567901234567,80.5,31.024498888888886,15.937830466666664,8.128,993.8678384444445
KJFK_New_York,NY,2024-11-23,7.698412698412699,68.74285714285715,27.81859142857143,15.979366765714284,0.254,999.4978461999999
KJFK_New_York,NY,2024-11-24,10.364583333333334,52.65625,27.05702875,16.0692599,0.0,1011.2395488125
KJFK_New_York,NY,2024-11-25,9.51388888888889,54.5625,16.59631875,16.0692599,0.0,1016.49903578125
KJFK_New_York,NY,2024-11-26,12.727272727272727,72.0909090909091,17.507668484848484,14.648407751515151,8.89,1010.9297710909091
KJFK_New_York,NY,2024-11-27,8.76736111111111,55.59375,15.741356875,16.0692599,0.0,1015.77942790625
KJFK_New_York,NY,2024-11-28,9.208333333333332,79.0,19.955816,12.702922955,28.194000000000003,1003.192639575
KJFK_New_York,NY,2024-11-29,6.128472222222222,56.96875,21.876965625,16.0692599,0.0,1011.54644040625
KJFK_New_York,NY,2024-11-30,2.0925925925925926,49.06666666666667,22.53076,16.07408792,0.0,1015.2622979333333
KJFK_New_York,NY,2024-12-01,1.0683760683760684,44.30769230769231,20.735726923076925,16.085972276923076,0.0,1018.5088908076923
KJFK_New_York,NY,2024-12-02,2.0833333333333335,48.84375,17.40098875,16.0692599,0.0,1020.022997875
KJFK_New_York,NY,2024-12-03,3.125,52.28125,18.255950625,15.962641125,0.0,1023.29298071875
KJFK_New_York,NY,2024-12-04,3.438438438438438,57.83783783783784,24.401074054054053,16.0290264,0.762,1017.7657858918919
KJFK_New_York,NY,2024-12-05,3.3862433862433865,68.5952380952381,33.10642285714285,14.448807790476188,5.842,1003.7179331666666
KJFK_New_York,NY,2024-12-06,1.1458333333333333,41.09375,29.370455,16.0692599,0.0,1017.4197105625
KJFK_New_York,NY,2024-12-07,3.0729166666666665,47.84375,22.3295925,16.0692599,0.0,1018.7319366875
KJFK_New_York,NY,2024-12-08,8.194444444444445,48.15625,22.027841249999998,16.0692599,0.0,1010.541105875
KJFK_New_York,NY,2024-12-09,8.538011695906434,83.60526315789474,10.46071,14.697509305263155,6.096,1014.1881587894736
KJFK_New_York,NY,2024-12-10,9.444444444444445,93.2,13.625745333333334,3.047732328888889,3.302,1016.5190248888888
KJFK_New_York,NY,2024-12-11,13.148148148148149,92.05555555555556,32.33581296296296,5.581131514814815,35.306,1003.9893818888888
KJFK_New_York,NY,2024-12-12,3.7152777777777777,44.46875,34.3996425,16.0692599,0.0,1019.7478536875
KJFK_New_York,NY,2024-12-13,-0.3993055555555556,38.0625,18.105075,16.0692599,0.0,1037.2724219375
KJFK_New_York,NY,2024-12-14,-1.0416666666666665,51.53125,9.8572075,16.0692599,0.0,1045.96062878125
KJFK_New_York,NY,2024-12-15,2.2569444444444446,63.28125,12.17063375,16.0692599,0.254,1040.7858015625
KJFK_New_York,NY,2024-12-16,8.792270531400966,92.45652173913044,17.177955217391304,6.495436182608696,29.464,1027.5190666086958
KJFK_New_York,NY,2024-12-17,11.712962962962964,78.47222222222223,18.82033722222222,12.312345077777778,2.032,1019.6138090833333
KJFK_New_York,NY,2024-12-18,8.842592592592592,73.63888888888889,9.700743888888889,14.826491788888887,7.366,1018.88009125
KJFK_New_York,NY,2024-12-19,6.421568627450981,60.588235294117645,21.91542411764706,15.967492811764703,1.016,1021.544383382353
KJFK_New_York,NY,2024-12-20,2.9365079365079363,76.14285714285714,22.300854285714287,13.931519933333334,2.032,1015.7154291666668
KJFK_New_York,NY,2024-12-21,-1.0683760683760684,65.97435897435898,31.444027692307692,11.282743931578947,4.064,1016.4727152820514
KJFK_New_York,NY,2024-12-22,-6.892361111111111,50.15625,25.497980625,16.0692599,0.0,1030.5419718125
KJFK_New_York,NY,2024-12-23,-5.243055555555555,58.34375,12.019758125,16.0692599,0.0,1035.33583015625
KJFK_New_York,NY,2024-12-24,1.4564564564564564,69.29729729729729,16.441365405405406,14.241354129729729,1.778,1025.3439775675674
KJFK_New_York,NY,2024-12-25,0.6944444444444444,64.4375,12.17063375,16.0692599,0.0,1028.11858646875
KJFK_New_York,NY,2024-12-26,-0.13888888888888884,59.0625,10.209250625,16.0692599,0.0,1030.74303871875
KJFK_New_York,NY,2024-12-27,1.6840277777777777,67.5,5.682981875,16.0692599,0.0,1029.83294640625
KJFK_New_York,NY,2024-12-28,8.132387706855791,91.80851063829788,5.649810638297873,3.45871134893617,20.066,1024.253283468085
KJFK_New_York,NY,2024-12-29,11.486486486486486,88.24324324324324,15.919417297297295,8.974897718918918,6.858,1017.3264704324323
KJFK_New_York,NY,2024-12-30,11.593567251461987,74.55263157894737,25.241227368421054,11.100634405263158,7.112,1004.3575119729729
KJFK_New_York,NY,2024-12-31,8.83986928104575,70.52941176470588,17.27673823529412,15.456764029411762,10.16,1011.0236664500001
KJFK_New_York,NY,2025-01-01,8.465608465608465,74.97619047619048,24.82981714285714,15.635121276190475,0.0,1000.5250511666666
KJFK_New_York,NY,2025-01-02,4.583333333333333,48.6875,35.053436875,16.0692599,0.0,1012.22371840625
KJFK_New_York,NY,2025-01-03,2.5,50.28125,25.598564375,16.0692599,0.0,1011.10197671875
KJFK_New_York,NY,2025-01-04,0.4513888888888889,40.03125,32.89088625,16.0692599,0.0,1010.78450265625
KJFK_New_York,NY,2025-01-05,-0.06944444444444446,45.59375,28.26403375,16.0692599,0.0,1015.9804948125
KJFK_New_York,NY,2025-01-06,-0.9974747474747474,68.11363636363636,15.764216818181819,12.270120222727273,2.032,1008.8825444090909
KJFK_New_York,NY,2025-01-07,-2.365591397849462,48.96774193548387,39.4547870967742,16.071596038709675,0.0,1009.209763032258
KJFK_New_York,NY,2025-01-08,-2.3090277777777777,41.15625,38.372700625,16.0692599,0.0,1011.5781878125
KJFK_New_York,NY,2025-01-09,-1.3620071684587813,46.0,41.47944064516129,16.071596038709675,0.0,1006.8939092258065
KJFK_New_York,NY,2025-01-10,1.9618055555555554,46.90625,22.782219375,16.0692599,0.0,1011.26071375
KJFK_New_York,NY,2025-01-11,0.7181571815718157,67.04878048780488,20.450393658536584,13.426998385365852,1.27,1001.487674804878
KJFK_New_York,NY,2025-01-12,3.454861111111111,51.75,16.0934,16.0692599,0.0,1014.36137709375
KJFK_New_York,NY,2025-01-13,3.0729166666666665,60.34375,18.406826249999998,16.0692599,0.0,1013.89574846875
KJFK_New_York,NY,2025-01-14,0.2951388888888889,40.34375,27.35878,16.0692599,0.0,1015.20797459375
KJFK_New_York,NY,2025-01-15,-1.5277777777777777,42.84375,30.07454125,16.0692599,0.0,1019.27164259375
KJFK_New_York,NY,2025-01-16,-1.4705882352941178,56.05882352941177,17.655406470588236,15.976012847058822,0.0,1014.1242052941176
KJFK_New_York,NY,2025-01-17,1.6840277777777777,60.21875,16.79748625,16.0692599,0.0,1016.9540819375
KJFK_New_York,NY,2025-01-18,6.402116402116403,80.71428571428571,15.786859047619048,13.22762527142857,6.8580000000000005,1011.6356354999999
KJFK_New_York,NY,2025-01-19,2.210144927536232,80.47826086956522,22.32084608695652,10.692664873913042,9.905999999999999,1006.170086173913
KJFK_New_York,NY,2025-01-20,-4.412698412698412,52.285714285714285,25.381590857142857,15.830387862857142,0.0,1021.3158732
KJFK_New_York,NY,2025-01-21,-7.795138888888889,44.96875,18.3062425,16.0692599,0.0,1032.5314759375
KJFK_New_York,NY,2025-01-22,-7.925925925925926,45.56666666666667,13.357522,16.07408792,0.0,1032.0249284333333
KJFK_New_York,NY,2025-01-23,-3.9555555555555553,53.28,12.230984,16.07408792,0.0,1023.705697
KJFK_New_York,NY,2025-01-24,-1.5451388888888888,49.21875,17.250113125,16.0692599,0.0,1021.7114895555555
KJFK_New_York,NY,2025-01-25,-2.1875,54.53125,16.6969025,16.0692599,0.0,1025.5470465625
KJFK_New_York,NY,2025-01-26,2.204861111111111,55.875,16.847778124999998,16.0692599,0.0,1020.09707515625
KJFK_New_York,NY,2025-01-27,2.3784722222222223,49.9375,21.374046875,16.0692599,0.0,1013.334877625
KJFK_New_York,NY,2025-01-28,3.7847222222222223,45.0625,25.347105,16.0692599,0.0,1002.5407594999999
KJFK_New_York,NY,2025-01-29,6.597222222222222,48.25,31.38213,16.0692599,0.0,1001.1297636666667
KJFK_New_York,NY,2025-01-30,0.9375,43.03125,24.1401,16.0692599,0.0,1021.55745584375
KJFK_New_York,NY,2025-01-31,6.767676767676767,88.13636363636364,11.777442727272728,8.193003636363636,5.08,1010.9066820681818
KJFK_New_York,NY,2025-02-01,3.595679012345679,58.666666666666664,27.135260555555554,13.883686772222221,0.254,1015.8417468888888
KJFK_New_York,NY,2025-02-02,-1.016260162601626,67.04878048780488,15.700878048780488,15.536018829268292,3.3019999999999996,1029.5203764146343
KJFK_New_York,NY,2025-02-03,4.412698412698413,80.25714285714285,13.380512571428572,16.07132905142857,0.254,1017.2618806
KJFK_New_York,NY,2025-02-04,6.25,52.78125,28.314325625,16.0692599,0.0,1014.5412790625
KJFK_New_York,NY,2025-02-05,0.7352941176470589,41.911764705882355,16.188067058823528,15.680178288235295,0.0,1027.719565147059
KJFK_New_York,NY,2025-02-06,2.938034188034188,82.1923076923077,17.052814230769233,8.417776665384615,9.906,1015.7151190576923
KJFK_New_York,NY,2025-02-07,4.288194444444445,51.8125,25.74944,12.281275874999999,0.0,1014.2026400625
KJFK_New_York,NY,2025-02-08,0.5277777777777778,57.25,12.1907505,11.846393005128204,21.843999999999998,1021.1659045
KJFK_New_York,NY,2025-02-09,1.9444444444444446,75.525,16.4555015,11.65081693,2.794,1015.0619365250001
KJFK_New_York,NY,2025-02-10,1.7562724014336917,48.903225806451616,17.650825806451614,16.071596038709675,0.0,1027.2450207419356
KJFK_New_York,NY,2025-02-11,0.44753086419753085,62.30555555555556,8.404331111111112,11.710183694444444,4.318,1027.5059791111112
KJFK_New_York,NY,2025-02-12,1.775599128540305,79.76470588235294,17.76585137254902,11.460078584313726,4.572,1023.280738254902
KJFK_New_York,NY,2025-02-13,5.773420479302833,82.47058823529412,19.46985843137255,6.564529415686274,6.604,1011.7603722745098
KJFK_New_York,NY,2025-02-14,1.996527777777778,35.625,24.995061875,16.0692599,0.0,1030.9652705624999
KJFK_New_York,NY,2025-02-15,1.3695090439276485,67.18604651162791,14.933178139534885,8.811323632558139,16.764,1025.3358893953489
KJFK_New_York,NY,2025-02-16,6.088435374149659,86.20408163265306,24.961191836734695,4.841485906122449,54.61,995.2675463111111
KJFK_New_York,NY,2025-02-17,1.5104166666666667,37.25,40.686126875,16.0692599,0.0,1007.6097620312499
KJFK_New_York,NY,2025-02-18,-3.263888888888889,31.90625,31.734173124999998,16.0692599,0.0,1020.35105440625
KJFK_New_York,NY,2025-02-19,-3.1770833333333335,41.875,23.989224375,16.0692599,0.0,1024.05491846875
KJFK_New_York,NY,2025-02-20,-3.4285714285714284,54.857142857142854,25.979345714285714,14.125407085714285,0.0,1014.4076375999999
KJFK_New_York,NY,2025-02-21,-1.1284722222222223,43.75,36.51190125,16.0692599,0.0,1021.0600798125
KJFK_New_York,NY,2025-02-22,0.034722222222222196,51.0,21.22317125,16.0692599,0.0,1025.49413421875
KJFK_New_York,NY,2025-02-23,4.915824915824916,47.303030303030305,16.532310909090906,16.069991418181814,0.0,1018.6568973636364
KJFK_New_York,NY,2025-02-24,5.607638888888889,59.03125,22.3295925,16.0692599,0.0,1016.77417996875
KJFK_New_York,NY,2025-02-25,7.951388888888889,64.53125,11.16479625,16.0692599,0.0,1008.5727666875
KJFK_New_York,NY,2025-02-26,10.60763888888889,53.28125,17.9039075,16.0692599,0.0,1011.641682625
KJFK_New_York,NY,2025-02-27,9.191919191919192,74.21212121212122,14.09391696969697,15.57060833939394,0.0,1005.952803969697
KJFK_New_York,NY,2025-02-28,8.85057471264368,48.13793103448276,22.919221379310343,16.076751655172412,0.0,1005.0688747931034
KJFK_New_York,NY,2025-03-01,8.333333333333334,52.96969696969697,27.651387272727273,16.069991418181814,0.0,1001.355523
KJFK_New_York,NY,2025-03-02,-1.6145833333333333,33.75,30.376292499999998,16.0692599,0.0,1017.86417425
KJFK_New_York,NY,2025-03-03,0.06944444444444452,44.21875,20.368209375,16.0692599,0.0,1023.7691918125
KJFK_New_York,NY,2025-03-04,5.486111111111112,68.46875,25.85002375,16.0692599,0.0,1021.1870694375
KJFK_New_York,NY,2025-03-05,10.03968253968254,82.54761904761905,32.68492904761905,11.551612614285713,59.69,1003.5647393333334
KJFK_New_York,NY,2025-03-06,9.287749287749287,68.97435897435898,26.781068205128204,10.25190845128205,0.508,991.699969974359
KJFK_New_York,NY,2025-03-07,7.5,31.71875,36.461609375,16.0692599,0.0,1002.72066146875
KJFK_New_York,NY,2025-03-08,7.013888888888889,31.625,29.1692875,16.0692599,0.0,1004.82657275
KJFK_New_York,NY,2025-03-09,7.135416666666667,37.34375,22.983386875,16.0692599,0.0,1011.71575990625
KJFK_New_York,NY,2025-03-10,10.17921146953405,53.16129032258065,18.377624516129032,16.071596038709675,0.0,1010.3349184193548
KJFK_New_York,NY,2025-03-11,9.652777777777779,63.375,14.132016875,16.0692599,0.0,1007.747334125
KJFK_New_York,NY,2025-03-12,9.139784946236558,47.96774193548387,16.145314193548387,16.071596038709675,0.0,1013.9179375161291
KJFK_New_York,NY,2025-03-13,7.104377104377105,60.303030303030305,20.433741212121213,16.069991418181814,0.0,1018.2464258484849
KJFK_New_York,NY,2025-03-14,7.837837837837838,70.45945945945945,13.005207027027026,12.530234248648647,0.0,1020.3925262432433
KJFK_New_York,NY,2025-03-15,7.441860465116279,87.67441860465117,13.174132093023255,4.252025986046512,0.254,1019.523899116279
KJFK_New_York,NY,2025-03-16,11.235827664399093,90.59183673469387,23.850418799999996,1.443899848,1.524,1014.18925
KJFK_New_York,NY,2025-03-17,11.934156378600823,82.44444444444444,19.431290370370373,8.142366322222223,24.638,1009.1630332777778
KJFK_New_York,NY,2025-03-18,8.940972222222221,42.78125,20.11675,16.0692599,0.0,1016.24505653125
KJFK_New_York,NY,2025-03-19,8.758169934640522,62.529411764705884,11.076045882352942,14.686174170588234,0.0,1017.1619963235295
KJFK_New_York,NY,2025-03-20,7.6811594202898545,95.6086956521739,15.813514782608696,2.146019904347826,14.986,1006.2510650652173
KJFK_New_York,NY,2025-03-21,8.518518518518517,46.57575757575758,31.65035333333333,16.069991418181814,1.5239999999999998,1004.1364675151514
KJFK_New_York,NY,2025-03-22,9.583333333333334,54.46875,22.933095,16.0692599,0.0,1007.4721899374999
KJFK_New_York,NY,2025-03-23,4.496527777777778,45.65625,23.184554375,16.0692599,0.0,1018.86950878125
KJFK_New_York,NY,2025-03-24,7.577777777777778,89.46,18.668344,8.167078632,31.496,1010.1872281199999
KJFK_New_York,NY,2025-03-25,11.336805555555555,49.90625,21.575214375,15.51755803125,0.0,1011.20780140625
KJFK_New_York,NY,2025-03-26,7.728758169934641,46.794117647058826,20.637418823529412,15.976012847058822,0.254,1016.1161994117647
KJFK_New_York,NY,2025-03-27,6.2896825396825395,40.464285714285715,22.415807142857144,16.079605657142857,0.0,1022.2301985
KJFK_New_York,NY,2025-03-28,10.68100358422939,57.903225806451616,16.352970967741935,16.071596038709675,0.254,1020.0243633548387
KJFK_New_York,NY,2025-03-29,14.476190476190474,67.25714285714285,22.346835428571428,16.07132905142857,0.254,1015.7234920000001
KJFK_New_York,NY,2025-03-30,7.9678362573099415,85.0,16.686314736842107,13.862770057894735,0.762,1018.519173368421
KJFK_New_York,NY,2025-03-31,12.14470284237726,92.11627906976744,18.788108837209304,5.430961102325581,19.811999999999998,1004.7655389767442
KJFK_New_York,NY,2025-04-01,10.046296296296298,55.5,26.822333333333333,14.007069505555556,5.08,1012.1543444444445
KJFK_New_York,NY,2025-04-02,5.972222222222222,55.53125,20.11675,16.0692599,0.254,1029.74828665625
KJFK_New_York,NY,2025-04-03,11.358024691358024,90.91111111111111,14.591349333333334,7.921529111111112,3.048,1018.4229286
KJFK_New_York,NY,2025-04-04,17.95138888888889,53.90625,16.2945675,15.956606099999998,2.286,1020.13940503125
KJFK_New_York,NY,2025-04-05,9.342105263157896,75.8157894736842,22.742515263157895,12.307215894736842,4.064,1021.3084893421052
KJFK_New_York,NY,2025-04-06,10.146198830409356,74.97368421052632,12.324156315789475,12.302557278947369,0.762,1009.9551712894737
KJFK_New_York,NY,2025-04-07,6.558265582655825,83.14634146341463,14.013033658536584,12.683561809756098,5.842,1007.3766896097561
KJFK_New_York,NY,2025-04-08,6.068376068376068,57.666666666666664,25.74944,14.115149753846154,0.254,1006.2006656153847
KJFK_New_York,NY,2025-04-09,4.583333333333333,43.3125,25.196229375,16.0692599,0.0,1023.2612333125
KJFK_New_York,NY,2025-04-10,7.020202020202021,63.63636363636363,17.117525454545454,16.07291749090909,0.0,1026.2506203939395
KJFK_New_York,NY,2025-04-11,7.209302325581396,80.44186046511628,17.291048372093023,14.276342860465116,12.954,1019.5711510697674
KJFK_New_York,NY,2025-04-12,4.481481481481481,88.62222222222222,26.214360444444445,5.941325648888889,15.494,1013.0498564666666
KJFK_New_York,NY,2025-04-13,9.330484330484332,67.35897435897436,21.911783076923076,15.609772697435897,1.016,1011.4365455384616
KJFK_New_York,NY,2025-04-14,11.71875,58.53125,12.422093125,15.767508649999998,0.7619999999999999,1009.38761678125
KJFK_New_York,NY,2025-04-15,13.368055555555555,65.0,19.362371875,15.8439523,0.254,998.95330259375
KJFK_New_York,NY,2025-04-16,9.583333333333334,44.53125,32.740010625,16.0692599,0.0,1007.54626721875
KJFK_New_York,NY,2025-04-17,12.378472222222221,36.6875,21.5249225,16.0692599,0.0,1018.7319366875
KJFK_New_York,NY,2025-04-18,11.197916666666666,63.625,20.01616625,16.0692599,0.0,1021.6950279375001
KJFK_New_York,NY,2025-04-19,18.854166666666668,64.625,21.72609,15.906314225,0.0,1014.53069659375
KJFK_New_York,NY,2025-04-20,17.604166666666668,39.09375,24.592726875,16.0692599,0.0,1022.0336669375
KJFK_New_York,NY,2025-04-21,11.026936026936026,58.84848484848485,14.776667272727273,16.069991418181814,0.0,1023.2439165454546
KJFK_New_York,NY,2025-04-22,16.805555555555557,70.05555555555556,14.215836666666668,13.588641105555554,0.0,1014.2614315555555
KJFK_New_York,NY,2025-04-23,15.774410774410773,48.54545454545455,17.26382909090909,16.069991418181814,0.0,1021.6122922727274
KJFK_New_York,NY,2025-04-24,15.868055555555555,58.84375,14.836103125,16.0692599,0.0,1024.03375353125
KJFK_New_York,NY,2025-04-25,16.094771241830063,71.82352941176471,20.874086470588235,15.313343435294117,0.0,1021.0463848529411
KJFK_New_York,NY,2025-04-26,15.506172839506174,88.46666666666667,23.496364,8.800944013333332,15.748000000000001,1009.8515992444445
KJFK_New_York,NY,2025-04-27,13.61111111111111,45.0625,35.70723125,16.0692599,0.0,1014.10739784375
KJFK_New_York,NY,2025-04-28,16.822916666666668,37.90625,20.11675,16.0692599,0.0,1023.8961814375
KJFK_New_York,NY,2025-04-29,15.277777777777777,63.59375,24.7436025,16.0692599,0.0,1018.2663080625
KJFK_New_York,NY,2025-04-30,20.625,40.59375,22.7319275,16.0692599,0.0,1014.3719595625
KJFK_New_York,NY,2025-05-01,14.907407407407407,50.30555555555556,16.763958333333335,16.071942133333334,0.0,1018.4661991388889
KJFK_New_York,NY,2025-05-02,17.349206349206348,80.85714285714286,12.322946285714286,12.965762662857143,0.0,1011.1760540000001
KJFK_New_York,NY,2025-05-03,17.32638888888889,79.9375,18.7085775,15.968676149999999,0.0,1010.964404625
KJFK_New_York,NY,2025-05-04,16.292517006802722,90.81632653061224,16.68458612244898,9.565719897959184,22.352,1013.069668
KJFK_New_York,NY,2025-05-05,16.153039832285113,95.0754716981132,15.425372075471698,2.7887129358490563,34.036,1017.814656283019
KJFK_New_York,NY,2025-05-06,15.242424242424244,95.34545454545454,19.253558545454545,4.8695702327272725,2.286,1016.3726233818182
KJFK_New_York,NY,2025-05-07,17.08754208754209,71.9090909090909,14.288988484848485,16.069991418181814,0.0,1014.5932293636363
KJFK_New_York,NY,2025-05-08,19.114583333333332,66.5625,13.729681875,16.0692599,0.0,1015.028072625
KJFK_New_York,NY,2025-05-09,15.342789598108746,88.02127659574468,14.621025106382978,11.458843212765956,9.144,1011.269720106383
KJFK_New_York,NY,2025-05-10,17.84722222222222,47.5625,26.604401875,16.0692599,0.0,1013.5676919375
KJFK_New_York,NY,2025-05-11,19.479166666666668,48.53125,11.215088125,16.0692599,0.0,1021.85376496875
KJFK_New_York,NY,2025-05-12,16.46953405017921,60.61290322580645,13.393861935483871,16.071596038709675,0.0,1024.4375941935484
KJFK_New_York,NY,2025-05-13,17.34234234234234,86.70270270270271,13.396668108108107,14.67152636216216,5.8420000000000005,1021.0423470270271
KJFK_New_York,NY,2025-05-14,16.74074074074074,90.75555555555556,22.88839111111111,11.56149856,26.67,1016.7899360888888
KJFK_New_York,NY,2025-05-15,18.29787234042553,91.7872340425532,8.902731914893618,6.781827242553191,0.254,1011.2336946808512
KJFK_New_York,NY,2025-05-16,17.48888888888889,94.12,9.945721200000001,8.5134086,4.064,1007.53229836
KJFK_New_York,NY,2025-05-17,20.430555555555554,78.575,16.656669,12.928230554999999,0.0,1001.23699935
KJFK_New_York,NY,2025-05-18,20.97222222222222,50.21875,31.927229032258065,16.0692599,0.0,1001.8634814999999
KJFK_New_York,NY,2025-05-19,18.00347222222222,46.625,31.935340625,16.0692599,0.0,1007.37694771875
KJFK_New_York,NY,2025-05-20,15.01736111111111,54.25,17.652448125,16.0692599,0.0,1013.3560425625
KJFK_New_York,NY,2025-05-21,11.842105263157896,79.60526315789474,22.10724947368421,15.159135778947368,4.318,1014.7050288421053
KJFK_New_York,NY,2025-05-22,10.441595441595442,87.46153846153847,19.683466153846155,12.912683917948717,25.654,1009.4047115384616
KJFK_New_York,NY,2025-05-23,12.746913580246915,75.75,11.086564444444443,15.045093805555556,1.27,1009.2570996666667
KJFK_New_York,NY,2025-05-24,15.3125,56.96875,23.888640625,16.0692599,0.0,1013.504197125
KJFK_New_York,NY,2025-05-25,16.770833333333332,54.125,22.681635625000002,16.0692599,0.0,1018.0969885625
KJFK_New_York,NY,2025-05-26,16.986531986531986,61.09090909090909,15.31311393939394,16.069991418181814,0.0,1022.0125019999999
KJFK_New_York,NY,2025-05-27,17.291666666666668,66.4375,14.98697875,16.0692599,0.0,1025.98092778125
KJFK_New_York,NY,2025-05-28,14.954954954954957,74.89189189189189,12.483258918918919,15.453143654054054,5.08,1023.7331542162162
KJFK_New_York,NY,2025-05-29,16.541666666666664,86.75,13.679390000000001,12.171036085,4.064,1015.5952929499999
KJFK_New_York,NY,2025-05-30,17.473544973544975,89.95238095238095,13.870978095238094,8.554408452380951,1.5239999999999998,1003.2099746666665
KJFK_New_York,NY,2025-05-31,17.849002849002847,69.33333333333333,28.555468717948717,13.148307799999998,19.05,991.1616207948717
KJFK_New_York,NY,2025-06-01,16.077441077441076,52.24242424242424,24.579010909090908,16.069991418181814,0.0,1006.1067307878787
KJFK_New_York,NY,2025-06-02,16.75627240143369,62.32258064516129,13.497690322580645,16.071596038709675,0.0,1014.562444
KJFK_New_York,NY,2025-06-03,19.166666666666668,57.75,12.522676875,16.0692599,0.0,1020.11824009375
KJFK_New_York,NY,2025-06-04,20.13888888888889,72.375,13.67939,16.0692599,0.0,1020.92250771875
KJFK_New_York,NY,2025-06-05,22.36111111111111,75.90625,15.4898975,16.0692599,0.0,1016.0863195000001
KJFK_New_York,NY,2025-06-06,22.743055555555557,78.6875,14.836103125,16.018968025,0.0,1011.8321670624999
KJFK_New_York,NY,2025-06-07,20.972222222222225,91.14285714285714,11.926358928571428,8.442425210714285,22.605999999999998,1007.0761032500001
KJFK_New_York,NY,2025-06-08,19.84375,80.59375,19.21149625,16.075294924999998,0.254,1009.9908174999999
KJFK_New_York,NY,2025-06-09,17.704678362573098,91.76315789473684,13.637038947368422,6.582624110526316,1.27,1011.5146930000001
KJFK_New_York,NY,2025-06-10,19.59948320413437,90.93023255813954,9.880599069767442,8.909006827906977,5.588,1010.8137890232558
KJFK_New_York,NY,2025-06-11,23.620071684587817,62.03225806451613,13.91300387096774,16.074710890322578,0.0,1016.4522680967742
KJFK_New_York,NY,2025-06-12,26.28472222222222,58.0625,18.658285625,16.0692599,0.0,1015.5571960625
KJFK_New_York,NY,2025-06-13,22.48263888888889,53.8125,14.78581125,16.018968025,0.0,1018.753101625
KJFK_New_York,NY,2025-06-14,17.032520325203254,87.58536585365853,18.841053658536584,9.570077692682927,33.528,1017.9323150243903
KJFK_New_York,NY,2025-06-15,16.27371273712737,85.39024390243902,9.65604,13.815202595121951,2.286,1020.6827244634146
KJFK_New_York,NY,2025-06-16,18.219373219373217,85.64102564102564,14.401529743589744,13.4066275025641,0.0,1019.2686577948718
KJFK_New_York,NY,2025-06-17,18.43567251461988,95.73684210526316,10.714816315789474,3.7328217789473683,1.778,1016.380400736842
KJFK_New_York,NY,2025-06-18,21.30952380952381,91.80952380952381,9.770992857142858,6.486406552380952,6.858,1012.2967878333333
KJFK_New_York,NY,2025-06-19,23.72685185185185,86.79166666666667,18.473882083333333,9.754276795833333,27.686,1007.9589835
KJFK_New_York,NY,2025-06-20,24.86111111111111,61.25,26.375294444444442,16.071942133333334,0.0,1010.7151286944445
KJFK_New_York,NY,2025-06-21,25.591397849462368,64.2258064516129,15.418515483870967,16.071596038709675,0.0,1018.1017677419355
KJFK_New_York,NY,2025-06-22,26.68402777777778,74.65625,18.105075,15.817800525,2.032,1016.3191338125
KJFK_New_York,NY,2025-06-23,27.95138888888889,79.6875,10.15895875,15.11572595,0.0,1017.2503910625001
KJFK_New_York,NY,2025-06-24,32.091503267973856,57.61764705882353,13.300721764705882,15.391917094117646,0.0,1016.8432772647059
KJFK_New_York,NY,2025-06-25,31.631944444444443,57.90625,12.925011875000001,16.0692599,1.5239999999999998,1015.239722
KJFK_New_York,NY,2025-06-26,23.713450292397663,69.71052631578948,18.59211210526316,16.07307149473684,2.032,1017.610195
KJFK_New_York,NY,2025-06-27,19.70679012345679,66.52777777777777,17.881555555555554,15.9405127,0.0,1022.6333401666666
KJFK_New_York,NY,2025-06-28,21.765432098765434,88.84444444444445,9.799092444444444,11.127334391111111,3.048,1017.6779227999999
KJFK_New_York,NY,2025-06-29,27.71043771043771,74.42424242424242,14.727899393939394,15.57060833939394,0.0,1013.9672603030302
KJFK_New_York,NY,2025-06-30,25.925925925925927,79.38888888888889,12.651200555555555,13.865358177777777,0.7619999999999999,1014.0544854999999
KJFK_New_York,NY,2025-07-01,25.555555555555554,87.4047619047619,16.323305714285716,14.787918719047617,13.969999999999999,1010.0150060000001
KJFK_New_York,NY,2025-07-02,24.336917562724015,86.09677419354838,13.549604516129031,16.01968184516129,0.254,1010.5096998387096
KJFK_New_York,NY,2025-07-03,26.42156862745098,66.32352941176471,14.673394117647058,15.881345788235294,0.0,1010.3394164705882
KJFK_New_York,NY,2025-07-04,24.756944444444443,56.625,15.540189375,16.0692599,0.0,1016.7635975
KJFK_New_York,NY,2025-07-05,24.72222222222222,61.6875,16.143691875000002,15.956606099999998,0.0,1019.89600825
KJFK_New_York,NY,2025-07-06,25.572916666666668,70.90625,22.983386875,16.0692599,0.0,1017.21864365625
KJFK_New_York,NY,2025-07-07,26.151761517615174,87.90243902439025,18.40927951219512,14.713292819512196,0.254,1014.3063998780488
KJFK_New_York,NY,2025-07-08,27.81045751633987,80.0,16.369286857142857,13.525812982857142,7.112,1013.9238676
KJFK_New_York,NY,2025-07-09,26.65165165165165,81.54054054054055,18.355175135135134,15.898539372972971,1.524,1014.4160055135136
KJFK_New_York,NY,2025-07-10,24.395424836601308,83.17647058823529,6.626694117647059,16.07067990588235,1.5239999999999998,1013.9548857941176
KJFK_New_York,NY,2025-07-11,24.483204134366925,86.34883720930233,11.37765953488372,14.81341330232558,0.0,1015.9485013023257
KJFK_New_York,NY,2025-07-12,24.886039886039885,81.82051282051282,12.07005,15.949797353846153,0.0,1017.9662001025641
KJFK_New_York,NY,2025-07-13,24.769647696476966,84.7560975609756,12.364441463414634,13.940417097560974,0.762,1018.0727263170733
KJFK_New_York,NY,2025-07-14,25.921409214092144,86.1951219512195,16.05414780487805,14.489947829268292,47.244,1016.9576954634146
KJFK_New_York,NY,2025-07-15,25.72222222222222,87.025,9.8572075,14.034651805,14.732,1017.1530323499999
KJFK_New_York,NY,2025-07-16,27.474747474747474,85.45454545454545,16.337239393939395,15.814447733333333,0.0,1015.2089366363637
KJFK_New_York,NY,2025-07-17,29.52861952861953,69.12121212121212,26.042047272727274,15.960751369696967,0.0,1010.3858963333332
KJFK_New_York,NY,2025-07-18,26.52777777777778,54.0,17.80332375,16.0692599,0.0,1015.9381649375
KJFK_New_York,NY,2025-07-19,24.781144781144782,71.27272727272727,12.728416363636363,16.069991418181814,0.7619999999999999,1017.1791999090909
KJFK_New_York,NY,2025-07-20,27.175925925925924,77.33333333333333,13.366462777777777,15.133160466666665,4.318,1008.805581
KJFK_New_York,NY,2025-07-21,26.197916666666668,58.84375,12.77413625,16.0692599,0.0,1011.6840125
KJFK_New_York,NY,2025-07-22,23.055555555555557,61.65625,15.79164875,16.0692599,0.0,1019.30339
KJFK_New_York,NY,2025-07-23,24.18402777777778,64.15625,14.78581125,16.0692599,0.0,1023.16599109375
KJFK_New_York,NY,2025-07-24,25.243055555555557,67.59375,21.776381875,16.0692599,0.0,1020.192317375
KJFK_New_York,NY,2025-07-25,28.922558922558924,67.87878787878788,19.12274588235294,16.073519917647058,6.096,1013.4568872647059
KJFK_New_York,NY,2025-07-26,26.12847222222222,59.125,17.300404999999998,13.61551931875,0.0,1018.160483375
KJFK_New_York,NY,2025-07-27,25.76797385620915,80.61764705882354,16.661402352941174,12.656039094117645,0.254,1015.199882117647
KJFK_New_York,NY,2025-07-28,29.14814814814815,65.83333333333333,10.889867333333333,15.966798586666666,0.0,1014.3479726333334
KJFK_New_York,NY,2025-07-29,29.34027777777778,72.78125,14.18230875,15.54220105,0.0,1014.689433625
KJFK_New_York,NY,2025-07-30,30.364583333333332,61.3125,13.0758875,16.0692599,0.0,1014.223805
KJFK_New_York,NY,2025-07-31,25.666666666666668,82.93333333333334,15.80729511111111,13.156175684444444,30.226,1014.5172921333333
KJFK_New_York,NY,2025-08-01,20.285285285285283,78.83783783783784,19.18159297297297,15.747174421621622,0.0,1020.1271064864866
KJFK_New_York,NY,2025-08-02,21.38888888888889,71.59375,10.36012625,16.0692599,0.0,1022.4992955625
KJFK_New_York,NY,2025-08-03,22.96875,58.53125,10.76246125,16.0692599,0.0,1020.276977125
KJFK_New_York,NY,2025-08-04,24.21875,64.96875,10.76246125,16.0692599,0.0,1020.0864926875
KJFK_New_York,NY,2025-08-05,24.09722222222222,77.0,11.013920625,14.37542955,0.0,1024.73219646875
KJFK_New_York,NY,2025-08-06,22.53472222222222,74.59375,12.522676875,14.89041835,0.508,1028.39373065625
KJFK_New_York,NY,2025-08-07,21.84027777777778,68.875,14.433768125,15.511020087499999,0.0,1026.57354603125
KJFK_New_York,NY,2025-08-08,21.319444444444446,59.90625,11.96946625,16.0692599,0.0,1024.0231710625
KJFK_New_York,NY,2025-08-09,21.59722222222222,63.59375,10.008083124999999,16.0692599,0.0,1023.0919138125
KJFK_New_York,NY,2025-08-10,24.270833333333332,60.125,15.137854375,16.0692599,0.0,1022.8590995
KJFK_New_York,NY,2025-08-11,24.635416666666668,67.1875,15.99281625,16.0692599,0.0,1021.53629090625
KJFK_New_York,NY,2025-08-12,24.930555555555557,80.0,17.0992375,16.0692599,0.0,1016.9117520625
KJFK_New_York,NY,2025-08-13,24.941520467836256,87.05263157894737,18.445512307692304,14.878967276923076,16.51,1011.4886438461539
KJFK_New_York,NY,2025-08-14,25.76797385620915,81.5,10.366042941176472,15.858625694117647,0.0,1012.1421711470588
KJFK_New_York,NY,2025-08-15,25.707070707070706,68.9090909090909,14.971738787878786,16.069991418181814,0.0,1019.1186778181818
KJFK_New_York,NY,2025-08-16,24.410774410774412,77.42424242424242,12.143201818181819,16.069991418181814,0.0,1019.0878924545455
KJFK_New_York,NY,2025-08-17,25.587301587301585,78.08571428571429,17.380872,16.07132905142857,3.556,1012.0855415999999
KJFK_New_York,NY,2025-08-18,20.702614379084967,71.08823529411765,18.176075294117645,16.070679905882354,0.0,1018.9547910294117
KJFK_New_York,NY,2025-08-19,20.12152777777778,60.375,17.954199374999998,16.0692599,0.0,1021.75852275
KJFK_New_York,NY,2025-08-20,18.774928774928775,86.82051282051282,19.931056923076923,10.86634621025641,36.576,1016.7853051282052
KJFK_New_York,NY,2025-08-21,18.68827160493827,76.41666666666667,26.911741111111112,14.296750705555556,1.27,1013.4430539722222
KJFK_New_York,NY,2025-08-22,22.04861111111111,47.75,16.0934,16.0692599,0.0,1015.33496421875
KJFK_New_York,NY,2025-08-23,22.100694444444443,63.03125,20.01616625,15.971693662499998,0.0,1017.70543721875
KJFK_New_York,NY,2025-08-24,22.899305555555557,79.09375,18.255950625,16.075294924999998,0.0,1013.68409909375
KJFK_New_York,NY,2025-08-25,24.38271604938272,64.62962962962963,13.411166666666666,15.914584444444442,0.0,1009.1943887407407
KORD_Chicago,IL,2021-01-01,-0.7716049382716049,86.31481481481481,20.742604444444442,5.8013726740740745,20.32,990.6444968518518
KORD_Chicago,IL,2021-01-02,-0.2638888888888889,86.7,11.184913,7.01591773,0.0,992.2292019500001
KORD_Chicago,IL,2021-01-03,-0.6944444444444445,86.79166666666667,10.661877500000001,8.792360866666666,1.524,990.053446375
KORD_Chicago,IL,2021-01-04,-2.8703703703703702,88.03703703703704,12.18926037037037,6.959203396296296,0.0,990.2807734814814
KORD_Chicago,IL,2021-01-05,-0.15873015873015872,84.94285714285714,9.380153142857143,10.34483752,0.0,994.3698842
KORD_Chicago,IL,2021-01-06,1.0648148148148149,80.5,7.376141666666667,9.05298453888889,0.0,1002.446693111111
KORD_Chicago,IL,2021-01-07,1.8888888888888888,73.0,14.269481333333333,15.096145646666665,0.0,1002.5068956
KORD_Chicago,IL,2021-01-08,0.3812636165577342,80.17647058823529,17.45029450980392,11.95297840392157,1.27,999.7552877254901
KORD_Chicago,IL,2021-01-09,-0.5555555555555556,71.93939393939394,11.362915757575758,16.08169570909091,0.0,1000.8526953939394
KORD_Chicago,IL,2021-01-10,-2.388888888888889,75.15,8.8916035,16.00327696,0.0,1001.5587063999999
KORD_Chicago,IL,2021-01-11,-3.400673400673401,81.93939393939394,20.775116363636364,13.96126833939394,0.0,998.6156256363637
KORD_Chicago,IL,2021-01-12,-0.4814814814814815,79.4,17.488161333333334,15.316625226666666,0.0,992.8443961333334
KORD_Chicago,IL,2021-01-13,2.3015873015873014,76.71428571428571,13.67939,15.720952742857142,0.0,984.4961385
KORD_Chicago,IL,2021-01-14,2.272727272727273,83.06060606060606,15.215578181818183,14.102207509090908,5.8420000000000005,975.5163411212121
KORD_Chicago,IL,2021-01-15,1.2532299741602069,82.53488372093024,10.105158139534883,15.37331391627907,0.762,974.0990211627907
KORD_Chicago,IL,2021-01-16,0.7158119658119658,85.5,12.843771153846152,10.16886238076923,3.302,978.1131654807692
KORD_Chicago,IL,2021-01-17,-0.8712121212121212,86.06818181818181,11.26538,8.238357763636364,2.032,981.5374451590909
KORD_Chicago,IL,2021-01-18,-2.6210826210826212,77.35897435897436,14.112673846153845,14.624774087179485,0.0,987.4279087435897
KORD_Chicago,IL,2021-01-19,-2.9468599033816423,78.80434782608695,17.422854782608695,10.689516165217391,5.079999999999999,994.7299773478261
KORD_Chicago,IL,2021-01-20,-4.87037037037037,68.7,20.92142,15.812301946666667,0.0,993.1830351333333
KORD_Chicago,IL,2021-01-21,1.23015873015873,64.10714285714286,22.47328357142857,16.079605657142857,0.0,982.4522102499999
KORD_Chicago,IL,2021-01-22,-8.015873015873016,55.17857142857143,16.495735,16.079605657142857,0.0,995.308398
KORD_Chicago,IL,2021-01-23,-5.900383141762451,55.689655172413794,8.934611724137932,16.08008132413793,0.0,1001.7875796551724
KORD_Chicago,IL,2021-01-24,-1.080246913580247,74.88888888888889,11.667715,12.597555888888888,0.508,994.3381703888889
KORD_Chicago,IL,2021-01-25,-0.4671717171717172,77.31818181818181,24.944770000000002,10.07849175,2.286,988.8566653636364
KORD_Chicago,IL,2021-01-26,-1.003584229390681,83.85483870967742,28.085578709677417,5.3642936193548385,4.572,987.1654565161291
KORD_Chicago,IL,2021-01-27,-5.666666666666667,70.51428571428572,17.013022857142857,16.082364525714283,0.0,1003.2035243999999
KORD_Chicago,IL,2021-01-28,-8.313492063492063,58.964285714285715,8.506511428571429,16.079605657142857,0.0,1010.68018975
KORD_Chicago,IL,2021-01-29,-3.888888888888889,59.57142857142857,9.196228571428572,16.079605657142857,0.0,1003.73809025
KORD_Chicago,IL,2021-01-30,-0.6666666666666667,74.525,28.565784999999998,8.119522635,7.366,991.3700140256411
KORD_Chicago,IL,2021-01-31,-0.4444444444444444,86.75555555555556,27.680647999999998,4.156746404444444,4.064,989.503158
KORD_Chicago,IL,2021-02-01,-2.2376543209876543,74.27777777777777,18.23918666666667,16.082671066666663,0.0,997.4141413055555
KORD_Chicago,IL,2021-02-02,-3.142361111111111,71.96875,14.433768125,16.08132995,0.0,998.55116878125
KORD_Chicago,IL,2021-02-03,-3.1547619047619047,70.64285714285714,7.874270714285714,15.9646528,0.0,994.3166695
KORD_Chicago,IL,2021-02-04,-0.36429872495446264,79.57377049180327,25.907735737704918,6.372722573770491,8.128,973.3872724754099
KORD_Chicago,IL,2021-02-05,-10.663082437275985,68.74193548387096,30.473631612903226,14.499115116129031,0.0,980.1632759032258
KORD_Chicago,IL,2021-02-06,-13.00925925925926,71.27083333333333,14.48406,9.4820301125,5.334,993.2846268333334
KORD_Chicago,IL,2021-02-07,-16.349206349206348,58.535714285714285,13.334531428571427,16.079605657142857,0.0,999.04552125
KORD_Chicago,IL,2021-02-08,-12.635658914728683,70.55813953488372,7.635008372093023,7.956127841860464,3.81,1000.6388683720929
KORD_Chicago,IL,2021-02-09,-13.369175627240145,56.225806451612904,13.861089677419354,14.668355387096774,0.0,1002.8957842580645
KORD_Chicago,IL,2021-02-10,-11.43097643097643,62.60606060606061,13.069791515151515,12.21050149090909,0.762,1003.6952106363636
KORD_Chicago,IL,2021-02-11,-9.336043360433605,70.92682926829268,19.233575609756098,9.852300975609756,0.254,1004.1141919268292
KORD_Chicago,IL,2021-02-12,-11.468253968253967,68.21428571428571,15.34620642857143,13.305793214285714,0.254,1003.725996
KORD_Chicago,IL,2021-02-13,-14.038461538461538,72.40384615384616,16.24814423076923,5.885232584615385,5.334,1001.4727441923077
KORD_Chicago,IL,2021-02-14,-16.786786786786784,58.86486486486486,17.006809189189187,10.99570681081081,1.524,1006.8378138378378
KORD_Chicago,IL,2021-02-15,-14.78298611111111,72.296875,25.9506075,3.50584660625,5.588,1000.969262890625
KORD_Chicago,IL,2021-02-16,-10.572390572390573,70.84848484848484,17.702740000000002,11.81206792121212,0.254,993.9772975151516
KORD_Chicago,IL,2021-02-17,-8.492063492063492,63.535714285714285,8.0467,16.079605657142857,0.0,1002.7100790000001
KORD_Chicago,IL,2021-02-18,-6.131687242798353,73.83333333333333,8.523541481481482,7.259911555555555,2.032,1001.9512767962962
KORD_Chicago,IL,2021-02-19,-9.053497942386832,70.66666666666667,13.768797777777777,13.70561628148148,0.0,1000.5402809629629
KORD_Chicago,IL,2021-02-20,-7.592592592592593,67.95833333333333,8.381979166666667,13.411166666666666,0.0,1002.1315707083332
KORD_Chicago,IL,2021-02-21,-0.4954954954954955,75.35135135135135,18.877123243243243,8.894865675675675,9.652,989.9516258648649
KORD_Chicago,IL,2021-02-22,0.8417508417508418,77.84848484848484,24.383939393939393,12.855700527272726,0.0,982.0531
KORD_Chicago,IL,2021-02-23,5.218253968253968,67.10714285714286,16.15087642857143,16.079605657142857,0.0,983.3834674999999
KORD_Chicago,IL,2021-02-24,4.666666666666667,68.86666666666666,17.970963333333334,16.08052528,0.0,987.7309472333333
KORD_Chicago,IL,2021-02-25,0.5753968253968254,68.07142857142857,11.610238571428571,16.079605657142857,0.0,1001.5732194999999
KORD_Chicago,IL,2021-02-26,1.800766283524904,61.793103448275865,12.763731034482758,15.747114427586206,0.762,994.1857179655173
KORD_Chicago,IL,2021-02-27,3.9159891598915992,80.26829268292683,11.814910731707316,9.659180175609755,0.0,990.1969549756097
KORD_Chicago,IL,2021-02-28,5.589569160997733,83.48979591836735,17.669896326530612,9.745374791836735,0.254,984.140222
KORD_Chicago,IL,2021-03-01,-1.3293650793650793,58.892857142857146,14.024248571428572,16.079605657142857,0.0,998.73107075
KORD_Chicago,IL,2021-03-02,0.753968253968254,59.357142857142854,16.783117142857144,16.079605657142857,0.0,997.1467240000001
KORD_Chicago,IL,2021-03-03,6.796296296296296,60.666666666666664,13.840324,16.08052528,0.0,991.3543845333334
KORD_Chicago,IL,2021-03-04,0.5050505050505051,72.36363636363636,21.165259393939394,15.54524904242424,0.0,1001.2323815454546
KORD_Chicago,IL,2021-03-05,2.123015873015873,56.964285714285715,9.483610714285716,16.079605657142857,0.0,1002.7584559999999
KORD_Chicago,IL,2021-03-06,2.3015873015873014,60.857142857142854,4.655590714285714,16.079605657142857,0.0,1002.14164925
KORD_Chicago,IL,2021-03-07,4.404761904761905,55.42857142857143,10.690615714285714,16.022129228571426,0.0,1003.3147915
KORD_Chicago,IL,2021-03-08,11.15079365079365,53.607142857142854,17.990122142857143,16.079605657142857,0.0,999.98887275
KORD_Chicago,IL,2021-03-09,12.916666666666666,52.32142857142857,16.035923571428572,16.079605657142857,0.0,997.52164575
KORD_Chicago,IL,2021-03-10,16.648745519713263,59.0,31.14851612903226,16.080940593548387,0.0,987.809963
KORD_Chicago,IL,2021-03-11,10.842293906810035,64.12903225806451,24.659241935483873,15.406056077419354,11.43,991.7097734193549
KORD_Chicago,IL,2021-03-12,6.567460317460317,54.07142857142857,13.67939,16.079605657142857,0.0,1004.68144175
KORD_Chicago,IL,2021-03-13,7.777777777777778,48.607142857142854,8.678940714285714,16.079605657142857,0.0,1004.60887625
KORD_Chicago,IL,2021-03-14,5.297619047619048,54.67857142857143,26.72653928571429,16.079605657142857,0.0,1003.0245295000001
KORD_Chicago,IL,2021-03-15,0.21072796934865898,76.55172413793103,26.193395862068964,6.145181548275862,13.462,995.2133121724138
KORD_Chicago,IL,2021-03-16,1.7028985507246375,82.95652173913044,10.075867826086956,10.359251608695653,0.0,990.9460546086957
KORD_Chicago,IL,2021-03-17,2.3983739837398375,84.46341463414635,22.6092643902439,9.218378024390244,13.208,989.9326513658538
KORD_Chicago,IL,2021-03-18,3.6200716845878134,77.19354838709677,44.23089290322581,14.609173206451612,2.032,992.2996607096774
KORD_Chicago,IL,2021-03-19,3.7698412698412698,48.285714285714285,17.070499285714284,16.079605657142857,0.0,1007.5235905
KORD_Chicago,IL,2021-03-20,6.507936507936508,50.892857142857146,9.65604,16.079605657142857,0.0,1006.93097225
KORD_Chicago,IL,2021-03-21,11.230158730158731,40.785714285714285,16.15087642857143,16.079605657142857,0.0,999.7832705000001
KORD_Chicago,IL,2021-03-22,13.869047619047619,40.0,15.978447142857144,16.079605657142857,0.0,993.2281869999999
KORD_Chicago,IL,2021-03-23,13.582375478927204,66.58620689655173,16.92581724137931,15.11725204827586,6.096,985.649679724138
KORD_Chicago,IL,2021-03-24,11.925925925925926,77.8,24.461968,15.226502186666666,0.254,981.4661257333335
KORD_Chicago,IL,2021-03-25,6.471471471471472,78.8108108108108,19.790532432432432,15.34353455135135,8.382,985.3388135405405
KORD_Chicago,IL,2021-03-26,4.049707602339181,80.02631578947368,10.968922631578947,16.040884694736842,0.0,991.579549763158
KORD_Chicago,IL,2021-03-27,10.754985754985755,76.97435897435898,15.598218461538462,13.62450737948718,0.0,987.9315257179487
KORD_Chicago,IL,2021-03-28,6.2063492063492065,58.0,26.25523257142857,15.852458811428571,0.0,987.7422352
KORD_Chicago,IL,2021-03-29,8.84920634920635,50.17857142857143,24.714864285714288,16.079605657142857,0.0,991.5833690000001
KORD_Chicago,IL,2021-03-30,13.095238095238097,42.17857142857143,27.473732857142856,16.079605657142857,0.0,984.95572
KORD_Chicago,IL,2021-03-31,3.373015873015873,41.82142857142857,22.128425,16.079605657142857,0.0,997.13462975
KORD_Chicago,IL,2021-04-01,0.19157088122605354,47.275862068965516,19.312079999999998,16.08008132413793,0.0,1007.1123859999999
KORD_Chicago,IL,2021-04-02,4.246031746031746,41.214285714285715,13.794342857142857,16.079605657142857,0.0,1005.72154725
KORD_Chicago,IL,2021-04-03,12.916666666666668,38.285714285714285,21.036372857142855,16.079605657142857,0.0,995.7679795
KORD_Chicago,IL,2021-04-04,16.4484126984127,45.035714285714285,8.85137,16.079605657142857,0.0,994.42551775
KORD_Chicago,IL,2021-04-05,19.68253968253968,51.964285714285715,18.334980714285713,16.079605657142857,0.0,988.20907325
KORD_Chicago,IL,2021-04-06,21.488095238095237,48.25,17.300405,16.079605657142857,0.0,986.4795955
KORD_Chicago,IL,2021-04-07,20.753968253968253,56.607142857142854,16.610687857142857,16.022129228571426,0.0,983.5044100000001
KORD_Chicago,IL,2021-04-08,14.224137931034482,82.39655172413794,13.818126206896553,12.459621268965517,28.194,977.3296698103449
KORD_Chicago,IL,2021-04-09,12.422222222222222,78.04,17.5739928,14.606047971999999,0.0,978.9376212
KORD_Chicago,IL,2021-04-10,10.705705705705705,85.72972972972973,13.396668108108107,12.181833886486487,13.208,975.2528627837838
KORD_Chicago,IL,2021-04-11,9.646464646464647,80.20454545454545,7.388333636363637,13.087226031818181,0.508,970.878013
KORD_Chicago,IL,2021-04-12,12.507936507936508,65.51428571428572,17.51881542857143,15.853838245714286,0.0,983.5334362
KORD_Chicago,IL,2021-04-13,9.037037037037036,53.6,18.346476,16.08052528,0.0,993.7925853333334
KORD_Chicago,IL,2021-04-14,5.853174603174603,51.607142857142854,16.89807,16.079605657142857,0.0,994.2924810000001
KORD_Chicago,IL,2021-04-15,7.204861111111111,61.21875,14.735519374999999,16.08132995,0.0,992.0958628437501
KORD_Chicago,IL,2021-04-16,7.638888888888888,68.14285714285714,10.345757142857142,16.079605657142857,0.0,990.7851485
KORD_Chicago,IL,2021-04-17,7.202380952380952,60.285714285714285,11.840144285714286,16.079605657142857,0.0,989.85389125
KORD_Chicago,IL,2021-04-18,11.19047619047619,43.142857142857146,9.138752142857143,16.079605657142857,0.0,987.70111475
KORD_Chicago,IL,2021-04-19,8.75925925925926,51.9,19.043856666666667,16.08052528,0.0,986.8391978666666
KORD_Chicago,IL,2021-04-20,3.194444444444444,62.2,8.891603499999999,11.708350835,0.0,993.65148575
KORD_Chicago,IL,2021-04-21,3.754789272030651,63.275862068965516,14.650543448275863,15.36031788275862,0.0,994.1039775172414
KORD_Chicago,IL,2021-04-22,8.035714285714286,46.25,14.369107142857144,15.720952742857142,0.0,993.4942605
KORD_Chicago,IL,2021-04-23,11.666666666666668,44.357142857142854,17.357881428571428,16.079605657142857,0.0,991.6075575000001
KORD_Chicago,IL,2021-04-24,12.462962962962964,63.4,9.065948666666666,15.840197173333333,0.0,986.9859414333333
KORD_Chicago,IL,2021-04-25,5.873015873015873,61.65714285714286,17.51881542857143,16.082364525714283,0.0,993.9731928
KORD_Chicago,IL,2021-04-26,16.190476190476193,42.642857142857146,24.599911428571428,16.079605657142857,0.0,987.02383675
KORD_Chicago,IL,2021-04-27,21.547619047619047,51.92857142857143,23.737765,16.079605657142857,0.0,982.3039437037037
KORD_Chicago,IL,2021-04-28,9.15204678362573,80.02631578947368,15.076974736842104,14.596713799999998,1.016,987.6818293243243
KORD_Chicago,IL,2021-04-29,13.588588588588589,70.37837837837837,14.745034054054052,15.169551848648648,1.27,986.2174444594596
KORD_Chicago,IL,2021-04-30,9.78174603174603,56.5,18.50741,16.079605657142857,0.0,995.36886925
KORD_Chicago,IL,2021-05-01,18.095238095238095,41.0,27.646162142857143,16.079605657142857,0.0,986.358653
KORD_Chicago,IL,2021-05-02,22.36111111111111,50.5,25.921869285714283,16.079605657142857,0.0,979.18676275
KORD_Chicago,IL,2021-05-03,17.708333333333336,82.55,14.7656945,15.14469407,3.302,977.9217042
KORD_Chicago,IL,2021-05-04,12.026143790849673,77.23529411764706,12.87472,16.082039952941177,0.0,985.5191697647058
KORD_Chicago,IL,2021-05-05,10.456349206349206,55.892857142857146,14.713965714285715,16.079605657142857,0.0,994.5585545
KORD_Chicago,IL,2021-05-06,9.461805555555555,61.3125,12.97530375,16.08132995,1.524,994.1276968437501
KORD_Chicago,IL,2021-05-07,9.336917562724015,58.67741935483871,17.079769677419353,16.080940593548387,0.0,991.9610217096774
KORD_Chicago,IL,2021-05-08,7.170138888888889,64.375,10.694323870967743,15.276659949999999,3.302,994.59332546875
KORD_Chicago,IL,2021-05-09,7.777777777777778,68.83333333333333,19.893230555555554,15.089797694444444,3.556,989.7947638055555
KORD_Chicago,IL,2021-05-10,7.817460317460317,59.642857142857146,14.48406,16.079605657142857,0.0,996.45735175
KORD_Chicago,IL,2021-05-11,8.095238095238095,54.214285714285715,11.72519142857143,16.079605657142857,0.0,1002.6858905
KORD_Chicago,IL,2021-05-12,10.734126984126984,40.285714285714285,9.483610714285714,16.079605657142857,0.0,1005.89086675
KORD_Chicago,IL,2021-05-13,13.988095238095237,31.464285714285715,7.7593178571428565,16.079605657142857,0.0,1003.44782825
KORD_Chicago,IL,2021-05-14,16.03174603174603,32.07142857142857,11.322856428571429,16.079605657142857,0.0,1000.37588875
KORD_Chicago,IL,2021-05-15,14.305555555555555,58.214285714285715,11.610238571428571,16.079605657142857,0.254,997.69096525
KORD_Chicago,IL,2021-05-16,17.24206349206349,57.357142857142854,6.954647857142858,16.079605657142857,0.0,996.5903885
KORD_Chicago,IL,2021-05-17,17.3015873015873,63.892857142857146,12.41490857142857,16.079605657142857,0.0,997.1225355
KORD_Chicago,IL,2021-05-18,18.950617283950617,73.88888888888889,15.437742962962963,15.696429466666666,1.778,997.3921924814815
KORD_Chicago,IL,2021-05-19,21.057347670250895,74.87096774193549,18.325710322580647,15.82136962580645,1.016,997.3464741935485
KORD_Chicago,IL,2021-05-20,24.623015873015873,58.785714285714285,17.530310714285715,16.079605657142857,0.0,998.63431675
KORD_Chicago,IL,2021-05-21,24.68253968253968,56.92857142857143,13.851819285714285,16.079605657142857,0.0,1001.597408
KORD_Chicago,IL,2021-05-22,25.93253968253968,55.464285714285715,11.667715,16.079605657142857,0.0,1000.8596587499999
KORD_Chicago,IL,2021-05-23,20.41343669250646,78.51162790697674,12.350748837209304,14.312272311627906,0.508,997.6068680232559
KORD_Chicago,IL,2021-05-24,21.276276276276278,67.13513513513513,9.612544324324324,10.818244454054053,0.0,994.8390103513515
KORD_Chicago,IL,2021-05-25,24.578544061302683,59.89655172413793,22.086804137931036,15.358653048275862,1.27,990.5424294137931
KORD_Chicago,IL,2021-05-26,21.382113821138212,68.1219512195122,19.783106341463412,12.749112975609755,47.752,990.9650873414635
KORD_Chicago,IL,2021-05-27,12.277777777777777,70.36666666666666,28.16345,15.919591279999999,0.7619999999999999,993.3636425999999
KORD_Chicago,IL,2021-05-28,8.067632850241546,82.8913043478261,32.956484347826084,11.324855608695652,22.86,992.065035652174
KORD_Chicago,IL,2021-05-29,11.527777777777777,41.5,20.174226428571426,16.079605657142857,0.0,998.404526
KORD_Chicago,IL,2021-05-30,14.464285714285714,43.535714285714285,7.931747142857143,16.079605657142857,0.0,999.9767785
KORD_Chicago,IL,2021-05-31,16.924603174603174,51.785714285714285,11.437809285714286,16.079605657142857,0.0,999.1664637499999
KORD_Chicago,IL,2021-06-01,18.234126984126984,55.642857142857146,7.184553571428572,15.477252685714285,0.0,997.3039492500001
KORD_Chicago,IL,2021-06-02,19.958847736625515,51.111111111111114,9.298408888888888,16.082671066666666,0.0,991.0834733333332
KORD_Chicago,IL,2021-06-03,23.313492063492067,45.75,8.391558571428572,15.8359056,0.0,987.41085275
KORD_Chicago,IL,2021-06-04,26.765873015873016,37.357142857142854,17.18545214285714,16.079605657142857,0.0,988.57190075
KORD_Chicago,IL,2021-06-05,27.42063492063492,45.214285714285715,19.427032857142855,16.079605657142857,0.0,987.8704342499999
KORD_Chicago,IL,2021-06-06,27.202380952380953,50.642857142857146,18.220027857142856,16.079605657142857,0.0,988.4630525
KORD_Chicago,IL,2021-06-07,24.0359477124183,80.97058823529412,11.360047058823529,15.94003936470588,0.0,989.5330379117648
KORD_Chicago,IL,2021-06-08,25.862068965517242,70.6896551724138,6.659337931034483,15.575081531034483,0.254,991.3715111034483
KORD_Chicago,IL,2021-06-09,25.952380952380953,67.21428571428571,8.908846428571428,16.079605657142857,0.0,992.1759872499999
KORD_Chicago,IL,2021-06-10,25.873015873015873,65.39285714285714,9.138752142857143,16.079605657142857,0.0,989.05567075
KORD_Chicago,IL,2021-06-11,28.074074074074073,59.93333333333333,7.510253333333334,16.08052528,0.0,985.9135846
KORD_Chicago,IL,2021-06-12,25.350877192982455,73.52631578947368,10.841869473684211,13.373191889473684,132.84199999999998,986.7405766842105
KORD_Chicago,IL,2021-06-13,25.178571428571427,47.107142857142854,11.437809285714286,16.079605657142857,0.0,989.92645675
KORD_Chicago,IL,2021-06-14,23.122605363984675,50.275862068965516,19.534057931034482,16.08008132413793,0.0,990.0286323103448
KORD_Chicago,IL,2021-06-15,20.575396825396826,53.857142857142854,15.461159285714286,16.079605657142857,0.0,994.6069315000001
KORD_Chicago,IL,2021-06-16,19.702380952380953,44.75,11.380332857142857,16.079605657142857,0.0,994.69159125
KORD_Chicago,IL,2021-06-17,24.666666666666668,43.5,12.552852,16.08052528,2.032,989.6837654666667
KORD_Chicago,IL,2021-06-18,25.17094017094017,66.43589743589743,18.239186666666665,14.47415636923077,12.192,984.8403594615384
KORD_Chicago,IL,2021-06-19,25.01851851851852,63.8,17.863674,16.08052528,0.0,983.1706087
KORD_Chicago,IL,2021-06-20,22.372372372372375,78.89189189189189,14.049103243243243,13.821185902702702,100.838,978.7948436756757
KORD_Chicago,IL,2021-06-21,18.99641577060932,64.03225806451613,20.40227806451613,16.080940593548387,0.0,982.2497290967741
KORD_Chicago,IL,2021-06-22,18.313492063492067,52.535714285714285,11.840144285714286,16.079605657142857,0.0,990.38603825
KORD_Chicago,IL,2021-06-23,21.349206349206348,56.0,23.220477142857142,16.079605657142857,0.508,991.54708625
KORD_Chicago,IL,2021-06-24,21.654040404040405,79.70454545454545,16.45915909090909,13.520650554545455,33.528,990.3035774545456
KORD_Chicago,IL,2021-06-25,22.39858906525573,91.17460317460318,16.272215555555555,10.870708523809524,92.202,986.7295433333334
KORD_Chicago,IL,2021-06-26,23.585069444444443,89.953125,15.841940625,13.03213356875,51.308,984.75162953125
KORD_Chicago,IL,2021-06-27,24.324324324324323,75.4054054054054,20.616950270270273,16.082961037837837,0.0,988.7435083513515
KORD_Chicago,IL,2021-06-28,22.587719298245617,84.3157894736842,8.85137,15.659725221052632,8.382,995.1619939210527
KORD_Chicago,IL,2021-06-29,24.537037037037035,83.86111111111111,11.891234444444445,14.5403869,19.05,996.2194981666667
KORD_Chicago,IL,2021-06-30,23.78048780487805,82.0,10.755101463414634,14.945665814634145,21.844,993.2694844390245
KORD_Chicago,IL,2021-07-01,20.326797385620914,74.26470588235294,20.40075117647059,16.082039952941177,0.0,992.501109147059
KORD_Chicago,IL,2021-07-02,18.703703703703702,67.13333333333334,11.104446,16.08052528,0.0,994.4585753666668
KORD_Chicago,IL,2021-07-03,23.333333333333336,60.464285714285715,14.196677857142857,16.079605657142857,0.0,991.40195525
KORD_Chicago,IL,2021-07-04,26.551724137931036,63.0,11.709335862068965,16.02458684137931,0.0,989.8768286206896
KORD_Chicago,IL,2021-07-05,27.777777777777775,63.82142857142857,19.656938571428572,16.079605657142857,0.0,990.5916405
KORD_Chicago,IL,2021-07-06,28.273809523809526,61.214285714285715,15.920970714285714,16.079605657142857,0.0,991.389861
KORD_Chicago,IL,2021-07-07,24.646464646464647,72.75757575757575,14.825435151515151,16.08169570909091,0.0,988.148602
KORD_Chicago,IL,2021-07-08,18.235294117647058,81.0,13.253388235294118,16.082039952941177,0.0,989.4035582941176
KORD_Chicago,IL,2021-07-09,20.039682539682538,59.142857142857146,12.242479285714285,16.079605657142857,0.0,993.3491295000001
KORD_Chicago,IL,2021-07-10,20.70175438596491,79.34210526315789,15.62753842105263,14.1139118,5.08,990.0378511578948
KORD_Chicago,IL,2021-07-11,19.742547425474257,83.51219512195122,21.431698536585365,14.894245439024388,3.302,989.6766072439025
KORD_Chicago,IL,2021-07-12,21.02777777777778,84.025,13.397755499999999,14.66591542,1.524,991.848233075
KORD_Chicago,IL,2021-07-13,22.002314814814813,85.5625,8.14728375,10.598174458333332,0.0,991.9089058958334
KORD_Chicago,IL,2021-07-14,25.11904761904762,72.82142857142857,16.0934,16.079605657142857,0.0,993.7119570000001
KORD_Chicago,IL,2021-07-15,22.0671834625323,85.88372093023256,15.195163720930232,13.65169438139535,51.308,990.4954490232558
KORD_Chicago,IL,2021-07-16,20.465465465465464,81.72972972972973,18.485662162162164,15.382680659459458,1.016,991.4343155405405
KORD_Chicago,IL,2021-07-17,21.774691358024693,74.77777777777777,17.970963333333334,16.082671066666663,0.0,994.8085023333333
KORD_Chicago,IL,2021-07-18,22.81746031746032,69.39285714285714,12.87472,16.079605657142857,0.0,997.8965675000001
KORD_Chicago,IL,2021-07-19,23.452380952380953,68.82142857142857,8.79389357142857,16.079605657142857,0.0,996.7113310000001
KORD_Chicago,IL,2021-07-20,24.061302681992338,67.89655172413794,15.039004827586208,14.63167532413793,0.0,993.8704333793104
KORD_Chicago,IL,2021-07-21,20.408496732026144,78.05882352941177,14.768061176470589,15.326596823529412,0.0,995.9970588235294
KORD_Chicago,IL,2021-07-22,23.87152777777778,75.09375,6.889986875,13.39322923125,0.0,996.7309841562501
KORD_Chicago,IL,2021-07-23,27.547892720306514,69.37931034482759,12.09779724137931,11.014544937931035,0.0,993.6952752758622
KORD_Chicago,IL,2021-07-24,27.60942760942761,74.0,16.190935757575758,12.65282615151515,8.382,987.5842036666667
KORD_Chicago,IL,2021-07-25,27.3015873015873,55.892857142857146,8.85137,16.079605657142857,0.0,989.5636292500001
KORD_Chicago,IL,2021-07-26,27.916666666666664,47.714285714285715,6.724742142857143,16.079605657142857,0.0,992.00666775
KORD_Chicago,IL,2021-07-27,26.408730158730158,62.75,11.092950714285715,16.079605657142857,0.0,992.5750975
KORD_Chicago,IL,2021-07-28,26.61764705882353,77.20588235294117,13.395388823529412,14.756701129411764,14.732,991.8337911176471
KORD_Chicago,IL,2021-07-29,25.495495495495497,72.91891891891892,23.270186486486487,15.42008694054054,15.24,989.2926526756758
KORD_Chicago,IL,2021-07-30,20.31746031746032,65.57142857142857,17.645263571428572,16.079605657142857,0.0,995.8647334999999
KORD_Chicago,IL,2021-07-31,21.825396825396826,65.60714285714286,8.85137,16.079605657142857,0.0,991.8494425
KORD_Chicago,IL,2021-08-01,21.03174603174603,69.17857142857143,16.955546428571427,13.223027157142857,0.0,992.841171
KORD_Chicago,IL,2021-08-02,20.773809523809522,62.142857142857146,8.334082142857143,16.079605657142857,0.0,996.0098645
KORD_Chicago,IL,2021-08-03,22.63888888888889,55.07142857142857,6.724742142857143,16.079605657142857,0.0,994.59483725
KORD_Chicago,IL,2021-08-04,23.9484126984127,52.42857142857143,5.345307857142857,15.8359056,0.0,995.10279575
KORD_Chicago,IL,2021-08-05,24.72222222222222,54.42857142857143,12.587337857142858,15.154235157142855,0.0,993.94174775
KORD_Chicago,IL,2021-08-06,23.780864197530864,69.27777777777777,17.792147777777778,15.300353011111111,17.779999999999998,991.0646600555556
KORD_Chicago,IL,2021-08-07,26.03174603174603,71.10714285714286,12.127526428571429,14.888694057142857,0.0,989.85389125
KORD_Chicago,IL,2021-08-08,27.091503267973856,67.8529411764706,20.73208588235294,15.243289811764706,0.762,987.4215241470588
KORD_Chicago,IL,2021-08-09,24.294532627865962,86.01587301587301,15.608043492063493,13.408867609523808,52.578,986.2995255555556
KORD_Chicago,IL,2021-08-10,26.710526315789473,81.10526315789474,15.458134210526316,14.770353115789472,19.558,987.4891471052632
KORD_Chicago,IL,2021-08-11,26.430555555555554,78.025,21.8467905,15.27505061,5.588,985.59187755
KORD_Chicago,IL,2021-08-12,25.698924731182796,74.80645161290323,15.626172258064516,16.080940593548387,0.0,988.4981648387097
KORD_Chicago,IL,2021-08-13,24.22222222222222,58.46666666666667,10.675288666666667,16.08052528,0.0,994.0747845000001
KORD_Chicago,IL,2021-08-14,21.884920634920636,51.67857142857143,10.748092142857143,16.079605657142857,0.0,999.517197
KORD_Chicago,IL,2021-08-15,21.746031746031747,56.607142857142854,9.828469285714286,16.079605657142857,0.0,998.15054675
KORD_Chicago,IL,2021-08-16,22.380952380952383,59.107142857142854,9.311181428571428,16.079605657142857,0.0,994.35295225
KORD_Chicago,IL,2021-08-17,23.9484126984127,69.82142857142857,8.10417642857143,16.079605657142857,0.0,992.68394575
KORD_Chicago,IL,2021-08-18,25.436507936507933,76.42857142857143,10.633139285714284,15.534729114285714,0.0,994.2199155
KORD_Chicago,IL,2021-08-19,26.344086021505376,74.09677419354838,9.29264064516129,15.18022933548387,0.0,993.6105213548387
KORD_Chicago,IL,2021-08-20,26.523297491039425,71.7741935483871,8.098614193548388,13.227736516129031,0.0,989.7544062903225
KORD_Chicago,IL,2021-08-21,25.599415204678365,79.89473684210526,15.75459157894737,12.654071015789475,61.214,986.8742499736842
KORD_Chicago,IL,2021-08-22,23.548387096774192,71.58064516129032,13.75726129032258,16.080940593548387,0.0,991.261896032258
KORD_Chicago,IL,2021-08-23,25.297619047619047,72.10714285714286,9.311181428571428,16.022129228571426,0.0,990.4948865
KORD_Chicago,IL,2021-08-24,26.0,80.9,16.576202000000002,12.514630174999999,120.65,989.968786625
KORD_Chicago,IL,2021-08-25,25.637254901960784,78.70588235294117,10.839378235294118,15.402803805882353,11.176,993.7261855294117
KORD_Chicago,IL,2021-08-26,26.091269841269842,75.53571428571429,8.678940714285714,16.079605657142857,0.0,995.15117275
KORD_Chicago,IL,2021-08-27,27.738095238095237,70.17857142857143,9.770992857142858,16.079605657142857,0.0,992.5630032500001
KORD_Chicago,IL,2021-08-28,28.907407407407405,69.06666666666666,13.786679333333332,16.08052528,0.0,993.3862185333334
KORD_Chicago,IL,2021-08-29,26.611111111111114,74.9,18.426943,14.87673896,21.336000000000002,991.0185675250001
KORD_Chicago,IL,2021-08-30,24.166666666666664,62.357142857142854,7.7593178571428565,16.079605657142857,0.0,990.02321075
KORD_Chicago,IL,2021-08-31,23.49206349206349,61.785714285714285,12.472385000000001,16.079605657142857,0.0,986.4795955
KORD_Chicago,IL,2021-09-01,21.825396825396826,60.92857142857143,19.36955642857143,16.079605657142857,0.0,990.519075
KORD_Chicago,IL,2021-09-02,21.309523809523807,61.607142857142854,9.138752142857143,16.079605657142857,0.0,995.17536125
KORD_Chicago,IL,2021-09-03,20.952380952380953,64.39285714285714,10.748092142857143,16.079605657142857,0.254,993.6272972500001
KORD_Chicago,IL,2021-09-04,20.80409356725146,77.71052631578948,14.18760263157895,15.956182589473682,0.0,987.4356777894737
KORD_Chicago,IL,2021-09-05,21.68650793650794,57.357142857142854,13.277055,16.079605657142857,0.0,987.62854925
KORD_Chicago,IL,2021-09-06,21.547619047619047,58.785714285714285,7.816794285714286,16.079605657142857,0.0,988.8742570000001
KORD_Chicago,IL,2021-09-07,22.630718954248366,71.23529411764706,16.330067647058826,16.082039952941177,0.0,982.4514988235295
KORD_Chicago,IL,2021-09-08,20.357142857142858,54.57142857142857,16.725640714285714,16.079605657142857,0.0,985.536244
KORD_Chicago,IL,2021-09-09,19.206349206349206,60.392857142857146,9.483610714285716,16.079605657142857,0.0,991.3414839999999
KORD_Chicago,IL,2021-09-10,21.011904761904763,56.214285714285715,9.196228571428572,16.079605657142857,0.0,992.80488825
KORD_Chicago,IL,2021-09-11,24.305555555555554,64.25,14.254154285714284,16.079605657142857,0.0,988.7049374999999
KORD_Chicago,IL,2021-09-12,23.905723905723907,71.75757575757575,16.48354303030303,16.08169570909091,0.0,991.1450440606061
KORD_Chicago,IL,2021-09-13,23.676470588235293,76.32352941176471,10.224042352941176,15.36730365882353,0.0,991.8138711764706
KORD_Chicago,IL,2021-09-14,24.305555555555554,65.10714285714286,21.611137142857142,16.079605657142857,0.0,985.971637
KORD_Chicago,IL,2021-09-15,19.78174603174603,60.857142857142854,9.196228571428572,16.079605657142857,0.0,992.115516
KORD_Chicago,IL,2021-09-16,21.13095238095238,57.5,9.023799285714286,16.079605657142857,0.0,994.002219
KORD_Chicago,IL,2021-09-17,23.280423280423282,70.07142857142857,11.993414761904761,13.58972677142857,59.436,994.0586588333333
KORD_Chicago,IL,2021-09-18,21.210317460317462,71.96428571428571,15.23125357142857,16.079605657142857,0.0,997.03787575
KORD_Chicago,IL,2021-09-19,24.66269841269841,66.82142857142857,8.506511428571429,16.079605657142857,0.0,993.6031087499999
KORD_Chicago,IL,2021-09-20,23.783783783783782,80.64864864864865,16.658843783783784,14.995569145945945,4.064,988.4506313783784
KORD_Chicago,IL,2021-09-21,18.522727272727273,81.56818181818181,18.726865454545454,13.955538113636363,7.619999999999999,991.8043639318183
KORD_Chicago,IL,2021-09-22,14.696969696969697,72.3030303030303,26.919869090909092,14.37481995151515,18.288,994.7571933939394
KORD_Chicago,IL,2021-09-23,14.384920634920634,55.42857142857143,17.70274,16.079605657142857,0.0,990.0594935
KORD_Chicago,IL,2021-09-24,18.154121863799286,57.483870967741936,20.765677419354837,15.769455432258063,3.8099999999999996,988.4872409999999
KORD_Chicago,IL,2021-09-25,15.694444444444445,55.32142857142857,15.748541428571428,16.079605657142857,0.0,991.0754105
KORD_Chicago,IL,2021-09-26,20.634920634920636,43.357142857142854,19.944320714285713,16.079605657142857,0.0,988.1244135
KORD_Chicago,IL,2021-09-27,21.415770609318997,65.0,19.98696451612903,16.080940593548387,0.0,985.2428609032257
KORD_Chicago,IL,2021-09-28,18.537037037037035,68.66666666666667,14.376770666666665,16.08052528,0.0,991.1173372333334
KORD_Chicago,IL,2021-09-29,20.039682539682538,66.46428571428571,8.391558571428572,16.079605657142857,0.0,993.566826
KORD_Chicago,IL,2021-09-30,20.416666666666664,64.21428571428571,7.471935714285714,16.079605657142857,0.0,996.614577
KORD_Chicago,IL,2021-10-01,22.57936507936508,61.214285714285715,9.138752142857143,16.079605657142857,0.0,996.26384375
KORD_Chicago,IL,2021-10-02,22.20760233918129,78.76315789473684,12.790017894736843,14.876230747368421,0.508,989.9309125263158
KORD_Chicago,IL,2021-10-03,20.91435185185185,85.70833333333333,8.516090833333333,14.657734608333334,9.144,985.7287441458334
KORD_Chicago,IL,2021-10-04,19.012345679012345,85.57777777777778,18.096134222222222,15.066283448888887,0.0,990.3384675333333
KORD_Chicago,IL,2021-10-05,18.68827160493827,86.36111111111111,18.50741,16.082671066666663,0.0,997.8374400555555
KORD_Chicago,IL,2021-10-06,18.888888888888886,87.20588235294117,14.862728235294117,11.500154305882354,0.0,998.566731235294
KORD_Chicago,IL,2021-10-07,19.989106753812635,89.05882352941177,9.56137294117647,11.993369682352942,38.354,994.071464509804
KORD_Chicago,IL,2021-10-08,19.278959810874703,84.87234042553192,6.231912340425532,11.379061038297872,0.762,991.5566072553191
KORD_Chicago,IL,2021-10-09,21.825396825396826,75.14285714285714,9.081275714285713,14.981805871428572,0.254,988.01556525
KORD_Chicago,IL,2021-10-10,22.876984126984127,72.25,16.668164285714287,15.907176371428571,0.508,982.8755090000001
KORD_Chicago,IL,2021-10-11,20.33096926713948,85.27659574468085,15.956434893617022,12.53264964680851,53.339999999999996,980.6481084042553
KORD_Chicago,IL,2021-10-12,16.46825396825397,89.85714285714286,13.756025238095239,13.840323999999999,0.508,986.1248308333334
KORD_Chicago,IL,2021-10-13,16.965811965811966,85.53846153846153,11.843091794871794,12.891638702564101,25.145999999999997,988.1399189487179
KORD_Chicago,IL,2021-10-14,18.618233618233617,76.94871794871794,10.15122153846154,14.763012266666665,6.35,987.150051102564
KORD_Chicago,IL,2021-10-15,13.194444444444445,72.35714285714286,11.322856428571429,16.079605657142857,0.508,988.0276594999999
KORD_Chicago,IL,2021-10-16,10.734126984126984,56.5,16.783117142857144,16.079605657142857,0.0,991.873631
KORD_Chicago,IL,2021-10-17,12.20238095238095,52.392857142857146,11.322856428571429,16.079605657142857,0.0,994.95766475
KORD_Chicago,IL,2021-10-18,14.662698412698415,54.25,6.897171428571428,16.079605657142857,0.0,994.8488165
KORD_Chicago,IL,2021-10-19,15.952380952380953,59.607142857142854,12.644814285714286,16.079605657142857,0.0,994.2199155
KORD_Chicago,IL,2021-10-20,17.575757575757574,62.78787878787879,13.801309696969696,15.935392072727272,0.0,990.0675563333334
KORD_Chicago,IL,2021-10-21,10.93093093093093,79.97297297297297,17.006809189189187,15.908978335135135,0.0,989.1553665945946
KORD_Chicago,IL,2021-10-22,8.69047619047619,66.14285714285714,9.253705,16.079605657142857,0.0,992.4783435
KORD_Chicago,IL,2021-10-23,7.996031746031746,62.785714285714285,6.552312857142858,16.079605657142857,0.0,992.4178722500001
KORD_Chicago,IL,2021-10-24,8.592592592592593,86.06666666666666,22.709575555555553,10.543680417777777,80.01,987.3132924666667
KORD_Chicago,IL,2021-10-25,9.692671394799055,84.36170212765957,33.62493361702128,11.489660361702128,36.576,985.4899255957447
KORD_Chicago,IL,2021-10-26,9.186507936507937,75.42857142857143,12.127526428571429,16.079605657142857,0.0,994.098973
KORD_Chicago,IL,2021-10-27,8.88888888888889,72.39285714285714,11.495285714285714,16.079605657142857,0.0,989.7813257500001
KORD_Chicago,IL,2021-10-28,11.635220125786162,88.01886792452831,15.091358113207548,11.532287520754718,21.082,978.1683356226415
KORD_Chicago,IL,2021-10-29,12.251984126984125,92.5,27.761115,6.883377085714286,21.336,977.650793
KORD_Chicago,IL,2021-10-30,11.696696696696696,81.08108108108108,19.31208,15.45879809189189,1.016,980.8815921081081
KORD_Chicago,IL,2021-10-31,8.518518518518517,69.93333333333334,16.039755333333332,16.08052528,0.0,989.9095248
KORD_Chicago,IL,2021-11-01,4.841269841269842,60.107142857142854,12.87472,16.079605657142857,0.0,1000.097721
KORD_Chicago,IL,2021-11-02,3.75,58.964285714285715,12.817243571428572,16.079605657142857,0.0,1002.23840325
KORD_Chicago,IL,2021-11-03,2.4404761904761902,62.107142857142854,8.678940714285714,16.079605657142857,0.0,1003.774373
KORD_Chicago,IL,2021-11-04,3.7698412698412698,61.32142857142857,7.3569828571428575,16.022129228571426,0.0,1001.984424
KORD_Chicago,IL,2021-11-05,5.734126984126983,60.607142857142854,12.472385000000001,16.079605657142857,0.0,1001.4885597499999
KORD_Chicago,IL,2021-11-06,9.067460317460318,58.642857142857146,15.576112142857143,16.079605657142857,0.0,996.953216
KORD_Chicago,IL,2021-11-07,12.063492063492063,64.07142857142857,15.633588571428572,15.9646528,0.0,995.00604175
KORD_Chicago,IL,2021-11-08,13.055555555555555,64.75,12.299955714285714,16.079605657142857,0.0,994.3650465000001
KORD_Chicago,IL,2021-11-09,11.481481481481483,78.46666666666667,15.503308666666667,15.08917184,0.0,996.3775297
KORD_Chicago,IL,2021-11-10,10.166666666666666,74.86666666666666,13.947613333333333,15.25010584,0.0,993.2056110666667
KORD_Chicago,IL,2021-11-11,10.299145299145298,76.51282051282051,21.953048205128205,13.500299343589742,24.384,978.5277811794871
KORD_Chicago,IL,2021-11-12,2.9847494553376905,80.33333333333333,22.46764862745098,14.287152517647058,3.048,982.3784590392157
KORD_Chicago,IL,2021-11-13,2.620545073375262,77.37735849056604,18.461862641509434,14.674144309433961,2.286,988.6789234528302
KORD_Chicago,IL,2021-11-14,1.9629629629629628,79.66666666666667,22.95991733333333,14.225135075555555,0.254,984.2053389777778
KORD_Chicago,IL,2021-11-15,0.622895622895623,70.33333333333333,6.632431515151515,15.398945406060605,0.254,994.151747909091
KORD_Chicago,IL,2021-11-16,5.673400673400674,75.33333333333333,13.313630909090909,15.30140964848485,0.0,989.8725823636363
KORD_Chicago,IL,2021-11-17,12.209876543209877,81.57777777777778,19.204790666666664,12.38512300888889,8.382,985.0858003777778
KORD_Chicago,IL,2021-11-18,0.9206349206349206,56.17142857142857,24.00215657142857,16.082364525714283,0.0,997.9594576000001
KORD_Chicago,IL,2021-11-19,0.8531746031746031,57.75,12.87472,16.079605657142857,0.0,1005.0200807499999
KORD_Chicago,IL,2021-11-20,5.396825396825397,59.92857142857143,13.67939,16.079605657142857,0.0,996.45735175
KORD_Chicago,IL,2021-11-21,5.257936507936508,59.714285714285715,16.323305714285716,15.9646528,0.0,992.647663
KORD_Chicago,IL,2021-11-22,-1.4682539682539684,43.67857142857143,14.943871428571429,16.079605657142857,0.0,997.4490802500001
KORD_Chicago,IL,2021-11-23,1.0912698412698412,47.142857142857146,14.48406,16.079605657142857,0.0,996.21546675
KORD_Chicago,IL,2021-11-24,7.440476190476191,60.214285714285715,21.26627857142857,16.079605657142857,1.016,989.46687525
KORD_Chicago,IL,2021-11-25,3.1111111111111116,74.6,21.350577333333334,16.08052528,0.0,994.0973604333334
KORD_Chicago,IL,2021-11-26,-3.7301587301587302,51.75,11.092950714285715,16.079605657142857,0.0,996.82017925
KORD_Chicago,IL,2021-11-27,2.0634920634920637,64.71428571428571,14.713965714285715,16.079605657142857,0.0,986.73357475
KORD_Chicago,IL,2021-11-28,0.7222222222222221,53.93333333333333,15.771532,16.08052528,0.0,992.3477256000001
KORD_Chicago,IL,2021-11-29,2.1354166666666665,50.40625,14.836103125,16.08132995,0.0,989.5666528125
KORD_Chicago,IL,2021-11-30,5.3769841269841265,53.57142857142857,12.587337857142856,16.079605657142857,0.0,991.25682425
KORD_Chicago,IL,2021-12-01,6.681681681681682,75.72972972972973,14.962512432432433,15.855043697297296,0.0,987.1692946216216
KORD_Chicago,IL,2021-12-02,10.357142857142858,49.142857142857146,16.20835285714286,16.079605657142857,0.0,985.49996125
KORD_Chicago,IL,2021-12-03,6.555555555555555,70.96666666666667,11.158090666666668,15.75865728,0.0,993.0588675
KORD_Chicago,IL,2021-12-04,2.2792022792022792,62.717948717948715,10.81146358974359,11.623973964102564,0.0,999.2629076410257
KORD_Chicago,IL,2021-12-05,3.0023640661938535,73.80851063829788,15.06616170212766,9.842997370212766,13.207999999999998,985.0432103191489
KORD_Chicago,IL,2021-12-06,-1.2847222222222223,55.28125,27.610239375,16.08132995,0.0,989.21743134375
KORD_Chicago,IL,2021-12-07,-6.722222222222222,45.06666666666667,11.426314,16.08052528,0.0,997.4160226333333
KORD_Chicago,IL,2021-12-08,-1.4484126984126984,59.964285714285715,10.863045,16.022129228571426,0.0,990.67630025
KORD_Chicago,IL,2021-12-09,3.392857142857143,65.0,13.794342857142857,15.893382028571427,0.0,984.41147875
KORD_Chicago,IL,2021-12-10,7.803030303030303,82.31818181818181,15.983672272727272,11.166259286363635,42.418,978.8668148636364
KORD_Chicago,IL,2021-12-11,5.037878787878788,73.63636363636364,29.66306227272727,15.938318145454543,0.0,976.457860159091
KORD_Chicago,IL,2021-12-12,4.523809523809524,55.107142857142854,22.415807142857144,16.079605657142857,0.0,993.953842
KORD_Chicago,IL,2021-12-13,5.01984126984127,63.107142857142854,12.702290714285715,16.022129228571426,0.0,997.5579285
KORD_Chicago,IL,2021-12-14,7.484567901234568,74.08333333333333,14.126428888888888,13.881451577777776,2.286,998.8439504166666
KORD_Chicago,IL,2021-12-15,15.277777777777777,81.92105263157895,30.238651578947373,15.909596431578947,0.0,986.0900333421052
KORD_Chicago,IL,2021-12-16,6.531986531986532,63.21212121212121,32.625710909090905,15.886624193939394,0.0,985.2753013939393
KORD_Chicago,IL,2021-12-17,0.9722222222222222,64.32142857142857,13.449484285714286,16.079605657142857,0.0,997.5216457500001
KORD_Chicago,IL,2021-12-18,2.104018912529551,78.34042553191489,16.60701914893617,12.962035255319147,1.778,993.9126700851065
KORD_Chicago,IL,2021-12-19,0.07662835249042146,69.75862068965517,10.765929655172412,16.08008132413793,0.0,1001.0285612068966
KORD_Chicago,IL,2021-12-20,1.4484126984126984,71.57142857142857,17.70274,16.079605657142857,0.0,995.44143475
KORD_Chicago,IL,2021-12-21,-0.27777777777777773,66.53333333333333,17.595450666666668,16.08052528,0.0,987.4826119666667
KORD_Chicago,IL,2021-12-22,-3.5317460317460316,52.464285714285715,13.104625714285715,16.079605657142857,0.0,992.0429505000001
KORD_Chicago,IL,2021-12-23,2.9310344827586206,68.48275862068965,12.708236551724138,15.747114427586206,0.0,985.4278127931034
KORD_Chicago,IL,2021-12-24,8.049645390070923,86.23404255319149,14.244371063829789,10.793535208510637,0.0,977.2833336595744
KORD_Chicago,IL,2021-12-25,7.042483660130719,73.70588235294117,15.09939588235294,14.467966599999999,1.27,980.5391844705882
KORD_Chicago,IL,2021-12-26,2.2698412698412698,75.71428571428571,14.713965714285713,14.54199624,10.668,991.1189498000001
KORD_Chicago,IL,2021-12-27,4.046121593291405,86.69811320754717,15.880845660377357,7.694163445283019,28.956,980.9157841132076
KORD_Chicago,IL,2021-12-28,1.2847222222222223,83.47916666666667,10.863045,6.231498591666667,17.018,981.7850107916667
KORD_Chicago,IL,2021-12-29,0.5826558265582656,76.34146341463415,12.24668487804878,12.416254360975609,0.254,987.198760902439
KORD_Chicago,IL,2021-12-30,0.300925925925926,83.35416666666667,9.488400416666666,10.761120133333334,0.0,986.7234962083334
KORD_Chicago,IL,2021-12-31,3.851010101010101,83.61363636363636,14.191452727272726,7.999517077272728,0.0,981.2449842045454
KORD_Chicago,IL,2022-01-01,-0.1724137931034483,84.46551724137932,31.104657586206898,5.688461955172413,7.112,985.2176230689655
KORD_Chicago,IL,2022-01-02,-6.0353535353535355,75.93181818181819,18.946320909090907,11.523971677272726,1.778,994.7597588409091
KORD_Chicago,IL,2022-01-03,-8.630952380952381,61.392857142857146,13.794342857142857,16.079605657142857,0.0,1001.36761725
KORD_Chicago,IL,2022-01-04,-1.7460317460317458,68.21428571428571,20.346655714285713,16.079605657142857,0.0,988.30582725
KORD_Chicago,IL,2022-01-05,-8.24712643678161,70.29310344827586,32.38103068965517,8.888551303448276,0.0,981.8779418965518
KORD_Chicago,IL,2022-01-06,-12.188552188552189,70.0909090909091,19.019472727272728,15.911983490909089,0.0,993.3513284545455
KORD_Chicago,IL,2022-01-07,-13.769841269841269,65.89285714285714,11.840144285714286,16.079605657142857,0.0,1000.7508105
KORD_Chicago,IL,2022-01-08,-3.9722222222222223,75.475,17.300405,10.130795299999999,1.524,993.5329621000001
KORD_Chicago,IL,2022-01-09,-4.46078431372549,67.97058823529412,18.980745294117646,15.042595647058823,0.0,999.5129284411765
KORD_Chicago,IL,2022-01-10,-11.148148148148149,51.6,14.376770666666665,15.632592313333333,0.0,1008.1734548666666
KORD_Chicago,IL,2022-01-11,-6.32936507936508,55.785714285714285,21.26627857142857,16.079605657142857,0.0,1000.049344
KORD_Chicago,IL,2022-01-12,2.242063492063492,72.25,9.885945714285715,16.079605657142857,0.0,990.2892842499999
KORD_Chicago,IL,2022-01-13,2.2609819121447026,80.55813953488372,9.693466511627907,13.970568260465116,0.0,989.1723943255814
KORD_Chicago,IL,2022-01-14,-0.6691919191919191,79.0909090909091,26.005471363636364,13.209755327272727,0.508,996.7762001590909
KORD_Chicago,IL,2022-01-15,-5.058479532163743,75.15789473684211,22.361355789473684,13.077158031578946,0.508,1002.0060663421052
KORD_Chicago,IL,2022-01-16,-5.763888888888888,70.825,8.609969,12.56331271,1.524,987.073423175
KORD_Chicago,IL,2022-01-17,-3.4688346883468837,72.48780487804878,18.60554048780488,15.603532604878048,0.0,985.3899330731707
KORD_Chicago,IL,2022-01-18,0.376984126984127,73.21428571428571,20.404132142857144,16.079605657142857,0.0,985.47577275
KORD_Chicago,IL,2022-01-19,-5.357142857142857,63.107142857142854,20.46160857142857,16.079605657142857,0.0,993.857088
KORD_Chicago,IL,2022-01-20,-11.428571428571429,56.785714285714285,15.34620642857143,16.079605657142857,0.0,1009.1684084999999
KORD_Chicago,IL,2022-01-21,-8.492063492063492,62.357142857142854,9.713516428571427,16.079605657142857,0.0,1007.94688925
KORD_Chicago,IL,2022-01-22,-5.151515151515151,66.38636363636364,19.933870454545453,12.930315381818183,0.508,995.68331975
KORD_Chicago,IL,2022-01-23,-8.675213675213675,72.97435897435898,17.702740000000002,9.93911877948718,7.619999999999999,988.652218974359
KORD_Chicago,IL,2022-01-24,-7.564102564102564,77.11538461538461,13.648441153846154,8.868701353846154,7.62,981.6232889615385
KORD_Chicago,IL,2022-01-25,-13.869047619047619,58.642857142857146,15.920970714285714,16.079605657142857,0.0,999.7107050000001
KORD_Chicago,IL,2022-01-26,-14.265873015873016,56.17857142857143,13.909295714285715,16.079605657142857,0.0,1003.9920695
KORD_Chicago,IL,2022-01-27,-3.333333333333333,62.3235294117647,19.69074823529412,16.03470642352941,0.0,995.3197808235294
KORD_Chicago,IL,2022-01-28,-7.787698412698413,71.85714285714286,15.920970714285714,7.798689210714286,5.588,1000.575443875
KORD_Chicago,IL,2022-01-29,-9.166666666666668,59.5,12.012573571428572,16.079605657142857,0.0,994.8488165
KORD_Chicago,IL,2022-01-30,-5.148148148148149,67.4,9.656039999999999,16.08052528,0.0,990.0675563333333
KORD_Chicago,IL,2022-01-31,-1.3333333333333333,65.0,12.982009333333334,14.647139786666665,0.0,993.8377372
KORD_Chicago,IL,2022-02-01,2.888888888888889,70.6,16.737136,13.312460479999999,2.54,990.0256296000001
KORD_Chicago,IL,2022-02-02,-5.2821869488536155,75.7936507936508,22.19867396825397,5.601269552380952,11.684000000000001,998.0390108888889
KORD_Chicago,IL,2022-02-03,-7.350427350427351,73.12820512820512,28.80305948717949,13.644727292307692,0.0,1004.8982079230769
KORD_Chicago,IL,2022-02-04,-8.152777777777777,71.55,15.4094305,11.5792013,0.508,1001.3893869
KORD_Chicago,IL,2022-02-05,-10.870370370370372,65.23333333333333,17.810029333333333,16.08052528,0.0,1002.8568225666666
KORD_Chicago,IL,2022-02-06,-3.1182795698924735,67.64516129032258,20.03887870967742,15.925198012903225,0.0,995.0961634193549
KORD_Chicago,IL,2022-02-07,-5.232558139534884,72.62790697674419,14.895751627906977,13.677518674418604,0.0,996.2444366976745
KORD_Chicago,IL,2022-02-08,-1.8253968253968256,67.32142857142857,17.18545214285714,16.022129228571426,0.0,988.1244135
KORD_Chicago,IL,2022-02-09,2.5,74.30555555555556,19.98263833333333,16.082671066666663,0.0,981.7426809166668
KORD_Chicago,IL,2022-02-10,-1.0683760683760684,70.46153846153847,21.292806153846154,14.84554252307692,0.508,985.7954951025641
KORD_Chicago,IL,2022-02-11,2.3111111111111113,78.46,25.3953852,13.817471372,4.064,978.2535704200001
KORD_Chicago,IL,2022-02-12,-7.814814814814815,56.3,18.453765333333333,16.08052528,0.0,1000.0686948
KORD_Chicago,IL,2022-02-13,-9.6875,57.8125,11.96946625,15.276659949999999,0.0,1000.18086896875
KORD_Chicago,IL,2022-02-14,-6.925925925925926,58.86666666666667,10.353420666666667,16.08052528,0.0,1000.6895329666667
KORD_Chicago,IL,2022-02-15,-0.8159722222222222,61.4375,16.39515125,15.729286824999999,0.0,1000.678245
KORD_Chicago,IL,2022-02-16,9.46031746031746,73.31428571428572,22.254873142857143,12.748731668571427,39.116,985.004097
KORD_Chicago,IL,2022-02-17,-3.446327683615819,78.72881355932203,30.031921016949152,8.62906286440678,9.398,989.5146372881355
KORD_Chicago,IL,2022-02-18,-6.336805555555555,61.4375,24.492143125,15.67899495,0.0,991.82071865625
KORD_Chicago,IL,2022-02-19,-8.630952380952381,54.5,22.933095,16.079605657142857,0.0,1000.9685069999999
KORD_Chicago,IL,2022-02-20,2.3412698412698414,60.857142857142854,27.761115,16.079605657142857,0.0,988.78959725
KORD_Chicago,IL,2022-02-21,4.428104575163398,78.44117647058823,12.212050588235295,15.1599828,0.0,988.3876412941177
KORD_Chicago,IL,2022-02-22,0.8420138888888888,87.03125,18.9348909375,7.621985115625,35.814,985.1643458125
KORD_Chicago,IL,2022-02-23,-6.438746438746439,66.97435897435898,18.610572820512818,14.825735261538462,0.0,1005.419191
KORD_Chicago,IL,2022-02-24,-3.639455782312925,77.20408163265306,19.213548979591835,9.149262118367346,4.8260000000000005,1000.2082969999999
KORD_Chicago,IL,2022-02-25,-3.997584541062802,74.45652173913044,10.950509130434781,11.862235226086955,5.588,1002.0475244347826
KORD_Chicago,IL,2022-02-26,-5.059523809523809,69.28571428571429,16.725640714285714,16.079605657142857,0.0,1005.21358875
KORD_Chicago,IL,2022-02-27,0.7936507936507936,59.785714285714285,13.564437142857143,16.079605657142857,0.0,998.15054675
KORD_Chicago,IL,2022-02-28,4.424603174603175,61.142857142857146,16.783117142857144,16.022129228571426,0.0,993.2886582499999
KORD_Chicago,IL,2022-03-01,5.615079365079366,65.60714285714286,11.667715,16.079605657142857,0.0,990.67630025
KORD_Chicago,IL,2022-03-02,5.286195286195286,68.33333333333333,16.87368606060606,16.08169570909091,0.0,993.5463024242424
KORD_Chicago,IL,2022-03-03,-0.6321839080459771,57.96551724137931,19.034607586206896,16.08008132413793,0.0,1003.7960592413792
KORD_Chicago,IL,2022-03-04,1.9246031746031744,53.0,13.449484285714286,16.079605657142857,0.0,1002.31096875
KORD_Chicago,IL,2022-03-05,13.364197530864196,61.72222222222222,25.257697222222223,15.009777733333332,6.604,984.8092451944444
KORD_Chicago,IL,2022-03-06,4.411764705882353,70.29411764705883,24.992103529411764,14.877874964705882,1.016,988.4772810294116
KORD_Chicago,IL,2022-03-07,0.4761904761904762,80.82857142857142,20.231702857142857,7.939793842857143,28.956,989.1548435999999
KORD_Chicago,IL,2022-03-08,0.23809523809523808,62.214285714285715,11.610238571428571,16.079605657142857,0.0,995.8647334999999
KORD_Chicago,IL,2022-03-09,0.9722222222222222,62.464285714285715,15.173777142857144,16.079605657142857,0.0,992.163893
KORD_Chicago,IL,2022-03-10,-3.640661938534279,68.59574468085107,9.929970212765957,10.394281923404256,0.762,997.2846499148936
KORD_Chicago,IL,2022-03-11,-4.89766081871345,64.44736842105263,17.15217631578947,12.62908389473684,0.508,993.4153296052632
KORD_Chicago,IL,2022-03-12,-8.075396825396826,50.642857142857146,21.553660714285716,16.079605657142857,0.0,995.7679795
KORD_Chicago,IL,2022-03-13,3.0,54.13333333333333,19.419369333333336,15.973235946666666,0.0,989.7514932666667
KORD_Chicago,IL,2022-03-14,8.84920634920635,58.964285714285715,15.403682857142856,16.079605657142857,0.0,994.5585545
KORD_Chicago,IL,2022-03-15,5.853174603174603,69.07142857142857,10.403233571428572,16.079605657142857,0.0,996.38478625
KORD_Chicago,IL,2022-03-16,12.718253968253967,59.785714285714285,12.817243571428572,15.419776257142857,0.0,989.5636292500001
KORD_Chicago,IL,2022-03-17,12.996031746031745,61.17857142857143,11.72519142857143,16.079605657142857,0.0,987.3987585000001
KORD_Chicago,IL,2022-03-18,5.472222222222222,82.15,28.002515999999996,10.34081417,28.956,983.4838497750001
KORD_Chicago,IL,2022-03-19,4.428104575163398,85.55882352941177,16.661402352941174,13.634896482352941,1.778,984.3239732941176
KORD_Chicago,IL,2022-03-20,9.007936507936508,57.214285714285715,10.058375,16.079605657142857,0.0,994.534366
KORD_Chicago,IL,2022-03-21,14.424603174603176,49.75,13.104625714285715,16.079605657142857,0.0,993.1072445
KORD_Chicago,IL,2022-03-22,10.032679738562091,80.27450980392157,19.974749411764705,12.851368792156862,8.89,985.1074909803922
KORD_Chicago,IL,2022-03-23,11.340579710144926,89.5,12.76976304347826,9.463269056521739,14.224,974.0435514782608
KORD_Chicago,IL,2022-03-24,5.63034188034188,85.3076923076923,13.153259615384616,11.195126119230768,12.446,980.5943473846154
KORD_Chicago,IL,2022-03-25,4.933333333333334,74.8,23.4319904,15.000336272,0.508,981.26068474
KORD_Chicago,IL,2022-03-26,-0.5555555555555556,59.5,24.566101764705884,15.443983976470587,0.0,986.8737257647059
KORD_Chicago,IL,2022-03-27,-1.7658730158730158,48.785714285714285,14.54153642857143,16.079605657142857,0.0,996.421069
KORD_Chicago,IL,2022-03-28,-1.8650793650793651,46.32142857142857,14.081725,16.079605657142857,0.0,1000.4121715
KORD_Chicago,IL,2022-03-29,2.876984126984127,46.107142857142854,23.62281214285714,16.079605657142857,0.0,993.7119570000001
KORD_Chicago,IL,2022-03-30,12.823129251700681,82.44897959183673,16.454680408163266,8.20599181632653,52.07,970.262934
KORD_Chicago,IL,2022-03-31,3.093681917211329,82.31372549019608,16.28273411764706,12.19501051764706,16.509999999999998,973.8992040784314
KORD_Chicago,IL,2022-04-01,2.042042042042042,68.86486486486487,15.136495135135133,14.865082118918917,0.0,990.0523023243244
KORD_Chicago,IL,2022-04-02,2.364341085271318,81.0,12.650160930232557,11.360443339534884,18.288,989.4952826744186
KORD_Chicago,IL,2022-04-03,5.170940170940171,77.51282051282051,8.376821025641027,12.60443341025641,6.35,991.8996801538462
KORD_Chicago,IL,2022-04-04,7.484567901234568,76.94444444444444,14.97580277777778,14.46394325,2.794,986.1073613611111
KORD_Chicago,IL,2022-04-05,8.117283950617285,75.72222222222223,13.947613333333333,13.307900683333333,1.27,981.4698883888889
KORD_Chicago,IL,2022-04-06,10.056980056980057,75.1025641025641,22.8196158974359,13.135102958974358,38.1,975.1066589743589
KORD_Chicago,IL,2022-04-07,5.3240740740740735,74.13888888888889,23.469541666666668,16.085353299999998,2.54,976.1927639722222
KORD_Chicago,IL,2022-04-08,2.7380952380952377,85.16071428571429,13.363269642857144,11.870606792857144,15.748,980.099878625
KORD_Chicago,IL,2022-04-09,4.018518518518518,64.23333333333333,15.020506666666668,15.860582146666665,0.0,985.8571447666667
KORD_Chicago,IL,2022-04-10,10.257936507936508,50.67857142857143,21.036372857142858,16.079605657142857,0.0,984.96781425
KORD_Chicago,IL,2022-04-11,12.896825396825395,49.25,15.28873,16.079605657142857,0.0,984.60498675
KORD_Chicago,IL,2022-04-12,15.190972222222221,61.78125,20.61966875,15.880162449999998,0.0,985.64055690625
KORD_Chicago,IL,2022-04-13,15.09433962264151,82.01886792452831,24.71703320754717,12.487871101886793,12.954,976.353741735849
KORD_Chicago,IL,2022-04-14,6.448412698412699,48.75,28.795690714285712,16.079605657142857,0.0,985.6571865
KORD_Chicago,IL,2022-04-15,6.952861952861952,41.84848484848485,21.165259393939394,16.08169570909091,0.254,988.487241
KORD_Chicago,IL,2022-04-16,3.907407407407407,54.5,16.039755333333332,16.08052528,0.0,995.1697172666667
KORD_Chicago,IL,2022-04-17,2.814814814814815,63.36666666666667,13.786679333333332,15.43678928,0.508,999.8655114
KORD_Chicago,IL,2022-04-18,2.3045267489711936,81.42592592592592,15.199322222222223,11.060040137037037,7.112,994.1186821481482
KORD_Chicago,IL,2022-04-19,5.218855218855219,62.666666666666664,16.239703636363636,16.08169570909091,0.0,996.6351005757575
KORD_Chicago,IL,2022-04-20,8.67383512544803,69.16129032258064,22.37501741935484,13.428125303225805,7.112,992.8021572903226
KORD_Chicago,IL,2022-04-21,13.57843137254902,66.58823529411765,18.22340882352941,14.368092852941176,1.778,994.9612218823529
KORD_Chicago,IL,2022-04-22,9.962121212121211,80.1590909090909,18.361106363636363,11.55871879090909,67.818,999.9778779772728
KORD_Chicago,IL,2022-04-23,20.79365079365079,61.17857142857143,25.00224642857143,15.950858457142857,0.0,987.5559837500001
KORD_Chicago,IL,2022-04-24,19.21875,70.09375,25.799731875,14.72495808125,11.43,984.79395940625
KORD_Chicago,IL,2022-04-25,9.007936507936508,57.142857142857146,19.77189142857143,16.079605657142857,0.0,993.1072445
KORD_Chicago,IL,2022-04-26,5.716845878136201,55.87096774193548,18.8967664516129,16.0290264,0.0,999.8480332580646
KORD_Chicago,IL,2022-04-27,2.7777777777777777,63.43333333333333,17.327227333333333,16.08052528,0.0,1001.9650731999999
KORD_Chicago,IL,2022-04-28,7.55952380952381,66.21428571428571,16.380782142857143,16.079605657142857,0.0,997.9933215
KORD_Chicago,IL,2022-04-29,13.234126984126984,51.07142857142857,21.323755000000002,16.022129228571426,1.016,992.99839625
KORD_Chicago,IL,2022-04-30,15.430555555555554,77.275,22.047958,12.72424671,137.16,982.3663410749999
KORD_Chicago,IL,2022-05-01,10.841269841269842,73.88571428571429,20.645533142857143,16.082364525714283,0.0,984.8299398
KORD_Chicago,IL,2022-05-02,9.875,70.425,12.955187,16.08374396,0.0,991.780505275
KORD_Chicago,IL,2022-05-03,8.002136752136753,87.23076923076923,28.596733846153846,7.006509280769231,58.674,987.2694430576922
KORD_Chicago,IL,2022-05-04,7.895622895622895,75.45454545454545,16.824918181818184,16.08169570909091,0.0,997.4252582424242
KORD_Chicago,IL,2022-05-05,9.17989417989418,82.54761904761905,14.024248571428572,10.510139728571428,12.191999999999998,991.7446256666668
KORD_Chicago,IL,2022-05-06,9.501133786848072,83.93877551020408,27.982809795918367,8.440824081632652,13.208,984.230065
KORD_Chicago,IL,2022-05-07,12.103174603174605,45.07142857142857,16.380782142857143,16.079605657142857,0.0,990.14415325
KORD_Chicago,IL,2022-05-08,13.88888888888889,53.357142857142854,15.34620642857143,16.079605657142857,0.0,990.0836820000001
KORD_Chicago,IL,2022-05-09,21.0515873015873,55.214285714285715,26.266727857142858,16.079605657142857,0.0,987.50760675
KORD_Chicago,IL,2022-05-10,26.289682539682538,65.71428571428571,17.24292857142857,16.079605657142857,0.0,991.7526885
KORD_Chicago,IL,2022-05-11,27.321428571428573,68.53571428571429,12.185002857142859,14.959964828571428,0.0,994.6553084999999
KORD_Chicago,IL,2022-05-12,27.896825396825395,49.67857142857143,17.76021642857143,15.291029057142856,0.0,992.8169825000001
KORD_Chicago,IL,2022-05-13,26.4484126984127,38.0,14.254154285714284,16.079605657142857,0.0,989.46687525
KORD_Chicago,IL,2022-05-14,24.206349206349206,54.035714285714285,8.908846428571428,16.079605657142857,0.0,988.3662985
KORD_Chicago,IL,2022-05-15,19.925925925925927,53.666666666666664,11.319024666666667,16.08052528,0.0,987.9905704666667
KORD_Chicago,IL,2022-05-16,19.345238095238095,46.0,17.70274,16.079605657142857,0.0,986.4312185
KORD_Chicago,IL,2022-05-17,14.226190476190476,51.357142857142854,13.621913571428573,16.079605657142857,0.0,992.1880815000001
KORD_Chicago,IL,2022-05-18,13.121693121693122,80.69047619047619,12.41490857142857,11.915246819047619,10.668000000000001,985.7620033333333
KORD_Chicago,IL,2022-05-19,20.123456790123456,69.52777777777777,15.467545555555555,10.0342349,1.016,978.911282611111
KORD_Chicago,IL,2022-05-20,20.862573099415204,76.34210526315789,19.777941578947367,14.802539915789474,37.592,977.098276736842
KORD_Chicago,IL,2022-05-21,14.54954954954955,84.37837837837837,7.5682475675675684,14.996874016216216,16.764,990.024845108108
KORD_Chicago,IL,2022-05-22,13.551587301587302,51.214285714285715,15.633588571428572,16.079605657142857,0.0,999.613951
KORD_Chicago,IL,2022-05-23,12.142857142857142,52.107142857142854,16.668164285714287,16.079605657142857,0.0,1001.9481412499999
KORD_Chicago,IL,2022-05-24,14.166666666666668,55.67857142857143,20.231702857142857,16.079605657142857,0.0,997.54583425
KORD_Chicago,IL,2022-05-25,19.22902494331066,80.0,15.140933469387756,12.889499653061224,11.937999999999999,987.16724
KORD_Chicago,IL,2022-05-26,21.430555555555557,77.5,14.524293499999999,16.08374396,0.0,983.2298705249999
KORD_Chicago,IL,2022-05-27,13.796296296296296,83.4047619047619,17.856010476190477,14.89635758095238,7.112,985.1653536666666
KORD_Chicago,IL,2022-05-28,18.075396825396826,64.85714285714286,11.552762142857144,16.022129228571426,0.0,987.7132090000001
KORD_Chicago,IL,2022-05-29,23.253968253968253,60.107142857142854,24.657387857142854,16.079605657142857,0.0,984.858966
KORD_Chicago,IL,2022-05-30,26.551724137931036,50.37931034482759,27.30328551724138,16.08008132413793,0.0,985.5562620689656
KORD_Chicago,IL,2022-05-31,26.666666666666664,60.096774193548384,22.323103225806452,16.080940593548387,0.0,987.3943605909091
KORD_Chicago,IL,2022-06-01,20.107526881720432,72.41935483870968,10.74623806451613,15.354141883870968,12.192,989.503158
KORD_Chicago,IL,2022-06-02,19.8015873015873,51.357142857142854,10.805568571428571,16.079605657142857,0.254,988.3662985
KORD_Chicago,IL,2022-06-03,21.150793650793652,34.17857142857143,15.633588571428572,16.079605657142857,0.0,988.81378575
KORD_Chicago,IL,2022-06-04,16.805555555555554,51.607142857142854,8.966322857142858,16.079605657142857,0.0,990.9302795000001
KORD_Chicago,IL,2022-06-05,19.8015873015873,54.5,11.380332857142857,16.079605657142857,0.254,986.0321082500001
KORD_Chicago,IL,2022-06-06,19.041666666666664,79.125,12.633319,13.20785338,12.954,981.86684855
KORD_Chicago,IL,2022-06-07,16.33986928104575,75.08823529411765,14.200058823529412,16.082039952941177,1.778,987.7302832352941
KORD_Chicago,IL,2022-06-08,15.490956072351421,81.79069767441861,15.082884186046511,13.053618725581394,39.624,986.7389187209302
KORD_Chicago,IL,2022-06-09,17.903225806451612,64.2258064516129,10.590495483870969,15.096128341935483,0.0,989.6560917419355
KORD_Chicago,IL,2022-06-10,18.79310344827586,64.0,11.098896551724138,16.08008132413793,0.508,988.4405321724138
KORD_Chicago,IL,2022-06-11,19.511784511784512,75.51515151515152,10.631397575757575,16.03292783030303,0.0,985.4907989393939
KORD_Chicago,IL,2022-06-12,17.79100529100529,75.26190476190476,15.786859047619048,13.068223976190476,0.0,986.3425273333332
KORD_Chicago,IL,2022-06-13,23.287037037037038,73.97222222222223,18.641521666666666,13.51487968888889,71.882,985.2701705
KORD_Chicago,IL,2022-06-14,29.682539682539687,62.25,15.461159285714286,15.734747085714286,0.0,985.5604325
KORD_Chicago,IL,2022-06-15,30.907407407407405,53.333333333333336,22.423470666666667,15.168565946666666,6.603999999999999,986.4328310666666
KORD_Chicago,IL,2022-06-16,27.552083333333332,57.03125,17.60215625,14.826547668749999,14.478,988.56131828125
KORD_Chicago,IL,2022-06-17,24.325396825396826,48.17857142857143,16.495735,16.079605657142857,0.0,992.32111825
KORD_Chicago,IL,2022-06-18,17.956349206349206,47.857142857142854,16.323305714285713,16.079605657142857,0.0,999.178558
KORD_Chicago,IL,2022-06-19,21.706349206349206,42.535714285714285,9.253705,16.079605657142857,0.0,997.88447325
KORD_Chicago,IL,2022-06-20,27.083333333333336,40.714285714285715,15.058824285714286,16.079605657142857,0.0,994.4013292500001
KORD_Chicago,IL,2022-06-21,30.515873015873016,47.285714285714285,20.00179714285714,16.079605657142857,0.0,992.0913275
KORD_Chicago,IL,2022-06-22,27.579365079365083,43.785714285714285,14.771442142857142,16.079605657142857,0.0,992.78069975
KORD_Chicago,IL,2022-06-23,24.365079365079367,45.82142857142857,10.633139285714284,16.079605657142857,0.0,992.8169825000001
KORD_Chicago,IL,2022-06-24,26.52777777777778,40.107142857142854,8.79389357142857,16.079605657142857,0.0,991.9945735
KORD_Chicago,IL,2022-06-25,22.53472222222222,68.6875,12.522676875,14.27233120625,11.176,990.6248996875
KORD_Chicago,IL,2022-06-26,23.100358422939067,58.935483870967744,17.858482580645163,15.80891021935484,0.0,993.0752532580644
KORD_Chicago,IL,2022-06-27,20.873015873015873,44.0,12.87472,16.079605657142857,0.0,998.3319604999999
KORD_Chicago,IL,2022-06-28,23.373015873015873,43.07142857142857,12.357432142857144,16.079605657142857,0.0,997.2192895
KORD_Chicago,IL,2022-06-29,25.059523809523807,53.75,12.299955714285714,16.079605657142857,0.508,996.02195875
KORD_Chicago,IL,2022-06-30,28.194444444444446,44.75,21.611137142857142,16.079605657142857,0.0,991.9824792500001
KORD_Chicago,IL,2022-07-01,23.9484126984127,54.607142857142854,11.035474285714287,16.079605657142857,0.0,990.0111165
KORD_Chicago,IL,2022-07-02,24.583333333333336,43.714285714285715,10.115851428571428,16.022129228571426,0.0,992.9137364999999
KORD_Chicago,IL,2022-07-03,25.972222222222225,47.535714285714285,9.483610714285714,15.9646528,0.0,995.211644
KORD_Chicago,IL,2022-07-04,25.105105105105107,66.83783783783784,18.833627567567568,13.256177075675675,28.701999999999998,991.3336390810811
KORD_Chicago,IL,2022-07-05,25.98108747044917,78.57446808510639,16.572777872340428,15.02575699574468,48.260000000000005,987.4064782340425
KORD_Chicago,IL,2022-07-06,22.493540051679588,83.02325581395348,17.06648930232558,14.9990488,12.954,990.3615684883722
KORD_Chicago,IL,2022-07-07,24.12280701754386,75.07894736842105,11.180677894736842,15.147277484210525,0.0,991.811250131579
KORD_Chicago,IL,2022-07-08,22.777777777777775,82.3076923076923,19.353345128205127,15.42449227179487,0.0,992.550909
KORD_Chicago,IL,2022-07-09,21.532567049808428,60.89655172413793,18.257684827586207,16.08008132413793,0.0,996.6612858275862
KORD_Chicago,IL,2022-07-10,23.9272030651341,54.58620689655172,8.990106206896552,16.08008132413793,0.0,992.9362568275862
KORD_Chicago,IL,2022-07-11,25.31986531986532,68.96969696969697,19.165776363636365,16.08169570909091,0.254,984.6390705454545
KORD_Chicago,IL,2022-07-12,24.841269841269842,53.785714285714285,17.24292857142857,16.079605657142857,0.0,986.8666115
KORD_Chicago,IL,2022-07-13,22.911877394636015,63.6551724137931,16.870322758620688,16.08008132413793,0.0,991.3364794827587
KORD_Chicago,IL,2022-07-14,21.646825396825395,62.142857142857146,12.070049999999998,16.079605657142857,0.0,996.08243
KORD_Chicago,IL,2022-07-15,20.41371158392435,88.0,8.56031914893617,11.365022114893616,31.241999999999997,994.3954107872341
KORD_Chicago,IL,2022-07-16,21.214470284237727,84.37209302325581,16.879356744186044,12.260550944186045,0.0,990.8734646511629
KORD_Chicago,IL,2022-07-17,22.314814814814813,85.4047619047619,16.323305714285716,13.35062482857143,0.508,987.1729991666666
KORD_Chicago,IL,2022-07-18,26.11111111111111,61.142857142857146,9.541087142857142,16.079605657142857,0.0,987.8099629999999
KORD_Chicago,IL,2022-07-19,27.202380952380953,61.607142857142854,17.300405,16.079605657142857,0.0,985.64509225
KORD_Chicago,IL,2022-07-20,27.242063492063494,61.32142857142857,23.62281214285714,16.079605657142857,0.0,979.67053275
KORD_Chicago,IL,2022-07-21,27.64814814814815,54.8,17.810029333333333,16.08052528,0.0,983.8253107666666
KORD_Chicago,IL,2022-07-22,26.85185185185185,50.93333333333333,12.123694666666667,16.08052528,0.0,989.2548227333334
KORD_Chicago,IL,2022-07-23,24.06084656084656,77.73809523809524,22.990571428571428,12.94215900952381,153.924,988.9548853333333
KORD_Chicago,IL,2022-07-24,25.888888888888893,74.475,18.50741,14.556077965,14.732,986.7771140500001
KORD_Chicago,IL,2022-07-25,21.626984126984127,64.82142857142857,11.207903571428572,16.079605657142857,0.0,992.6234745
KORD_Chicago,IL,2022-07-26,23.055555555555554,59.642857142857146,8.563987857142857,16.079605657142857,0.0,990.8819025
KORD_Chicago,IL,2022-07-27,23.888888888888886,73.55882352941177,13.111387647058823,16.03470642352941,0.0,987.0231253235295
KORD_Chicago,IL,2022-07-28,23.194444444444446,58.142857142857146,14.828918571428572,16.079605657142857,0.0,988.4146755
KORD_Chicago,IL,2022-07-29,22.28174603174603,56.714285714285715,12.644814285714286,16.079605657142857,0.0,992.80488825
KORD_Chicago,IL,2022-07-30,23.373015873015873,57.285714285714285,6.667265714285714,16.079605657142857,0.0,996.614577
KORD_Chicago,IL,2022-07-31,24.78174603174603,57.82142857142857,11.150427142857142,16.079605657142857,0.0,992.8169825000001
KORD_Chicago,IL,2022-08-01,25.707070707070706,66.9090909090909,17.84904363636364,16.08169570909091,0.0,986.4246216363637
KORD_Chicago,IL,2022-08-02,26.11111111111111,61.214285714285715,12.587337857142856,16.079605657142857,0.0,988.9468225
KORD_Chicago,IL,2022-08-03,27.314814814814817,69.83333333333333,19.902171333333335,16.08052528,0.0,985.6426734
KORD_Chicago,IL,2022-08-04,24.775132275132272,75.47619047619048,14.292471904761905,16.08420377142857,0.0,991.0915361666666
KORD_Chicago,IL,2022-08-05,25.972222222222225,70.71428571428571,10.748092142857143,15.50484137142857,0.0,993.7361455
KORD_Chicago,IL,2022-08-06,28.82936507936508,68.89285714285714,12.759767142857143,15.48472462142857,0.0,993.1072445
KORD_Chicago,IL,2022-08-07,25.63063063063063,83.24324324324324,10.786927567567568,15.724556670270267,5.08,992.6607378648648
KORD_Chicago,IL,2022-08-08,22.474747474747474,85.54545454545455,19.458383636363635,13.479319777272728,11.684,990.0957762500001
KORD_Chicago,IL,2022-08-09,20.50653594771242,68.58823529411765,14.105391764705884,16.082039952941177,0.0,994.9014620588234
KORD_Chicago,IL,2022-08-10,23.23045267489712,61.74074074074074,7.391042962962963,16.082671066666666,0.0,995.9247568148149
KORD_Chicago,IL,2022-08-11,22.401433691756274,59.83870967741935,20.92142,16.080940593548387,0.0,996.887672967742
KORD_Chicago,IL,2022-08-12,21.03174603174603,60.75,9.541087142857142,16.079605657142857,0.0,998.15054675
KORD_Chicago,IL,2022-08-13,22.996031746031747,55.607142857142854,17.300405,16.079605657142857,0.0,992.6597572500001
KORD_Chicago,IL,2022-08-14,21.208333333333336,78.9,16.7773695,16.08374396,0.0,989.443896175
KORD_Chicago,IL,2022-08-15,21.4983164983165,72.12121212121212,16.678614545454543,16.08169570909091,0.0,993.0126894545454
KORD_Chicago,IL,2022-08-16,21.70634920634921,60.642857142857146,15.173777142857144,16.022129228571426,0.0,994.8971935000001
KORD_Chicago,IL,2022-08-17,22.20164609053498,65.03703703703704,11.02695925925926,16.082671066666666,0.0,995.0593460370371
KORD_Chicago,IL,2022-08-18,23.134920634920636,58.142857142857146,6.782218571428571,16.079605657142857,0.0,991.7526885
KORD_Chicago,IL,2022-08-19,24.90079365079365,55.535714285714285,16.495735,16.079605657142857,0.0,989.58781775
KORD_Chicago,IL,2022-08-20,21.341463414634145,81.4390243902439,11.89341512195122,14.023239229268292,28.194,989.9574298292683
KORD_Chicago,IL,2022-08-21,21.775362318840582,82.23913043478261,14.13420347826087,11.722642473913044,0.762,990.3792023695653
KORD_Chicago,IL,2022-08-22,22.57936507936508,66.67857142857143,9.311181428571428,16.079605657142857,0.0,992.61138025
KORD_Chicago,IL,2022-08-23,23.452380952380953,57.785714285714285,7.989223571428572,16.079605657142857,0.0,991.6680287500001
KORD_Chicago,IL,2022-08-24,24.464285714285715,54.67857142857143,7.989223571428572,16.079605657142857,0.0,993.21609275
KORD_Chicago,IL,2022-08-25,21.88888888888889,81.62222222222222,13.411166666666668,13.554934373333332,19.558,991.1512011333333
KORD_Chicago,IL,2022-08-26,21.311728395061728,74.30555555555556,13.589982222222222,16.082671066666663,0.0,993.6891123055555
KORD_Chicago,IL,2022-08-27,21.765873015873016,69.25,7.586888571428572,16.079605657142857,0.0,992.44206075
KORD_Chicago,IL,2022-08-28,24.457364341085274,76.48837209302326,16.72965069767442,13.2609616,16.764,986.3924043953489
KORD_Chicago,IL,2022-08-29,24.024390243902438,77.36585365853658,18.37002731707317,14.810638263414633,6.35,986.2984767317074
KORD_Chicago,IL,2022-08-30,22.38095238095238,57.714285714285715,17.070499285714284,16.079605657142857,0.0,989.7813257500001
KORD_Chicago,IL,2022-08-31,23.234126984126984,59.17857142857143,13.506960714285714,16.079605657142857,0.0,992.0187619999999
KORD_Chicago,IL,2022-09-01,25.416666666666668,59.285714285714285,11.035474285714287,16.079605657142857,0.0,992.3574010000001
KORD_Chicago,IL,2022-09-02,25.515873015873016,61.42857142857143,13.162102142857142,16.079605657142857,0.0,992.82907675
KORD_Chicago,IL,2022-09-03,23.74183006535948,72.6470588235294,18.649410588235295,16.082039952941177,0.0,994.7321425588236
KORD_Chicago,IL,2022-09-04,21.09567901234568,81.55555555555556,21.904905555555555,16.037967177777777,0.0,994.7708757777777
KORD_Chicago,IL,2022-09-05,19.86111111111111,80.75,18.86504111111111,16.082671066666663,0.0,994.5545230833333
KORD_Chicago,IL,2022-09-06,21.11111111111111,79.6923076923077,10.81146358974359,16.08349636923077,0.0,995.3034362564102
KORD_Chicago,IL,2022-09-07,22.003968253968253,66.42857142857143,9.770992857142858,16.079605657142857,0.0,995.59866
KORD_Chicago,IL,2022-09-08,22.658730158730158,57.75,6.609789285714285,16.079605657142857,0.0,990.6883945
KORD_Chicago,IL,2022-09-09,22.996031746031747,56.035714285714285,11.150427142857142,16.079605657142857,0.0,989.41849825
KORD_Chicago,IL,2022-09-10,23.237547892720308,63.58620689655172,8.268677931034484,15.969092358620689,0.0,991.9787258620689
KORD_Chicago,IL,2022-09-11,18.63123993558776,88.94202898550725,21.877694492753623,9.344900933333333,85.344,987.9179348550725
KORD_Chicago,IL,2022-09-12,14.82905982905983,81.33333333333333,14.03014358974359,14.556686625641024,0.508,983.754978051282
KORD_Chicago,IL,2022-09-13,19.313725490196077,73.97058823529412,10.697377647058824,15.514037599999998,0.508,987.6306835294117
KORD_Chicago,IL,2022-09-14,19.444444444444446,72.46428571428571,7.874270714285714,16.079605657142857,0.0,995.68331975
KORD_Chicago,IL,2022-09-15,21.35185185185185,70.83333333333333,8.712633793103448,15.196461173333331,0.0,997.4273106
KORD_Chicago,IL,2022-09-16,22.896825396825395,66.32142857142857,11.092950714285715,15.8359056,0.0,994.9213820000001
KORD_Chicago,IL,2022-09-17,24.761904761904763,59.57142857142857,16.495735,16.079605657142857,0.0,991.6680287500001
KORD_Chicago,IL,2022-09-18,23.950617283950617,68.05555555555556,11.801826666666667,14.629794677777776,48.513999999999996,988.7130003333334
KORD_Chicago,IL,2022-09-19,21.129032258064516,72.3225806451613,10.227096129032258,16.080940593548387,0.0,990.6392372258065
KORD_Chicago,IL,2022-09-20,23.57638888888889,70.6875,13.729681875,16.08132995,4.064,988.8999572812501
KORD_Chicago,IL,2022-09-21,23.96825396825397,57.67857142857143,18.56488642857143,16.079605657142857,0.0,987.26572175
KORD_Chicago,IL,2022-09-22,14.087301587301587,61.17857142857143,18.50741,16.079605657142857,0.0,996.8685562500001
KORD_Chicago,IL,2022-09-23,13.60215053763441,60.806451612903224,10.642409677419355,16.080940593548387,0.0,997.6195701612903
KORD_Chicago,IL,2022-09-24,14.777777777777779,78.17777777777778,12.83895688888889,14.618529297777776,4.318,987.9755198444445
KORD_Chicago,IL,2022-09-25,15.84084084084084,76.43243243243244,17.441765945945946,15.942035048648648,0.762,983.2337602972973
KORD_Chicago,IL,2022-09-26,13.160919540229886,63.03448275862069,18.979113103448274,16.08341099310345,0.0,987.5530644482759
KORD_Chicago,IL,2022-09-27,11.30952380952381,59.92857142857143,16.668164285714287,16.079605657142857,0.0,995.22373825
KORD_Chicago,IL,2022-09-28,11.277777777777777,64.3,15.342374666666666,16.08052528,0.0,1005.9158615333333
KORD_Chicago,IL,2022-09-29,12.0,67.6,6.008202666666667,16.08052528,0.0,1006.1980607
KORD_Chicago,IL,2022-09-30,13.373015873015873,68.07142857142857,8.161652857142858,16.079605657142857,0.0,1000.25494625
KORD_Chicago,IL,2022-10-01,14.623015873015873,70.53571428571429,15.691065,15.8359056,0.0,998.646411
KORD_Chicago,IL,2022-10-02,14.444444444444445,75.7741935483871,16.456799354838708,16.080940593548387,0.0,1002.419817
KORD_Chicago,IL,2022-10-03,13.353174603174603,63.57142857142857,4.310732142857143,16.079605657142857,0.0,1001.8151045000001
KORD_Chicago,IL,2022-10-04,14.702380952380953,57.964285714285715,4.138302857142857,16.022129228571426,0.0,999.4930085
KORD_Chicago,IL,2022-10-05,17.18253968253968,45.42857142857143,6.035025,15.849699942857143,0.0,995.34468075
KORD_Chicago,IL,2022-10-06,15.474254742547426,69.4390243902439,20.68590682926829,15.10267459512195,2.032,993.9632814146341
KORD_Chicago,IL,2022-10-07,8.871527777777779,63.5625,17.652448125,16.08132995,0.0,1003.2180375
KORD_Chicago,IL,2022-10-08,8.809523809523808,53.607142857142854,15.116300714285714,16.079605657142857,0.0,1001.3555230000001
KORD_Chicago,IL,2022-10-09,12.896825396825395,49.75,12.357432142857144,16.079605657142857,0.0,995.27211525
KORD_Chicago,IL,2022-10-10,14.305555555555555,66.71428571428571,5.747642857142857,15.50484137142857,0.0,995.90101625
KORD_Chicago,IL,2022-10-11,14.886039886039885,79.12820512820512,18.239186666666665,11.567440738461539,16.51,991.8909971025641
KORD_Chicago,IL,2022-10-12,14.063492063492063,76.82857142857142,22.070948571428573,14.266109382857142,10.922,981.6273824
KORD_Chicago,IL,2022-10-13,7.674897119341564,58.96296296296296,18.41800222222222,16.082671066666666,0.0,981.0873517407408
KORD_Chicago,IL,2022-10-14,8.015873015873016,55.25,14.943871428571429,15.964652799999998,1.016,980.263151
KORD_Chicago,IL,2022-10-15,7.407407407407407,64.62962962962963,17.285503703703704,16.082671066666666,0.0,987.5716614814816
KORD_Chicago,IL,2022-10-16,8.251028806584362,62.55555555555556,15.080111851851852,16.082671066666666,0.0,988.9513018518519
KORD_Chicago,IL,2022-10-17,4.2087542087542085,62.39393939393939,27.846458787878788,16.08462178181818,0.0,987.6560361818182
KORD_Chicago,IL,2022-10-18,5.0,54.96551724137931,26.748340689655173,16.08008132413793,0.0,991.4532515517242
KORD_Chicago,IL,2022-10-19,4.424603174603175,51.464285714285715,18.105075,16.079605657142857,0.0,990.27719
KORD_Chicago,IL,2022-10-20,7.35632183908046,41.310344827586206,12.319775172413793,15.542339786206897,0.0,984.0499023793103
KORD_Chicago,IL,2022-10-21,15.396825396825395,44.892857142857146,18.277504285714286,15.907176371428571,0.0,982.50058725
KORD_Chicago,IL,2022-10-22,19.742063492063494,50.5,21.38123142857143,16.079605657142857,0.0,985.11294525
KORD_Chicago,IL,2022-10-23,21.210317460317462,53.285714285714285,25.577010714285713,16.079605657142857,0.0,987.6890205
KORD_Chicago,IL,2022-10-24,21.11111111111111,50.857142857142854,25.289628571428572,16.079605657142857,0.0,986.213522
KORD_Chicago,IL,2022-10-25,14.371584699453551,85.31147540983606,14.721503606557377,9.443659885245902,33.02,980.7040954590165
KORD_Chicago,IL,2022-10-26,8.080808080808081,70.81818181818181,16.239703636363636,16.08169570909091,1.524,989.0926864848485
KORD_Chicago,IL,2022-10-27,7.956989247311828,69.7741935483871,9.033069677419354,16.0290264,0.0,1002.0874201935484
KORD_Chicago,IL,2022-10-28,10.436507936507937,62.964285714285715,5.977548571428572,16.079605657142857,0.0,1004.064635
KORD_Chicago,IL,2022-10-29,10.436507936507937,68.85714285714286,5.230355,14.410490171428572,0.0,1000.9443185
KORD_Chicago,IL,2022-10-30,12.152777777777779,77.4375,6.53794375,11.9543786875,1.27,990.5402399375
KORD_Chicago,IL,2022-10-31,12.604166666666666,90.52083333333333,7.685419591836735,4.361639836734693,1.016,986.1816137659574
KORD_Chicago,IL,2022-11-01,13.075396825396824,60.857142857142854,8.391558571428572,14.803054178571427,0.0,995.308398
KORD_Chicago,IL,2022-11-02,14.464285714285714,65.64285714285714,9.311181428571428,16.079605657142857,0.0,998.56175125
KORD_Chicago,IL,2022-11-03,17.38095238095238,59.57142857142857,20.92142,16.079605657142857,0.0,994.1473500000001
KORD_Chicago,IL,2022-11-04,18.25825825825826,69.67567567567568,20.00801081081081,14.865082118918917,8.382,985.8605006486487
KORD_Chicago,IL,2022-11-05,13.320413436692508,76.55813953488372,36.00430418604651,13.745260660465116,9.906,976.6270006744186
KORD_Chicago,IL,2022-11-06,11.19047619047619,61.785714285714285,18.277504285714286,16.079605657142857,0.0,989.5394407499999
KORD_Chicago,IL,2022-11-07,8.08641975308642,45.148148148148145,12.576694074074075,16.082671066666666,0.0,1007.2628922222221
KORD_Chicago,IL,2022-11-08,9.305555555555555,61.0,17.357881428571428,16.079605657142857,0.0,1009.44657625
KORD_Chicago,IL,2022-11-09,15.23148148148148,47.5,16.0934,16.082671066666663,0.0,998.6840375555556
KORD_Chicago,IL,2022-11-10,19.404761904761905,48.035714285714285,21.09384928571429,16.079605657142857,0.0,989.5031580000001
KORD_Chicago,IL,2022-11-11,6.14695340501792,64.96774193548387,19.7273935483871,16.080940593548387,0.0,986.9469797419356
KORD_Chicago,IL,2022-11-12,1.224747474747475,66.79545454545455,15.764216818181819,15.710084472727273,0.0,992.0429505
KORD_Chicago,IL,2022-11-13,0.25793650793650796,54.214285714285715,12.41490857142857,16.079605657142857,0.0,1000.32751175
KORD_Chicago,IL,2022-11-14,1.2896825396825395,54.785714285714285,7.7593178571428565,16.079605657142857,0.0,1001.9602355
KORD_Chicago,IL,2022-11-15,1.6111111111111112,83.73333333333333,9.119593333333334,5.603453656666667,11.43,997.1394674500001
KORD_Chicago,IL,2022-11-16,1.1393596986817327,83.54237288135593,14.456783050847458,9.277435945762711,1.524,994.4507311864407
KORD_Chicago,IL,2022-11-17,-0.3594771241830066,71.43137254901961,23.729876078431374,14.236663419607844,0.0,994.5495430980393
KORD_Chicago,IL,2022-11-18,-3.674463937621832,66.6140350877193,24.817716842105263,13.383497312280701,0.0,995.7650089824562
KORD_Chicago,IL,2022-11-19,-4.79328165374677,60.46511627906977,25.562307441860465,12.857129539534883,0.0,992.5036570465115
KORD_Chicago,IL,2022-11-20,-4.186507936507937,52.357142857142854,20.231702857142857,16.079605657142857,0.0,1000.3154175
KORD_Chicago,IL,2022-11-21,2.5198412698412698,46.464285714285715,18.50741,16.079605657142857,0.0,996.02195875
KORD_Chicago,IL,2022-11-22,4.107142857142857,51.285714285714285,10.46071,16.079605657142857,0.0,997.4490802500001
KORD_Chicago,IL,2022-11-23,7.42063492063492,63.892857142857146,10.92052142857143,16.079605657142857,0.0,995.888922
KORD_Chicago,IL,2022-11-24,7.690972222222222,70.28125,12.925011875,15.930454325,0.0,994.38167609375
KORD_Chicago,IL,2022-11-25,5.555555555555555,65.6,12.016405333333333,15.357395173333334,0.0,996.9193521
KORD_Chicago,IL,2022-11-26,6.964285714285714,51.642857142857146,14.54153642857143,16.022129228571426,0.0,990.1562475000001
KORD_Chicago,IL,2022-11-27,5.726495726495727,78.48717948717949,18.032861025641026,14.24926142051282,6.8580000000000005,978.6753930512821
KORD_Chicago,IL,2022-11-28,3.627450980392157,74.8529411764706,10.082041764705883,16.082039952941177,0.0,988.3876412941177
KORD_Chicago,IL,2022-11-29,9.108796296296296,78.64583333333333,23.972460416666667,14.196055195833333,2.032,980.10592575
KORD_Chicago,IL,2022-11-30,-3.3625730994152043,62.18421052631579,28.629311578947366,16.08323574736842,0.0,990.643836736842
KORD_Chicago,IL,2022-12-01,-2.5198412698412698,57.035714285714285,15.978447142857144,16.079605657142857,0.0,1003.097095
KORD_Chicago,IL,2022-12-02,7.239583333333333,56.3125,27.107320625,15.930454325,0.0,986.74113365625
KORD_Chicago,IL,2022-12-03,-0.7239057239057238,58.54545454545455,23.262278181818182,15.68667589090909,0.0,997.4047346666667
KORD_Chicago,IL,2022-12-04,-1.3293650793650793,50.25,17.58778714285714,16.079605657142857,0.0,996.4694460000001
KORD_Chicago,IL,2022-12-05,3.263888888888889,61.96875,11.818590625,16.08132995,0.0,987.513653875
KORD_Chicago,IL,2022-12-06,4.504504504504505,79.29729729729729,9.395065945945946,12.19227284864865,0.0,991.827868972973
KORD_Chicago,IL,2022-12-07,3.888888888888889,84.34042553191489,7.875493617021276,6.1476788,0.0,999.2444330638298
KORD_Chicago,IL,2022-12-08,2.3441734417344176,73.41463414634147,12.796215609756096,15.001403931707317,0.0,1002.9000472195122
KORD_Chicago,IL,2022-12-09,2.3294346978557505,85.96491228070175,18.606229122807015,6.062976694736841,32.766,997.2205625789474
KORD_Chicago,IL,2022-12-10,3.623188405797101,87.0,8.466527826086956,7.172758408695652,0.762,996.9311308478261
KORD_Chicago,IL,2022-12-11,3.333333333333333,79.26086956521739,8.921341304347827,15.762785586956522,0.0,998.1237290652174
KORD_Chicago,IL,2022-12-12,3.5714285714285716,76.31428571428572,11.035474285714287,15.898439954285712,0.0,1000.6395434
KORD_Chicago,IL,2022-12-13,2.574074074074074,73.0,23.389074666666666,15.973235946666666,0.254,996.4226815666666
KORD_Chicago,IL,2022-12-14,4.618055555555555,87.203125,22.5056140625,6.02546954375,51.562,983.317705015625
KORD_Chicago,IL,2022-12-15,1.146953405017921,81.64516129032258,18.092096451612903,10.295103722580643,8.382,977.1701440967742
KORD_Chicago,IL,2022-12-16,-1.910774410774411,75.5909090909091,22.652679696969695,8.591193366666666,0.762,979.7031505757575
KORD_Chicago,IL,2022-12-17,-4.461279461279461,74.87878787878788,22.82336727272727,14.855183557575756,0.0,983.7360332121212
KORD_Chicago,IL,2022-12-18,-8.104575163398692,72.08823529411765,19.69074823529412,15.750705247058825,0.0,995.1305413823529
KORD_Chicago,IL,2022-12-19,-7.142857142857143,64.35714285714286,6.494836428571429,16.079605657142857,0.0,1004.7056302499999
KORD_Chicago,IL,2022-12-20,-2.558922558922559,73.81818181818181,10.826469090909091,16.08169570909091,0.0,1005.9425421818181
KORD_Chicago,IL,2022-12-21,-5.095238095238096,72.8,8.874360571428571,14.542915862857143,0.0,1001.9232413235295
KORD_Chicago,IL,2022-12-22,-7.925170068027212,74.53061224489795,20.987107346938775,5.728265089795919,3.81,986.158234
KORD_Chicago,IL,2022-12-23,-15.542328042328043,63.76190476190476,35.2138919047619,5.730016752380952,0.0,986.0845166666668
KORD_Chicago,IL,2022-12-24,-14.583333333333334,62.34375,30.024249375,14.511720531249999,0.0,988.05335978125
KORD_Chicago,IL,2022-12-25,-12.777777777777777,62.25,19.714415,16.079605657142857,0.0,992.5267205
KORD_Chicago,IL,2022-12-26,-8.15359477124183,66.8529411764706,5.44335588235294,14.591980447058823,0.0,996.0568186470589
KORD_Chicago,IL,2022-12-27,-8.234126984126984,72.67857142857143,18.909744999999997,16.079605657142857,0.0,994.2924810000001
KORD_Chicago,IL,2022-12-28,2.7579365079365084,67.67857142857143,26.09429857142857,16.079605657142857,0.0,984.423573
KORD_Chicago,IL,2022-12-29,11.145833333333334,81.59375,25.598564375,16.031038074999998,0.0,985.01619125
KORD_Chicago,IL,2022-12-30,5.746527777777778,78.8125,14.886395,15.202227975,0.0,989.78888465625
KORD_Chicago,IL,2022-12-31,0.45267489711934156,76.18518518518519,4.1127577777777775,15.307803659259257,0.0,988.3869035185185
KORD_Chicago,IL,2023-01-01,4.423480083857442,87.79245283018868,6.6195494339622645,5.2850118301886795,6.096,988.749207018868
KORD_Chicago,IL,2023-01-02,2.939814814814815,87.02083333333333,9.0525375,6.755539929166666,0.0,991.7960262291667
KORD_Chicago,IL,2023-01-03,5.795795795795796,91.0,11.200136486486487,3.0044637972972974,42.926,978.8634867162162
KORD_Chicago,IL,2023-01-04,2.2628726287262872,83.0,13.149485365853659,13.741015946341463,0.0,982.0778784634145
KORD_Chicago,IL,2023-01-05,0.4814814814814815,81.81666666666666,13.223410333333334,10.435228783333333,0.762,986.6247265000001
KORD_Chicago,IL,2023-01-06,-1.1246612466124661,80.1951219512195,11.971919512195122,14.496228180487805,0.0,994.8966035365853
KORD_Chicago,IL,2023-01-07,-1.3978494623655915,75.87096774193549,9.50029741935484,14.913909522580644,0.0,1003.1470325483871
KORD_Chicago,IL,2023-01-08,-1.5770609318996416,78.03225806451613,7.994785806451612,14.990742529032257,0.0,998.8539639354838
KORD_Chicago,IL,2023-01-09,0.7118055555555556,77.1875,13.226763125,12.44472446875,0.0,994.17002671875
KORD_Chicago,IL,2023-01-10,4.876543209876543,74.66666666666667,8.404331111111112,15.546224399999998,0.0,986.8567569259259
KORD_Chicago,IL,2023-01-11,7.132616487455198,74.64516129032258,6.07396064516129,14.070823019354838,0.0,984.5983544193549
KORD_Chicago,IL,2023-01-12,3.310185185185185,79.89583333333333,21.22317125,10.873438654166668,0.0,989.1856839375
KORD_Chicago,IL,2023-01-13,-0.7026143790849674,73.17647058823529,23.430097058823527,14.166452017647059,0.762,998.2081722941175
KORD_Chicago,IL,2023-01-14,-2.739463601532567,71.44827586206897,11.764830344827585,16.08008132413793,0.0,999.5805875517241
KORD_Chicago,IL,2023-01-15,1.6666666666666665,62.392857142857146,20.634037857142857,16.079605657142857,0.0,992.889548
KORD_Chicago,IL,2023-01-16,6.975308641975309,76.15555555555555,22.10160266666667,11.562929084444445,10.668,978.4033241111111
KORD_Chicago,IL,2023-01-17,4.6759259259259265,79.75,23.558949444444444,15.167135422222222,0.0,978.1963780555556
KORD_Chicago,IL,2023-01-18,3.190883190883191,78.56410256410257,20.550033846153845,14.391626112820513,8.89,987.3844934871795
KORD_Chicago,IL,2023-01-19,3.6049382716049383,88.13333333333334,14.555586222222223,9.165012484444444,5.334,976.1908826444444
KORD_Chicago,IL,2023-01-20,0.16835016835016833,74.75757575757575,17.361364848484847,15.741783593939394,0.0,992.5919561515152
KORD_Chicago,IL,2023-01-21,-1.3218390804597702,78.06896551724138,12.430764137931035,16.02458684137931,0.0,996.0774254827586
KORD_Chicago,IL,2023-01-22,-0.3774928774928775,85.85897435897436,6.99443923076923,5.686540992307692,6.35,987.6406435
KORD_Chicago,IL,2023-01-23,-3.4,81.84,17.992421200000003,11.798393407999999,0.0,992.516354
KORD_Chicago,IL,2023-01-24,7.162729191130042e-18,77.03225806451613,10.382838709677419,15.08211150967742,0.0,996.2213188064517
KORD_Chicago,IL,2023-01-25,0.5456349206349207,85.91071428571429,13.133363928571429,4.721975989285714,10.668,983.80676625
KORD_Chicago,IL,2023-01-26,-3.8020833333333335,81.515625,17.0992375,7.96874759375,1.778,988.148602
KORD_Chicago,IL,2023-01-27,-2.5633528265107213,77.35087719298245,25.890610175438596,9.806245066666666,1.778,983.7878822456141
KORD_Chicago,IL,2023-01-28,-3.587962962962963,79.58333333333333,14.84169111111111,6.449877088888889,10.414,995.0859981805556
KORD_Chicago,IL,2023-01-29,-4.5432098765432105,77.82222222222222,17.917318666666667,11.624799266666665,1.27,996.7801338444444
KORD_Chicago,IL,2023-01-30,-10.97953216374269,58.89473684210526,15.71224052631579,12.792558957894736,0.508,1003.3071530263159
KORD_Chicago,IL,2023-01-31,-14.365079365079366,55.25,10.00089857142857,16.079605657142857,0.0,1004.5121222500001
KORD_Chicago,IL,2023-02-01,-7.996031746031746,55.464285714285715,16.610687857142857,16.079605657142857,0.0,1000.9201300000001
KORD_Chicago,IL,2023-02-02,-4.404761904761904,53.57142857142857,22.358330714285717,16.079605657142857,0.0,996.421069
KORD_Chicago,IL,2023-02-03,-13.968253968253967,45.17857142857143,12.759767142857143,16.079605657142857,0.0,1009.05956025
KORD_Chicago,IL,2023-02-04,-1.7857142857142858,55.607142857142854,22.35833071428571,16.079605657142857,0.0,994.42551775
KORD_Chicago,IL,2023-02-05,2.4404761904761902,66.35714285714286,18.047598571428573,16.079605657142857,0.0,989.2008017500001
KORD_Chicago,IL,2023-02-06,1.7460317460317458,66.17857142857143,15.34620642857143,14.672582685714286,0.0,993.8328995
KORD_Chicago,IL,2023-02-07,4.183006535947713,74.29411764705883,21.868090588235294,16.082039952941177,0.0,990.1704760294117
KORD_Chicago,IL,2023-02-08,1.9841269841269842,69.21428571428571,6.3798835714285715,16.079605657142857,0.0,997.3039492500001
KORD_Chicago,IL,2023-02-09,3.7654320987654324,86.52380952380952,19.082174285714284,7.928170831746033,62.23,980.6824183333333
KORD_Chicago,IL,2023-02-10,1.0,60.9,15.610598000000001,15.75865728,0.0,999.5381603666666
KORD_Chicago,IL,2023-02-11,1.5079365079365081,55.607142857142854,12.759767142857143,16.079605657142857,0.0,1001.0894495
KORD_Chicago,IL,2023-02-12,5.059523809523809,50.464285714285715,14.311630714285714,16.079605657142857,0.0,990.1320589999999
KORD_Chicago,IL,2023-02-13,5.912698412698412,50.57142857142857,14.139201428571429,16.079605657142857,0.0,985.43949
KORD_Chicago,IL,2023-02-14,8.118279569892472,62.87096774193548,22.997987741935486,16.080940593548387,4.064,979.7700177096774
KORD_Chicago,IL,2023-02-15,6.450617283950617,75.55555555555556,27.44818777777778,15.278001066666665,5.842,980.3128718055555
KORD_Chicago,IL,2023-02-16,-0.144927536231884,82.81159420289855,30.55413623188406,6.760627426086956,18.796,988.4136238260869
KORD_Chicago,IL,2023-02-17,-5.28673835125448,68.35483870967742,19.26016580645161,16.080940593548387,0.0,998.6245633225807
KORD_Chicago,IL,2023-02-18,2.2817460317460316,59.642857142857146,21.323755000000002,16.079605657142857,0.0,996.227561
KORD_Chicago,IL,2023-02-19,6.488095238095238,59.892857142857146,22.07094857142857,16.079605657142857,0.0,985.778129
KORD_Chicago,IL,2023-02-20,3.5515873015873014,66.60714285714286,10.403233571428572,16.079605657142857,0.0,982.42802175
KORD_Chicago,IL,2023-02-21,0.5952380952380952,54.0,19.427032857142855,16.079605657142857,0.0,982.7545665
KORD_Chicago,IL,2023-02-22,1.2820512820512822,79.51282051282051,24.84160717948718,10.705824861538462,38.862,980.194927025641
KORD_Chicago,IL,2023-02-23,0.982905982905983,79.56410256410257,21.33407128205128,10.546128815384614,0.0,988.1051867435898
KORD_Chicago,IL,2023-02-24,-4.382716049382716,70.73333333333333,12.946246222222223,11.766421186666667,2.54,1009.0238150222223
KORD_Chicago,IL,2023-02-25,-0.638888888888889,75.775,12.998515384615384,15.681408959999999,0.0,998.5956151500001
KORD_Chicago,IL,2023-02-26,2.8703703703703707,64.4,10.031552666666666,14.499080506666667,0.0,989.9659646333333
KORD_Chicago,IL,2023-02-27,6.934156378600823,79.29629629629629,23.752666296296297,10.328386488888889,49.022,969.9937889444444
KORD_Chicago,IL,2023-02-28,5.627240143369176,63.903225806451616,11.784521935483872,16.080940593548387,0.0,985.2428609032257
KORD_Chicago,IL,2023-03-01,7.255892255892255,73.0909090909091,13.947613333333333,14.253875612121211,15.494,982.925351969697
KORD_Chicago,IL,2023-03-02,2.5,72.26315789473684,15.542836315789474,16.085776810526315,0.0,989.2803691842105
KORD_Chicago,IL,2023-03-03,2.142857142857143,78.4,23.910194285714287,15.430351919999998,0.0,978.618333
KORD_Chicago,IL,2023-03-04,3.549382716049383,77.80555555555556,10.997156666666667,11.620328877777776,2.7939999999999996,989.1645189999999
KORD_Chicago,IL,2023-03-05,4.574074074074074,70.53333333333333,11.533603333333334,13.4943159,1.27,996.9306400666667
KORD_Chicago,IL,2023-03-06,6.790123456790123,76.83333333333333,16.495735,15.412112733333332,6.858,989.3714650555555
KORD_Chicago,IL,2023-03-07,3.8071895424836604,63.205882352941174,23.619431176470588,16.023346376470585,0.0,1003.8355556764706
KORD_Chicago,IL,2023-03-08,4.642857142857143,41.82142857142857,20.11675,16.079605657142857,0.0,1007.31798825
KORD_Chicago,IL,2023-03-09,2.532299741602067,70.02325581395348,20.80914046511628,10.518721093023256,13.716,997.2682290232558
KORD_Chicago,IL,2023-03-10,1.3194444444444444,84.76785714285714,17.127975714285714,9.236462071428573,4.8260000000000005,992.121563125
KORD_Chicago,IL,2023-03-11,1.8233618233618234,76.94871794871794,13.081045641025641,12.175276076923076,5.08,992.4380293333335
KORD_Chicago,IL,2023-03-12,1.1538461538461537,82.98076923076923,12.008152307692306,9.005804742307692,3.302,988.1420897115385
KORD_Chicago,IL,2023-03-13,-1.2698412698412698,71.6938775510204,19.837578775510202,14.083695620408163,0.0,992.868815
KORD_Chicago,IL,2023-03-14,-1.8849206349206349,57.035714285714285,11.092950714285715,16.079605657142857,0.0,1002.1537435
KORD_Chicago,IL,2023-03-15,3.6904761904761902,55.714285714285715,17.530310714285715,16.079605657142857,0.0,996.8685562500001
KORD_Chicago,IL,2023-03-16,7.126984126984127,69.82857142857142,20.139740571428568,13.112902319999998,6.35,981.3080942
KORD_Chicago,IL,2023-03-17,0.31045751633986934,71.08823529411765,29.01545352941176,14.048591529411764,1.016,980.828023617647
KORD_Chicago,IL,2023-03-18,-7.4567901234567895,58.0,25.606387555555557,12.998817995555555,0.0,991.9187828666667
KORD_Chicago,IL,2023-03-19,-1.369047619047619,48.57142857142857,19.656938571428572,16.079605657142857,0.0,998.80363625
KORD_Chicago,IL,2023-03-20,5.099206349206349,38.035714285714285,28.220926428571428,16.079605657142857,0.0,994.050596
KORD_Chicago,IL,2023-03-21,6.523297491039426,56.903225806451616,20.92142,15.977112206451613,0.0,995.59866
KORD_Chicago,IL,2023-03-22,7.47584541062802,85.69565217391305,10.70560956521739,8.177896195652174,1.7779999999999998,989.8197118478262
KORD_Chicago,IL,2023-03-23,5.544871794871795,81.98076923076923,16.24814423076923,10.748843757692308,14.223999999999998,989.2166173076923
KORD_Chicago,IL,2023-03-24,4.288194444444445,69.03125,19.01032875,15.980746199999999,1.016,988.3814163125
KORD_Chicago,IL,2023-03-25,2.398148148148148,80.88333333333334,25.13252633333333,8.270666483333333,30.226,975.60202705
KORD_Chicago,IL,2023-03-26,4.0990990990990985,74.51351351351352,14.87552108108108,15.821986983783782,5.08,989.3109574864866
KORD_Chicago,IL,2023-03-27,3.4229390681003586,66.09677419354838,17.80656838709677,15.9646528,0.0,995.6860507096775
KORD_Chicago,IL,2023-03-28,4.682539682539683,52.642857142857146,9.541087142857142,16.079605657142857,0.0,999.275312
KORD_Chicago,IL,2023-03-29,2.3472222222222223,55.775,16.817603,14.13241921,0.0,998.621013075
KORD_Chicago,IL,2023-03-30,5.198412698412698,47.785714285714285,15.633588571428572,16.079605657142857,0.0,996.1308069999999
KORD_Chicago,IL,2023-03-31,15.185185185185185,75.98333333333333,25.534861333333332,12.633587223333333,164.084,974.6086859833333
KORD_Chicago,IL,2023-04-01,3.596491228070175,73.13157894736842,22.149600526315787,15.704617336842105,0.762,980.7787479736843
KORD_Chicago,IL,2023-04-02,6.666666666666666,64.89285714285714,17.932645714285716,16.079605657142857,0.0,989.22499025
KORD_Chicago,IL,2023-04-03,10.38888888888889,60.266666666666666,17.112648666666665,15.705012613333333,3.048,984.8186518333333
KORD_Chicago,IL,2023-04-04,10.670859538784066,86.33962264150944,21.498353207547172,12.45477335471698,71.11999999999999,982.30707925
KORD_Chicago,IL,2023-04-05,15.18970189701897,69.95121951219512,26.400839523809527,15.624392342857142,18.287999999999997,981.2065025
KORD_Chicago,IL,2023-04-06,5.595238095238095,47.535714285714285,16.035923571428572,16.079605657142857,0.0,1002.14164925
KORD_Chicago,IL,2023-04-07,5.535714285714286,51.67857142857143,13.21957857142857,16.079605657142857,0.0,1007.9589834999999
KORD_Chicago,IL,2023-04-08,10.05952380952381,47.964285714285715,10.863045,16.079605657142857,0.0,1003.88322125
KORD_Chicago,IL,2023-04-09,13.253968253968253,37.32142857142857,11.782667857142856,16.079605657142857,0.0,1004.51212225
KORD_Chicago,IL,2023-04-10,15.932539682539684,30.964285714285715,13.104625714285715,16.079605657142857,0.0,1001.82719875
KORD_Chicago,IL,2023-04-11,19.218106995884774,37.851851851851855,17.523924444444443,16.082671066666666,0.0,996.4515285925926
KORD_Chicago,IL,2023-04-12,21.52777777777778,37.107142857142854,23.565335714285712,16.079605657142857,0.0,989.46687525
KORD_Chicago,IL,2023-04-13,21.56746031746032,32.892857142857146,15.116300714285714,16.079605657142857,0.0,986.39493575
KORD_Chicago,IL,2023-04-14,21.60919540229885,33.3448275862069,9.822523448275863,16.08008132413793,0.0,984.190028862069
KORD_Chicago,IL,2023-04-15,22.4910394265233,50.12903225806452,15.366601290322581,16.080940593548387,0.508,982.8396163870967
KORD_Chicago,IL,2023-04-16,6.883680555555555,83.515625,24.1401,11.816327490625,5.08,977.91535471875
KORD_Chicago,IL,2023-04-17,1.7575757575757573,71.96363636363637,25.86648290909091,11.794121341818181,2.286,979.0176631454545
KORD_Chicago,IL,2023-04-18,7.559523809523809,51.57142857142857,12.357432142857144,16.079605657142857,0.0,988.8984455
KORD_Chicago,IL,2023-04-19,10.663082437275985,54.54838709677419,21.75204709677419,15.977112206451613,0.762,988.8368038387097
KORD_Chicago,IL,2023-04-20,17.61517615176152,63.926829268292686,21.78496829268293,15.887718497560973,5.588,984.4731299268293
KORD_Chicago,IL,2023-04-21,10.753968253968253,54.035714285714285,16.783117142857144,16.079605657142857,0.0,987.906717
KORD_Chicago,IL,2023-04-22,4.618055555555555,68.5,18.641521666666666,13.483586966666666,4.8260000000000005,986.4342420625
KORD_Chicago,IL,2023-04-23,4.057239057239057,64.18181818181819,11.801826666666667,16.08169570909091,0.0,993.1358309090909
KORD_Chicago,IL,2023-04-24,6.904761904761905,47.5,13.67939,15.849699942857143,0.254,996.3243150000001
KORD_Chicago,IL,2023-04-25,4.76010101010101,75.68181818181819,17.666164090909092,12.2873109,9.144,996.7377184545454
KORD_Chicago,IL,2023-04-26,5.575396825396825,61.357142857142854,11.207903571428572,16.079605657142857,0.0,999.372066
KORD_Chicago,IL,2023-04-27,11.13095238095238,47.0,13.047149285714285,16.079605657142857,0.0,991.1479760000001
KORD_Chicago,IL,2023-04-28,11.944444444444445,47.17857142857143,11.610238571428571,16.079605657142857,0.0,985.6692807500001
KORD_Chicago,IL,2023-04-29,9.634920634920634,66.54285714285714,13.886305142857141,14.243578622857143,9.398,979.4504174
KORD_Chicago,IL,2023-04-30,6.186868686868687,74.36363636363636,20.95799590909091,15.4174772,4.318,972.8097945681819
KORD_Chicago,IL,2023-05-01,6.62962962962963,73.03333333333333,27.412424666666666,15.109556813333333,2.032,973.0340146333333
KORD_Chicago,IL,2023-05-02,8.97119341563786,53.25925925925926,25.511019259259257,16.082671066666666,0.0,978.9175537037037
KORD_Chicago,IL,2023-05-03,8.584229390681005,61.25806451612903,13.497690322580645,16.080940593548387,0.0,988.3343072580645
KORD_Chicago,IL,2023-05-04,14.464285714285714,46.5,11.840144285714286,16.079605657142857,0.0,990.373944
KORD_Chicago,IL,2023-05-05,19.8015873015873,35.714285714285715,20.519084999999997,16.079605657142857,0.0,991.8494425
KORD_Chicago,IL,2023-05-06,19.54861111111111,58.625,19.161204375,16.08132995,0.254,991.88421346875
KORD_Chicago,IL,2023-05-07,21.42156862745098,66.23529411764706,16.519401764705883,15.892705835294116,1.016,987.3816842647059
KORD_Chicago,IL,2023-05-08,11.52116402116402,86.45238095238095,15.901811904761903,12.284245490476192,6.603999999999999,990.4626351666668
KORD_Chicago,IL,2023-05-09,14.242424242424242,64.39393939393939,10.680165454545456,13.096613848484848,0.0,995.8244193333334
KORD_Chicago,IL,2023-05-10,18.333333333333336,45.964285714285715,8.506511428571429,16.079605657142857,0.0,996.4089747500001
KORD_Chicago,IL,2023-05-11,21.289682539682538,39.214285714285715,9.713516428571427,16.079605657142857,0.0,993.518449
KORD_Chicago,IL,2023-05-12,20.11111111111111,64.8,10.943512,14.143952813333332,2.032,992.0542384666667
KORD_Chicago,IL,2023-05-13,15.866013071895425,71.79411764705883,15.99873294117647,15.77531868235294,0.0,995.7480595588236
KORD_Chicago,IL,2023-05-14,14.246031746031747,57.892857142857146,17.932645714285716,16.079605657142857,0.508,1002.0328010000001
KORD_Chicago,IL,2023-05-15,14.960317460317459,38.857142857142854,10.748092142857143,16.079605657142857,0.0,1000.2428520000001
KORD_Chicago,IL,2023-05-16,16.785714285714285,45.75,17.530310714285715,16.08305424285714,0.0,988.11231925
KORD_Chicago,IL,2023-05-17,11.230158730158731,58.42857142857143,19.541985714285715,16.079605657142857,0.0,992.0187619999999
KORD_Chicago,IL,2023-05-18,16.17283950617284,38.81481481481482,13.411166666666666,16.082671066666666,0.0,992.1119325185185
KORD_Chicago,IL,2023-05-19,19.114583333333332,55.3125,16.79748625,12.8777375125,0.7619999999999999,990.21218340625
KORD_Chicago,IL,2023-05-20,15.793650793650794,51.32142857142857,13.277055,16.079605657142857,0.0,995.7679795
KORD_Chicago,IL,2023-05-21,19.8015873015873,40.5,10.403233571428572,16.079605657142857,0.0,995.7679795
KORD_Chicago,IL,2023-05-22,21.15079365079365,38.214285714285715,9.483610714285716,16.079605657142857,0.0,995.2963037500001
KORD_Chicago,IL,2023-05-23,22.341269841269842,37.57142857142857,8.736417142857144,16.079605657142857,0.0,994.9213820000001
KORD_Chicago,IL,2023-05-24,15.972222222222223,56.5,20.519085,16.079605657142857,0.0,997.4007032500001
KORD_Chicago,IL,2023-05-25,11.944444444444445,46.357142857142854,19.139650714285715,16.079605657142857,0.0,1000.8596587499999
KORD_Chicago,IL,2023-05-26,15.09920634920635,40.857142857142854,12.932196428571428,16.079605657142857,0.0,1001.92395275
KORD_Chicago,IL,2023-05-27,17.083333333333332,38.82142857142857,12.587337857142858,16.079605657142857,0.0,1000.03724975
KORD_Chicago,IL,2023-05-28,19.54365079365079,38.5,13.67939,16.079605657142857,0.0,995.4172462500001
KORD_Chicago,IL,2023-05-29,21.666666666666664,38.0,11.150427142857142,16.079605657142857,0.0,992.018762
KORD_Chicago,IL,2023-05-30,24.623015873015873,38.42857142857143,10.92052142857143,16.079605657142857,0.0,990.519075
KORD_Chicago,IL,2023-05-31,26.356209150326798,54.705882352941174,9.56137294117647,15.656038188235293,10.921999999999999,990.9373937647059
KORD_Chicago,IL,2023-06-01,25.5718954248366,60.88235294117647,9.798040588235294,14.96070864117647,57.912000000000006,992.7600683823529
KORD_Chicago,IL,2023-06-02,25.97222222222222,46.75,12.012573571428572,16.079605657142857,0.0,993.0346790000001
KORD_Chicago,IL,2023-06-03,24.226190476190478,53.107142857142854,16.20835285714286,16.079605657142857,0.0,992.32111825
KORD_Chicago,IL,2023-06-04,21.26984126984127,44.42857142857143,15.058824285714286,15.534729114285714,0.0,993.33703525
KORD_Chicago,IL,2023-06-05,21.865079365079364,44.25,6.552312857142858,16.079605657142857,0.0,993.0951502500001
KORD_Chicago,IL,2023-06-06,19.92063492063492,56.5,12.759767142857143,14.5001534,0.0,990.0353050000001
KORD_Chicago,IL,2023-06-07,18.253968253968253,50.57142857142857,17.932645714285716,15.8359056,0.0,987.89462275
KORD_Chicago,IL,2023-06-08,17.857142857142858,45.892857142857146,13.794342857142857,16.079605657142857,0.0,988.5114295000001
KORD_Chicago,IL,2023-06-09,20.773809523809522,37.25,9.426134285714285,16.079605657142857,0.0,988.2211675
KORD_Chicago,IL,2023-06-10,23.789682539682538,34.464285714285715,12.989672857142859,16.079605657142857,0.0,984.5928925
KORD_Chicago,IL,2023-06-11,13.125,82.925,31.140729,14.635337959999998,1.27,985.6172754749999
KORD_Chicago,IL,2023-06-12,15.476190476190476,54.82142857142857,14.771442142857142,16.079605657142857,0.0,985.47577275
KORD_Chicago,IL,2023-06-13,16.28205128205128,80.87179487179488,16.052134871794873,13.073205266666665,24.892,978.9966659487179
KORD_Chicago,IL,2023-06-14,18.75,75.225,7.6845985,15.56070846,0.0,980.37683695
KORD_Chicago,IL,2023-06-15,18.29365079365079,69.60714285714286,18.679839285714284,12.782757714285713,0.0,982.86341475
KORD_Chicago,IL,2023-06-16,15.2710027100271,74.70731707317073,16.917696097560977,16.00547508292683,0.0,989.7922400731708
KORD_Chicago,IL,2023-06-17,19.846743295019156,58.3448275862069,6.881315862068965,12.296467489655171,0.0,990.2972080689655
KORD_Chicago,IL,2023-06-18,23.194444444444446,51.392857142857146,12.932196428571428,13.179919835714285,0.0,985.8506945
KORD_Chicago,IL,2023-06-19,23.82936507936508,50.214285714285715,13.794342857142857,14.32197647142857,0.0,988.2211675
KORD_Chicago,IL,2023-06-20,22.83730158730159,53.714285714285715,17.817692857142855,16.022129228571426,0.0,992.9137365
KORD_Chicago,IL,2023-06-21,24.226190476190478,59.107142857142854,16.380782142857143,16.022129228571426,0.0,994.35295225
KORD_Chicago,IL,2023-06-22,24.047619047619047,53.32142857142857,16.20835285714286,15.9646528,0.0,992.067139
KORD_Chicago,IL,2023-06-23,24.583333333333332,47.57142857142857,11.72519142857143,14.119659442857142,0.0,989.3943097499999
KORD_Chicago,IL,2023-06-24,26.64814814814815,47.96666666666667,10.085197333333333,15.58484856,0.508,987.1891248333334
KORD_Chicago,IL,2023-06-25,23.604938271604937,74.62222222222222,21.81549777777778,13.363244097777779,31.749999999999996,980.3674303111111
KORD_Chicago,IL,2023-06-26,21.81216931216931,73.26190476190476,19.848526666666665,12.598833142857142,1.016,979.6423128333333
KORD_Chicago,IL,2023-06-27,20.527065527065528,61.256410256410255,14.03014358974359,3.5409606512820515,0.0,987.6710341794873
KORD_Chicago,IL,2023-06-28,22.978395061728392,54.30555555555556,10.192486666666667,3.451587261111111,0.0,990.4532285277778
KORD_Chicago,IL,2023-06-29,25.71225071225071,72.76923076923077,12.750924615384616,6.6218151230769235,3.556,986.5161883589744
KORD_Chicago,IL,2023-06-30,26.43874643874644,72.02564102564102,10.192486666666667,10.4446166,0.0,988.6609020256411
KORD_Chicago,IL,2023-07-01,24.333333333333332,82.05,7.2017965,10.781370995,26.669999999999995,985.7442650999999
KORD_Chicago,IL,2023-07-02,20.83703703703704,92.02666666666667,15.235085333333332,5.791907370666667,276.86,983.3128370799999
KORD_Chicago,IL,2023-07-03,24.759259259259256,57.43333333333333,10.997156666666665,16.08052528,0.0,988.4985289666668
KORD_Chicago,IL,2023-07-04,27.53472222222222,59.28125,9.55545625,14.220530575,0.0,990.4555801875
KORD_Chicago,IL,2023-07-05,25.75617283950617,76.5,9.924263333333334,13.475987305555556,15.494,989.1457057222223
KORD_Chicago,IL,2023-07-06,22.967836257309944,74.02631578947368,12.747666842105263,15.528436957894735,0.0,989.9220009736841
KORD_Chicago,IL,2023-07-07,22.51984126984127,62.0,9.368657857142859,16.079605657142857,0.254,989.99902225
KORD_Chicago,IL,2023-07-08,19.916666666666664,76.225,10.8228115,13.981543585,6.35,987.62371155
KORD_Chicago,IL,2023-07-09,23.53174603174603,53.142857142857146,8.563987857142857,16.079605657142857,0.0,987.7736802500001
KORD_Chicago,IL,2023-07-10,25.099206349206348,53.42857142857143,14.254154285714284,16.079605657142857,0.0,988.1727905
KORD_Chicago,IL,2023-07-11,22.85493827160494,69.80555555555556,17.74744388888889,15.434464677777775,13.462,988.4308011666667
KORD_Chicago,IL,2023-07-12,20.40674603174603,85.67857142857143,14.340368928571428,11.220835767857142,64.262,986.110720875
KORD_Chicago,IL,2023-07-13,21.203703703703702,74.86111111111111,7.823180555555556,15.817129966666666,0.7619999999999999,986.5212534722222
KORD_Chicago,IL,2023-07-14,25.08169934640523,72.55882352941177,18.270742352941177,14.354366129411764,8.636,985.7283291470587
KORD_Chicago,IL,2023-07-15,25.16835016835017,70.36363636363636,14.09391696969697,15.034161672727272,0.508,985.0392802727273
KORD_Chicago,IL,2023-07-16,23.425925925925927,60.7,14.913217333333334,11.732088599999999,0.0,986.8504858333333
KORD_Chicago,IL,2023-07-17,22.75793650793651,54.892857142857146,13.564437142857143,14.702470428571429,0.0,988.632372
KORD_Chicago,IL,2023-07-18,22.123015873015873,56.035714285714285,8.391558571428572,16.079605657142857,0.0,991.0754105
KORD_Chicago,IL,2023-07-19,24.246031746031743,52.785714285714285,6.552312857142858,16.079605657142857,0.0,992.2848355
KORD_Chicago,IL,2023-07-20,25.862068965517242,57.62068965517241,18.479662758620687,16.08341099310345,0.0,988.2653740689655
KORD_Chicago,IL,2023-07-21,22.434640522875817,61.705882352941174,10.176708823529411,16.082039952941177,0.0,991.3955524117647
KORD_Chicago,IL,2023-07-22,22.88888888888889,59.22857142857143,13.472474857142856,15.944421097142857,0.508,988.8065291999999
KORD_Chicago,IL,2023-07-23,22.174603174603174,72.05714285714286,9.518096571428572,14.077586697142856,13.716000000000001,988.9903618000001
KORD_Chicago,IL,2023-07-24,25.535714285714285,58.785714285714285,6.322407142857143,12.073498585714287,0.0,992.44206075
KORD_Chicago,IL,2023-07-25,26.666666666666668,59.43333333333333,10.407065333333332,8.589584026666667,0.0,992.9911397
KORD_Chicago,IL,2023-07-26,26.634920634920636,76.34285714285714,12.598833142857142,13.22279725142857,35.559999999999995,985.8942337999999
KORD_Chicago,IL,2023-07-27,28.950617283950617,65.44444444444444,6.675780740740741,16.082671066666666,0.0,989.3526517777777
KORD_Chicago,IL,2023-07-28,25.702947845804985,79.6734693877551,20.231702857142857,13.310555546938774,100.838,989.482425
KORD_Chicago,IL,2023-07-29,23.57843137254902,70.91176470588235,13.395388823529412,16.082039952941177,0.0,992.1624701470588
KORD_Chicago,IL,2023-07-30,23.015873015873016,61.25,11.610238571428571,16.079605657142857,0.0,994.4394726538461
KORD_Chicago,IL,2023-07-31,23.174603174603174,57.392857142857146,7.931747142857143,16.079605657142857,0.0,996.04614725
KORD_Chicago,IL,2023-08-01,25.01984126984127,57.67857142857143,10.748092142857143,16.079605657142857,0.0,996.7838965000001
KORD_Chicago,IL,2023-08-02,25.11904761904762,58.67857142857143,12.07005,16.079605657142857,0.0,993.91755925
KORD_Chicago,IL,2023-08-03,25.714285714285715,67.10714285714286,6.322407142857143,15.9646528,0.0,990.60373475
KORD_Chicago,IL,2023-08-04,25.456349206349206,65.17857142857143,15.116300714285714,16.079605657142857,0.0,991.2689185
KORD_Chicago,IL,2023-08-05,22.703703703703702,79.53333333333333,15.181440666666667,13.808673646666668,3.048,990.2142999
KORD_Chicago,IL,2023-08-06,20.659722222222225,82.4375,18.976800833333332,14.737195770833333,0.254,986.4906818958334
KORD_Chicago,IL,2023-08-07,22.544802867383513,68.83870967741936,15.314687096774193,16.080940593548387,0.0,985.843672032258
KORD_Chicago,IL,2023-08-08,23.392857142857142,64.07142857142857,11.667715,16.079605657142857,0.0,988.0276594999999
KORD_Chicago,IL,2023-08-09,22.539682539682538,76.03571428571429,9.311181428571428,14.909960335714285,0.0,985.342736
KORD_Chicago,IL,2023-08-10,23.164983164983166,75.66666666666667,12.582112727272728,12.463606781818182,0.0,983.2332056060606
KORD_Chicago,IL,2023-08-11,25.376984126984127,69.67857142857143,15.23125357142857,16.079605657142857,0.0,983.5285985
KORD_Chicago,IL,2023-08-12,25.759259259259256,55.1,14.752283333333335,16.08052528,0.0,985.7894169666666
KORD_Chicago,IL,2023-08-13,22.658730158730158,70.82142857142857,11.897620714285713,16.079605657142857,0.0,991.1721645
KORD_Chicago,IL,2023-08-14,20.989898989898993,84.43636363636364,13.63549890909091,12.238591789090908,39.116,986.1044538545455
KORD_Chicago,IL,2023-08-15,19.744744744744743,76.4054054054054,16.61534810810811,14.89987865945946,8.128,989.6129868648649
KORD_Chicago,IL,2023-08-16,22.36111111111111,61.17857142857143,15.23125357142857,16.079605657142857,0.0,990.0594935
KORD_Chicago,IL,2023-08-17,21.358024691358025,66.52777777777777,20.966123888888887,14.674498566666664,14.732,982.9279174166667
KORD_Chicago,IL,2023-08-18,20.634920634920633,55.142857142857146,9.196228571428572,16.079605657142857,0.0,992.2001757500001
KORD_Chicago,IL,2023-08-19,23.095238095238095,62.75,16.553211428571426,16.079605657142857,0.0,991.2084472500001
KORD_Chicago,IL,2023-08-20,26.70634920634921,70.42857142857143,11.897620714285713,16.079605657142857,0.0,993.48216625
KORD_Chicago,IL,2023-08-21,23.53174603174603,73.10714285714286,16.43825857142857,16.079605657142857,0.0,998.2835835
KORD_Chicago,IL,2023-08-22,26.814814814814817,74.23333333333333,11.640892666666668,14.366041733333333,0.0,996.4904093666667
KORD_Chicago,IL,2023-08-23,30.93253968253968,74.03571428571429,19.48450928571429,14.091495992857142,0.0,989.4184982500001
KORD_Chicago,IL,2023-08-24,31.024305555555554,71.0,18.960036875,15.604562974999999,0.0,986.116768
KORD_Chicago,IL,2023-08-25,24.141414141414142,77.12121212121212,13.508702424242424,16.08169570909091,0.0,989.7186555454546
KORD_Chicago,IL,2023-08-26,22.008547008547005,75.92307692307692,23.232267179487177,16.08349636923077,0.0,992.3511988205129
KORD_Chicago,IL,2023-08-27,20.232974910394265,63.58064516129032,15.21085870967742,16.080940593548387,0.0,993.5231306451612
KORD_Chicago,IL,2023-08-28,21.825396825396826,57.67857142857143,7.6443650000000005,16.079605657142857,0.0,992.3936837499999
KORD_Chicago,IL,2023-08-29,22.61111111111111,64.33333333333333,18.990212,16.08052528,0.0,988.8145920333334
KORD_Chicago,IL,2023-08-30,17.75862068965517,65.96551724137932,20.754936551724136,16.08008132413793,0.0,993.5317943793103
KORD_Chicago,IL,2023-08-31,19.464285714285715,59.75,9.253705,16.079605657142857,0.0,995.4535290000001
KORD_Chicago,IL,2023-09-01,22.539682539682538,56.5,11.035474285714287,16.079605657142857,0.0,996.79599075
KORD_Chicago,IL,2023-09-02,24.900793650793652,56.17857142857143,14.254154285714284,16.079605657142857,0.0,993.6272972500001
KORD_Chicago,IL,2023-09-03,27.95634920634921,50.25,18.85226857142857,16.079605657142857,0.0,989.92645675
KORD_Chicago,IL,2023-09-04,28.53174603174603,64.67857142857143,14.196677857142857,16.079605657142857,0.0,988.47514675
KORD_Chicago,IL,2023-09-05,27.911877394636015,63.58620689655172,20.03350827586207,16.08008132413793,0.508,987.1560394137931
KORD_Chicago,IL,2023-09-06,23.743961352657003,78.1304347826087,18.71732391304348,14.81712340869565,4.318,983.9376996521739
KORD_Chicago,IL,2023-09-07,19.51951951951952,80.02702702702703,15.353973513513512,14.998178886486487,1.778,988.6062222702703
KORD_Chicago,IL,2023-09-08,17.77777777777778,79.48837209302326,17.55303395348837,15.97213810232558,0.508,994.3937351860466
KORD_Chicago,IL,2023-09-09,18.353174603174605,65.42857142857143,11.955097142857143,16.079605657142857,0.0,996.96531025
KORD_Chicago,IL,2023-09-10,20.476190476190478,62.464285714285715,6.897171428571428,16.079605657142857,0.254,995.53818875
KORD_Chicago,IL,2023-09-11,17.895299145299145,89.65384615384616,10.677351923076923,10.85716471923077,57.15,993.7361454999999
KORD_Chicago,IL,2023-09-12,16.936936936936934,73.94594594594595,12.700737297297298,16.082961037837837,0.0,994.2807136216218
KORD_Chicago,IL,2023-09-13,16.626984126984127,70.57142857142857,10.115851428571428,16.079605657142857,0.0,994.969759
KORD_Chicago,IL,2023-09-14,17.613168724279834,64.4074074074074,6.675780740740741,16.082671066666666,0.0,997.0535534814815
KORD_Chicago,IL,2023-09-15,19.285714285714285,58.214285714285715,7.414459285714286,16.079605657142857,0.0,995.5019060000001
KORD_Chicago,IL,2023-09-16,18.390804597701152,70.06896551724138,5.160986896551725,16.08008132413793,0.762,992.0487891034484
KORD_Chicago,IL,2023-09-17,15.566239316239317,90.9423076923077,16.124348846153847,10.965176192307693,102.362,990.2455588846153
KORD_Chicago,IL,2023-09-18,17.01851851851852,72.66666666666667,8.153989333333334,16.08052528,0.0,992.9572757999999
KORD_Chicago,IL,2023-09-19,16.517094017094017,79.0,12.31764076923077,15.219404584615384,6.858,991.7173360769231
KORD_Chicago,IL,2023-09-20,21.666666666666664,62.035714285714285,10.345757142857142,16.079605657142857,0.254,993.324941
KORD_Chicago,IL,2023-09-21,21.507936507936506,72.75,6.667265714285715,15.50484137142857,1.27,997.01368725
KORD_Chicago,IL,2023-09-22,22.16269841269841,72.39285714285714,8.678940714285714,14.52199444285714,0.254,996.0945242500001
KORD_Chicago,IL,2023-09-23,21.984126984126984,55.035714285714285,14.886394999999998,16.079605657142857,0.0,993.6031087499999
KORD_Chicago,IL,2023-09-24,20.476190476190478,63.0,12.587337857142858,16.079605657142857,0.0,992.0792332500001
KORD_Chicago,IL,2023-09-25,20.43010752688172,74.12903225806451,13.186205161290323,15.509884464516128,5.334,994.0037795483871
KORD_Chicago,IL,2023-09-26,19.0,87.15,15.3289635,14.49452071,15.748000000000001,994.2610359500001
KORD_Chicago,IL,2023-09-27,19.407407407407405,82.77777777777777,13.375403555555554,14.383208026666665,0.508,993.5894019333334
KORD_Chicago,IL,2023-09-28,19.217171717171716,80.1590909090909,12.582112727272728,15.9405127,0.508,994.0286064545454
KORD_Chicago,IL,2023-09-29,19.002525252525253,78.93181818181819,6.912846818181818,11.907652963636364,0.0,995.5678746363636
KORD_Chicago,IL,2023-09-30,22.242063492063494,67.92857142857143,10.633139285714284,15.096758728571428,0.0,998.00541575
KORD_Chicago,IL,2023-10-01,23.134920634920633,62.857142857142854,7.299506428571428,16.079605657142857,0.0,999.89211875
KORD_Chicago,IL,2023-10-02,23.716475095785437,61.86206896551724,7.325271724137932,15.969092358620689,0.0,997.6421712068965
KORD_Chicago,IL,2023-10-03,24.567901234567902,54.51851851851852,9.298408888888888,16.082671066666666,0.0,994.0685134074074
KORD_Chicago,IL,2023-10-04,24.85185185185185,54.2,17.488161333333334,15.114921279999999,3.81,989.9321007333333
KORD_Chicago,IL,2023-10-05,20.03831417624521,70.3103448275862,10.43296275862069,14.628900599999998,5.8420000000000005,988.4288549655173
KORD_Chicago,IL,2023-10-06,11.845238095238097,63.142857142857146,18.392457142857143,15.907176371428571,0.508,990.6400175
KORD_Chicago,IL,2023-10-07,11.071428571428571,57.67857142857143,18.220027857142856,16.079605657142857,0.0,994.195727
KORD_Chicago,IL,2023-10-08,10.694444444444445,58.214285714285715,10.690615714285714,16.079605657142857,0.0,989.29755575
KORD_Chicago,IL,2023-10-09,10.416666666666668,49.785714285714285,14.828918571428572,16.079605657142857,0.0,984.94362575
KORD_Chicago,IL,2023-10-10,11.428571428571429,48.142857142857146,12.989672857142859,16.079605657142857,0.0,984.19378225
KORD_Chicago,IL,2023-10-11,12.837301587301587,57.285714285714285,9.713516428571427,15.677270657142856,4.318,985.08875675
KORD_Chicago,IL,2023-10-12,14.744744744744745,81.16216216216216,17.441765945945946,14.944244248648648,5.334,987.5262384324325
KORD_Chicago,IL,2023-10-13,14.305555555555557,79.5,20.92142,14.35370346,21.59,984.8638037000001
KORD_Chicago,IL,2023-10-14,12.198581560283689,83.46808510638297,28.043605531914892,9.78752650212766,20.828,986.4770222553192
KORD_Chicago,IL,2023-10-15,11.21863799283154,71.25806451612904,18.844852258064517,15.912738606451612,0.254,993.1298724516129
KORD_Chicago,IL,2023-10-16,10.868055555555555,72.59375,14.886395,15.930454325,0.0,993.228187
KORD_Chicago,IL,2023-10-17,11.069958847736627,68.62962962962963,6.31814962962963,16.023065881481482,0.0,992.2498965555556
KORD_Chicago,IL,2023-10-18,14.484126984126984,64.64285714285714,16.035923571428572,16.079605657142857,1.016,987.8099629999999
KORD_Chicago,IL,2023-10-19,14.002849002849002,83.28205128205128,13.32863641025641,15.022157271794871,3.048,980.5769812820512
KORD_Chicago,IL,2023-10-20,12.747747747747749,70.91891891891892,14.701538378378377,16.082961037837837,0.0,980.4422766486487
KORD_Chicago,IL,2023-10-21,11.970899470899472,74.38095238095238,20.19338523809524,15.31785139047619,0.762,982.9077603333334
KORD_Chicago,IL,2023-10-22,10.038314176245212,66.82758620689656,10.543951724137932,16.08008132413793,0.0,994.3959076896551
KORD_Chicago,IL,2023-10-23,13.670634920634921,58.535714285714285,16.20835285714286,16.079605657142857,0.0,993.65148575
KORD_Chicago,IL,2023-10-24,21.646825396825395,53.035714285714285,21.783566428571426,16.079605657142857,0.0,991.54708625
KORD_Chicago,IL,2023-10-25,17.970521541950113,85.24489795918367,10.477131836734694,11.738657334693878,2.794,992.910281
KORD_Chicago,IL,2023-10-26,19.92063492063492,79.05714285714286,18.806287428571427,14.955826525714286,3.81,989.9966033999999
KORD_Chicago,IL,2023-10-27,17.144702842377264,82.3953488372093,17.665313488372092,14.111291944186046,3.3019999999999996,990.8025867209303
KORD_Chicago,IL,2023-10-28,7.795698924731182,64.3225806451613,18.22188193548387,16.080940593548387,0.0,999.3018413225806
KORD_Chicago,IL,2023-10-29,6.898148148148149,72.16666666666667,20.653196666666666,16.037967177777777,0.254,995.8996724444446
KORD_Chicago,IL,2023-10-30,3.0952380952380953,50.42857142857143,14.369107142857143,16.079605657142857,0.0,997.32813775
KORD_Chicago,IL,2023-10-31,1.4096185737976783,71.86567164179104,20.24886,11.230791199999999,2.794,994.8152414179106
KORD_Chicago,IL,2023-11-01,2.817460317460317,62.714285714285715,13.621913571428573,16.079605657142857,0.0,1001.7062562499999
KORD_Chicago,IL,2023-11-02,8.154761904761903,49.107142857142854,17.58778714285714,16.079605657142857,0.0,997.388609
KORD_Chicago,IL,2023-11-03,11.071428571428571,54.07142857142857,16.438258571428573,16.079605657142857,0.254,992.92583075
KORD_Chicago,IL,2023-11-04,9.947916666666666,73.5,8.801078125,15.3772437,0.0,996.03254121875
KORD_Chicago,IL,2023-11-05,9.083333333333332,69.375,9.977908,9.664489034999999,0.0,995.51400025
KORD_Chicago,IL,2023-11-06,16.060606060606062,56.45454545454545,24.286403636363637,16.075843563636365,0.0,982.4533097272728
KORD_Chicago,IL,2023-11-07,9.166666666666666,71.57894736842105,16.00869789473684,16.07307149473684,0.0,990.9646526315788
KORD_Chicago,IL,2023-11-08,10.502645502645501,83.47619047619048,15.710223809523809,14.37217255238095,2.032,983.4640958333333
KORD_Chicago,IL,2023-11-09,9.019607843137255,59.11764705882353,16.37740117647059,16.07067990588235,0.0,992.21227
KORD_Chicago,IL,2023-11-10,5.017361111111111,63.0,13.629098125,16.0692599,0.0,998.4135966875
KORD_Chicago,IL,2023-11-11,5.329861111111112,64.3125,6.6385275,16.0692599,0.0,1005.0170571875
KORD_Chicago,IL,2023-11-12,9.409722222222221,49.21875,18.7085775,16.0692599,0.0,1001.905811375
KORD_Chicago,IL,2023-11-13,10.104166666666666,45.53125,13.025595625,16.0692599,0.0,1002.1809555625
KORD_Chicago,IL,2023-11-14,8.35125448028674,46.38709677419355,9.084983870967742,16.071596038709675,0.0,1001.6286189677419
KORD_Chicago,IL,2023-11-15,10.95959595959596,52.09090909090909,11.362915757575758,15.777384145454544,0.0,996.6351005757575
KORD_Chicago,IL,2023-11-16,13.524305555555555,62.625,18.909745,16.006897974999998,0.0,990.3074256250001
KORD_Chicago,IL,2023-11-17,9.743589743589743,66.76923076923077,16.175930256410254,15.373323512820512,0.254,988.3483121794873
KORD_Chicago,IL,2023-11-18,5.538194444444445,48.375,12.824428125,16.0692599,0.0,992.12761025
KORD_Chicago,IL,2023-11-19,7.239583333333333,64.65625,10.209250625,16.0692599,0.0,993.04828503125
KORD_Chicago,IL,2023-11-20,7.604166666666667,68.03125,21.072295625,15.705146724999999,3.81,995.24943853125
KORD_Chicago,IL,2023-11-21,5.326086956521739,87.6304347826087,16.268328260869563,13.58247974347826,19.05,986.7793225652174
KORD_Chicago,IL,2023-11-22,4.104938271604938,78.05555555555556,14.215836666666668,16.071942133333334,0.0,990.5567015555555
KORD_Chicago,IL,2023-11-23,3.3854166666666665,69.875,15.99281625,16.0692599,0.0,992.7202285000001
KORD_Chicago,IL,2023-11-24,-1.3725490196078431,58.85294117647059,18.50741,16.07067990588235,0.0,1006.1064289705881
KORD_Chicago,IL,2023-11-25,-0.7098765432098766,56.97222222222222,5.364466666666667,16.071942133333334,0.0,1001.3743362777778
KORD_Chicago,IL,2023-11-26,-0.4711673699015471,84.73417721518987,9.024526835443039,6.620295103797468,8.636,986.0696157341772
KORD_Chicago,IL,2023-11-27,-4.814814814814815,65.7948717948718,20.261177948717947,16.07359273846154,0.0,991.4655275897435
KORD_Chicago,IL,2023-11-28,-7.5816993464052285,62.411764705882355,16.472068235294117,15.739345199999999,0.0,997.7101737647058
KORD_Chicago,IL,2023-11-29,-0.45138888888888884,67.09375,16.39515125,16.0692599,0.0,988.32850396875
KORD_Chicago,IL,2023-11-30,6.2745098039215685,71.11764705882354,14.768061176470589,15.928679317647058,0.0,985.2900904411765
KORD_Chicago,IL,2023-12-01,5.6685499058380415,90.59322033898304,12.820166101694916,8.629335633898306,26.416,985.3132178305084
KORD_Chicago,IL,2023-12-02,4.753086419753086,86.0,10.013671111111112,15.848422688888888,0.0,989.8606102777778
KORD_Chicago,IL,2023-12-03,3.6431623931623927,89.36538461538461,10.244068076923078,11.704544126923075,14.732,983.1471644615384
KORD_Chicago,IL,2023-12-04,2.762762762762763,76.02702702702703,9.221083243243244,16.072522075675675,0.0,990.2078932162161
KORD_Chicago,IL,2023-12-05,2.19017094017094,86.11538461538461,13.369901538461537,10.127081438461538,6.604,992.3490280576923
KORD_Chicago,IL,2023-12-06,2.173202614379085,72.08823529411765,16.140733529411765,16.023346376470585,0.0,997.7798935588236
KORD_Chicago,IL,2023-12-07,6.631944444444445,70.15625,16.948361875,16.0692599,0.0,985.5453146875
KORD_Chicago,IL,2023-12-08,10.522875816993464,71.61764705882354,22.578093529411763,16.07067990588235,0.0,981.116862764706
KORD_Chicago,IL,2023-12-09,8.219696969696969,78.5909090909091,24.542435,13.700238268181817,11.684000000000001,982.0300109772728
KORD_Chicago,IL,2023-12-10,0.5892255892255893,72.6969696969697,15.410649696969697,15.874919903030301,0.0,991.8531074242425
KORD_Chicago,IL,2023-12-11,-0.44159544159544156,70.53846153846153,10.56387282051282,15.53301955897436,0.0,995.7462718717949
KORD_Chicago,IL,2023-12-12,0.44802867383512546,65.29032258064517,14.535974193548387,16.071596038709675,0.0,1002.1420393870968
KORD_Chicago,IL,2023-12-13,0.10416666666666669,50.09375,8.398743125,16.0692599,0.0,1012.62585221875
KORD_Chicago,IL,2023-12-14,4.635416666666667,56.78125,11.96946625,16.0692599,0.0,1011.4088683125
KORD_Chicago,IL,2023-12-15,6.71875,57.78125,10.2595425,16.0692599,0.0,1005.0593870625
KORD_Chicago,IL,2023-12-16,6.283068783068783,81.02380952380952,15.365365238095237,12.363946138095239,15.494,993.0024276666667
KORD_Chicago,IL,2023-12-17,5.283687943262412,88.95744680851064,14.381336170212764,13.277054999999999,0.0,985.8862052765958
KORD_Chicago,IL,2023-12-18,-0.8518518518518517,64.06666666666666,25.320282666666667,15.960361226666667,0.0,987.4863746222222
KORD_Chicago,IL,2023-12-19,-3.2437275985663083,61.38709677419355,14.224489032258065,16.071596038709675,0.0,998.9959738387096
KORD_Chicago,IL,2023-12-20,2.2743055555555554,61.1875,9.15312125,16.0692599,0.0,1001.1332911562499
KORD_Chicago,IL,2023-12-21,5.690690690690691,71.05405405405405,8.438161081081082,15.801109059459458,0.254,1001.355523
KORD_Chicago,IL,2023-12-22,6.757105943152454,86.04651162790698,8.90750976744186,11.350712446511627,16.002,996.3468159302325
KORD_Chicago,IL,2023-12-23,7.704248366013072,95.76470588235294,3.1240129411764705,2.4727035764705882,0.0,995.7098548955224
KORD_Chicago,IL,2023-12-24,10.303030303030303,93.92424242424242,12.094433939393939,6.377131669696969,0.0,995.953172703125
KORD_Chicago,IL,2023-12-25,11.878306878306878,86.47619047619048,19.925161904761904,10.560335809523808,15.494,987.3423186666666
KORD_Chicago,IL,2023-12-26,4.509803921568627,85.66666666666667,13.00094274509804,15.354050270588234,0.254,989.4692941
KORD_Chicago,IL,2023-12-27,2.8978978978978978,78.97297297297297,15.179990810810812,16.072522075675675,0.0,990.5831418378377
KORD_Chicago,IL,2023-12-28,3.4523809523809526,88.54761904761905,17.81769285714286,9.749918166666665,4.318,984.7460863333333
KORD_Chicago,IL,2023-12-29,3.2222222222222223,93.44,17.0268172,8.838173412,4.572,984.91121316
KORD_Chicago,IL,2023-12-30,0.18115942028985504,89.54347826086956,11.930107391304348,11.952498208695651,0.0,985.9180016304348
KORD_Chicago,IL,2023-12-31,0.3424657534246575,85.28767123287672,14.373831232876714,9.18734728219178,11.684,987.4815857878788
KORD_Chicago,IL,2024-01-01,-0.8130081300813009,73.90243902439025,16.76068731707317,15.717363970731705,0.0,999.721589825
KORD_Chicago,IL,2024-01-02,-0.29810298102981025,78.1219512195122,18.762549268292684,14.818488702439023,0.0,995.5408435853659
KORD_Chicago,IL,2024-01-03,0.5925925925925927,79.93333333333334,10.871985777777777,13.480904733333334,0.0,993.3786932222222
KORD_Chicago,IL,2024-01-04,-0.41666666666666663,63.03125,8.0467,16.0692599,0.0,1001.313193125
KORD_Chicago,IL,2024-01-05,0.030864197530864206,71.25,11.17597222222222,14.552009911111108,0.254,996.2100915277778
KORD_Chicago,IL,2024-01-06,0.14444444444444446,92.12,6.7270411999999995,2.6283740879999997,7.62,983.12319924
KORD_Chicago,IL,2024-01-07,0.09043927648578812,83.81395348837209,12.575307906976745,9.781044548837208,1.016,987.8572149534884
KORD_Chicago,IL,2024-01-08,0.9819121447028424,81.48837209302326,14.184647906976743,12.566699809302326,4.572,994.9528833023256
KORD_Chicago,IL,2024-01-09,1.2002743484224967,94.19753086419753,20.76247283950617,4.026727627160494,44.704,966.6788893999999
KORD_Chicago,IL,2024-01-10,-0.06802721088435375,81.26530612244898,19.180705306122448,14.977371975510202,0.0,975.259587
KORD_Chicago,IL,2024-01-11,-0.462962962962963,81.73809523809524,13.870978095238096,12.652094633333334,0.762,981.9079690000001
KORD_Chicago,IL,2024-01-12,0.9722222222222223,92.71875,21.72609,4.738751921875,36.068,969.676902796875
KORD_Chicago,IL,2024-01-13,-7.718855218855219,80.15151515151516,26.09081515151515,6.651938666666666,2.54,978.3639872575757
KORD_Chicago,IL,2024-01-14,-14.106280193236715,68.76086956521739,26.169267826086955,11.712496634782608,0.0,994.4281469347826
KORD_Chicago,IL,2024-01-15,-15.052083333333334,69.78125,17.40098875,16.0692599,0.0,998.307772
KORD_Chicago,IL,2024-01-16,-16.475694444444446,64.75,25.44768875,16.0692599,0.0,993.32342921875
KORD_Chicago,IL,2024-01-17,-11.354166666666666,61.90625,20.92142,16.0692599,0.0,989.6513125625
KORD_Chicago,IL,2024-01-18,-7.270531400966184,71.32608695652173,10.11085347826087,11.88077762173913,1.778,991.8809927173913
KORD_Chicago,IL,2024-01-19,-12.113289760348582,71.94117647058823,22.562315686274513,10.816973698039217,1.016,998.4140116862745
KORD_Chicago,IL,2024-01-20,-11.944444444444445,65.28125,15.99281625,16.0692599,0.0,1007.46160746875
KORD_Chicago,IL,2024-01-21,-11.11111111111111,65.21875,15.540189375,16.0692599,0.0,1008.0224783125
KORD_Chicago,IL,2024-01-22,-1.8106995884773662,82.22222222222223,19.282277407407406,12.831208214814815,1.524,998.8533570555555
KORD_Chicago,IL,2024-01-23,1.5020576131687244,94.70370370370371,5.841308148148148,3.729496437037037,11.937999999999999,998.3328563703703
KORD_Chicago,IL,2024-01-24,2.070707070707071,97.24675324675324,9.69784103896104,2.288188872727273,7.366,995.3040000909092
KORD_Chicago,IL,2024-01-25,2.657407407407407,99.01666666666667,13.089298666666668,1.2083461166666667,7.874,993.5611820166667
KORD_Chicago,IL,2024-01-26,3.3535353535353534,96.43636363636364,9.187868363636364,8.249184232727274,14.986,994.9090678545455
KORD_Chicago,IL,2024-01-27,3.0014430014430014,97.0,12.08050025974026,4.260988906493506,0.254,995.9724822727273
KORD_Chicago,IL,2024-01-28,2.631027253668763,88.98113207547169,19.463904528301885,10.162222977358491,1.27,994.4677335283019
KORD_Chicago,IL,2024-01-29,1.375,86.4,17.0992375,14.567343345000001,0.0,994.1933081499999
KORD_Chicago,IL,2024-01-30,3.5790598290598292,82.84615384615384,15.072088076923077,12.356326826923077,0.0,988.220237173077
KORD_Chicago,IL,2024-01-31,2.8888888888888884,81.51428571428572,15.679569714285714,16.02534790857143,0.0,994.0989730000001
KORD_Chicago,IL,2024-02-01,4.634920634920635,82.22857142857143,16.69115485714286,15.698881794285713,0.0,989.5128334
KORD_Chicago,IL,2024-02-02,2.515432098765432,81.97222222222223,16.808662222222225,16.071942133333334,0.0,995.4669670555556
KORD_Chicago,IL,2024-02-03,0.8333333333333334,83.875,11.2251465,13.481038845,0.0,994.5658110500001
KORD_Chicago,IL,2024-02-04,2.0538720538720536,81.21212121212122,14.776667272727273,13.1000276,0.0,993.1563544848486
KORD_Chicago,IL,2024-02-05,1.3695090439276485,85.62790697674419,16.69222418604651,14.627029274418604,0.0,995.3308989302325
KORD_Chicago,IL,2024-02-06,2.6950354609929077,84.97872340425532,8.663042978723405,10.43537145531915,0.0,997.9547228297872
KORD_Chicago,IL,2024-02-07,3.8541666666666665,76.71875,9.505164375,11.8447424,0.0,995.5880775312501
KORD_Chicago,IL,2024-02-08,11.666666666666666,65.47619047619048,26.745698095238097,15.960054685714287,1.016,982.6255611666666
KORD_Chicago,IL,2024-02-09,8.628472222222223,63.25,21.172879375,16.0692599,0.0,983.52406315625
KORD_Chicago,IL,2024-02-10,2.015873015873016,66.8,12.87472,16.07132905142857,0.0,990.1417343999999
KORD_Chicago,IL,2024-02-11,0.08680555555555558,68.84375,9.0525375,16.0692599,0.0,993.17527465625
KORD_Chicago,IL,2024-02-12,1.8576388888888888,66.75,9.35428875,15.906314225,0.0,987.71472078125
KORD_Chicago,IL,2024-02-13,0.9764309764309764,59.84848484848485,10.875236969696969,16.069991418181814,0.0,991.534992
KORD_Chicago,IL,2024-02-14,2.7941176470588234,56.73529411764706,9.182704705882353,16.07067990588235,0.0,996.2958579411765
KORD_Chicago,IL,2024-02-15,4.017094017094017,61.51282051282051,23.39732769230769,15.460805584615382,3.048,989.841797
KORD_Chicago,IL,2024-02-16,-2.026143790849673,54.970588235294116,15.241396470588237,16.07067990588235,0.0,995.339700764706
KORD_Chicago,IL,2024-02-17,-6.319444444444445,54.1875,26.3529425,16.0692599,0.0,993.47158378125
KORD_Chicago,IL,2024-02-18,0.78125,52.0,19.865290625,16.0692599,0.0,986.7728810625
KORD_Chicago,IL,2024-02-19,2.6041666666666665,55.15625,6.387068125,16.0692599,0.0,994.76264496875
KORD_Chicago,IL,2024-02-20,6.770833333333333,57.5,14.48406,16.018968025,0.0,995.59866
KORD_Chicago,IL,2024-02-21,11.73611111111111,51.03125,14.98697875,16.0692599,0.0,988.2120968125
KORD_Chicago,IL,2024-02-22,10.972222222222221,49.09375,9.404580625,16.0692599,0.0,981.59805384375
KORD_Chicago,IL,2024-02-23,2.3535353535353534,73.54545454545455,27.27099781818182,10.046963316363636,0.0,983.1983155272728
KORD_Chicago,IL,2024-02-24,-2.067901234567901,61.97222222222222,16.22751166666667,16.071942133333334,0.0,991.713718138889
KORD_Chicago,IL,2024-02-25,7.482638888888889,51.0625,16.847778125,16.0692599,0.0,984.15901128125
KORD_Chicago,IL,2024-02-26,13.003472222222221,48.125,16.948361875,16.0692599,0.0,980.994853125
KORD_Chicago,IL,2024-02-27,15.905797101449275,79.8913043478261,20.57156347826087,13.991811873913043,62.484,969.1038391086956
KORD_Chicago,IL,2024-02-28,-1.6287878787878787,59.18181818181818,28.63893681818182,16.078038118181816,0.762,986.3091765227273
KORD_Chicago,IL,2024-02-29,0.10416666666666659,40.34375,15.188146249999999,16.0692599,0.0,1003.5778414375
KORD_Chicago,IL,2024-03-01,4.409722222222222,47.21875,15.087562499999999,16.0722774125,0.0,996.275938
KORD_Chicago,IL,2024-03-02,8.804713804713804,62.78787878787879,13.557470303030303,15.765679854545455,0.0,992.6637886666667
KORD_Chicago,IL,2024-03-03,14.133986928104575,61.705882352941174,28.77878588235294,15.279263294117648,0.0,986.5749266470589
KORD_Chicago,IL,2024-03-04,15.783475783475783,77.48717948717949,17.702740000000002,15.86887744390244,2.794,986.5509205641026
KORD_Chicago,IL,2024-03-05,5.345679012345679,84.37777777777778,28.217094666666668,14.682902897777778,26.416,990.3760940888889
KORD_Chicago,IL,2024-03-06,5.07936507936508,79.0952380952381,21.266278571428572,12.724131757142857,0.0,994.0022190000001
KORD_Chicago,IL,2024-03-07,6.261261261261261,70.62162162162163,11.743832432432432,16.075131816216217,0.0,993.5485211891892
KORD_Chicago,IL,2024-03-08,6.347517730496453,88.31914893617021,18.28484170212766,10.574048625531915,27.686,987.5145545106383
KORD_Chicago,IL,2024-03-09,4.12037037037037,68.41666666666667,19.669711111111113,16.071942133333334,0.0,986.794046
KORD_Chicago,IL,2024-03-10,3.298611111111111,45.34375,18.105075,16.0692599,0.0,994.06420203125
KORD_Chicago,IL,2024-03-11,10.46875,44.9375,23.1342625,16.0692599,0.0,991.77838878125
KORD_Chicago,IL,2024-03-12,14.946236559139786,46.806451612903224,20.090792903225807,16.071596038709675,0.0,985.3957946451613
KORD_Chicago,IL,2024-03-13,13.494623655913978,54.774193548387096,13.030462580645162,16.071596038709675,0.0,986.0403011290323
KORD_Chicago,IL,2024-03-14,9.639376218323587,84.7719298245614,18.94503754385965,12.635013042105262,22.86,986.15305075
KORD_Chicago,IL,2024-03-15,5.920634920634921,75.85714285714286,15.403682857142858,16.07132905142857,0.0,993.9635174
KORD_Chicago,IL,2024-03-16,8.42013888888889,58.21875,25.598564375,16.0692599,0.0,983.2383365
KORD_Chicago,IL,2024-03-17,1.7142857142857142,50.22857142857143,20.967401142857145,16.07132905142857,0.0,987.0746326
KORD_Chicago,IL,2024-03-18,-1.0964912280701753,53.78947368421053,17.66038894736842,16.07307149473684,0.0,993.8519956842105
KORD_Chicago,IL,2024-03-19,5.842293906810036,44.806451612903224,23.41330129032258,16.071596038709675,0.0,982.293424451613
KORD_Chicago,IL,2024-03-20,2.2390572390572387,41.878787878787875,18.824401212121213,16.069991418181814,0.0,991.6991806060606
KORD_Chicago,IL,2024-03-21,1.039426523297491,55.096774193548384,7.527558064516129,16.071596038709675,0.0,999.6514041612903
KORD_Chicago,IL,2024-03-22,1.1111111111111112,80.53521126760563,16.61473549295775,10.507856861971831,0.254,994.9786167605635
KORD_Chicago,IL,2024-03-23,0.6699346405228759,59.3235294117647,19.359413529411764,16.07067990588235,0.0,1000.0507668529411
KORD_Chicago,IL,2024-03-24,4.930555555555555,45.375,22.53076,16.0692599,0.0,993.34459415625
KORD_Chicago,IL,2024-03-25,11.831831831831831,63.75675675675676,19.31208,13.540638794594594,14.732,980.9273541351353
KORD_Chicago,IL,2024-03-26,8.161375661375661,81.54761904761905,30.96063619047619,13.831510947619046,9.652000000000001,974.9981208333332
KORD_Chicago,IL,2024-03-27,1.0243055555555556,62.15625,21.172879375,16.08132995,0.0,991.45033225
KORD_Chicago,IL,2024-03-28,4.375,55.333333333333336,11.734770833333334,16.0934,0.0,993.9901247500001
KORD_Chicago,IL,2024-03-29,5.854700854700855,54.5,12.379538461538461,15.84580923076923,0.762,991.2093775769231
KORD_Chicago,IL,2024-03-30,8.019323671497585,86.34782608695652,12.734777391304348,11.431561847826087,10.16,984.7254034130435
KORD_Chicago,IL,2024-03-31,5.770609318996415,78.06451612903226,15.937657419354839,14.406188709677417,6.603999999999999,988.9460422258064
KORD_Chicago,IL,2024-04-01,6.629001883239171,89.10169491525424,23.540007118644066,8.429941135593221,29.464,985.1065906440679
KORD_Chicago,IL,2024-04-02,5.053418803418803,92.67307692307692,22.84024846153846,7.339209376923076,10.16,972.219544423077
KORD_Chicago,IL,2024-04-03,2.335216572504708,89.77966101694915,23.321791525423727,8.820274277966103,12.953999999999999,966.0050551864407
KORD_Chicago,IL,2024-04-04,3.914728682170543,82.6046511627907,21.52024418604651,15.229970376744184,2.032,981.0293076744186
KORD_Chicago,IL,2024-04-05,5.507936507936508,62.77142857142857,17.196947428571427,16.07132905142857,0.0,995.1439161999999
KORD_Chicago,IL,2024-04-06,6.076388888888889,56.84375,11.76829875,16.0692599,0.0,998.00088040625
KORD_Chicago,IL,2024-04-07,7.577160493827161,76.44444444444444,17.076885555555556,14.809504311111109,17.526,989.5219712777778
KORD_Chicago,IL,2024-04-08,15.434027777777779,54.90625,17.753031874999998,16.0692599,0.0,986.667056375
KORD_Chicago,IL,2024-04-09,13.958333333333334,53.625,14.031433125,16.0692599,0.0,987.4924889375
KORD_Chicago,IL,2024-04-10,14.07986111111111,50.6875,7.74494875,16.0692599,0.0,987.69355584375
KORD_Chicago,IL,2024-04-11,12.124183006535947,66.17647058823529,15.47806411764706,16.07067990588235,0.254,978.0790717352941
KORD_Chicago,IL,2024-04-12,12.492063492063492,61.457142857142856,22.02496742857143,16.07132905142857,1.778,983.9978553999999
KORD_Chicago,IL,2024-04-13,15.052083333333334,44.65625,14.98697875,16.0692599,0.0,990.857714
KORD_Chicago,IL,2024-04-14,20.538194444444446,41.75,17.954199374999998,16.0692599,0.0,982.2012545625
KORD_Chicago,IL,2024-04-15,16.510416666666668,42.90625,12.77413625,16.0692599,0.0,990.3497555
KORD_Chicago,IL,2024-04-16,18.91891891891892,54.054054054054056,22.704742702702703,16.072522075675675,3.556,985.915415081081
KORD_Chicago,IL,2024-04-17,16.444444444444443,72.35555555555555,28.75354133333333,15.289445262222221,18.541999999999998,980.8189489777777
KORD_Chicago,IL,2024-04-18,11.018518518518519,73.5,12.293569444444444,14.849290772222222,7.112,992.0053239444444
KORD_Chicago,IL,2024-04-19,9.375,48.0,26.101483125,16.0692599,0.0,994.10653190625
KORD_Chicago,IL,2024-04-20,4.565972222222222,48.9375,19.31208,16.0692599,0.0,997.6939888125
KORD_Chicago,IL,2024-04-21,8.177083333333334,44.46875,13.629098125,16.0692599,0.0,996.20186071875
KORD_Chicago,IL,2024-04-22,13.45486111111111,36.15625,21.876965625,16.0692599,0.0,991.408002375
KORD_Chicago,IL,2024-04-23,14.117647058823529,53.3235294117647,25.03943705882353,16.070679905882354,0.0,984.5630125882353
KORD_Chicago,IL,2024-04-24,4.84567901234568,62.69444444444444,22.35194444444444,16.071942133333334,0.0,999.2860624444444
KORD_Chicago,IL,2024-04-25,7.743055555555556,60.8125,9.706331875,16.0692599,0.0,1000.8475645
KORD_Chicago,IL,2024-04-26,11.276276276276276,71.86486486486487,21.573855135135137,14.92641102162162,15.494,991.4434679459459
KORD_Chicago,IL,2024-04-27,20.13888888888889,78.72727272727273,22.640487727272728,15.929539927272726,0.7619999999999999,986.8094386818182
KORD_Chicago,IL,2024-04-28,18.714596949891067,84.76470588235294,15.556953333333334,13.856101843137255,16.002,988.022442372549
KORD_Chicago,IL,2024-04-29,17.709750566893423,80.93877551020408,16.914491836734694,12.761409326530611,29.209999999999997,985.543155
KORD_Chicago,IL,2024-04-30,16.833333333333332,61.0,12.016405333333333,16.07408792,0.0,988.0582982666667
KORD_Chicago,IL,2024-05-01,20.039682539682538,47.67857142857143,16.840593571428574,16.08650282857143,0.254,987.43504125
KORD_Chicago,IL,2024-05-02,18.75338753387534,68.39024390243902,13.856024878048782,14.504471141463414,35.052,987.7025896585366
KORD_Chicago,IL,2024-05-03,16.802168021680217,68.21951219512195,12.992476585365855,15.01474967804878,7.62,990.9898658048781
KORD_Chicago,IL,2024-05-04,18.015873015873016,72.42857142857143,14.86723619047619,14.812441995238094,19.304,988.6001206666667
KORD_Chicago,IL,2024-05-05,13.447712418300654,64.79411764705883,13.300721764705882,16.070679905882354,0.0,993.2680268823528
KORD_Chicago,IL,2024-05-06,15.989583333333334,62.3125,13.77997375,16.0692599,0.0,989.36558590625
KORD_Chicago,IL,2024-05-07,18.707482993197278,74.53061224489795,15.600744897959185,13.734895808163264,46.228,977.478018
KORD_Chicago,IL,2024-05-08,19.118773946360154,48.758620689655174,11.653841379310347,16.076751655172412,0.0,981.1889866896552
KORD_Chicago,IL,2024-05-09,12.950617283950619,83.88888888888889,19.419369333333332,14.866367657777777,24.13,984.2203896
KORD_Chicago,IL,2024-05-10,14.362745098039214,67.76470588235294,14.010724705882353,15.597344611764704,4.8260000000000005,986.8139659411764
KORD_Chicago,IL,2024-05-11,14.67013888888889,63.34375,15.4898975,16.0692599,0.0,985.0373561875
KORD_Chicago,IL,2024-05-12,20.46875,50.28125,14.38347625,16.0692599,0.0,985.19609321875
KORD_Chicago,IL,2024-05-13,20.522875816993462,64.44117647058823,13.963391176470587,15.739345199999999,3.048,983.7761749117648
KORD_Chicago,IL,2024-05-14,13.244949494949497,80.22727272727273,21.28717909090909,13.796432909090909,1.016,984.7853010227274
KORD_Chicago,IL,2024-05-15,14.492063492063492,60.25714285714286,19.77189142857143,16.07132905142857,0.0,986.4844331999999
KORD_Chicago,IL,2024-05-16,18.513513513513512,72.45945945945945,11.87431945945946,15.441834778378377,21.082,984.7896692162162
KORD_Chicago,IL,2024-05-17,19.319444444444446,73.55,8.529501999999999,11.78761083,0.0,984.0172061999999
KORD_Chicago,IL,2024-05-18,23.59375,59.40625,9.65604,15.693076674999999,0.0,986.159097875
KORD_Chicago,IL,2024-05-19,21.493055555555554,47.0625,14.534351875,16.0692599,0.0,990.5402399375
KORD_Chicago,IL,2024-05-20,23.846153846153847,54.8974358974359,18.77563333333333,16.07359273846154,0.0,986.3598934358973
KORD_Chicago,IL,2024-05-21,25.134680134680135,61.96969696969697,24.188867878787878,15.138524933333333,0.0,982.2685975454546
KORD_Chicago,IL,2024-05-22,20.333333333333332,53.91428571428571,24.553930285714287,16.014312434285713,0.0,983.1947972
KORD_Chicago,IL,2024-05-23,20.74652777777778,45.84375,9.806915625,16.0692599,0.0,988.444911125
KORD_Chicago,IL,2024-05-24,20.694444444444443,70.1,16.0934,15.953387419999999,3.0479999999999996,984.0849340000001
KORD_Chicago,IL,2024-05-25,19.015873015873016,54.22857142857143,13.748361714285714,16.07132905142857,0.0,986.2618990000001
KORD_Chicago,IL,2024-05-26,17.580246913580247,75.22222222222223,15.235085333333334,13.20624404,36.83,979.3214120666667
KORD_Chicago,IL,2024-05-27,17.64857881136951,70.48837209302326,18.33899069767442,16.075435274418602,0.0,981.0450583255814
KORD_Chicago,IL,2024-05-28,16.19949494949495,76.29545454545455,13.094175454545455,15.051718109090906,10.414,989.9756775348837
KORD_Chicago,IL,2024-05-29,15.286195286195287,63.36363636363637,17.897811515151517,16.069991418181814,0.0,996.6043152121213
KORD_Chicago,IL,2024-05-30,14.932659932659933,44.21212121212121,11.606755151515152,16.069991418181814,0.0,998.646411
KORD_Chicago,IL,2024-05-31,19.932659932659934,50.515151515151516,11.801826666666667,16.069991418181814,0.0,997.1687135454545
KORD_Chicago,IL,2024-06-01,16.986817325800377,86.1864406779661,11.347210847457628,7.693736277966102,55.626,990.0025070338984
KORD_Chicago,IL,2024-06-02,18.664021164021165,75.57142857142857,10.307439523809524,13.63494156190476,0.0,990.4384466666667
KORD_Chicago,IL,2024-06-03,23.458781362007166,65.12903225806451,14.172574838709679,15.967767651612903,0.0,986.0730726451613
KORD_Chicago,IL,2024-06-04,24.674796747967477,68.14634146341463,13.895277073170732,14.769423458536586,6.858,982.1604733414633
KORD_Chicago,IL,2024-06-05,22.265795206971678,77.96078431372548,14.799616862745097,14.37519288235294,23.368000000000002,978.4343106862746
KORD_Chicago,IL,2024-06-06,21.770833333333332,48.40625,22.53076,16.0692599,0.0,979.93660625
KORD_Chicago,IL,2024-06-07,20.76388888888889,47.84375,17.80332375,16.0692599,0.0,984.87861915625
KORD_Chicago,IL,2024-06-08,16.74418604651163,76.88372093023256,14.37178046511628,13.167021055813954,4.064,985.7230017209303
KORD_Chicago,IL,2024-06-09,18.783783783783782,62.351351351351354,21.44336810810811,15.703678745945943,0.0,987.086922972973
KORD_Chicago,IL,2024-06-10,14.82716049382716,65.82222222222222,18.024608,15.21791904,0.508,990.6169040444445
KORD_Chicago,IL,2024-06-11,19.166666666666664,46.375,8.750786249999999,16.0692599,0.0,990.5402399375
KORD_Chicago,IL,2024-06-12,26.302083333333336,45.0,13.4782225,16.0692599,0.0,987.513653875
KORD_Chicago,IL,2024-06-13,27.188552188552187,56.515151515151516,15.60572121212121,16.069991418181814,0.508,986.0141501212121
KORD_Chicago,IL,2024-06-14,23.282828282828284,51.515151515151516,14.191452727272727,16.069991418181814,0.0,991.0732115454546
KORD_Chicago,IL,2024-06-15,23.45486111111111,53.03125,15.79164875,16.0692599,0.0,993.0800324375
KORD_Chicago,IL,2024-06-16,26.805555555555557,50.59375,20.11675,16.0692599,0.254,987.88404028125
KORD_Chicago,IL,2024-06-17,30.729166666666668,53.5,19.764706875,16.0692599,0.0,988.5084059375
KORD_Chicago,IL,2024-06-18,28.954248366013072,59.8235294117647,25.228771176470588,16.070679905882354,0.0,990.897553882353
KORD_Chicago,IL,2024-06-19,28.703703703703702,60.484848484848484,16.581078787878788,15.851511321212122,2.286,997.0558338787878
KORD_Chicago,IL,2024-06-20,21.925925925925924,80.64444444444445,13.76879777777778,13.53812571111111,0.508,1000.0310682444443
KORD_Chicago,IL,2024-06-21,26.666666666666668,63.24242424242424,10.241254545454547,15.328231981818181,0.0,996.3990794545455
KORD_Chicago,IL,2024-06-22,27.02777777777778,66.225,21.1225875,14.24346367,49.276,986.226825675
KORD_Chicago,IL,2024-06-23,23.140096618357486,78.95652173913044,15.708557826086956,15.902728195652173,0.254,983.4959966086956
KORD_Chicago,IL,2024-06-24,25.735294117647058,62.35294117647059,8.472701764705883,16.023346376470585,0.0,988.6864404117647
KORD_Chicago,IL,2024-06-25,25.626780626780626,75.43589743589743,21.787987692307695,14.61899696923077,34.29,983.5031695641027
KORD_Chicago,IL,2024-06-26,25.016339869281044,64.67647058823529,14.626060588235294,16.073519917647058,0.0,985.8876886764706
KORD_Chicago,IL,2024-06-27,19.322916666666668,58.96875,16.0934,16.0692599,0.0,991.6408166875
KORD_Chicago,IL,2024-06-28,21.180555555555554,80.21875,11.667715,15.76750865,3.8099999999999996,986.21201021875
KORD_Chicago,IL,2024-06-29,26.228070175438596,73.34210526315789,15.923995789473684,15.72409882105263,0.254,986.7316651315789
KORD_Chicago,IL,2024-06-30,18.26984126984127,60.48571428571429,20.231702857142857,16.07132905142857,0.0,999.7010296
KORD_Chicago,IL,2024-07-01,19.322916666666668,55.75,11.76829875,16.0692599,0.0,999.366018875
KORD_Chicago,IL,2024-07-02,23.90625,49.59375,18.7085775,16.0692599,0.254,990.4132503125
KORD_Chicago,IL,2024-07-03,25.930555555555554,69.55,12.1907505,15.953387419999999,6.096,987.9454186
KORD_Chicago,IL,2024-07-04,24.714714714714717,71.13513513513513,5.654437837837838,13.374050356756756,0.0,987.8923346486487
KORD_Chicago,IL,2024-07-05,23.790849673202615,66.32352941176471,17.60807294117647,14.730667688235293,0.0,984.7024521764705
KORD_Chicago,IL,2024-07-06,22.627627627627625,66.02702702702703,8.786126486486486,16.072522075675675,0.0,989.4482435675676
KORD_Chicago,IL,2024-07-07,22.467700258397933,78.74418604651163,13.623250232558139,12.306211288372094,71.882,991.3617348372094
KORD_Chicago,IL,2024-07-08,25.29513888888889,70.75,12.925011875000001,15.906314225,0.0,989.7783021875
KORD_Chicago,IL,2024-07-09,23.737373737373737,78.84848484848484,7.851628484848486,14.207058448484847,11.175999999999998,988.0665076969697
KORD_Chicago,IL,2024-07-10,22.857142857142858,74.02857142857142,12.322946285714286,15.370576434285713,5.842,987.8002876
KORD_Chicago,IL,2024-07-11,22.32732732732733,77.43243243243244,10.699936216216217,16.072522075675675,0.0,993.6858072702703
KORD_Chicago,IL,2024-07-12,24.35483870967742,69.58064516129032,9.65604,16.071596038709675,0.0,995.2163256451613
KORD_Chicago,IL,2024-07-13,24.431818181818183,74.56818181818181,13.935421363636364,12.151248518181818,81.53399999999999,995.0214344318182
KORD_Chicago,IL,2024-07-14,23.15904139433551,86.66666666666667,14.010724705882353,12.804035262745098,105.91799999999999,989.755477254902
KORD_Chicago,IL,2024-07-15,25.361757105943155,82.44186046511628,15.756561395348838,13.897586562790696,23.114,984.0691833488373
KORD_Chicago,IL,2024-07-16,24.264264264264266,81.16216216216216,13.048702702702704,15.88810041081081,0.0,984.8903456756757
KORD_Chicago,IL,2024-07-17,23.75,60.59375,17.5015725,15.712187587499999,0.0,990.6883945000001
KORD_Chicago,IL,2024-07-18,20.27777777777778,59.0625,14.936686875,16.0692599,0.0,997.2283601875
KORD_Chicago,IL,2024-07-19,21.407407407407405,58.13333333333333,9.280527333333334,16.07408792,0.0,996.9080641333334
KORD_Chicago,IL,2024-07-20,22.62152777777778,59.65625,5.7835656250000005,16.0692599,0.0,995.3446807500001
KORD_Chicago,IL,2024-07-21,23.41750841750842,68.51515151515152,7.510253333333333,16.069991418181814,0.0,994.685360878788
KORD_Chicago,IL,2024-07-22,23.663194444444443,70.0625,6.6385275,15.956606099999998,0.0,992.26518234375
KORD_Chicago,IL,2024-07-23,23.961988304093566,74.05263157894737,11.265379999999999,13.064029205263159,17.779999999999998,991.6864883947369
KORD_Chicago,IL,2024-07-24,21.89342403628118,77.24489795918367,10.96978693877551,15.479880179591836,0.0,995.799079
KORD_Chicago,IL,2024-07-25,21.454248366013072,67.6470588235294,12.117383529411764,16.07067990588235,0.0,998.9651300588234
KORD_Chicago,IL,2024-07-26,22.135416666666668,62.59375,9.15312125,16.0692599,0.0,997.13311796875
KORD_Chicago,IL,2024-07-27,24.427083333333332,60.1875,10.008083125,16.0692599,0.0,994.4240059687501
KORD_Chicago,IL,2024-07-28,24.8005698005698,77.05128205128206,12.87472,14.914042635897436,1.27,990.7969326410256
KORD_Chicago,IL,2024-07-29,24.002849002849,85.58974358974359,11.636766153846155,15.311013169230769,4.826,985.9952052820514
KORD_Chicago,IL,2024-07-30,26.89236111111111,72.09375,6.889986875,16.0692599,0.0,986.116768
KORD_Chicago,IL,2024-07-31,27.22222222222222,68.96774193548387,9.240726451612902,16.071596038709675,0.0,988.3343072580645
KORD_Chicago,IL,2024-08-01,25.818713450292396,78.0,9.952497368421053,15.69191202105263,18.034,988.6565605
KORD_Chicago,IL,2024-08-02,24.24924924924925,80.29729729729729,13.048702702702704,15.722816843243242,0.0,988.8990992432432
KORD_Chicago,IL,2024-08-03,26.73835125448029,65.35483870967742,9.500297419354839,16.071596038709675,0.0,989.6670155806452
KORD_Chicago,IL,2024-08-04,27.447916666666668,60.375,7.795240625,15.956606099999998,0.0,990.76247178125
KORD_Chicago,IL,2024-08-05,26.096866096866098,74.84615384615384,12.750924615384616,16.07359273846154,0.0,990.9358614615384
KORD_Chicago,IL,2024-08-06,21.641975308641975,84.42222222222222,22.137365777777777,14.883533951111112,27.178000000000004,989.4580061333334
KORD_Chicago,IL,2024-08-07,22.118055555555557,62.0625,17.350696875,16.0692599,0.0,991.0481984375
KORD_Chicago,IL,2024-08-08,23.020833333333332,66.84375,9.505164375,16.0692599,0.0,988.9317046875
KORD_Chicago,IL,2024-08-09,19.010416666666668,61.0,16.19398375,16.0692599,0.0,991.6619816250001
KORD_Chicago,IL,2024-08-10,18.92361111111111,58.96875,16.6969025,16.0692599,0.0,994.4769183125001
KORD_Chicago,IL,2024-08-11,20.383141762452105,55.86206896551724,12.375269655172414,16.076751655172412,0.0,994.6644834482759
KORD_Chicago,IL,2024-08-12,22.136752136752136,55.5,8.29429076923077,16.085972276923076,0.0,994.921382
KORD_Chicago,IL,2024-08-13,23.92361111111111,57.5625,7.94611625,16.0692599,0.0,995.3975930937501
KORD_Chicago,IL,2024-08-14,24.82638888888889,59.25,9.806915625,15.968676149999999,0.0,995.24943853125
KORD_Chicago,IL,2024-08-15,22.26388888888889,84.9,15.771531999999999,14.128798194999998,7.366,989.6047497
KORD_Chicago,IL,2024-08-16,23.333333333333332,81.83333333333333,14.024248571428572,14.275612152380951,7.62,984.6654580000001
KORD_Chicago,IL,2024-08-17,23.301587301587304,79.2,13.748361714285714,16.07132905142857,6.604,984.3558452
KORD_Chicago,IL,2024-08-18,21.835748792270532,79.30434782608695,18.82228086956522,15.587857326086956,0.508,989.2896681956522
KORD_Chicago,IL,2024-08-19,21.11111111111111,64.16666666666667,22.047957999999998,16.07408792,0.0,995.1922932
KORD_Chicago,IL,2024-08-20,18.63799283154122,61.645161290322584,12.770891612903226,16.071596038709675,0.0,999.3236890000001
KORD_Chicago,IL,2024-08-21,18.76736111111111,62.25,8.0467,16.0692599,0.0,1000.43484821875
KORD_Chicago,IL,2024-08-22,19.756944444444446,58.5625,5.481814375,16.0692599,0.0,999.704657875
KORD_Chicago,IL,2024-08-23,21.89236111111111,56.78125,8.0467,16.0692599,0.0,998.50883890625
KORD_Chicago,IL,2024-08-24,25.488215488215488,64.9090909090909,6.291056363636364,16.069991418181814,0.0,996.2143672727271
KORD_Chicago,IL,2024-08-25,28.57638888888889,58.0,15.188146249999999,16.0692599,0.0,996.0219587500001
KORD_Chicago,IL,2024-08-26,30.364583333333332,56.375,16.948361875,16.0692599,0.0,993.6409032812501
KORD_Chicago,IL,2024-08-27,28.444444444444446,70.125,16.978537,14.28369717,46.228,991.306410675
KORD_Chicago,IL,2024-08-28,24.57516339869281,80.91176470588235,13.821390588235294,15.592611258823528,6.35,994.4433034117646
KORD_Chicago,IL,2024-08-29,25.169753086419753,76.55555555555556,11.935938333333333,16.071942133333334,0.0,995.7303529444445
KORD_Chicago,IL,2024-08-30,24.35672514619883,79.65789473684211,11.815943684210525,15.522507810526315,11.937999999999999,992.4617934736843
KORD_Chicago,IL,2024-08-31,23.125,61.53125,9.4548725,16.0692599,0.0,992.56149146875
KORD_Chicago,IL,2024-09-01,20.90277777777778,65.28125,18.3062425,16.0692599,0.0,993.863135125
KORD_Chicago,IL,2024-09-02,19.166666666666668,60.46875,8.499326875,16.0692599,0.0,1001.06979634375
KORD_Chicago,IL,2024-09-03,19.791666666666668,55.28125,9.0525375,16.0692599,0.0,1001.47193015625
KORD_Chicago,IL,2024-09-04,21.927083333333332,53.0625,8.499326875,16.0692599,0.0,999.662328
KORD_Chicago,IL,2024-09-05,24.21875,62.28125,10.058375,16.0692599,1.016,995.1118664375
KORD_Chicago,IL,2024-09-06,17.90849673202614,68.94117647058823,18.128741764705882,16.070679905882354,0.0,995.5687800882353
KORD_Chicago,IL,2024-09-07,13.958333333333332,58.53125,14.634935625,16.0692599,0.0,997.926803125
KORD_Chicago,IL,2024-09-08,16.23263888888889,57.1875,12.422093125,16.0692599,0.0,996.5616646562501
KORD_Chicago,IL,2024-09-09,20.3125,54.0,13.8805575,16.0692599,0.0,995.5351651875001
KORD_Chicago,IL,2024-09-10,21.37152777777778,48.90625,9.706331875,16.0692599,0.0,994.83672225
KORD_Chicago,IL,2024-09-11,22.899305555555554,50.0,5.833857500000001,16.0692599,0.0,993.6303208125
KORD_Chicago,IL,2024-09-12,24.02777777777778,57.53125,10.913336875,16.0692599,0.0,993.59857340625
KORD_Chicago,IL,2024-09-13,24.37037037037037,58.9,13.250232666666667,16.076751655172412,0.0,993.9167529666666
KORD_Chicago,IL,2024-09-14,25.13888888888889,61.6875,8.34845125,16.0692599,0.0,994.9954592812501
KORD_Chicago,IL,2024-09-15,24.874551971326163,61.38709677419355,9.084983870967742,16.071596038709675,0.0,995.979628875
KORD_Chicago,IL,2024-09-16,24.56597222222222,48.15625,10.15895875,16.0692599,0.0,996.0431236875
KORD_Chicago,IL,2024-09-17,22.82986111111111,57.34375,7.5940731249999995,16.0692599,0.0,994.0430370937501
KORD_Chicago,IL,2024-09-18,23.00347222222222,58.0625,6.286484375000001,15.410436337499998,0.0,990.900043875
KORD_Chicago,IL,2024-09-19,24.756944444444443,51.34375,8.54961875,16.0692599,0.0,988.43432865625
KORD_Chicago,IL,2024-09-20,25.441176470588236,52.94117647058823,12.164717058823529,16.07067990588235,1.016,985.5888895588236
KORD_Chicago,IL,2024-09-21,25.74652777777778,47.21875,8.499326875,16.0692599,0.0,988.15918446875
KORD_Chicago,IL,2024-09-22,20.771604938271608,84.81481481481481,12.815114814814816,11.584565766666666,43.18,987.2455646666667
KORD_Chicago,IL,2024-09-23,17.84722222222222,72.7,14.6852275,14.545214919999998,0.762,989.9095248
KORD_Chicago,IL,2024-09-24,17.830188679245282,93.52830188679245,9.89895924528302,9.499357086792452,17.272,984.0593763396226
KORD_Chicago,IL,2024-09-25,18.90625,67.125,7.996408125,16.0692599,0.0,989.0586943125
KORD_Chicago,IL,2024-09-26,19.739583333333332,65.90625,11.416255625,16.0692599,0.0,992.0655264333333
KORD_Chicago,IL,2024-09-27,20.64236111111111,65.59375,32.68971875,16.0692599,0.0,986.50831934375
KORD_Chicago,IL,2024-09-28,20.27777777777778,77.19444444444444,28.565784999999998,15.363385494444445,0.0,986.3143074166668
KORD_Chicago,IL,2024-09-29,20.870870870870874,79.1891891891892,21.182394054054054,15.855043697297296,0.508,990.9400856486487
KORD_Chicago,IL,2024-09-30,21.52777777777778,73.9375,9.907499375,16.0692599,0.0,990.8365490625
KORD_Chicago,IL,2024-10-01,17.62152777777778,54.09375,17.80332375,16.018968025,0.0,993.524496125
KORD_Chicago,IL,2024-10-02,15.78125,44.40625,9.404580625,16.0692599,0.0,992.51916159375
KORD_Chicago,IL,2024-10-03,17.881944444444443,54.875,11.617423125,16.0692599,0.0,993.14352725
KORD_Chicago,IL,2024-10-04,17.395833333333332,67.59375,14.98697875,16.0692599,0.254,999.31310653125
KORD_Chicago,IL,2024-10-05,21.875,57.6875,19.9155825,16.0692599,0.0,993.5456610625
KORD_Chicago,IL,2024-10-06,19.270833333333332,45.28125,19.9155825,16.0692599,0.0,990.16985353125
KORD_Chicago,IL,2024-10-07,13.940972222222221,42.9375,10.76246125,16.0692599,0.0,995.0524680645162
KORD_Chicago,IL,2024-10-08,16.05902777777778,49.46875,11.013920625,16.0692599,0.0,992.49799665625
KORD_Chicago,IL,2024-10-09,15.364583333333332,62.96875,11.516839375,16.0692599,0.0,994.48750078125
KORD_Chicago,IL,2024-10-10,16.614583333333332,55.09375,7.74494875,16.0692599,0.0,997.3130199375
KORD_Chicago,IL,2024-10-11,20.43402777777778,46.25,14.78581125,16.0692599,0.0,994.117114375
KORD_Chicago,IL,2024-10-12,17.237237237237238,68.05405405405405,20.616950270270273,16.072522075675675,0.0,990.3451792972972
KORD_Chicago,IL,2024-10-13,14.4017094017094,67.64102564102564,22.07684358974359,16.07359273846154,0.0,985.9257408717949
KORD_Chicago,IL,2024-10-14,9.6996996996997,66.08108108108108,20.747437297297296,15.491854805405405,0.508,993.5851308108107
KORD_Chicago,IL,2024-10-15,6.837606837606838,75.94871794871794,21.41660153846154,14.285987384615384,9.398,998.6464110000001
KORD_Chicago,IL,2024-10-16,8.194444444444445,56.75,9.0525375,16.0692599,0.0,1003.6201713125
KORD_Chicago,IL,2024-10-17,10.659722222222221,45.78125,11.516839375,16.0692599,0.0,1001.4190178125
KORD_Chicago,IL,2024-10-18,13.246527777777779,45.0625,10.76246125,16.0692599,0.0,1004.98530978125
KORD_Chicago,IL,2024-10-19,14.51388888888889,50.4375,10.008083125,16.0692599,0.0,1005.6308403749999
KORD_Chicago,IL,2024-10-20,17.98611111111111,41.71875,14.735519374999999,16.0692599,0.0,1000.9745541249999
KORD_Chicago,IL,2024-10-21,19.51388888888889,40.03125,12.2712175,16.0692599,0.0,997.630494
KORD_Chicago,IL,2024-10-22,18.26388888888889,46.96875,15.99281625,16.0692599,0.254,991.1328581875
KORD_Chicago,IL,2024-10-23,14.340277777777779,55.21875,13.729681875,16.0692599,0.0,993.81022278125
KORD_Chicago,IL,2024-10-24,11.73202614379085,54.970588235294116,10.318709411764706,15.502677552941176,5.334,995.0807415294119
KORD_Chicago,IL,2024-10-25,12.732732732732732,72.86486486486487,12.744232972972972,14.835070102702701,17.779999999999998,994.7749435135136
KORD_Chicago,IL,2024-10-26,9.659498207885305,53.03225806451613,10.694323870967743,16.071596038709675,0.0,1005.8452207096774
KORD_Chicago,IL,2024-10-27,9.07986111111111,57.09375,6.94027875,16.0692599,0.0,1002.10687828125
KORD_Chicago,IL,2024-10-28,13.819444444444443,50.28125,16.6969025,16.0692599,0.0,993.9372124062501
KORD_Chicago,IL,2024-10-29,23.29861111111111,54.625,27.409071875,16.0692599,0.0,987.9157876875
KORD_Chicago,IL,2024-10-30,22.79513888888889,57.28125,28.917828125,16.0692599,0.0,989.8735444062501
KORD_Chicago,IL,2024-10-31,14.694444444444443,68.9,31.1004955,16.07408792,1.5239999999999998,985.99824435
KORD_Chicago,IL,2024-11-01,7.154882154882155,64.24242424242425,10.143718787878788,16.069991418181814,0.0,1000.1035848787878
KORD_Chicago,IL,2024-11-02,8.680555555555555,68.28125,9.656039999999999,16.0692599,0.0,1002.91114590625
KORD_Chicago,IL,2024-11-03,13.73263888888889,60.53125,18.105075,16.0692599,0.508,993.28109934375
KORD_Chicago,IL,2024-11-04,18.381226053639846,88.89655172413794,18.340926551724138,13.356967055172413,26.162,986.391182362069
KORD_Chicago,IL,2024-11-05,17.758284600389864,91.21052631578948,22.954270526315792,13.046100592982455,52.324,981.7976354912281
KORD_Chicago,IL,2024-11-06,11.287878787878789,79.70454545454545,13.021023636363635,16.075843563636365,0.0,992.7356211818183
KORD_Chicago,IL,2024-11-07,10.437710437710438,62.81818181818182,10.04618303030303,16.069991418181814,0.0,1001.0989783030302
KORD_Chicago,IL,2024-11-08,11.006944444444445,64.375,13.77997375,16.0692599,0.0,999.873977375
KORD_Chicago,IL,2024-11-09,10.255255255255255,76.16216216216216,13.744633513513515,14.376190724324324,10.922,996.6054245945946
KORD_Chicago,IL,2024-11-10,11.918238993710691,85.09433962264151,16.21485962264151,10.807173573584906,5.8420000000000005,986.0017585283019
KORD_Chicago,IL,2024-11-11,10.385802469135802,66.58333333333333,20.027342222222224,16.071942133333334,0.0,989.6724775
KORD_Chicago,IL,2024-11-12,7.175925925925926,70.5,16.719254444444445,16.071942133333334,0.0,1000.8287512222222
KORD_Chicago,IL,2024-11-13,8.184281842818429,77.17073170731707,15.269103902439022,12.023732409756096,22.352,991.9066689512196
KORD_Chicago,IL,2024-11-14,10.31400966183575,91.97826086956522,10.70560956521739,10.091611369565216,4.318,985.1523830217391
KORD_Chicago,IL,2024-11-15,9.48948948948949,75.89189189189189,7.524751891891892,16.072522075675675,0.0,994.9488392162162
KORD_Chicago,IL,2024-11-16,8.954248366013072,73.76470588235294,12.401384705882354,15.917319270588234,0.0,994.0747845000001
KORD_Chicago,IL,2024-11-17,11.055555555555555,81.86666666666666,12.445562666666666,15.430351919999998,0.762,988.6339845666666
KORD_Chicago,IL,2024-11-18,12.200854700854702,94.0576923076923,12.689026923076922,6.654001923076923,10.668,985.9409362115384
KORD_Chicago,IL,2024-11-19,14.344729344729345,77.64102564102564,25.006667692307694,13.617492307692306,1.524,977.2600556923077
KORD_Chicago,IL,2024-11-20,4.242424242424242,68.33333333333333,21.555402424242423,15.020506666666666,0.0,984.0438868484848
KORD_Chicago,IL,2024-11-21,0.8111111111111111,83.2,23.625111200000003,9.233749183999999,7.112,981.0371829999999
KORD_Chicago,IL,2024-11-22,5.8785529715762275,80.34883720930233,19.761198139534883,16.075435274418606,0.0,989.9520515581396
KORD_Chicago,IL,2024-11-23,4.477124183006536,79.3529411764706,13.348055294117648,16.070679905882354,0.0,992.1525101764705
KORD_Chicago,IL,2024-11-24,6.682539682539683,79.8,12.276965142857144,13.809976445714284,0.0,987.9260677999999
KORD_Chicago,IL,2024-11-25,8.08641975308642,80.16666666666667,15.28873,14.308373716666665,0.0,987.1420916388888
KORD_Chicago,IL,2024-11-26,0.5729166666666667,60.34375,15.439605625,16.0722774125,0.0,995.133031375
KORD_Chicago,IL,2024-11-27,3.496732026143791,65.44117647058823,10.129375294117647,16.070679905882354,0.0,988.0091624117648
KORD_Chicago,IL,2024-11-28,-1.485260770975057,67.57142857142857,19.049330612244898,16.044791363265308,0.0,991.45206
KORD_Chicago,IL,2024-11-29,-4.958333333333334,59.15,21.323755,15.571973839999998,0.0,995.07376955
KORD_Chicago,IL,2024-11-30,-7.148148148148149,60.63333333333333,17.434516666666664,16.07408792,0.0,995.8582832333334
KORD_Chicago,IL,2024-12-01,-6.388888888888888,61.0,12.633319,16.08374396,0.0,1001.016884
KORD_Chicago,IL,2024-12-02,-6.621621621621622,73.67567567567568,9.786527027027027,16.072522075675675,0.0,1003.683666125
KORD_Chicago,IL,2024-12-03,-5.4526748971193415,76.88888888888889,17.22589851851852,16.07194213333333,0.0,1004.7983528333333
KORD_Chicago,IL,2024-12-04,-1.4646464646464645,66.02272727272727,29.48018272727273,14.548799359090907,0.0,984.33891325
KORD_Chicago,IL,2024-12-05,-6.649305555555555,55.0,22.128425,16.0692599,0.0,999.366018875
KORD_Chicago,IL,2024-12-06,-4.53125,55.4375,15.188146249999999,16.0692599,0.0,1001.228533375
KORD_Chicago,IL,2024-12-07,2.565359477124183,51.55882352941177,20.637418823529412,16.07067990588235,0.0,990.392085375
KORD_Chicago,IL,2024-12-08,8.634920634920634,64.74285714285715,15.587607428571427,16.025347908571426,0.0,983.449985875
KORD_Chicago,IL,2024-12-09,8.944444444444445,69.0,17.70274,15.22918442,0.0,982.2224195
KORD_Chicago,IL,2024-12-10,0.21604938271604934,68.0,15.244026111111111,16.07462436666667,0.0,989.0193879999999
KORD_Chicago,IL,2024-12-11,-3.506172839506173,60.93333333333333,22.24465511111111,15.897418151111111,0.0,989.037529375
KORD_Chicago,IL,2024-12-12,-12.04861111111111,49.78125,17.0992375,16.0692599,0.0,1003.048718
KORD_Chicago,IL,2024-12-13,-8.395061728395062,63.611111111111114,12.204161666666668,16.071942133333334,0.0,1012.149641125
KORD_Chicago,IL,2024-12-14,0.8333333333333334,71.08333333333333,18.909745,13.878322305555555,9.144,1007.451025
KORD_Chicago,IL,2024-12-15,5.459770114942529,95.77586206896552,8.906864482758621,4.262253748275862,3.048,996.4452575
KORD_Chicago,IL,2024-12-16,7.0436507936507935,91.83928571428571,16.2945675,7.841509149999999,1.27,989.545487875
KORD_Chicago,IL,2024-12-17,2.0751633986928106,77.67647058823529,13.584722941176471,15.928679317647058,0.0,997.5881641249999
KORD_Chicago,IL,2024-12-18,-0.9053497942386831,68.29629629629629,16.0934,15.804910903703703,0.0,1001.6377221666667
KORD_Chicago,IL,2024-12-19,-1.1111111111111112,75.65306122448979,12.677657959183673,10.410459179591836,5.08,998.8157305
KORD_Chicago,IL,2024-12-20,-0.5010893246187363,81.05882352941177,22.656982745098038,11.830226784313725,3.048,996.826226375
KORD_Chicago,IL,2024-12-21,-6.684027777777778,65.65625,9.65604,16.0692599,0.0,1006.68908725
KORD_Chicago,IL,2024-12-22,-3.3854166666666665,72.4375,13.77997375,16.0692599,0.0,1003.091047875
KORD_Chicago,IL,2024-12-23,2.369281045751634,71.6470588235294,16.803402941176472,15.976012847058822,0.0,994.6674027500001
KORD_Chicago,IL,2024-12-24,1.4264264264264264,75.48648648648648,12.831224324324324,14.172196005405404,0.0,1001.905811375
KORD_Chicago,IL,2024-12-25,2.2764227642276422,82.65853658536585,9.773796585365854,11.029866829268293,0.0,1000.8052346249999
KORD_Chicago,IL,2024-12-26,6.666666666666667,92.91836734693878,10.871255918367348,5.61988096734694,1.27,997.080205625
KORD_Chicago,IL,2024-12-27,9.05437352245863,90.82978723404256,14.655266382978722,8.346653582978723,10.414,987.6829733750001
KORD_Chicago,IL,2024-12-28,9.005847953216374,82.52631578947368,18.12625052631579,15.719440205263158,0.0,987.72530325
KORD_Chicago,IL,2024-12-29,5.732323232323233,91.72727272727273,16.678614545454543,9.559479600000001,23.622,982.518728625
KORD_Chicago,IL,2024-12-30,2.541666666666667,87.6,8.8111365,14.044307845,0.0,983.746295
KORD_Chicago,IL,2024-12-31,3.304093567251462,86.73684210526316,24.94477,12.54184072631579,17.018,982.434068875
KORD_Chicago,IL,2025-01-01,-1.6312056737588654,66.25531914893617,21.400797872340426,15.39316589361702,0.0,994.0855921276597
KORD_Chicago,IL,2025-01-02,-2.635327635327635,66.76923076923077,14.896711282051282,15.079103148717946,0.508,998.3338211538462
KORD_Chicago,IL,2025-01-03,-5.061728395061729,61.55555555555556,18.59681777777778,15.133160466666665,0.0,998.9756433611112
KORD_Chicago,IL,2025-01-04,-7.708333333333333,49.46875,14.6852275,16.0692599,0.0,1001.6518321249999
KORD_Chicago,IL,2025-01-05,-7.248677248677249,60.642857142857146,16.591529047619048,13.705062804761905,0.0,996.7677708333334
KORD_Chicago,IL,2025-01-06,-4.019607843137255,85.98529411764706,24.353100882352944,10.063108352941175,0.508,995.6633998088236
KORD_Chicago,IL,2025-01-07,-6.451612903225806,69.45161290322581,11.161551612903226,16.071596038709675,0.0,1004.9385420967742
KORD_Chicago,IL,2025-01-08,-6.875,61.9375,9.404580625,16.0692599,0.0,1001.2496983125
KORD_Chicago,IL,2025-01-09,-6.362007168458781,63.16129032258065,12.87472,16.071596038709675,0.0,997.7178847096774
KORD_Chicago,IL,2025-01-10,-2.7941176470588234,84.07352941176471,12.354051176470588,5.527136229411765,6.8580000000000005,986.545046735294
KORD_Chicago,IL,2025-01-11,-1.8945868945868944,74.35897435897436,14.69038564102564,14.805928,0.0,984.8924577692308
KORD_Chicago,IL,2025-01-12,-1.2293144208037825,78.17021276595744,21.845934468085105,10.457970697872339,1.27,983.9264221276595
KORD_Chicago,IL,2025-01-13,-9.809027777777779,62.84375,20.770544375,16.0692599,0.0,995.1118664375
KORD_Chicago,IL,2025-01-14,-10.253623188405797,68.43478260869566,16.268328260869566,11.8366957,0.508,999.8463709347827
KORD_Chicago,IL,2025-01-15,-10.48048048048048,67.16216216216216,16.48486108108108,14.028225318918919,0.0,1000.6507877837837
KORD_Chicago,IL,2025-01-16,-1.5015015015015016,68.89189189189189,16.963313513513516,15.509253075675673,0.508,987.8008105945946
KORD_Chicago,IL,2025-01-17,2.7604166666666665,66.6875,21.172879375,16.0692599,0.0,981.5451415
KORD_Chicago,IL,2025-01-18,-1.9965277777777777,50.9375,21.776381875,16.0692599,0.0,988.26500915625
KORD_Chicago,IL,2025-01-19,-13.88888888888889,48.09375,20.61966875,16.0692599,0.0,999.14378703125
KORD_Chicago,IL,2025-01-20,-15.252525252525253,49.90909090909091,18.92193696969697,16.069991418181814,0.0,1006.3222283333333
KORD_Chicago,IL,2025-01-21,-16.28472222222222,50.4375,20.016166249999998,16.0692599,0.0,1007.9589834999999
KORD_Chicago,IL,2025-01-22,-9.11111111111111,66.1,21.532969200000004,10.526371072,0.508,995.5309321999999
KORD_Chicago,IL,2025-01-23,-7.222222222222221,72.85365853658537,16.48592195121951,13.050177312195121,0.254,993.99012475
KORD_Chicago,IL,2025-01-24,-10.243055555555555,61.84375,13.57880625,15.956606099999998,0.0,998.5335313333334
KORD_Chicago,IL,2025-01-25,-1.1631944444444444,56.28125,22.782219375,16.0692599,0.0,994.49808325
KORD_Chicago,IL,2025-01-26,-4.548611111111111,55.34375,13.0758875,16.0692599,0.0,1000.720574875
KORD_Chicago,IL,2025-01-27,-0.1562500000000001,43.59375,24.089808125,16.0692599,0.0,987.682973375
KORD_Chicago,IL,2025-01-28,3.8715277777777777,51.21875,22.078133125,16.0692599,0.0,980.4182910344828
KORD_Chicago,IL,2025-01-29,4.53125,51.65625,18.155366875,16.0692599,0.0,987.2091518709677
KORD_Chicago,IL,2025-01-30,4.188888888888889,78.82,11.619434799999999,10.061915548,32.512,986.97691106
KORD_Chicago,IL,2025-01-31,3.2820512820512824,89.84615384615384,24.263895384615385,6.2907862646153845,64.77,983.7983933076923
KORD_Chicago,IL,2025-02-01,-0.5555555555555556,67.02702702702703,21.965316216216216,16.072522075675675,0.0,1000.0101194054054
KORD_Chicago,IL,2025-02-02,2.8940568475452197,79.3953488372093,13.061852558139536,13.981796213953489,0.0,990.3064412093023
KORD_Chicago,IL,2025-02-03,3.2180293501048216,90.16981132075472,18.61368716981132,8.54711364528302,0.0,988.5064092452831
KORD_Chicago,IL,2025-02-04,-3.4583333333333335,66.8,23.496364,16.07408792,0.0,1004.4117399749999
KORD_Chicago,IL,2025-02-05,-2.0899470899470898,72.14285714285714,18.58404523809524,12.878934938095236,2.54,995.6470370000001
KORD_Chicago,IL,2025-02-06,-0.3306878306878307,76.71428571428571,17.970963333333334,12.127909604761905,0.0,987.1246221666667
KORD_Chicago,IL,2025-02-07,-3.906810035842294,45.70967741935484,10.798152258064517,16.071596038709675,0.0,999.7606425483871
KORD_Chicago,IL,2025-02-08,-0.8012820512820513,71.40384615384616,13.957929615384614,12.90721628846154,1.524,990.3627800769232
KORD_Chicago,IL,2025-02-09,-3.0952380952380953,62.26190476190476,13.104625714285714,15.876522276190475,0.0,1001.3635858333333
KORD_Chicago,IL,2025-02-10,-3.6917562724014337,49.064516129032256,8.098614193548388,16.071596038709675,0.0,1006.2275550645162
KORD_Chicago,IL,2025-02-11,-4.780701754385965,68.65789473684211,22.022547368421055,14.470507663157894,0.0,1000.633687236842
KORD_Chicago,IL,2025-02-12,-3.4175084175084174,80.9090909090909,18.800017272727274,6.90016716969697,8.636,989.2414824090908
KORD_Chicago,IL,2025-02-13,-8.937908496732026,68.70588235294117,20.44808470588235,14.96070864117647,0.0,998.347611882353
KORD_Chicago,IL,2025-02-14,-7.742316784869977,68.61702127659575,16.74398425531915,11.216757387234043,8.382,1004.4176841702129
KORD_Chicago,IL,2025-02-15,-0.5208333333333334,76.52083333333333,14.115252916666668,12.638012908333332,1.27,987.2808395625001
KORD_Chicago,IL,2025-02-16,-4.387755102040816,69.91836734693878,24.468536734693878,13.562138085714286,0.0,986.828601
KORD_Chicago,IL,2025-02-17,-14.98263888888889,55.53125,18.80916125,16.0692599,0.0,1001.23911584375
KORD_Chicago,IL,2025-02-18,-14.184027777777779,49.4375,14.081724999999999,16.0692599,0.0,1008.79499853125
KORD_Chicago,IL,2025-02-19,-12.534722222222221,53.8125,14.38347625,16.0692599,0.0,1007.1335509375
KORD_Chicago,IL,2025-02-20,-10.12962962962963,61.8,14.859572666666667,16.07408792,0.0,1006.1303329
KORD_Chicago,IL,2025-02-21,-7.03125,65.75,12.17063375,16.0692599,0.0,1008.81616346875
KORD_Chicago,IL,2025-02-22,-3.7152777777777777,58.15625,18.054783125,16.0692599,0.0,998.7522356875
KORD_Chicago,IL,2025-02-23,1.3368055555555556,63.40625,11.0642125,16.0692599,0.0,991.7254764375
KORD_Chicago,IL,2025-02-24,7.534722222222222,65.75,19.362371875,16.0692599,0.0,982.10601234375
KORD_Chicago,IL,2025-02-25,7.361111111111111,69.03125,8.901661875,16.0692599,0.508,984.889201625
KORD_Chicago,IL,2025-02-26,5.375816993464052,78.1470588235294,12.732719411764705,15.597344611764704,2.032,984.6924922058824
KORD_Chicago,IL,2025-02-27,4.510582010582011,76.73809523809524,16.668164285714287,11.150427142857142,0.508,986.0925794999999
KORD_Chicago,IL,2025-02-28,6.896551724137931,54.310344827586206,28.85713103448276,16.076751655172412,0.0,978.2346533448276
KORD_Chicago,IL,2025-03-01,-2.897897897897898,45.729729729729726,19.138097297297296,15.97509176216216,0.0,993.4753019459461
KORD_Chicago,IL,2025-03-02,-2.5,50.28125,6.286484375000001,16.0692599,0.0,998.61466359375
KORD_Chicago,IL,2025-03-03,4.21875,45.625,16.2945675,16.0692599,0.0,991.4291673125
KORD_Chicago,IL,2025-03-04,7.626262626262626,81.22727272727273,19.970446363636363,12.484455050000001,24.13,977.0889601136364
KORD_Chicago,IL,2025-03-05,5.080645161290323,84.93548387096774,22.972030645161293,9.955844467741935,14.732,963.3296404516128
KORD_Chicago,IL,2025-03-06,0.7619047619047619,57.8,21.15132571428571,16.07132905142857,0.0,985.4588408
KORD_Chicago,IL,2025-03-07,2.02729044834308,82.45614035087719,7.679657543859649,10.140253701754386,8.382,985.9860652280702
KORD_Chicago,IL,2025-03-08,3.2380952380952386,67.68571428571428,14.070229714285714,15.911314674285713,0.0,991.1576514000001
KORD_Chicago,IL,2025-03-09,8.29861111111111,54.15625,15.0875625,16.0692599,0.0,989.376168375
KORD_Chicago,IL,2025-03-10,13.154121863799283,43.41935483870968,18.1180535483871,16.071596038709675,0.0,982.358967483871
KORD_Chicago,IL,2025-03-11,6.927083333333334,54.0625,25.900315625,16.0692599,0.0,984.01085671875
KORD_Chicago,IL,2025-03-12,5.734767025089606,43.96774193548387,12.667063225806451,16.071596038709675,0.0,985.679814451613
KORD_Chicago,IL,2025-03-13,8.194444444444445,57.5625,11.16479625,16.0692599,0.0,986.9210356250001
KORD_Chicago,IL,2025-03-14,18.218954248366014,53.0,27.169445882352942,15.313343435294117,3.81,975.5193592941175
KORD_Chicago,IL,2025-03-15,13.561253561253562,67.17948717948718,25.95576564102564,12.544598974358975,22.352,967.8823603076924
KORD_Chicago,IL,2025-03-16,1.0428849902534112,79.80701754385964,15.69812350877193,11.312248498245614,9.652,979.6053935438596
KORD_Chicago,IL,2025-03-17,5.086805555555555,57.53125,20.41850125,16.0692599,0.0,992.3604245625
KORD_Chicago,IL,2025-03-18,12.23905723905724,56.18181818181818,18.775633333333335,16.069991418181814,0.0,981.9504821212122
KORD_Chicago,IL,2025-03-19,4.748427672955975,86.62264150943396,24.899222641509432,11.916707226415094,35.052,974.1430041132076
KORD_Chicago,IL,2025-03-20,1.6666666666666665,74.56,22.1123316,9.997863815999999,10.922,983.62438496
KORD_Chicago,IL,2025-03-21,8.229166666666666,49.59375,24.24068375,16.0692599,0.0,983.2171715625
KORD_Chicago,IL,2025-03-22,4.247311827956989,55.774193548387096,16.352970967741935,16.071596038709675,0.0,990.049349935484
KORD_Chicago,IL,2025-03-23,5.7936507936507935,68.76190476190476,24.370005714285714,14.543835485714286,10.414,982.6900638333334
KORD_Chicago,IL,2025-03-24,4.0990990990990985,54.189189189189186,26.184396756756758,16.072522075675675,0.0,984.0483243783784
KORD_Chicago,IL,2025-03-25,4.357638888888889,58.25,12.321509375,16.0692599,0.0,992.54032653125
KORD_Chicago,IL,2025-03-26,5.15625,60.875,6.2361925,16.0692599,0.0,998.0749576875
KORD_Chicago,IL,2025-03-27,9.186507936507937,59.607142857142854,12.185002857142859,16.079605657142857,0.0,996.31222075
KORD_Chicago,IL,2025-03-28,16.726726726726728,62.24324324324324,22.269785945945944,15.901149113513513,1.016,985.933719891892
KORD_Chicago,IL,2025-03-29,14.021739130434783,76.43478260869566,17.667754347826087,12.934195608695651,2.286,984.9683400869565
KORD_Chicago,IL,2025-03-30,12.83816425120773,78.26086956521739,20.396635217391303,13.01921074347826,2.54,978.2470921086957
KORD_Chicago,IL,2025-03-31,3.4691358024691357,73.4,19.097501333333334,15.388151448888888,0.508,985.8845584
KORD_Chicago,IL,2025-04-01,4.124579124579125,55.515151515151516,20.775116363636364,16.069991418181814,0.0,994.151747909091
KORD_Chicago,IL,2025-04-02,8.90547263681592,86.8955223880597,20.5371,9.6766972,89.916,977.40739621875
KORD_Chicago,IL,2025-04-03,8.541666666666666,64.875,19.81499875,16.0692599,0.0,990.08519378125
KORD_Chicago,IL,2025-04-04,6.311728395061729,73.36111111111111,18.552113888888886,13.75896292222222,1.778,997.4893944166665
KORD_Chicago,IL,2025-04-05,7.3273273273273265,75.89189189189189,18.050705405405402,13.260526643243242,3.81,993.1915773783785
KORD_Chicago,IL,2025-04-06,5.607638888888889,45.15625,13.427930625,16.0692599,0.0,993.524496125
KORD_Chicago,IL,2025-04-07,3.091168091168091,61.61538461538461,26.987393846153847,15.615549815384615,0.0,989.147152897436
KORD_Chicago,IL,2025-04-08,1.1111111111111112,48.28125,12.623260625,16.0692599,0.0,996.3817626875
KORD_Chicago,IL,2025-04-09,3.824289405684754,68.09302325581395,16.95420976744186,14.051783790697673,3.048,992.8107947441861
KORD_Chicago,IL,2025-04-10,4.384384384384385,81.1891891891892,16.354374054054055,13.53976888108108,0.0,994.472914135135
KORD_Chicago,IL,2025-04-11,6.71875,58.0,13.025595625,15.592492924999998,0.0,998.69932334375
KORD_Chicago,IL,2025-04-12,10.121527777777779,46.71875,10.46071,16.0692599,0.0,995.5774950625
KORD_Chicago,IL,2025-04-13,14.270833333333332,43.0625,20.066458125,16.0692599,0.0,985.9686134375
KORD_Chicago,IL,2025-04-14,14.646464646464645,44.93939393939394,24.383939393939393,16.069991418181814,0.0,982.4020007878788
KORD_Chicago,IL,2025-04-15,7.940379403794037,60.0,24.336360975609757,15.678111775609755,0.0,988.4624625365853
KORD_Chicago,IL,2025-04-16,5.677083333333333,60.125,11.818590625,16.0692599,0.0,995.16477878125
KORD_Chicago,IL,2025-04-17,12.124183006535947,55.26470588235294,22.672760588235295,15.408010494117645,2.7939999999999996,989.2541587352941
KORD_Chicago,IL,2025-04-18,20.525525525525527,64.27027027027027,25.22749189189189,15.398339102702703,1.5239999999999998,981.174469081081
KORD_Chicago,IL,2025-04-19,10.404040404040403,82.1590909090909,12.179777727272727,11.08359773181818,0.0,993.2897577272728
KORD_Chicago,IL,2025-04-20,11.180555555555555,73.55,18.869511499999998,14.76649917,19.304,994.4980832499999
KORD_Chicago,IL,2025-04-21,11.578947368421053,72.89473684210526,25.452982631578948,16.07307149473684,0.7619999999999999,986.0454755789473
KORD_Chicago,IL,2025-04-22,15.01736111111111,61.40625,12.824428124999999,16.0692599,0.0,993.34459415625
KORD_Chicago,IL,2025-04-23,18.125,63.65625,9.8572075,15.956606099999998,3.556,995.1965261875
KORD_Chicago,IL,2025-04-24,15.277777777777777,63.8125,13.126179375,16.0692599,0.0,995.0272066875
KORD_Chicago,IL,2025-04-25,11.049382716049383,72.4,21.708208444444445,14.14681386222222,19.05,992.4831812000001
KORD_Chicago,IL,2025-04-26,8.831908831908832,64.3076923076923,20.30244307692308,16.07359273846154,0.0,1000.0791144615386
KORD_Chicago,IL,2025-04-27,12.473118279569894,56.516129032258064,10.850066451612904,16.071596038709675,0.0,999.4110797096774
KORD_Chicago,IL,2025-04-28,20.989583333333332,52.4375,25.04535375,16.0692599,0.0,990.180436
KORD_Chicago,IL,2025-04-29,18.663194444444443,57.59375,23.1342625,16.0692599,0.0,988.5436808333333
KORD_Chicago,IL,2025-04-30,12.34375,64.5,12.6735525,16.0692599,0.0,994.8226122916667
KORD_Chicago,IL,2025-05-01,14.549808429118775,86.32758620689656,16.14889448275862,13.058129265517241,12.7,981.1014076379311
KORD_Chicago,IL,2025-05-02,10.11111111111111,80.31111111111112,12.123694666666665,12.645478457777777,0.0,986.3952045111112
KORD_Chicago,IL,2025-05-03,9.21875,70.8125,23.989224375,16.0692599,0.0,990.519075
KORD_Chicago,IL,2025-05-04,9.747474747474747,69.3030303030303,24.383939393939393,15.863215612121211,3.302,990.4882896363637
KORD_Chicago,IL,2025-05-05,11.282051282051283,77.61538461538461,16.423521025641026,15.784736841025639,0.0,991.2137191025641
KORD_Chicago,IL,2025-05-06,16.649305555555557,63.96875,10.76246125,15.906314225,0.0,991.4185848437501
KORD_Chicago,IL,2025-05-07,14.07986111111111,64.65625,20.066458125,16.0692599,0.0,993.905465
KORD_Chicago,IL,2025-05-08,10.03003003003003,63.37837837837838,27.967719459459463,16.072522075675675,0.0,997.0538924594595
KORD_Chicago,IL,2025-05-09,11.979166666666666,46.09375,10.209250625000001,16.0692599,0.0,998.23369471875
KORD_Chicago,IL,2025-05-10,13.697916666666666,42.53125,20.669960624999998,16.0692599,0.0,998.7945655625
KORD_Chicago,IL,2025-05-11,14.618055555555555,52.96875,13.0758875,16.0692599,0.0,999.57766825
KORD_Chicago,IL,2025-05-12,18.225806451612904,53.54838709677419,9.552211612903227,16.071596038709675,0.0,991.3929820967743
KORD_Chicago,IL,2025-05-13,19.96996996996997,75.02702702702703,13.309676756756756,15.942035048648648,0.0,985.3845755675675
KORD_Chicago,IL,2025-05-14,18.819444444444446,77.775,10.621644,13.210267389999998,0.0,982.7219120249999
KORD_Chicago,IL,2025-05-15,25.75880758807588,58.21951219512195,20.92142,15.349178380487803,0.0,975.5694020731706
KORD_Chicago,IL,2025-05-16,24.11111111111111,39.95,28.646251999999997,13.47902717,0.0,973.7225806
KORD_Chicago,IL,2025-05-17,16.077441077441076,54.515151515151516,25.74944,16.069991418181814,0.0,979.7339359393939
KORD_Chicago,IL,2025-05-18,12.87037037037037,67.22222222222223,14.260540555555556,16.071942133333334,0.0,990.2650957500001
KORD_Chicago,IL,2025-05-19,9.206349206349207,73.08571428571429,24.415986857142855,16.07132905142857,0.0,992.889548
KORD_Chicago,IL,2025-05-20,11.33986928104575,88.43137254901961,23.193429411764708,10.33574948235294,24.384,982.3253391960785
KORD_Chicago,IL,2025-05-21,9.819121447028424,92.13953488372093,15.12031069767442,9.005941493023254,2.54,982.5571208372093
KORD_Chicago,IL,2025-05-22,10.599415204678362,73.94736842105263,12.154752105263158,15.736804136842103,0.0,990.0289396052632
KORD_Chicago,IL,2025-05-23,11.336805555555555,65.1875,9.253705,15.843952299999998,0.0,993.9901247500001
KORD_Chicago,IL,2025-05-24,13.090277777777779,61.5,11.56713125,16.0692599,0.0,998.3289369375
KORD_Chicago,IL,2025-05-25,13.940972222222221,58.9375,12.37180125,16.0692599,0.254,1000.720574875
KORD_Chicago,IL,2025-05-26,13.76736111111111,59.75,16.99865375,16.0692599,0.0,1000.5089255
KORD_Chicago,IL,2025-05-27,15.590277777777777,58.28125,15.59048125,16.0692599,0.0,996.656906875
KORD_Chicago,IL,2025-05-28,14.059829059829061,79.84615384615384,11.76056153846154,14.579795097435898,10.414,993.3584327692308
KORD_Chicago,IL,2025-05-29,15.883190883190883,73.25641025641026,8.789472307692307,12.759590292307692,0.0,992.3425157692309
KORD_Chicago,IL,2025-05-30,18.55218855218855,60.18181818181818,11.65552303030303,15.911983490909089,0.0,984.9042219032259
KORD_Chicago,IL,2025-05-31,13.958333333333334,52.59375,12.723844375,16.0692599,0.0,985.5382597083334
KORD_Chicago,IL,2025-06-01,14.6875,44.625,7.34261375,16.0692599,0.0,989.291508625
KORD_Chicago,IL,2025-06-02,20.716845878136198,37.354838709677416,11.369208387096775,16.071596038709675,0.0,990.0384260967742
KORD_Chicago,IL,2025-06-03,25.31045751633987,55.705882352941174,22.720094117647058,15.976012847058822,4.572,986.0109433125
KORD_Chicago,IL,2025-06-04,17.27668845315904,87.92156862745098,15.209840784313725,10.091192913725491,24.13,990.9905136078432
KORD_Chicago,IL,2025-06-05,17.426900584795323,70.36842105263158,14.399357894736843,9.11606407894737,0.0,993.504445131579
KORD_Chicago,IL,2025-06-06,19.49652777777778,49.21875,13.0758875,14.313067624999999,0.0,990.31800809375
KORD_Chicago,IL,2025-06-07,18.993055555555557,60.125,12.522676875,14.312564706249999,0.508,987.132685
KORD_Chicago,IL,2025-06-08,19.836601307189543,72.29411764705883,12.496051764705882,13.78210375882353,7.62,982.092939882353
KORD_Chicago,IL,2025-06-09,17.274305555555557,63.84375,18.3062425,16.0692599,0.0,981.3546570625
KORD_Chicago,IL,2025-06-10,19.65277777777778,56.78125,15.741356875000001,16.0692599,0.0,987.8311279375
KORD_Chicago,IL,2025-06-11,25.40740740740741,51.266666666666666,18.185542,16.07408792,0.0,991.2753687666667
KORD_Chicago,IL,2025-06-12,21.40625,63.25,14.836103125000001,13.83630065,0.0,993.0588675
KORD_Chicago,IL,2025-06-13,17.93859649122807,84.47368421052632,11.773592631578948,10.104114136842105,7.112,991.6241075263158
KORD_Chicago,IL,2025-06-14,18.25,77.675,15.288729999999997,12.543598294999999,0.0,992.70329655
KORD_Chicago,IL,2025-06-15,21.041666666666668,64.5,11.516839375,16.0692599,0.0,994.15944425
KORD_Chicago,IL,2025-06-16,23.96057347670251,57.67741935483871,9.707954193548387,16.01968184516129,0.0,989.9182638709677
KORD_Chicago,IL,2025-06-17,27.175925925925927,64.08333333333333,17.658036111111112,15.122431533333334,10.668,984.5364526666667
KORD_Chicago,IL,2025-06-18,22.076023391812864,88.49122807017544,10.44659298245614,11.042331122807017,88.392,982.5699700526316
KORD_Chicago,IL,2025-06-19,22.932098765432098,71.97222222222223,13.366462777777777,15.258331355555555,0.0,987.0009920555555
KORD_Chicago,IL,2025-06-20,25.0,64.15625,16.6969025,16.0692599,0.0,989.164519
KORD_Chicago,IL,2025-06-21,30.017921146953405,64.7741935483871,26.164753548387097,16.071596038709675,0.0,986.2478540645162
KORD_Chicago,IL,2025-06-22,30.694444444444443,63.21875,23.184554375,16.0692599,0.0,991.10111078125
KORD_Chicago,IL,2025-06-23,30.677083333333332,58.53125,20.468793125,16.0692599,0.0,993.9266299375
KORD_Chicago,IL,2025-06-24,28.492063492063494,64.42857142857143,12.139021714285713,16.02534790857143,1.7779999999999998,996.1114562
KORD_Chicago,IL,2025-06-25,24.833333333333336,83.76,7.8213924,12.937806128,16.509999999999998,995.58511444
KORD_Chicago,IL,2025-06-26,29.270833333333332,67.375,13.0758875,16.0692599,0.0,989.9899515625
KORD_Chicago,IL,2025-06-27,27.32323232323232,65.78787878787878,17.117525454545454,16.069991418181814,0.0,988.682214969697
KORD_Chicago,IL,2025-06-28,25.086805555555557,65.4375,9.4548725,16.0692599,0.0,992.1064453125
KORD_Chicago,IL,2025-06-29,28.657407407407405,62.94444444444444,12.517088888888889,15.971805422222221,0.7619999999999999,989.3338385000001
KORD_Chicago,IL,2025-06-30,27.5,64.65625,12.723844375,16.0692599,0.0,986.91045315625
KORD_Chicago,IL,2025-07-01,26.354166666666668,55.9375,12.07005,16.0692599,0.0,989.53490540625
KORD_Chicago,IL,2025-07-02,27.256944444444443,51.75,11.718006875,16.0692599,0.0,990.44499771875
KORD_Chicago,IL,2025-07-03,28.57638888888889,54.21875,7.94611625,16.0692599,0.0,991.323342625
KORD_Chicago,IL,2025-07-04,27.51543209876543,64.61111111111111,11.399491666666668,15.514037599999998,1.27,993.576232638889
KORD_Chicago,IL,2025-07-05,29.646464646464647,54.666666666666664,18.190418787878787,15.949047078787878,0.0,990.4780278484849
KORD_Chicago,IL,2025-07-06,23.9832285115304,81.75471698113208,19.77631269230769,13.94265373207547,40.132,987.4585451698114
KORD_Chicago,IL,2025-07-07,22.36111111111111,67.0,14.126428888888888,16.071942133333334,0.0,992.4192160555556
KORD_Chicago,IL,2025-07-08,23.993055555555557,71.40625,10.511001875,15.7554386,1.778,992.98479021875
KORD_Chicago,IL,2025-07-09,23.383838383838384,79.87878787878788,12.143201818181819,15.431132206060605,0.254,991.6991806060606
KORD_Chicago,IL,2025-07-10,23.385012919896642,74.27906976744185,10.965967906976745,12.824942739534883,65.532,989.881173627907
KORD_Chicago,IL,2025-07-11,24.963768115942027,81.1086956521739,12.594834782608695,14.259452113043476,68.834,987.2946427826088
KORD_Chicago,IL,2025-07-12,24.529914529914528,78.28205128205128,14.071408717948717,16.03232761025641,0.0,987.3584443333334
KORD_Chicago,IL,2025-07-13,23.870967741935484,62.0,8.929241290322581,15.839020451612901,0.0,991.7643926129032
KORD_Chicago,IL,2025-07-14,25.053763440860212,59.096774193548384,5.866303870967743,14.271211806451612,0.0,993.3701969032259
KORD_Chicago,IL,2025-07-15,27.46527777777778,63.90625,8.6502025,16.0692599,0.0,991.50324459375
KORD_Chicago,IL,2025-07-16,25.530864197530864,79.82222222222222,17.130530222222223,14.169702253333334,9.397999999999998,985.8684327333333
KORD_Chicago,IL,2025-07-17,19.48611111111111,79.05,17.541806,16.07408792,0.0,992.5424430250001
KORD_Chicago,IL,2025-07-18,21.42156862745098,69.58823529411765,8.520035294117648,16.070679905882354,0.0,994.7122226176471
KORD_Chicago,IL,2025-07-19,24.933862433862434,80.21428571428571,11.763509047619047,14.35224739047619,11.937999999999999,989.1242048333334
KORD_Chicago,IL,2025-07-20,21.56084656084656,81.73809523809524,18.43077476190476,15.615196114285714,0.0,990.8899653333333
KORD_Chicago,IL,2025-07-21,23.020833333333332,68.09375,14.031433125,14.08021624375,0.0,993.0800324375
KORD_Chicago,IL,2025-07-22,25.555555555555557,62.0,13.930849375,15.00307215,0.0,993.778475375
KORD_Chicago,IL,2025-07-23,28.59375,65.5,18.20565875,16.018968025,0.0,991.9794556875
KORD_Chicago,IL,2025-07-24,27.380952380952383,78.2,15.633588571428572,15.933385622857141,1.5239999999999998,991.002845
KORD_Chicago,IL,2025-07-25,25.675675675675677,79.83783783783784,9.612544324324324,15.985530724324324,0.254,992.2763368378378
KORD_Chicago,IL,2025-07-26,25.19097222222222,81.03125,9.55545625,15.817800525,0.508,990.86829646875
KORD_Chicago,IL,2025-07-27,26.916666666666668,80.8,7.805299,16.03385442,1.016,992.3138617000001
KORD_Chicago,IL,2025-07-28,27.912912912912915,74.05405405405405,8.699135135135135,15.773271827027026,2.2859999999999996,993.2373394054055
KORD_Chicago,IL,2025-07-29,28.26388888888889,61.28125,9.505164375,16.0692599,0.0,994.69915015625
KORD_Chicago,IL,2025-07-30,23.423772609819125,83.04651162790698,18.937814883720932,12.455917334883722,39.623999999999995,994.3688657368422
KORD_Chicago,IL,2025-07-31,21.373456790123456,64.86111111111111,26.867037222222223,7.925105422222223,0.254,997.70457128125
KORD_Chicago,IL,2025-08-01,20.359477124183005,59.470588235294116,15.667398235294119,11.574941282352942,0.0,1002.7698388235294
KORD_Chicago,IL,2025-08-02,21.006944444444443,55.28125,10.511001875,15.328963499999999,0.0,1001.97988865625
KORD_Chicago,IL,2025-08-03,21.73611111111111,61.65625,10.46071,13.60344926875,0.0,997.3553498125
KORD_Chicago,IL,2025-08-04,22.864583333333332,65.40625,11.0642125,14.8089455125,0.0,996.32885034375
KORD_Chicago,IL,2025-08-05,23.524305555555554,66.8125,13.528514375,13.16993330625,0.0,998.8792253125
KORD_Chicago,IL,2025-08-06,25.095238095238095,66.17142857142858,9.564077714285714,12.657229194285714,0.0,998.7818666000001
KORD_Chicago,IL,2025-08-07,27.79513888888889,64.90625,12.422093125,16.018968025,0.0,995.52458271875
KORD_Chicago,IL,2025-08-08,28.541666666666668,66.34375,16.0934,16.0692599,0.0,992.43450184375
KORD_Chicago,IL,2025-08-09,29.281045751633986,61.05882352941177,19.406747058823527,16.07067990588235,0.0,991.9234308529412
KORD_Chicago,IL,2025-08-10,27.973856209150327,68.05882352941177,15.951399411764706,16.070679905882354,1.5239999999999998,992.3915494705883
KORD_Chicago,IL,2025-08-11,26.087470449172578,74.02127659574468,15.031920425531915,13.946814370212765,20.066,991.8880411702127
KORD_Chicago,IL,2025-08-12,24.987080103359173,80.65116279069767,12.912146511627908,15.164473981395348,3.81,989.3299008372093
KORD_Chicago,IL,2025-08-13,24.6875,67.75,10.008083125,16.0692599,0.0,989.9476216875
KORD_Chicago,IL,2025-08-14,24.09722222222222,61.65625,8.499326875,15.956606099999998,0.0,992.90013046875
KORD_Chicago,IL,2025-08-15,27.1875,60.71875,7.996408125,15.805730474999999,0.0,994.14886178125
KORD_Chicago,IL,2025-08-16,26.40151515151515,75.22727272727273,13.240479090909092,14.356775836363635,36.321999999999996,993.0049931136364
KORD_Chicago,IL,2025-08-17,23.404255319148938,85.85106382978724,14.073164680851063,13.64686078723404,121.666,993.4515446382978
KORD_Chicago,IL,2025-08-18,24.01129943502825,85.96610169491525,14.184013559322034,13.172584284745762,82.55,992.3672403898305
KORD_Chicago,IL,2025-08-19,23.246913580246915,86.35555555555555,10.764696444444445,14.968650155555554,5.588,991.3920110888889
KORD_Chicago,IL,2025-08-20,21.696696696696698,77.86486486486487,20.268984864864866,16.072522075675675,0.0,994.2166467837839
KORD_Chicago,IL,2025-08-21,21.285714285714285,76.42857142857143,13.97826742857143,16.07132905142857,0.0,994.5537168
KORD_Chicago,IL,2025-08-22,22.8125,70.15625,6.2361925,16.0692599,0.0,993.28109934375
KORD_Chicago,IL,2025-08-23,22.956989247311828,64.2258064516129,16.197228387096775,16.071596038709675,0.0,989.230062032258
KORD_Chicago,IL,2025-08-24,18.592592592592595,61.0,16.200689333333333,16.07408792,0.0,990.3836194
KORD_Chicago,IL,2025-08-25,13.333333333333336,76.16666666666667,14.215836666666666,16.0934,0.0,992.3251496666667
