turbine_id,state_abbr,county,project_name,year,turbine_capacity,t_hh,t_rd,t_rsa,t_ttlh,latitude,longitude
3022062,IL,Bureau County,Agriwind,2008.0,2100.0,80.0,88.0,6082.12,124.1,41.302994,-89.619392
3022061,IL,Bureau County,Agriwind,2008.0,2100.0,80.0,88.0,6082.12,124.1,41.297791,-89.618896
3022063,IL,Bureau County,Agriwind,2008.0,2100.0,80.0,88.0,6082.12,124.1,41.300793,-89.614494
3022060,IL,Bureau County,Agriwind,2008.0,2100.0,80.0,88.0,6082.12,124.1,41.301693,-89.623596
3124620,IL,De Witt County,Alta Farms II,2023.0,4500.0,107.5,145.0,16513.0,180.1,40.185902,-89.006187
3123013,IL,De Witt County,Alta Farms II,2023.0,4500.0,107.5,145.0,16513.0,180.1,40.162827,-89.059639
3123069,IL,De Witt County,Alta Farms II,2023.0,4500.0,107.5,145.0,16513.0,180.1,40.15546,-89.072548
3124608,IL,De Witt County,Alta Farms II,2023.0,2300.0,80.0,108.0,9160.88,134.1,40.214069,-89.10762
3124527,IL,De Witt County,Alta Farms II,2023.0,2300.0,80.0,108.0,9160.88,134.1,40.2108,-89.114571
3123035,IL,De Witt County,Alta Farms II,2023.0,4500.0,107.5,145.0,16513.0,180.1,40.190155,-89.074249
3127548,IL,De Witt County,Alta Farms II,2023.0,4500.0,107.5,145.0,16513.0,180.1,40.214691,-88.996544
3124509,IL,De Witt County,Alta Farms II,2023.0,4500.0,107.5,145.0,16513.0,180.1,40.177349,-89.021721
3124556,IL,De Witt County,Alta Farms II,2023.0,2300.0,80.0,108.0,9160.88,134.1,40.190441,-89.116989
3126103,IL,De Witt County,Alta Farms II,2023.0,4500.0,107.5,145.0,16513.0,180.1,40.197399,-89.102592
3124562,IL,De Witt County,Alta Farms II,2023.0,4500.0,107.5,145.0,16513.0,180.1,40.2048,-89.079567
3124582,IL,De Witt County,Alta Farms II,2023.0,4500.0,107.5,145.0,16513.0,180.1,40.17667,-89.064056
3124627,IL,De Witt County,Alta Farms II,2023.0,4500.0,107.5,145.0,16513.0,180.1,40.199551,-89.060204
3123038,IL,De Witt County,Alta Farms II,2023.0,4500.0,107.5,145.0,16513.0,180.1,40.164181,-89.055344
3124624,IL,De Witt County,Alta Farms II,2023.0,4500.0,107.5,145.0,16513.0,180.1,40.174679,-89.045479
3124504,IL,De Witt County,Alta Farms II,2023.0,4500.0,107.5,145.0,16513.0,180.1,40.192791,-88.99472
3124634,IL,De Witt County,Alta Farms II,2023.0,4500.0,107.5,145.0,16513.0,180.1,40.19244,-89.040749
3124548,IL,De Witt County,Alta Farms II,2023.0,2300.0,80.0,108.0,9160.88,134.1,40.1973,-89.118279
3124615,IL,De Witt County,Alta Farms II,2023.0,2300.0,80.0,108.0,9160.88,134.1,40.175209,-89.12999
3123121,IL,De Witt County,Alta Farms II,2023.0,2300.0,80.0,108.0,9160.88,134.1,40.175488,-89.099342
3124544,IL,De Witt County,Alta Farms II,2023.0,4500.0,107.5,145.0,16513.0,180.1,40.20594,-89.091759
3124516,IL,De Witt County,Alta Farms II,2023.0,4500.0,107.5,145.0,16513.0,180.1,40.193069,-89.057129
3123122,IL,De Witt County,Alta Farms II,2023.0,4500.0,107.5,145.0,16513.0,180.1,40.169193,-89.0522
3124526,IL,De Witt County,Alta Farms II,2023.0,2300.0,80.0,108.0,9160.88,134.1,40.20179,-89.1315
3124512,IL,De Witt County,Alta Farms II,2023.0,4500.0,107.5,145.0,16513.0,180.1,40.187801,-89.02317
3124506,IL,De Witt County,Alta Farms II,2023.0,4500.0,107.5,145.0,16513.0,180.1,40.20298,-89.038551
3124530,IL,De Witt County,Alta Farms II,2023.0,4500.0,107.5,145.0,16513.0,180.1,40.17004,-89.026016
3124631,IL,De Witt County,Alta Farms II,2023.0,4500.0,107.5,145.0,16513.0,180.1,40.20211,-89.054733
3124515,IL,De Witt County,Alta Farms II,2023.0,4500.0,107.5,145.0,16513.0,180.1,40.169998,-89.016983
3124645,IL,De Witt County,Alta Farms II,2023.0,4500.0,107.5,145.0,16513.0,180.1,40.192181,-88.982819
3124538,IL,De Witt County,Alta Farms II,2023.0,4500.0,107.5,145.0,16513.0,180.1,40.18811,-89.032791
3124630,IL,De Witt County,Alta Farms II,2023.0,4500.0,107.5,145.0,16513.0,180.1,40.199261,-89.045807
3123050,IL,De Witt County,Alta Farms II,2023.0,2300.0,80.0,108.0,9160.88,134.1,40.171913,-89.107651
3124505,IL,De Witt County,Alta Farms II,2023.0,4500.0,107.5,145.0,16513.0,180.1,40.208599,-89.087822
3124492,IL,De Witt County,Alta Farms II,2023.0,2300.0,80.0,108.0,9160.88,134.1,40.185669,-89.120354
3124519,IL,De Witt County,Alta Farms II,2023.0,4500.0,107.5,145.0,16513.0,180.1,40.171749,-89.00988
3124613,IL,De Witt County,Alta Farms II,2023.0,4500.0,107.5,145.0,16513.0,180.1,40.185459,-88.981956
3124517,IL,De Witt County,Alta Farms II,2023.0,4500.0,107.5,145.0,16513.0,180.1,40.19482,-89.096527
3124640,IL,De Witt County,Alta Farms II,2023.0,2300.0,80.0,108.0,9160.88,134.1,40.194611,-89.132011
3123048,IL,De Witt County,Alta Farms II,2023.0,4200.0,107.5,,,,40.187561,-89.078682
3124531,IL,De Witt County,Alta Farms II,2023.0,4500.0,107.5,145.0,16513.0,180.1,40.188999,-89.016991
3124533,IL,De Witt County,Alta Farms II,2023.0,4500.0,107.5,145.0,16513.0,180.1,40.195629,-89.014091
3124602,IL,De Witt County,Alta Farms II,2023.0,4500.0,107.5,145.0,16513.0,180.1,40.20208,-89.00029
3124629,IL,De Witt County,Alta Farms II,2023.0,4500.0,107.5,145.0,16513.0,180.1,40.185871,-88.988403
3123047,IL,De Witt County,Alta Farms II,2023.0,4500.0,107.5,145.0,16513.0,180.1,40.176174,-89.070839
3127537,IL,De Witt County,Alta Farms II,2023.0,4500.0,107.5,145.0,16513.0,180.1,40.206757,-89.007698
3124600,IL,De Witt County,Alta Farms II,2023.0,4500.0,107.5,145.0,16513.0,180.1,40.20945,-89.069038
3127447,IL,De Witt County,Alta Farms II,2023.0,4500.0,107.5,145.0,16513.0,180.1,40.210648,-89.001366
3123049,IL,De Witt County,Alta Farms II,2023.0,4500.0,107.5,145.0,16513.0,180.1,40.192074,-89.069214
3124542,IL,De Witt County,Alta Farms II,2023.0,2300.0,80.0,108.0,9160.88,134.1,40.21434,-89.127792
3072609,IL,Coles County,Arends Brothers,2009.0,100.0,,,,,39.531311,-88.02977
3075484,NY,Chautauqua County,Arkwright Summit,2018.0,2200.0,95.0,110.0,9503.32,150.0,42.390987,-79.224182
3075473,NY,Chautauqua County,Arkwright Summit,2018.0,2200.0,95.0,110.0,9503.32,150.0,42.378143,-79.194038
3075465,NY,Chautauqua County,Arkwright Summit,2018.0,2200.0,95.0,110.0,9503.32,150.0,42.425243,-79.259079
3075460,NY,Chautauqua County,Arkwright Summit,2018.0,2200.0,95.0,110.0,9503.32,150.0,42.388699,-79.222168
3075462,NY,Chautauqua County,Arkwright Summit,2018.0,2200.0,95.0,110.0,9503.32,150.0,42.414898,-79.244499
3075466,NY,Chautauqua County,Arkwright Summit,2018.0,2000.0,95.0,110.0,9503.32,150.0,42.427994,-79.259148
3075476,NY,Chautauqua County,Arkwright Summit,2018.0,2200.0,95.0,110.0,9503.32,150.0,42.408447,-79.218674
3075459,NY,Chautauqua County,Arkwright Summit,2018.0,2200.0,95.0,110.0,9503.32,150.0,42.386463,-79.219643
3075487,NY,Chautauqua County,Arkwright Summit,2018.0,2000.0,95.0,110.0,9503.32,150.0,42.431263,-79.259651
3075468,NY,Chautauqua County,Arkwright Summit,2018.0,2200.0,95.0,110.0,9503.32,150.0,42.418236,-79.245773
3075456,NY,Chautauqua County,Arkwright Summit,2018.0,2000.0,95.0,110.0,9503.32,150.0,42.430202,-79.232803
3075475,NY,Chautauqua County,Arkwright Summit,2018.0,2200.0,95.0,110.0,9503.32,150.0,42.397808,-79.231461
3075477,NY,Chautauqua County,Arkwright Summit,2018.0,2200.0,95.0,110.0,9503.32,150.0,42.410717,-79.231186
3075463,NY,Chautauqua County,Arkwright Summit,2018.0,2200.0,95.0,110.0,9503.32,150.0,42.417698,-79.250298
3075488,NY,Chautauqua County,Arkwright Summit,2018.0,2200.0,95.0,110.0,9503.32,150.0,42.427578,-79.245026
3075458,NY,Chautauqua County,Arkwright Summit,2018.0,2200.0,95.0,110.0,9503.32,150.0,42.382069,-79.209778
3075485,NY,Chautauqua County,Arkwright Summit,2018.0,2200.0,95.0,110.0,9503.32,150.0,42.393955,-79.2416
3075457,NY,Chautauqua County,Arkwright Summit,2018.0,2200.0,95.0,110.0,9503.32,150.0,42.381874,-79.20575
3075474,NY,Chautauqua County,Arkwright Summit,2018.0,2200.0,95.0,110.0,9503.32,150.0,42.416336,-79.22332
3075470,NY,Chautauqua County,Arkwright Summit,2018.0,2200.0,95.0,110.0,9503.32,150.0,42.410576,-79.22126
3075464,NY,Chautauqua County,Arkwright Summit,2018.0,2200.0,95.0,110.0,9503.32,150.0,42.420475,-79.250679
3075490,NY,Chautauqua County,Arkwright Summit,2018.0,2200.0,95.0,110.0,9503.32,150.0,42.428749,-79.248459
3075467,NY,Chautauqua County,Arkwright Summit,2018.0,2200.0,95.0,110.0,9503.32,150.0,42.379391,-79.197357
3075472,NY,Chautauqua County,Arkwright Summit,2018.0,2200.0,95.0,110.0,9503.32,150.0,42.381958,-79.214523
3075471,NY,Chautauqua County,Arkwright Summit,2018.0,2200.0,95.0,110.0,9503.32,150.0,42.395088,-79.221886
3075483,NY,Chautauqua County,Arkwright Summit,2018.0,2200.0,95.0,110.0,9503.32,150.0,42.427402,-79.229759
3075479,NY,Chautauqua County,Arkwright Summit,2018.0,2200.0,95.0,110.0,9503.32,150.0,42.424694,-79.25518
3075481,NY,Chautauqua County,Arkwright Summit,2018.0,2200.0,95.0,110.0,9503.32,150.0,42.393768,-79.215973
3075489,NY,Chautauqua County,Arkwright Summit,2018.0,2000.0,95.0,110.0,9503.32,150.0,42.430599,-79.252396
3075478,NY,Chautauqua County,Arkwright Summit,2018.0,2200.0,95.0,110.0,9503.32,150.0,42.413719,-79.228981
3075480,NY,Chautauqua County,Arkwright Summit,2018.0,2200.0,95.0,110.0,9503.32,150.0,42.395222,-79.230286
3075482,NY,Chautauqua County,Arkwright Summit,2018.0,2200.0,95.0,110.0,9503.32,150.0,42.412853,-79.2239
3075455,NY,Chautauqua County,Arkwright Summit,2018.0,2200.0,95.0,110.0,9503.32,150.0,42.390697,-79.217438
3075461,NY,Chautauqua County,Arkwright Summit,2018.0,2200.0,95.0,110.0,9503.32,150.0,42.417694,-79.227005
3075469,NY,Chautauqua County,Arkwright Summit,2018.0,2200.0,95.0,110.0,9503.32,150.0,42.403996,-79.242203
3075486,NY,Chautauqua County,Arkwright Summit,2018.0,2200.0,95.0,110.0,9503.32,150.0,42.423431,-79.25061
3010715,CO,Adams County,Aurora Wal-Mart,2005.0,50.0,52.0,14.0,153.94,59.0,39.760796,-104.773087
3132534,NY,Chautauqua County,Ball Hill Wind,2023.0,4300.0,105.0,150.0,17671.46,180.1,42.39959,-79.104919
3130110,NY,Chautauqua County,Ball Hill Wind,2023.0,4300.0,105.0,150.0,17671.46,180.1,42.401356,-79.154694
3132784,NY,Chautauqua County,Ball Hill Wind,2023.0,4300.0,105.0,150.0,17671.46,180.1,42.397114,-79.150902
3132166,NY,Chautauqua County,Ball Hill Wind,2023.0,4300.0,105.0,150.0,17671.46,180.1,42.433174,-79.13369
3129968,NY,Chautauqua County,Ball Hill Wind,2023.0,4300.0,82.0,136.0,14526.72,150.0,42.408081,-79.149063
3130273,NY,Chautauqua County,Ball Hill Wind,2023.0,4300.0,105.0,150.0,17671.46,180.1,42.410995,-79.170029
3132167,NY,Chautauqua County,Ball Hill Wind,2023.0,4300.0,105.0,150.0,17671.46,180.1,42.409363,-79.110374
3129494,NY,Chautauqua County,Ball Hill Wind,2023.0,4300.0,105.0,150.0,17671.46,180.1,42.389446,-79.145569
3131990,NY,Chautauqua County,Ball Hill Wind,2023.0,4300.0,105.0,150.0,17671.46,180.1,42.440777,-79.111069
3130165,NY,Chautauqua County,Ball Hill Wind,2023.0,4300.0,105.0,150.0,17671.46,180.1,42.379074,-79.139694
3130132,NY,Chautauqua County,Ball Hill Wind,2023.0,4300.0,105.0,150.0,17671.46,180.1,42.407494,-79.168526
3130029,NY,Chautauqua County,Ball Hill Wind,2023.0,4300.0,105.0,150.0,17671.46,180.1,42.399033,-79.141388
3130284,NY,Chautauqua County,Ball Hill Wind,2023.0,4300.0,105.0,150.0,17671.46,180.1,42.385502,-79.141006
3129485,NY,Chautauqua County,Ball Hill Wind,2023.0,4300.0,105.0,150.0,17671.46,180.1,42.403126,-79.106316
3132152,NY,Chautauqua County,Ball Hill Wind,2023.0,4300.0,105.0,150.0,17671.46,180.1,42.412903,-79.135292
3129904,NY,Chautauqua County,Ball Hill Wind,2023.0,4300.0,105.0,150.0,17671.46,180.1,42.391869,-79.14872
3131720,NY,Chautauqua County,Ball Hill Wind,2023.0,4300.0,82.0,136.0,14526.72,150.0,42.397949,-79.119972
3131630,NY,Chautauqua County,Ball Hill Wind,2023.0,4300.0,105.0,150.0,17671.46,180.1,42.417725,-79.137665
3132087,NY,Chautauqua County,Ball Hill Wind,2023.0,4300.0,105.0,150.0,17671.46,180.1,42.421967,-79.141159
3132165,NY,Chautauqua County,Ball Hill Wind,2023.0,4300.0,105.0,150.0,17671.46,180.1,42.428802,-79.125999
3132163,NY,Chautauqua County,Ball Hill Wind,2023.0,4300.0,105.0,150.0,17671.46,180.1,42.451122,-79.13205
3129699,NY,Chautauqua County,Ball Hill Wind,2023.0,4300.0,82.0,136.0,14526.72,150.0,42.403244,-79.122696
3132314,NY,Chautauqua County,Ball Hill Wind,2023.0,4300.0,105.0,150.0,17671.46,180.1,42.430763,-79.117729
3130264,NY,Chautauqua County,Ball Hill Wind,2023.0,4300.0,105.0,150.0,17671.46,180.1,42.395649,-79.100952
3131805,NY,Chautauqua County,Ball Hill Wind,2023.0,4300.0,105.0,150.0,17671.46,180.1,42.447941,-79.123672
3126094,NY,Steuben County,Baron Winds I,2023.0,4200.0,120.0,150.0,17671.46,195.1,42.454201,-77.541016
3124539,NY,Steuben County,Baron Winds I,2023.0,4200.0,120.0,150.0,17671.46,195.1,42.476501,-77.515137
3124621,NY,Steuben County,Baron Winds I,2023.0,4200.0,120.0,150.0,17671.46,195.1,42.487309,-77.550949
3131472,NY,Steuben County,Baron Winds I,2023.0,4200.0,120.0,150.0,17671.46,195.1,42.469158,-77.501251
3124566,NY,Steuben County,Baron Winds I,2023.0,4200.0,120.0,150.0,17671.46,195.1,42.482689,-77.548973
3126090,NY,Steuben County,Baron Winds I,2023.0,4200.0,120.0,150.0,17671.46,195.1,42.488575,-77.542908
3124638,NY,Steuben County,Baron Winds I,2023.0,4200.0,120.0,150.0,17671.46,195.1,42.504478,-77.529701
3125981,NY,Steuben County,Baron Winds I,2023.0,4200.0,120.0,150.0,17671.46,195.1,42.439297,-77.593185
3125982,NY,Steuben County,Baron Winds I,2023.0,4200.0,120.0,150.0,17671.46,195.1,42.458469,-77.55983
3125974,NY,Steuben County,Baron Winds I,2023.0,4200.0,120.0,150.0,17671.46,195.1,42.458309,-77.543373
3126079,NY,Steuben County,Baron Winds I,2023.0,4200.0,120.0,150.0,17671.46,195.1,42.461494,-77.533653
3129466,NY,Steuben County,Baron Winds I,2023.0,4200.0,120.0,150.0,17671.46,195.1,42.477547,-77.506783
3124501,NY,Steuben County,Baron Winds I,2023.0,2625.0,93.0,114.0,10207.03,150.0,42.50288,-77.538094
3130207,NY,Steuben County,Baron Winds I,2023.0,4200.0,120.0,150.0,17671.46,195.1,42.466175,-77.500595
3129095,NY,Steuben County,Baron Winds I,2023.0,4200.0,120.0,150.0,17671.46,195.1,42.456516,-77.52343
3126078,NY,Steuben County,Baron Winds I,2023.0,4200.0,120.0,150.0,17671.46,195.1,42.466091,-77.538055
3129018,NY,Steuben County,Baron Winds I,2023.0,4200.0,120.0,150.0,17671.46,195.1,42.507652,-77.527206
3124551,NY,Steuben County,Baron Winds I,2023.0,2625.0,93.0,114.0,10207.03,150.0,42.480721,-77.512199
3124547,NY,Steuben County,Baron Winds I,2023.0,2625.0,93.0,114.0,10207.03,150.0,42.470379,-77.512711
3128991,NY,Steuben County,Baron Winds I,2023.0,4200.0,120.0,150.0,17671.46,195.1,42.462566,-77.502548
3124554,NY,Steuben County,Baron Winds I,2023.0,4200.0,120.0,150.0,17671.46,195.1,42.484249,-77.529823
3124552,NY,Steuben County,Baron Winds I,2023.0,2625.0,93.0,114.0,10207.03,150.0,42.480968,-77.534691
3124576,NY,Steuben County,Baron Winds I,2023.0,2625.0,93.0,114.0,10207.03,150.0,42.507278,-77.548981
3130145,NY,Steuben County,Baron Winds I,2023.0,4200.0,120.0,150.0,17671.46,195.1,42.504585,-77.52092
3125996,NY,Steuben County,Baron Winds I,2023.0,4200.0,120.0,150.0,17671.46,195.1,42.478436,-77.54911
3124574,NY,Steuben County,Baron Winds I,2023.0,4200.0,120.0,150.0,17671.46,195.1,42.474751,-77.549026
3126019,NY,Steuben County,Baron Winds I,2023.0,4200.0,120.0,150.0,17671.46,195.1,42.477005,-77.538437
3129838,NY,Steuben County,Baron Winds I,2023.0,4200.0,120.0,150.0,17671.46,195.1,42.457047,-77.51619
3126086,NY,Steuben County,Baron Winds I,2023.0,2625.0,93.0,114.0,10207.03,150.0,42.462643,-77.543266
3130223,NY,Steuben County,Baron Winds I,2023.0,2625.0,93.0,114.0,10207.03,150.0,42.46122,-77.558609
3125953,NY,Steuben County,Baron Winds I,2023.0,4200.0,120.0,150.0,17671.46,195.1,42.473072,-77.541313
3125998,NY,Steuben County,Baron Winds I,2023.0,2625.0,93.0,114.0,10207.03,150.0,42.445675,-77.589149
3137971,NY,Steuben County,Baron Winds II,2025.0,4500.0,120.0,150.0,17671.46,195.0,42.411541,-77.575172
3138157,NY,Steuben County,Baron Winds II,2025.0,4500.0,120.0,150.0,17671.46,195.0,42.410347,-77.591949
3139413,NY,Steuben County,Baron Winds II,2025.0,4500.0,120.0,150.0,17671.46,195.0,42.394356,-77.57962
3139253,NY,Steuben County,Baron Winds II,2025.0,4500.0,120.0,150.0,17671.46,195.0,42.419186,-77.577362
3138015,NY,Steuben County,Baron Winds II,2025.0,4500.0,120.0,150.0,17671.46,195.0,42.394547,-77.561226
3139453,NY,Steuben County,Baron Winds II,2025.0,4500.0,120.0,150.0,17671.46,195.0,42.436779,-77.567932
3138012,NY,Steuben County,Baron Winds II,2025.0,4500.0,120.0,150.0,17671.46,195.0,42.383881,-77.579994
3138092,NY,Steuben County,Baron Winds II,2025.0,4500.0,120.0,150.0,17671.46,195.0,42.409813,-77.582649
3138004,NY,Steuben County,Baron Winds II,2025.0,4500.0,120.0,150.0,17671.46,195.0,42.440605,-77.581894
3137937,NY,Steuben County,Baron Winds II,2025.0,4500.0,120.0,150.0,17671.46,195.0,42.402462,-77.5755
3138046,NY,Steuben County,Baron Winds II,2025.0,4500.0,120.0,150.0,17671.46,195.0,42.372955,-77.600563
3138039,NY,Steuben County,Baron Winds II,2025.0,4500.0,120.0,150.0,17671.46,195.0,42.449116,-77.580467
3138056,NY,Steuben County,Baron Winds II,2025.0,4500.0,120.0,150.0,17671.46,195.0,42.425167,-77.604408
3139227,NY,Steuben County,Baron Winds II,2025.0,4500.0,120.0,150.0,17671.46,195.0,42.380363,-77.5783
3137873,NY,Steuben County,Baron Winds II,2025.0,4500.0,120.0,150.0,17671.46,195.0,42.43137,-77.568123
3137989,NY,Steuben County,Baron Winds II,2025.0,4500.0,120.0,150.0,17671.46,195.0,42.384357,-77.596169
3138060,NY,Steuben County,Baron Winds II,2025.0,4500.0,120.0,150.0,17671.46,195.0,42.435955,-77.583618
3138050,NY,Steuben County,Baron Winds II,2025.0,4500.0,120.0,150.0,17671.46,195.0,42.410736,-77.60202
3138128,NY,Steuben County,Baron Winds II,2025.0,4500.0,120.0,150.0,17671.46,195.0,42.42976,-77.604454
3137916,NY,Steuben County,Baron Winds II,2025.0,4500.0,120.0,150.0,17671.46,195.0,42.421471,-77.585793
3137875,NY,Steuben County,Baron Winds II,2025.0,4500.0,120.0,150.0,17671.46,195.0,42.374855,-77.593651
3138014,NY,Steuben County,Baron Winds II,2025.0,4500.0,120.0,150.0,17671.46,195.0,42.396488,-77.594589
3138078,NY,Steuben County,Baron Winds II,2025.0,4500.0,120.0,150.0,17671.46,195.0,42.390198,-77.594803
3137867,NY,Steuben County,Baron Winds II,2025.0,4500.0,120.0,150.0,17671.46,195.0,42.39674,-77.570694
3138149,NY,Steuben County,Baron Winds II,2025.0,4500.0,120.0,150.0,17671.46,195.0,42.425488,-77.584366
3137858,NY,Steuben County,Baron Winds II,2025.0,4500.0,120.0,150.0,17671.46,195.0,42.389984,-77.580528
3111800,IL,Marshall County,Bennington,2021.0,2820.0,89.0,127.0,12667.69,152.4,40.949585,-89.106384
3111192,IL,Marshall County,Bennington,2021.0,2820.0,89.0,127.0,12667.69,152.4,40.975807,-89.08918
3111289,IL,Marshall County,Bennington,2021.0,2820.0,89.0,127.0,12667.69,152.4,40.947151,-89.079941
3111286,IL,Marshall County,Bennington,2021.0,2820.0,89.0,127.0,12667.69,152.4,40.994896,-89.073196
3111176,IL,Marshall County,Bennington,2021.0,2820.0,89.0,127.0,12667.69,152.4,40.927105,-89.071198
3112520,IL,Marshall County,Bennington,2021.0,2820.0,89.0,127.0,12667.69,152.4,40.970993,-89.07769
3112420,IL,Marshall County,Bennington,2021.0,2820.0,89.0,127.0,12667.69,152.4,40.972366,-89.059174
3112049,IL,Marshall County,Bennington,2021.0,2820.0,89.0,127.0,12667.69,152.4,40.945419,-89.059311
3111336,IL,Marshall County,Bennington,2021.0,2820.0,89.0,127.0,12667.69,152.4,40.974976,-89.079971
3111182,IL,Marshall County,Bennington,2021.0,2820.0,89.0,127.0,12667.69,152.4,40.990227,-89.06797
3112646,IL,Marshall County,Bennington,2021.0,2820.0,89.0,127.0,12667.69,152.4,40.949505,-89.11203
3112465,IL,Marshall County,Bennington,2021.0,2820.0,89.0,127.0,12667.69,152.4,40.951488,-89.11721
3111287,IL,Marshall County,Bennington,2021.0,2820.0,89.0,127.0,12667.69,152.4,40.989201,-89.074036
3112191,IL,Marshall County,Bennington,2021.0,2820.0,89.0,127.0,12667.69,152.4,40.932343,-89.063843
3112749,IL,Marshall County,Bennington,2021.0,2820.0,89.0,127.0,12667.69,152.4,40.962162,-89.112221
3111290,IL,Marshall County,Bennington,2021.0,2820.0,89.0,127.0,12667.69,152.4,40.92791,-89.063408
3112731,IL,Marshall County,Bennington,2021.0,2820.0,89.0,127.0,12667.69,152.4,40.943249,-89.075668
3112647,IL,Marshall County,Bennington,2021.0,2820.0,89.0,127.0,12667.69,152.4,40.948948,-89.071457
3111591,IL,Marshall County,Bennington,2021.0,2820.0,89.0,127.0,12667.69,152.4,40.976135,-89.06115
3111385,IL,Marshall County,Bennington,2021.0,2820.0,89.0,127.0,12667.69,152.4,40.996796,-89.065323
3111216,IL,Marshall County,Bennington,2021.0,2820.0,89.0,127.0,12667.69,152.4,40.980099,-89.080956
3111392,IL,Marshall County,Bennington,2021.0,2820.0,89.0,127.0,12667.69,152.4,40.953991,-89.123215
3111153,IL,Marshall County,Bennington,2021.0,2820.0,89.0,127.0,12667.69,152.4,40.994057,-89.084778
3111227,IL,Marshall County,Bennington,2021.0,2820.0,89.0,127.0,12667.69,152.4,40.95261,-89.075233
3111237,IL,Marshall County,Bennington,2021.0,2820.0,89.0,127.0,12667.69,152.4,40.992493,-89.059227
3111199,IL,Marshall County,Bennington,2021.0,2820.0,89.0,127.0,12667.69,152.4,40.936256,-89.084862
3111557,IL,Marshall County,Bennington,2021.0,2820.0,89.0,127.0,12667.69,152.4,40.974461,-89.094398
3112237,IL,Marshall County,Bennington,2021.0,2820.0,89.0,127.0,12667.69,152.4,40.947468,-89.100723
3111317,IL,Marshall County,Bennington,2021.0,2820.0,89.0,127.0,12667.69,152.4,40.930386,-89.080757
3112209,IL,Marshall County,Bennington,2021.0,2820.0,89.0,127.0,12667.69,152.4,40.979511,-89.070313
3112606,IL,Marshall County,Bennington,2021.0,2820.0,89.0,127.0,12667.69,152.4,40.979527,-89.064819
3111351,IL,Marshall County,Bennington,2021.0,2820.0,89.0,127.0,12667.69,152.4,40.992863,-89.079956
3112048,IL,Marshall County,Bennington,2021.0,2820.0,89.0,127.0,12667.69,152.4,40.951172,-89.05925
3135799,IL,Bureau County,Big Sky Wind,2011.0,2200.0,80.0,110.0,9503.32,135.0,41.557194,-89.502296
3135705,IL,Lee County,Big Sky Wind,2011.0,2200.0,80.0,110.0,9503.32,135.0,41.619682,-89.355247
3135725,IL,Lee County,Big Sky Wind,2011.0,2200.0,80.0,110.0,9503.32,135.0,41.586391,-89.388397
3135717,IL,Lee County,Big Sky Wind,2011.0,2200.0,80.0,110.0,9503.32,135.0,41.631992,-89.370697
3135759,IL,Lee County,Big Sky Wind,2011.0,2200.0,80.0,110.0,9503.32,135.0,41.604992,-89.437294
3135741,IL,Lee County,Big Sky Wind,2011.0,2200.0,80.0,110.0,9503.32,135.0,41.589893,-89.412094
3135794,IL,Bureau County,Big Sky Wind,2011.0,2200.0,80.0,110.0,9503.32,135.0,41.550392,-89.494995
3135701,IL,Lee County,Big Sky Wind,2011.0,2200.0,80.0,110.0,9503.32,135.0,41.609432,-89.345932
3135694,IL,Lee County,Big Sky Wind,2011.0,2200.0,80.0,110.0,9503.32,135.0,41.604351,-89.3358
3135740,IL,Bureau County,Big Sky Wind,2011.0,2200.0,80.0,110.0,9503.32,135.0,41.576492,-89.410492
3135801,IL,Bureau County,Big Sky Wind,2011.0,2100.0,80.0,88.0,6082.12,124.1,41.581291,-89.504196
3135792,IL,Bureau County,Big Sky Wind,2011.0,2200.0,80.0,110.0,9503.32,135.0,41.576492,-89.489891
3135773,IL,Lee County,Big Sky Wind,2011.0,2200.0,80.0,110.0,9503.32,135.0,41.589191,-89.461494
3135716,IL,Lee County,Big Sky Wind,2011.0,2200.0,80.0,110.0,9503.32,135.0,41.626091,-89.370506
3135756,IL,Lee County,Big Sky Wind,2011.0,2200.0,80.0,110.0,9503.32,135.0,41.602093,-89.434196
3135758,IL,Lee County,Big Sky Wind,2011.0,2200.0,80.0,110.0,9503.32,135.0,41.590794,-89.436493
3135720,IL,Lee County,Big Sky Wind,2011.0,2200.0,80.0,110.0,9503.32,135.0,41.602493,-89.375893
3135729,IL,Lee County,Big Sky Wind,2011.0,2200.0,80.0,110.0,9503.32,135.0,41.594093,-89.398193
3135706,IL,Lee County,Big Sky Wind,2011.0,2200.0,80.0,110.0,9503.32,135.0,41.639492,-89.355911
3135745,IL,Bureau County,Big Sky Wind,2011.0,2200.0,80.0,110.0,9503.32,135.0,41.573391,-89.418198
3135800,IL,Bureau County,Big Sky Wind,2011.0,2100.0,80.0,88.0,6082.12,124.1,41.574692,-89.502495
3135700,IL,Lee County,Big Sky Wind,2011.0,2200.0,80.0,110.0,9503.32,135.0,41.618683,-89.341576
3135780,IL,Bureau County,Big Sky Wind,2011.0,2200.0,80.0,110.0,9503.32,135.0,41.573994,-89.477295
3135761,IL,Lee County,Big Sky Wind,2011.0,2200.0,80.0,110.0,9503.32,135.0,41.597591,-89.441696
3135713,IL,Lee County,Big Sky Wind,2011.0,2200.0,80.0,110.0,9503.32,135.0,41.626564,-89.364601
3135749,IL,Bureau County,Big Sky Wind,2011.0,2200.0,80.0,110.0,9503.32,135.0,41.560493,-89.424591
3135783,IL,Bureau County,Big Sky Wind,2011.0,2200.0,80.0,110.0,9503.32,135.0,41.541393,-89.480095
3135750,IL,Lee County,Big Sky Wind,2011.0,2200.0,80.0,110.0,9503.32,135.0,41.586792,-89.427895
3135804,IL,Bureau County,Big Sky Wind,2011.0,2100.0,80.0,88.0,6082.12,124.1,41.563763,-89.520088
3135774,IL,Bureau County,Big Sky Wind,2011.0,2200.0,80.0,110.0,9503.32,135.0,41.542393,-89.464096
3135764,IL,Bureau County,Big Sky Wind,2011.0,2200.0,80.0,110.0,9503.32,135.0,41.565594,-89.445091
3135728,IL,Bureau County,Big Sky Wind,2011.0,2200.0,80.0,110.0,9503.32,135.0,41.579491,-89.397797
3135776,IL,Bureau County,Big Sky Wind,2011.0,2200.0,80.0,110.0,9503.32,135.0,41.578392,-89.465393
3135747,IL,Bureau County,Big Sky Wind,2011.0,2200.0,80.0,110.0,9503.32,135.0,41.576492,-89.420097
3135746,IL,Bureau County,Big Sky Wind,2011.0,2200.0,80.0,110.0,9503.32,135.0,41.568893,-89.418892
3135697,IL,Lee County,Big Sky Wind,2011.0,2200.0,80.0,110.0,9503.32,135.0,41.638313,-89.339424
3135778,IL,Bureau County,Big Sky Wind,2011.0,2200.0,80.0,110.0,9503.32,135.0,41.544392,-89.471092
3135738,IL,Lee County,Big Sky Wind,2011.0,2200.0,80.0,110.0,9503.32,135.0,41.604294,-89.407494
3135752,IL,Bureau County,Big Sky Wind,2011.0,2200.0,80.0,110.0,9503.32,135.0,41.561092,-89.430496
3135769,IL,Bureau County,Big Sky Wind,2011.0,2200.0,80.0,110.0,9503.32,135.0,41.572392,-89.453697
3135775,IL,Bureau County,Big Sky Wind,2011.0,2200.0,80.0,110.0,9503.32,135.0,41.569492,-89.465195
3135802,IL,Bureau County,Big Sky Wind,2011.0,2100.0,80.0,88.0,6082.12,124.1,41.570091,-89.508797
3135726,IL,Lee County,Big Sky Wind,2011.0,2200.0,80.0,110.0,9503.32,135.0,41.618793,-89.389694
3135691,IL,Lee County,Big Sky Wind,2011.0,2200.0,80.0,110.0,9503.32,135.0,41.624523,-89.317772
3135789,IL,Bureau County,Big Sky Wind,2011.0,2200.0,80.0,110.0,9503.32,135.0,41.56179,-89.486496
3135791,IL,Bureau County,Big Sky Wind,2011.0,2200.0,80.0,110.0,9503.32,135.0,41.55899,-89.488792
3135707,IL,Lee County,Big Sky Wind,2011.0,2200.0,80.0,110.0,9503.32,135.0,41.631382,-89.356056
3135739,IL,Lee County,Big Sky Wind,2011.0,2200.0,80.0,110.0,9503.32,135.0,41.592392,-89.409592
3135711,IL,Lee County,Big Sky Wind,2011.0,2200.0,80.0,110.0,9503.32,135.0,41.593742,-89.364433
3135793,IL,Bureau County,Big Sky Wind,2011.0,2200.0,80.0,110.0,9503.32,135.0,41.57349,-89.494896
3135721,IL,Lee County,Big Sky Wind,2011.0,2200.0,80.0,110.0,9503.32,135.0,41.591991,-89.384094
3135753,IL,Bureau County,Big Sky Wind,2011.0,2200.0,80.0,110.0,9503.32,135.0,41.577393,-89.430794
3135696,IL,Lee County,Big Sky Wind,2011.0,2200.0,80.0,110.0,9503.32,135.0,41.609741,-89.337212
3135695,IL,Lee County,Big Sky Wind,2011.0,2200.0,80.0,110.0,9503.32,135.0,41.623032,-89.336166
3135779,IL,Bureau County,Big Sky Wind,2011.0,2200.0,80.0,110.0,9503.32,135.0,41.540691,-89.47319
3135803,IL,Bureau County,Big Sky Wind,2011.0,2100.0,80.0,88.0,6082.12,124.1,41.563492,-89.514297
3135798,IL,Bureau County,Big Sky Wind,2011.0,2200.0,80.0,110.0,9503.32,135.0,41.543293,-89.498596
3135733,IL,Lee County,Big Sky Wind,2011.0,2200.0,80.0,110.0,9503.32,135.0,41.592392,-89.403595
3135742,IL,Lee County,Big Sky Wind,2011.0,2200.0,80.0,110.0,9503.32,135.0,41.596592,-89.413795
3135704,IL,Lee County,Big Sky Wind,2011.0,2200.0,80.0,110.0,9503.32,135.0,41.604961,-89.350494
3135724,IL,Lee County,Big Sky Wind,2011.0,2200.0,80.0,110.0,9503.32,135.0,41.59539,-89.386993
3135727,IL,Lee County,Big Sky Wind,2011.0,2200.0,80.0,110.0,9503.32,135.0,41.60099,-89.394196
3135766,IL,Bureau County,Big Sky Wind,2011.0,2200.0,80.0,110.0,9503.32,135.0,41.575592,-89.445595
3135748,IL,Lee County,Big Sky Wind,2011.0,2200.0,80.0,110.0,9503.32,135.0,41.588692,-89.422295
3135797,IL,Bureau County,Big Sky Wind,2011.0,2200.0,80.0,110.0,9503.32,135.0,41.548092,-89.49839
3135692,IL,Lee County,Big Sky Wind,2011.0,2200.0,80.0,110.0,9503.32,135.0,41.623272,-89.325241
3135718,IL,Lee County,Big Sky Wind,2011.0,2200.0,80.0,110.0,9503.32,135.0,41.595993,-89.371391
3135722,IL,Lee County,Big Sky Wind,2011.0,2200.0,80.0,110.0,9503.32,135.0,41.623093,-89.384697
3135744,IL,Lee County,Big Sky Wind,2011.0,2200.0,80.0,110.0,9503.32,135.0,41.602692,-89.418091
3135785,IL,Bureau County,Big Sky Wind,2011.0,2200.0,80.0,110.0,9503.32,135.0,41.548191,-89.481796
3135790,IL,Bureau County,Big Sky Wind,2011.0,2200.0,80.0,110.0,9503.32,135.0,41.542393,-89.488297
3135767,IL,Bureau County,Big Sky Wind,2011.0,2200.0,80.0,110.0,9503.32,135.0,41.578793,-89.448792
3135784,IL,Bureau County,Big Sky Wind,2011.0,2200.0,80.0,110.0,9503.32,135.0,41.554394,-89.481392
3135730,IL,Bureau County,Big Sky Wind,2011.0,2200.0,80.0,110.0,9503.32,135.0,41.571793,-89.398491
3135743,IL,Lee County,Big Sky Wind,2011.0,2200.0,80.0,110.0,9503.32,135.0,41.589493,-89.417595
3135755,IL,Bureau County,Big Sky Wind,2011.0,2200.0,80.0,110.0,9503.32,135.0,41.582691,-89.430893
3135714,IL,Lee County,Big Sky Wind,2011.0,2200.0,80.0,110.0,9503.32,135.0,41.602661,-89.367271
3135760,IL,Bureau County,Big Sky Wind,2011.0,2200.0,80.0,110.0,9503.32,135.0,41.564392,-89.439697
3135772,IL,Bureau County,Big Sky Wind,2011.0,2200.0,80.0,110.0,9503.32,135.0,41.575394,-89.459595
3135710,IL,Lee County,Big Sky Wind,2011.0,2200.0,80.0,110.0,9503.32,135.0,41.608463,-89.359962
3135693,IL,Lee County,Big Sky Wind,2011.0,2200.0,80.0,110.0,9503.32,135.0,41.63166,-89.325996
3135737,IL,Bureau County,Big Sky Wind,2011.0,2200.0,80.0,110.0,9503.32,135.0,41.579491,-89.407295
3135781,IL,Bureau County,Big Sky Wind,2011.0,2200.0,80.0,110.0,9503.32,135.0,41.562492,-89.478493
3135703,IL,Lee County,Big Sky Wind,2011.0,2200.0,80.0,110.0,9503.32,135.0,41.61618,-89.350075
3135754,IL,Lee County,Big Sky Wind,2011.0,2200.0,80.0,110.0,9503.32,135.0,41.605392,-89.430794
3135708,IL,Lee County,Big Sky Wind,2011.0,2200.0,80.0,110.0,9503.32,135.0,41.605053,-89.3563
3135709,IL,Lee County,Big Sky Wind,2011.0,2200.0,80.0,110.0,9503.32,135.0,41.615326,-89.358459
3135777,IL,Bureau County,Big Sky Wind,2011.0,2200.0,80.0,110.0,9503.32,135.0,41.573692,-89.466095
3135698,IL,Lee County,Big Sky Wind,2011.0,2200.0,80.0,110.0,9503.32,135.0,41.629711,-89.339806
3135796,IL,Bureau County,Big Sky Wind,2011.0,2200.0,80.0,110.0,9503.32,135.0,41.568893,-89.497993
3135734,IL,Lee County,Big Sky Wind,2011.0,2200.0,80.0,110.0,9503.32,135.0,41.597492,-89.404091
3135715,IL,Lee County,Big Sky Wind,2011.0,2200.0,80.0,110.0,9503.32,135.0,41.615433,-89.370003
3135771,IL,Bureau County,Big Sky Wind,2011.0,2200.0,80.0,110.0,9503.32,135.0,41.579292,-89.458092
3135787,IL,Bureau County,Big Sky Wind,2011.0,2200.0,80.0,110.0,9503.32,135.0,41.571991,-89.483795
3135757,IL,Bureau County,Big Sky Wind,2011.0,2200.0,80.0,110.0,9503.32,135.0,41.563591,-89.435196
3135731,IL,Bureau County,Big Sky Wind,2011.0,2200.0,80.0,110.0,9503.32,135.0,41.574291,-89.402092
3135732,IL,Lee County,Big Sky Wind,2011.0,2200.0,80.0,110.0,9503.32,135.0,41.61219,-89.403297
3135763,IL,Lee County,Big Sky Wind,2011.0,2200.0,80.0,110.0,9503.32,135.0,41.589394,-89.444893
3135735,IL,Lee County,Big Sky Wind,2011.0,2200.0,80.0,110.0,9503.32,135.0,41.588093,-89.406197
3135762,IL,Bureau County,Big Sky Wind,2011.0,2200.0,80.0,110.0,9503.32,135.0,41.559692,-89.442993
3135751,IL,Bureau County,Big Sky Wind,2011.0,2200.0,80.0,110.0,9503.32,135.0,41.570992,-89.428993
3135736,IL,Bureau County,Big Sky Wind,2011.0,2200.0,80.0,110.0,9503.32,135.0,41.569893,-89.407097
3135786,IL,Bureau County,Big Sky Wind,2011.0,2200.0,80.0,110.0,9503.32,135.0,41.56599,-89.483093
3135768,IL,Bureau County,Big Sky Wind,2011.0,2200.0,80.0,110.0,9503.32,135.0,41.583191,-89.449997
3135699,IL,Lee County,Big Sky Wind,2011.0,2200.0,80.0,110.0,9503.32,135.0,41.624054,-89.341431
3135782,IL,Bureau County,Big Sky Wind,2011.0,2200.0,80.0,110.0,9503.32,135.0,41.550694,-89.478691
3135719,IL,Lee County,Big Sky Wind,2011.0,2200.0,80.0,110.0,9503.32,135.0,41.618191,-89.37429
3135723,IL,Lee County,Big Sky Wind,2011.0,2200.0,80.0,110.0,9503.32,135.0,41.615292,-89.385994
3135765,IL,Bureau County,Big Sky Wind,2011.0,2200.0,80.0,110.0,9503.32,135.0,41.569191,-89.445396
3135788,IL,Bureau County,Big Sky Wind,2011.0,2200.0,80.0,110.0,9503.32,135.0,41.575592,-89.48439
3135795,IL,Bureau County,Big Sky Wind,2011.0,2200.0,80.0,110.0,9503.32,135.0,41.579193,-89.497391
3135770,IL,Lee County,Big Sky Wind,2011.0,2200.0,80.0,110.0,9503.32,135.0,41.589191,-89.455894
3135712,IL,Lee County,Big Sky Wind,2011.0,2200.0,80.0,110.0,9503.32,135.0,41.632133,-89.364525
3135702,IL,Lee County,Big Sky Wind,2011.0,2200.0,80.0,110.0,9503.32,135.0,41.601933,-89.348183
3074349,IL,Cook County,Big Windy,2009.0,108.0,25.0,18.9,280.55,34.4,41.955463,-87.865189
3038435,IL,Henry County,Bishop Hill I,2012.0,1620.0,100.0,100.0,7853.98,150.0,41.150391,-90.047592
3039730,IL,Henry County,Bishop Hill I,2012.0,1620.0,100.0,100.0,7853.98,150.0,41.241291,-90.173592
3043401,IL,Henry County,Bishop Hill I,2012.0,1500.0,80.0,82.5,5345.62,121.3,41.185791,-90.149895
3043376,IL,Henry County,Bishop Hill I,2012.0,1620.0,100.0,82.5,5345.62,141.1,41.177094,-90.22039
3038929,IL,Henry County,Bishop Hill I,2012.0,1500.0,80.0,82.5,5345.62,121.3,41.159691,-90.09819
3043385,IL,Henry County,Bishop Hill I,2012.0,1620.0,100.0,82.5,5345.62,141.1,41.156792,-90.217392
3038430,IL,Henry County,Bishop Hill I,2012.0,1620.0,100.0,100.0,7853.98,150.0,41.190891,-90.196297
3043373,IL,Henry County,Bishop Hill I,2012.0,1620.0,100.0,82.5,5345.62,141.1,41.184994,-90.21199
3038436,IL,Henry County,Bishop Hill I,2012.0,1620.0,100.0,100.0,7853.98,150.0,41.300991,-90.105492
3039744,IL,Henry County,Bishop Hill I,2012.0,1620.0,100.0,100.0,7853.98,150.0,41.229393,-90.144791
3043379,IL,Henry County,Bishop Hill I,2012.0,1620.0,100.0,82.5,5345.62,141.1,41.168491,-90.236794
3039739,IL,Henry County,Bishop Hill I,2012.0,1620.0,100.0,100.0,7853.98,150.0,41.226292,-90.177597
3043386,IL,Henry County,Bishop Hill I,2012.0,1620.0,100.0,82.5,5345.62,141.1,41.156693,-90.214096
3043422,IL,Henry County,Bishop Hill I,2012.0,1620.0,100.0,82.5,5345.62,141.1,41.172791,-90.098091
3038968,IL,Henry County,Bishop Hill I,2012.0,1620.0,100.0,82.5,5345.62,141.1,41.183693,-90.18959
3038986,IL,Henry County,Bishop Hill I,2012.0,1620.0,100.0,82.5,5345.62,141.1,41.172691,-90.091393
3038981,IL,Henry County,Bishop Hill I,2012.0,1620.0,100.0,82.5,5345.62,141.1,41.156094,-90.127495
3043460,IL,Henry County,Bishop Hill I,2012.0,1500.0,80.0,82.5,5345.62,121.3,41.21339,-90.127296
3043381,IL,Henry County,Bishop Hill I,2012.0,1620.0,100.0,82.5,5345.62,141.1,41.168591,-90.218391
3043388,IL,Henry County,Bishop Hill I,2012.0,1620.0,100.0,82.5,5345.62,141.1,41.15649,-90.203293
3043377,IL,Henry County,Bishop Hill I,2012.0,1620.0,100.0,82.5,5345.62,141.1,41.175491,-90.205093
3043389,IL,Henry County,Bishop Hill I,2012.0,1620.0,100.0,82.5,5345.62,141.1,41.155293,-90.194695
3043452,IL,Henry County,Bishop Hill I,2012.0,1500.0,80.0,82.5,5345.62,121.3,41.233192,-90.12149
3043411,IL,Henry County,Bishop Hill I,2012.0,1500.0,80.0,82.5,5345.62,121.3,41.161591,-90.129295
3038439,IL,Henry County,Bishop Hill I,2012.0,1620.0,100.0,100.0,7853.98,150.0,41.274391,-90.113396
3038971,IL,Henry County,Bishop Hill I,2012.0,1620.0,100.0,82.5,5345.62,141.1,41.175694,-90.210991
3038934,IL,Henry County,Bishop Hill I,2012.0,1500.0,80.0,82.5,5345.62,121.3,41.220993,-90.12989
3039746,IL,Henry County,Bishop Hill I,2012.0,1620.0,100.0,100.0,7853.98,150.0,41.223892,-90.154091
3043374,IL,Henry County,Bishop Hill I,2012.0,1620.0,100.0,82.5,5345.62,141.1,41.183739,-90.19352
3039741,IL,Henry County,Bishop Hill I,2012.0,1620.0,100.0,100.0,7853.98,150.0,41.226292,-90.168991
3043416,IL,Henry County,Bishop Hill I,2012.0,1620.0,100.0,82.5,5345.62,141.1,41.156193,-90.131592
3039737,IL,Henry County,Bishop Hill I,2012.0,1620.0,100.0,100.0,7853.98,150.0,41.22319,-90.197792
3043380,IL,Henry County,Bishop Hill I,2012.0,1620.0,100.0,82.5,5345.62,141.1,41.168491,-90.232994
3043418,IL,Henry County,Bishop Hill I,2012.0,1620.0,100.0,82.5,5345.62,141.1,41.151894,-90.120491
3043387,IL,Henry County,Bishop Hill I,2012.0,1620.0,100.0,82.5,5345.62,141.1,41.156593,-90.206696
3039723,IL,Henry County,Bishop Hill I,2012.0,1620.0,100.0,100.0,7853.98,150.0,41.24839,-90.176491
3043395,IL,Henry County,Bishop Hill I,2012.0,1620.0,100.0,82.5,5345.62,141.1,41.157192,-90.164795
3043406,IL,Henry County,Bishop Hill I,2012.0,1500.0,80.0,82.5,5345.62,121.3,41.176491,-90.132492
3043453,IL,Henry County,Bishop Hill I,2012.0,1500.0,80.0,82.5,5345.62,121.3,41.23439,-90.105995
3039724,IL,Henry County,Bishop Hill I,2012.0,1620.0,100.0,100.0,7853.98,150.0,41.24839,-90.169792
3039722,IL,Henry County,Bishop Hill I,2012.0,1620.0,100.0,100.0,7853.98,150.0,41.254391,-90.178696
3038437,IL,Henry County,Bishop Hill I,2012.0,1620.0,100.0,100.0,7853.98,150.0,41.300694,-90.095093
3038979,IL,Henry County,Bishop Hill I,2012.0,1620.0,100.0,82.5,5345.62,141.1,41.168892,-90.142792
3038973,IL,Henry County,Bishop Hill I,2012.0,1620.0,100.0,82.5,5345.62,141.1,41.169594,-90.197495
3038932,IL,Henry County,Bishop Hill I,2012.0,1500.0,80.0,82.5,5345.62,121.3,41.223392,-90.142197
3038926,IL,Henry County,Bishop Hill I,2012.0,1500.0,80.0,82.5,5345.62,121.3,41.160091,-90.113396
3039720,IL,Henry County,Bishop Hill I,2012.0,1620.0,100.0,100.0,7853.98,150.0,41.259991,-90.173996
3043407,IL,Henry County,Bishop Hill I,2012.0,1500.0,80.0,82.5,5345.62,121.3,41.17469,-90.123596
3038982,IL,Henry County,Bishop Hill I,2012.0,1620.0,100.0,82.5,5345.62,141.1,41.153393,-90.109093
3039725,IL,Henry County,Bishop Hill I,2012.0,1620.0,100.0,100.0,7853.98,150.0,41.248192,-90.159691
3038428,IL,Henry County,Bishop Hill I,2012.0,1620.0,100.0,100.0,7853.98,150.0,41.189892,-90.236496
3043444,IL,Henry County,Bishop Hill I,2012.0,1500.0,80.0,82.5,5345.62,121.3,41.221092,-90.135994
3043457,IL,Henry County,Bishop Hill I,2012.0,1620.0,100.0,100.0,7853.98,150.0,41.234093,-90.081291
3039740,IL,Henry County,Bishop Hill I,2012.0,1620.0,100.0,100.0,7853.98,150.0,41.226192,-90.173195
3038427,IL,Henry County,Bishop Hill I,2012.0,1620.0,100.0,100.0,7853.98,150.0,41.186192,-90.240997
3039721,IL,Henry County,Bishop Hill I,2012.0,1620.0,100.0,100.0,7853.98,150.0,41.260792,-90.157097
3038977,IL,Henry County,Bishop Hill I,2012.0,1620.0,100.0,82.5,5345.62,141.1,41.157291,-90.168091
3043383,IL,Henry County,Bishop Hill I,2012.0,1620.0,100.0,82.5,5345.62,141.1,41.164192,-90.201393
3043409,IL,Henry County,Bishop Hill I,2012.0,1500.0,80.0,82.5,5345.62,121.3,41.168991,-90.130898
3038442,IL,Henry County,Bishop Hill I,2012.0,1620.0,100.0,100.0,7853.98,150.0,41.258293,-90.092697
3038925,IL,Henry County,Bishop Hill I,2012.0,1500.0,80.0,82.5,5345.62,121.3,41.171291,-90.120491
3039749,IL,Henry County,Bishop Hill I,2012.0,1620.0,100.0,100.0,7853.98,150.0,41.240093,-90.131691
3038431,IL,Henry County,Bishop Hill I,2012.0,1620.0,100.0,100.0,7853.98,150.0,41.191891,-90.167397
3039747,IL,Henry County,Bishop Hill I,2012.0,1620.0,100.0,100.0,7853.98,150.0,41.254093,-90.133492
3043417,IL,Henry County,Bishop Hill I,2012.0,1620.0,100.0,82.5,5345.62,141.1,41.155991,-90.12339
3038975,IL,Henry County,Bishop Hill I,2012.0,1620.0,100.0,82.5,5345.62,141.1,41.155392,-90.198494
3039729,IL,Henry County,Bishop Hill I,2012.0,1620.0,100.0,100.0,7853.98,150.0,41.241493,-90.180496
3039736,IL,Henry County,Bishop Hill I,2012.0,1620.0,100.0,100.0,7853.98,150.0,41.223591,-90.201996
3038440,IL,Henry County,Bishop Hill I,2012.0,1620.0,100.0,100.0,7853.98,150.0,41.265892,-90.100395
3038987,IL,Henry County,Bishop Hill I,2012.0,1620.0,100.0,82.5,5345.62,141.1,41.176891,-90.083694
3043451,IL,Henry County,Bishop Hill I,2012.0,1500.0,80.0,82.5,5345.62,121.3,41.233292,-90.125595
3043420,IL,Henry County,Bishop Hill I,2012.0,1500.0,80.0,82.5,5345.62,121.3,41.159592,-90.093597
3043403,IL,Henry County,Bishop Hill I,2012.0,1500.0,80.0,82.5,5345.62,121.3,41.189793,-90.126396
3038931,IL,Henry County,Bishop Hill I,2012.0,1500.0,80.0,82.5,5345.62,121.3,41.194691,-90.102592
3043410,IL,Henry County,Bishop Hill I,2012.0,1500.0,80.0,82.5,5345.62,121.3,41.168892,-90.125893
3039745,IL,Henry County,Bishop Hill I,2012.0,1620.0,100.0,100.0,7853.98,150.0,41.229294,-90.139397
3038927,IL,Henry County,Bishop Hill I,2012.0,1500.0,80.0,82.5,5345.62,121.3,41.159992,-90.107094
3038970,IL,Henry County,Bishop Hill I,2012.0,1620.0,100.0,82.5,5345.62,141.1,41.176991,-90.216492
3039732,IL,Henry County,Bishop Hill I,2012.0,1620.0,100.0,100.0,7853.98,150.0,41.241493,-90.156296
3043419,IL,Henry County,Bishop Hill I,2012.0,1500.0,80.0,82.5,5345.62,121.3,41.159794,-90.102097
3039738,IL,Henry County,Bishop Hill I,2012.0,1620.0,100.0,100.0,7853.98,150.0,41.226494,-90.183495
3038444,IL,Henry County,Bishop Hill I,2012.0,1620.0,100.0,100.0,7853.98,150.0,41.244793,-90.101196
3043382,IL,Henry County,Bishop Hill I,2012.0,1620.0,100.0,82.5,5345.62,141.1,41.168491,-90.214592
3039735,IL,Henry County,Bishop Hill I,2012.0,1620.0,100.0,100.0,7853.98,150.0,41.230991,-90.204292
3038974,IL,Henry County,Bishop Hill I,2012.0,1620.0,100.0,82.5,5345.62,141.1,41.156693,-90.210793
3039742,IL,Henry County,Bishop Hill I,2012.0,1620.0,100.0,100.0,7853.98,150.0,41.226093,-90.159592
3043392,IL,Henry County,Bishop Hill I,2012.0,1620.0,100.0,82.5,5345.62,141.1,41.154392,-90.180794
3043459,IL,Henry County,Bishop Hill I,2012.0,1500.0,80.0,82.5,5345.62,121.3,41.220093,-90.087097
3043425,IL,Henry County,Bishop Hill I,2012.0,1620.0,100.0,82.5,5345.62,141.1,41.182892,-90.069992
3038432,IL,Henry County,Bishop Hill I,2012.0,1620.0,100.0,100.0,7853.98,150.0,41.188992,-90.161995
3038935,IL,Henry County,Bishop Hill I,2012.0,1500.0,80.0,82.5,5345.62,121.3,41.233494,-90.110695
3043458,IL,Henry County,Bishop Hill I,2012.0,1500.0,80.0,82.5,5345.62,121.3,41.219791,-90.090996
3043413,IL,Henry County,Bishop Hill I,2012.0,1620.0,100.0,82.5,5345.62,141.1,41.157192,-90.146492
3039733,IL,Henry County,Bishop Hill I,2012.0,1620.0,100.0,100.0,7853.98,150.0,41.242393,-90.148895
3043424,IL,Henry County,Bishop Hill I,2012.0,1620.0,100.0,82.5,5345.62,141.1,41.182793,-90.073792
3039728,IL,Henry County,Bishop Hill I,2012.0,1620.0,100.0,100.0,7853.98,150.0,41.242592,-90.187195
3043414,IL,Henry County,Bishop Hill I,2012.0,1620.0,100.0,82.5,5345.62,141.1,41.15369,-90.142395
3043390,IL,Henry County,Bishop Hill I,2012.0,1620.0,100.0,82.5,5345.62,141.1,41.155491,-90.190193
3038985,IL,Henry County,Bishop Hill I,2012.0,1620.0,100.0,82.5,5345.62,141.1,41.15229,-90.099991
3043431,IL,Henry County,Bishop Hill I,2012.0,1500.0,80.0,82.5,5345.62,121.3,41.193092,-90.107193
3072075,IL,Henry County,Bishop Hill I,2012.0,1620.0,100.0,100.0,7853.98,150.0,41.169163,-90.171913
3043378,IL,Henry County,Bishop Hill I,2012.0,1620.0,100.0,82.5,5345.62,141.1,41.175194,-90.200691
3043449,IL,Henry County,Bishop Hill I,2012.0,1500.0,80.0,82.5,5345.62,121.3,41.240292,-90.112793
3043370,IL,Henry County,Bishop Hill I,2012.0,1620.0,100.0,100.0,7853.98,150.0,41.19799,-90.203094
3039748,IL,Henry County,Bishop Hill I,2012.0,1620.0,100.0,100.0,7853.98,150.0,41.25399,-90.129295
3043404,IL,Henry County,Bishop Hill I,2012.0,1500.0,80.0,82.5,5345.62,121.3,41.18539,-90.130096
3043375,IL,Henry County,Bishop Hill I,2012.0,1620.0,100.0,82.5,5345.62,141.1,41.177994,-90.188492
3039743,IL,Henry County,Bishop Hill I,2012.0,1620.0,100.0,100.0,7853.98,150.0,41.229492,-90.149796
3072074,IL,Henry County,Bishop Hill I,2012.0,1620.0,100.0,100.0,7853.98,150.0,41.183517,-90.234352
3038445,IL,Henry County,Bishop Hill I,2012.0,1620.0,100.0,100.0,7853.98,150.0,41.244591,-90.095093
3038984,IL,Henry County,Bishop Hill I,2012.0,1620.0,100.0,82.5,5345.62,141.1,41.152393,-90.104294
3043448,IL,Henry County,Bishop Hill I,2012.0,1500.0,80.0,82.5,5345.62,121.3,41.240192,-90.116196
3038443,IL,Henry County,Bishop Hill I,2012.0,1620.0,100.0,100.0,7853.98,150.0,41.244392,-90.12059
3038978,IL,Henry County,Bishop Hill I,2012.0,1500.0,80.0,82.5,5345.62,121.3,41.175392,-90.14669
3043405,IL,Henry County,Bishop Hill I,2012.0,1500.0,80.0,82.5,5345.62,121.3,41.175194,-90.140198
3043394,IL,Henry County,Bishop Hill I,2012.0,1620.0,100.0,82.5,5345.62,141.1,41.157391,-90.171196
3039731,IL,Henry County,Bishop Hill I,2012.0,1620.0,100.0,100.0,7853.98,150.0,41.23859,-90.163094
3043415,IL,Henry County,Bishop Hill I,2012.0,1620.0,100.0,82.5,5345.62,141.1,41.154491,-90.137794
3039726,IL,Henry County,Bishop Hill I,2012.0,1620.0,100.0,100.0,7853.98,150.0,41.247391,-90.154198
3043384,IL,Henry County,Bishop Hill I,2012.0,1620.0,100.0,82.5,5345.62,141.1,41.163292,-90.188293
3043391,IL,Henry County,Bishop Hill I,2012.0,1620.0,100.0,82.5,5345.62,141.1,41.15509,-90.185097
3043412,IL,Henry County,Bishop Hill I,2012.0,1620.0,100.0,82.5,5345.62,141.1,41.157291,-90.150291
3043423,IL,Henry County,Bishop Hill I,2012.0,1620.0,100.0,82.5,5345.62,141.1,41.176991,-90.087494
3039734,IL,Henry County,Bishop Hill I,2012.0,1620.0,100.0,100.0,7853.98,150.0,41.237694,-90.140594
3039727,IL,Henry County,Bishop Hill I,2012.0,1620.0,100.0,100.0,7853.98,150.0,41.242691,-90.192291
3043408,IL,Henry County,Bishop Hill I,2012.0,1620.0,100.0,82.5,5345.62,141.1,41.168793,-90.137093
3038930,IL,Henry County,Bishop Hill I,2012.0,1500.0,80.0,82.5,5345.62,121.3,41.168793,-90.103294
3043402,IL,Henry County,Bishop Hill I,2012.0,1500.0,80.0,82.5,5345.62,121.3,41.193192,-90.142097
3043426,IL,Henry County,Bishop Hill I,2012.0,1620.0,100.0,82.5,5345.62,141.1,41.179691,-90.064896
3043393,IL,Henry County,Bishop Hill I,2012.0,1620.0,100.0,82.5,5345.62,141.1,41.157494,-90.176697
3043421,IL,Henry County,Bishop Hill I,2012.0,1500.0,80.0,82.5,5345.62,121.3,41.168892,-90.106697
3043372,IL,Henry County,Bishop Hill I,2012.0,1620.0,100.0,100.0,7853.98,150.0,41.190693,-90.200691
3043454,IL,Henry County,Bishop Hill I,2012.0,1500.0,80.0,82.5,5345.62,121.3,41.226494,-90.103592
3140681,IL,Henry County,Bishop Hill II,2012.0,1620.0,100.0,116.0,10568.32,157.9,41.212791,-90.160995
3140667,IL,Henry County,Bishop Hill II,2012.0,1620.0,100.0,116.0,10568.32,157.9,41.286194,-90.115997
3140662,IL,Henry County,Bishop Hill II,2012.0,1620.0,100.0,116.0,10568.32,157.9,41.254292,-90.104195
3140663,IL,Henry County,Bishop Hill II,2012.0,1620.0,100.0,116.0,10568.32,157.9,41.265991,-90.104393
3140692,IL,Henry County,Bishop Hill II,2012.0,1620.0,100.0,116.0,10568.32,157.9,41.231091,-90.214592
3140697,IL,Henry County,Bishop Hill II,2012.0,1620.0,100.0,116.0,10568.32,157.9,41.247093,-90.220795
3140685,IL,Henry County,Bishop Hill II,2012.0,1620.0,100.0,116.0,10568.32,157.9,41.215294,-90.170998
3140672,IL,Henry County,Bishop Hill II,2012.0,1620.0,100.0,116.0,10568.32,157.9,41.191391,-90.171394
3140683,IL,Henry County,Bishop Hill II,2012.0,1620.0,100.0,116.0,10568.32,157.9,41.226192,-90.164795
3140656,IL,Henry County,Bishop Hill II,2012.0,1620.0,100.0,116.0,10568.32,157.9,41.268192,-90.095291
3140655,IL,Henry County,Bishop Hill II,2012.0,1620.0,100.0,116.0,10568.32,157.9,41.228092,-90.093094
3140654,IL,Henry County,Bishop Hill II,2012.0,1620.0,100.0,116.0,10568.32,157.9,41.244492,-90.091293
3140653,IL,Henry County,Bishop Hill II,2012.0,1620.0,100.0,116.0,10568.32,157.9,41.268093,-90.090691
3140650,IL,Henry County,Bishop Hill II,2012.0,1620.0,100.0,116.0,10568.32,157.9,41.161091,-90.065994
3140648,IL,Henry County,Bishop Hill II,2012.0,1620.0,100.0,116.0,10568.32,157.9,41.151093,-90.053391
3140669,IL,Henry County,Bishop Hill II,2012.0,1620.0,100.0,116.0,10568.32,157.9,41.286293,-90.123093
3140660,IL,Henry County,Bishop Hill II,2012.0,1620.0,100.0,116.0,10568.32,157.9,41.254192,-90.100197
3140682,IL,Henry County,Bishop Hill II,2012.0,1620.0,100.0,116.0,10568.32,157.9,41.259193,-90.160995
3140691,IL,Henry County,Bishop Hill II,2012.0,1620.0,100.0,116.0,10568.32,157.9,41.247791,-90.211891
3140657,IL,Henry County,Bishop Hill II,2012.0,1620.0,100.0,116.0,10568.32,157.9,41.258392,-90.096497
3140678,IL,Henry County,Bishop Hill II,2012.0,1620.0,100.0,116.0,10568.32,157.9,41.259293,-90.149895
3140652,IL,Henry County,Bishop Hill II,2012.0,1620.0,100.0,116.0,10568.32,157.9,41.234192,-90.085297
3140686,IL,Henry County,Bishop Hill II,2012.0,1620.0,100.0,116.0,10568.32,157.9,41.215794,-90.175194
3140665,IL,Henry County,Bishop Hill II,2012.0,1620.0,100.0,116.0,10568.32,157.9,41.274292,-90.109093
3140671,IL,Henry County,Bishop Hill II,2012.0,1620.0,100.0,116.0,10568.32,157.9,41.182693,-90.170296
3140695,IL,Henry County,Bishop Hill II,2012.0,1620.0,100.0,116.0,10568.32,157.9,41.229492,-90.219292
3140673,IL,Henry County,Bishop Hill II,2012.0,1620.0,100.0,116.0,10568.32,157.9,41.178291,-90.174294
3140651,IL,Henry County,Bishop Hill II,2012.0,1620.0,100.0,116.0,10568.32,157.9,41.151993,-90.068192
3140670,IL,Henry County,Bishop Hill II,2012.0,1620.0,100.0,116.0,10568.32,157.9,41.19009,-90.156891
3140693,IL,Henry County,Bishop Hill II,2012.0,1620.0,100.0,116.0,10568.32,157.9,41.23999,-90.215294
3140694,IL,Henry County,Bishop Hill II,2012.0,1620.0,100.0,116.0,10568.32,157.9,41.247494,-90.216591
3140690,IL,Henry County,Bishop Hill II,2012.0,1620.0,100.0,116.0,10568.32,157.9,41.240891,-90.210091
3140649,IL,Henry County,Bishop Hill II,2012.0,1620.0,100.0,116.0,10568.32,157.9,41.151192,-90.057091
3140674,IL,Henry County,Bishop Hill II,2012.0,1620.0,100.0,116.0,10568.32,157.9,41.187336,-90.177208
3140666,IL,Henry County,Bishop Hill II,2012.0,1620.0,100.0,116.0,10568.32,157.9,41.286793,-90.113396
3140679,IL,Henry County,Bishop Hill II,2012.0,1620.0,100.0,116.0,10568.32,157.9,41.262894,-90.153191
3140680,IL,Henry County,Bishop Hill II,2012.0,1620.0,100.0,116.0,10568.32,157.9,41.212692,-90.156693
3140687,IL,Henry County,Bishop Hill II,2012.0,1620.0,100.0,116.0,10568.32,157.9,41.211792,-90.183792
3140675,IL,Henry County,Bishop Hill II,2012.0,1620.0,100.0,116.0,10568.32,157.9,41.190693,-90.206093
3140664,IL,Henry County,Bishop Hill II,2012.0,1620.0,100.0,116.0,10568.32,157.9,41.290993,-90.108994
3140696,IL,Henry County,Bishop Hill II,2012.0,1620.0,100.0,116.0,10568.32,157.9,41.256092,-90.220291
3140658,IL,Henry County,Bishop Hill II,2012.0,1620.0,100.0,116.0,10568.32,157.9,41.236191,-90.098495
3140668,IL,Henry County,Bishop Hill II,2012.0,1620.0,100.0,116.0,10568.32,157.9,41.286293,-90.119492
3140677,IL,Henry County,Bishop Hill II,2012.0,1620.0,100.0,116.0,10568.32,157.9,41.194691,-90.230492
3140689,IL,Henry County,Bishop Hill II,2012.0,1620.0,100.0,116.0,10568.32,157.9,41.24789,-90.207596
3140684,IL,Henry County,Bishop Hill II,2012.0,1620.0,100.0,116.0,10568.32,157.9,41.259892,-90.168892
3140659,IL,Henry County,Bishop Hill II,2012.0,1620.0,100.0,116.0,10568.32,157.9,41.29269,-90.100098
3140676,IL,Henry County,Bishop Hill II,2012.0,1620.0,100.0,116.0,10568.32,157.9,41.194691,-90.223892
3140688,IL,Henry County,Bishop Hill II,2012.0,1620.0,100.0,116.0,10568.32,157.9,41.24279,-90.196396
3140661,IL,Henry County,Bishop Hill II,2012.0,1620.0,100.0,116.0,10568.32,157.9,41.300892,-90.101295
3083064,IL,Henry County,Bishop Hill III,2018.0,2500.0,90.0,116.0,10568.32,148.1,41.182976,-90.264259
3083656,IL,Henry County,Bishop Hill III,2018.0,2500.0,90.0,116.0,10568.32,148.1,41.231564,-90.297745
3081848,IL,Henry County,Bishop Hill III,2018.0,2500.0,90.0,116.0,10568.32,148.1,41.161419,-90.279335
3083644,IL,Henry County,Bishop Hill III,2018.0,2500.0,90.0,116.0,10568.32,148.1,41.200954,-90.300034
3083731,IL,Henry County,Bishop Hill III,2018.0,2500.0,90.0,116.0,10568.32,148.1,41.239128,-90.313454
3083750,IL,Henry County,Bishop Hill III,2018.0,2500.0,90.0,116.0,10568.32,148.1,41.186398,-90.289101
3083830,IL,Henry County,Bishop Hill III,2018.0,2500.0,90.0,116.0,10568.32,148.1,41.186424,-90.294647
3084164,IL,Henry County,Bishop Hill III,2018.0,2500.0,90.0,116.0,10568.32,148.1,41.191288,-90.307816
3081926,IL,Henry County,Bishop Hill III,2018.0,2500.0,90.0,116.0,10568.32,148.1,41.153267,-90.30407
3084260,IL,Henry County,Bishop Hill III,2018.0,2500.0,90.0,116.0,10568.32,148.1,41.229244,-90.318321
3084139,IL,Henry County,Bishop Hill III,2018.0,2300.0,90.0,116.0,10568.32,148.1,41.233616,-90.287529
3083828,IL,Henry County,Bishop Hill III,2018.0,2500.0,90.0,116.0,10568.32,148.1,41.227486,-90.257965
3082254,IL,Henry County,Bishop Hill III,2018.0,2500.0,90.0,116.0,10568.32,148.1,41.177132,-90.295502
3083065,IL,Henry County,Bishop Hill III,2018.0,2500.0,90.0,116.0,10568.32,148.1,41.162071,-90.297966
3083537,IL,Henry County,Bishop Hill III,2018.0,2500.0,90.0,116.0,10568.32,148.1,41.223461,-90.297371
3082650,IL,Henry County,Bishop Hill III,2018.0,2500.0,90.0,116.0,10568.32,148.1,41.170395,-90.290642
3083838,IL,Henry County,Bishop Hill III,2018.0,2500.0,90.0,116.0,10568.32,148.1,41.252636,-90.292282
3083606,IL,Henry County,Bishop Hill III,2018.0,2500.0,90.0,116.0,10568.32,148.1,41.235111,-90.272865
3083638,IL,Henry County,Bishop Hill III,2018.0,2500.0,90.0,116.0,10568.32,148.1,41.205215,-90.269943
3084200,IL,Henry County,Bishop Hill III,2018.0,2500.0,90.0,116.0,10568.32,148.1,41.223289,-90.27166
3083957,IL,Henry County,Bishop Hill III,2018.0,2500.0,90.0,116.0,10568.32,148.1,41.214756,-90.298431
3083789,IL,Henry County,Bishop Hill III,2018.0,2500.0,90.0,116.0,10568.32,148.1,41.21484,-90.29248
3084116,IL,Henry County,Bishop Hill III,2018.0,2500.0,90.0,116.0,10568.32,148.1,41.242958,-90.265083
3084242,IL,Henry County,Bishop Hill III,2018.0,2500.0,90.0,116.0,10568.32,148.1,41.221375,-90.277489
3082345,IL,Henry County,Bishop Hill III,2018.0,2300.0,90.0,116.0,10568.32,148.1,41.163181,-90.292747
3083956,IL,Henry County,Bishop Hill III,2018.0,2500.0,90.0,116.0,10568.32,148.1,41.24263,-90.306107
3083586,IL,Henry County,Bishop Hill III,2018.0,2500.0,90.0,116.0,10568.32,148.1,41.190147,-90.280708
3084226,IL,Henry County,Bishop Hill III,2018.0,2500.0,90.0,116.0,10568.32,148.1,41.219902,-90.288284
3084314,IL,Henry County,Bishop Hill III,2018.0,2500.0,90.0,116.0,10568.32,148.1,41.242905,-90.259743
3083557,IL,Henry County,Bishop Hill III,2018.0,2500.0,90.0,116.0,10568.32,148.1,41.221405,-90.282349
3084157,IL,Henry County,Bishop Hill III,2018.0,2500.0,90.0,116.0,10568.32,148.1,41.186363,-90.283607
3083748,IL,Henry County,Bishop Hill III,2018.0,2500.0,90.0,116.0,10568.32,148.1,41.231693,-90.291702
3084239,IL,Henry County,Bishop Hill III,2018.0,2500.0,90.0,116.0,10568.32,148.1,41.197899,-90.253059
3083873,IL,Henry County,Bishop Hill III,2018.0,2500.0,90.0,116.0,10568.32,148.1,41.215004,-90.277908
3084140,IL,Henry County,Bishop Hill III,2018.0,2500.0,90.0,116.0,10568.32,148.1,41.232903,-90.316513
3083641,IL,Henry County,Bishop Hill III,2018.0,2500.0,90.0,116.0,10568.32,148.1,41.228802,-90.309364
3082059,IL,Henry County,Bishop Hill III,2018.0,2500.0,90.0,116.0,10568.32,148.1,41.16201,-90.304047
3084070,IL,Henry County,Bishop Hill III,2018.0,2500.0,90.0,116.0,10568.32,148.1,41.215645,-90.272858
3080119,IL,Henry County,Bishop Hill III,2018.0,2500.0,90.0,116.0,10568.32,148.1,41.154964,-90.298843
3081128,IL,Henry County,Bishop Hill III,2018.0,2500.0,90.0,116.0,10568.32,148.1,41.156807,-90.294182
3084110,IL,Henry County,Bishop Hill III,2018.0,2500.0,90.0,116.0,10568.32,148.1,41.219933,-90.263077
3083607,IL,Henry County,Bishop Hill III,2018.0,2500.0,90.0,116.0,10568.32,148.1,41.253281,-90.30278
3084255,IL,Henry County,Bishop Hill III,2018.0,2500.0,90.0,116.0,10568.32,148.1,41.208801,-90.283081
3082497,IL,Henry County,Bishop Hill III,2018.0,2500.0,90.0,116.0,10568.32,148.1,41.186943,-90.261292
3083604,IL,Henry County,Bishop Hill III,2018.0,2500.0,90.0,116.0,10568.32,148.1,41.192944,-90.278572
3083605,IL,Henry County,Bishop Hill III,2018.0,2500.0,90.0,116.0,10568.32,148.1,41.19355,-90.254311
3083544,IL,Henry County,Bishop Hill III,2018.0,2500.0,90.0,116.0,10568.32,148.1,41.203388,-90.27401
3084266,IL,Henry County,Bishop Hill III,2018.0,2500.0,90.0,116.0,10568.32,148.1,41.20155,-90.278114
3083661,IL,Henry County,Bishop Hill III,2018.0,2500.0,90.0,116.0,10568.32,148.1,41.186455,-90.300407
3081781,IL,Henry County,Bishop Hill III,2018.0,2500.0,90.0,116.0,10568.32,148.1,41.176392,-90.288795
3084099,IL,Henry County,Bishop Hill III,2018.0,2500.0,90.0,116.0,10568.32,148.1,41.241955,-90.310425
3081846,IL,Henry County,Bishop Hill III,2018.0,2500.0,90.0,116.0,10568.32,148.1,41.176338,-90.282768
3083704,IL,Henry County,Bishop Hill III,2018.0,2500.0,90.0,116.0,10568.32,148.1,41.253227,-90.29808
3027854,IL,LaSalle County,Blackstone (Top Crop),2009.0,1500.0,80.0,77.0,4656.63,118.6,41.161194,-88.610191
3027888,IL,LaSalle County,Blackstone (Top Crop),2009.0,1500.0,80.0,77.0,4656.63,118.6,41.127892,-88.636292
3027874,IL,LaSalle County,Blackstone (Top Crop),2009.0,1500.0,80.0,77.0,4656.63,118.6,41.139091,-88.588791
3027865,IL,LaSalle County,Blackstone (Top Crop),2009.0,1500.0,80.0,77.0,4656.63,118.6,41.146091,-88.616493
3027893,IL,LaSalle County,Blackstone (Top Crop),2009.0,1500.0,80.0,77.0,4656.63,118.6,41.113392,-88.655396
3027889,IL,LaSalle County,Blackstone (Top Crop),2009.0,1500.0,80.0,77.0,4656.63,118.6,41.124592,-88.636795
3027883,IL,LaSalle County,Blackstone (Top Crop),2009.0,1500.0,80.0,77.0,4656.63,118.6,41.126091,-88.608093
3027871,IL,LaSalle County,Blackstone (Top Crop),2009.0,1500.0,80.0,77.0,4656.63,118.6,41.145393,-88.590691
3027849,IL,LaSalle County,Blackstone (Top Crop),2009.0,1500.0,80.0,77.0,4656.63,118.6,41.160992,-88.589294
3039250,IL,LaSalle County,Blackstone (Top Crop),2009.0,1500.0,80.0,77.0,4656.63,118.6,41.143593,-88.594894
3031351,IL,LaSalle County,Blackstone (Top Crop),2009.0,1500.0,80.0,77.0,4656.63,118.6,41.113293,-88.590591
3027848,IL,LaSalle County,Blackstone (Top Crop),2009.0,1500.0,80.0,77.0,4656.63,118.6,41.164494,-88.594292
3027856,IL,LaSalle County,Blackstone (Top Crop),2009.0,1500.0,80.0,77.0,4656.63,118.6,41.157692,-88.613197
3027891,IL,LaSalle County,Blackstone (Top Crop),2009.0,1500.0,80.0,77.0,4656.63,118.6,41.126591,-88.632195
3027884,IL,LaSalle County,Blackstone (Top Crop),2009.0,1500.0,80.0,77.0,4656.63,118.6,41.134892,-88.637993
3027897,IL,LaSalle County,Blackstone (Top Crop),2009.0,1500.0,80.0,77.0,4656.63,118.6,41.109692,-88.630295
3027862,IL,LaSalle County,Blackstone (Top Crop),2009.0,1500.0,80.0,77.0,4656.63,118.6,41.147591,-88.631996
3027860,IL,LaSalle County,Blackstone (Top Crop),2009.0,1500.0,80.0,77.0,4656.63,118.6,41.145691,-88.627495
3027870,IL,LaSalle County,Blackstone (Top Crop),2009.0,1500.0,80.0,77.0,4656.63,118.6,41.148693,-88.60099
3027878,IL,LaSalle County,Blackstone (Top Crop),2009.0,1500.0,80.0,77.0,4656.63,118.6,41.13459,-88.618591
3027855,IL,LaSalle County,Blackstone (Top Crop),2009.0,1500.0,80.0,77.0,4656.63,118.6,41.163692,-88.613792
3027876,IL,LaSalle County,Blackstone (Top Crop),2009.0,1500.0,80.0,77.0,4656.63,118.6,41.131493,-88.588692
3027894,IL,LaSalle County,Blackstone (Top Crop),2009.0,1500.0,80.0,77.0,4656.63,118.6,41.109894,-88.648293
3027858,IL,LaSalle County,Blackstone (Top Crop),2009.0,1500.0,80.0,77.0,4656.63,118.6,41.149693,-88.636597
3031347,IL,LaSalle County,Blackstone (Top Crop),2009.0,1500.0,80.0,77.0,4656.63,118.6,41.133991,-88.588692
3027890,IL,LaSalle County,Blackstone (Top Crop),2009.0,1500.0,80.0,77.0,4656.63,118.6,41.128891,-88.627594
3027850,IL,LaSalle County,Blackstone (Top Crop),2009.0,1500.0,80.0,77.0,4656.63,118.6,41.153793,-88.601593
3027882,IL,LaSalle County,Blackstone (Top Crop),2009.0,1500.0,80.0,77.0,4656.63,118.6,41.12709,-88.612892
3031473,IL,LaSalle County,Blackstone (Top Crop),2009.0,1500.0,80.0,77.0,4656.63,118.6,41.128391,-88.603195
3027869,IL,LaSalle County,Blackstone (Top Crop),2009.0,1500.0,80.0,77.0,4656.63,118.6,41.143692,-88.613197
3031775,IL,LaSalle County,Blackstone (Top Crop),2009.0,1500.0,80.0,77.0,4656.63,118.6,41.15789,-88.632797
3031348,IL,LaSalle County,Blackstone (Top Crop),2009.0,1500.0,80.0,77.0,4656.63,118.6,41.118992,-88.617592
3027900,IL,LaSalle County,Blackstone (Top Crop),2009.0,1500.0,80.0,77.0,4656.63,118.6,41.109993,-88.617897
3027895,IL,LaSalle County,Blackstone (Top Crop),2009.0,1500.0,80.0,77.0,4656.63,118.6,41.113693,-88.636993
3031350,IL,LaSalle County,Blackstone (Top Crop),2009.0,1500.0,80.0,77.0,4656.63,118.6,41.114094,-88.597496
3027879,IL,LaSalle County,Blackstone (Top Crop),2009.0,1500.0,80.0,77.0,4656.63,118.6,41.131493,-88.622498
3027885,IL,LaSalle County,Blackstone (Top Crop),2009.0,1500.0,80.0,77.0,4656.63,118.6,41.130192,-88.639091
3062076,IL,LaSalle County,Blackstone (Top Crop),2009.0,1500.0,80.0,77.0,4656.63,118.6,41.149593,-88.608192
3027872,IL,LaSalle County,Blackstone (Top Crop),2009.0,1500.0,80.0,77.0,4656.63,118.6,41.14159,-88.598396
3027868,IL,LaSalle County,Blackstone (Top Crop),2009.0,1500.0,80.0,77.0,4656.63,118.6,41.139294,-88.613693
3071112,IL,LaSalle County,Blackstone (Top Crop),2009.0,1500.0,80.0,77.0,4656.63,118.6,41.132111,-88.595146
3061760,IL,LaSalle County,Blackstone (Top Crop),2009.0,1500.0,80.0,77.0,4656.63,118.6,41.161491,-88.633095
3027863,IL,LaSalle County,Blackstone (Top Crop),2009.0,1500.0,80.0,77.0,4656.63,118.6,41.138893,-88.632797
3027899,IL,LaSalle County,Blackstone (Top Crop),2009.0,1500.0,80.0,77.0,4656.63,118.6,41.113491,-88.617996
3027903,IL,LaSalle County,Blackstone (Top Crop),2009.0,1500.0,80.0,77.0,4656.63,118.6,41.110092,-88.59819
3027880,IL,LaSalle County,Blackstone (Top Crop),2009.0,1500.0,80.0,77.0,4656.63,118.6,41.135292,-88.612892
3027867,IL,LaSalle County,Blackstone (Top Crop),2009.0,1500.0,80.0,77.0,4656.63,118.6,41.142891,-88.617294
3027904,IL,LaSalle County,Blackstone (Top Crop),2009.0,1500.0,80.0,77.0,4656.63,118.6,41.110092,-88.588593
3027901,IL,LaSalle County,Blackstone (Top Crop),2009.0,1500.0,80.0,77.0,4656.63,118.6,41.110592,-88.612595
3027859,IL,LaSalle County,Blackstone (Top Crop),2009.0,1500.0,80.0,77.0,4656.63,118.6,41.149693,-88.627594
3027902,IL,LaSalle County,Blackstone (Top Crop),2009.0,1500.0,80.0,77.0,4656.63,118.6,41.118893,-88.597992
3027875,IL,LaSalle County,Blackstone (Top Crop),2009.0,1500.0,80.0,77.0,4656.63,118.6,41.13409,-88.597893
3027898,IL,LaSalle County,Blackstone (Top Crop),2009.0,1500.0,80.0,77.0,4656.63,118.6,41.116791,-88.612694
3027881,IL,LaSalle County,Blackstone (Top Crop),2009.0,1500.0,80.0,77.0,4656.63,118.6,41.130493,-88.609894
3027892,IL,LaSalle County,Blackstone (Top Crop),2009.0,1500.0,80.0,77.0,4656.63,118.6,41.110291,-88.660591
3027873,IL,LaSalle County,Blackstone (Top Crop),2009.0,1500.0,80.0,77.0,4656.63,118.6,41.145393,-88.600098
3027886,IL,LaSalle County,Blackstone (Top Crop),2009.0,1500.0,80.0,77.0,4656.63,118.6,41.131393,-88.633797
3027864,IL,LaSalle County,Blackstone (Top Crop),2009.0,1500.0,80.0,77.0,4656.63,118.6,41.146992,-88.621391
3027852,IL,LaSalle County,Blackstone (Top Crop),2009.0,1500.0,80.0,77.0,4656.63,118.6,41.158291,-88.594292
3027851,IL,LaSalle County,Blackstone (Top Crop),2009.0,1500.0,80.0,77.0,4656.63,118.6,41.157192,-88.598694
3027857,IL,LaSalle County,Blackstone (Top Crop),2009.0,1500.0,80.0,77.0,4656.63,118.6,41.145592,-88.636597
3027853,IL,LaSalle County,Blackstone (Top Crop),2009.0,1500.0,80.0,77.0,4656.63,118.6,41.158394,-88.588997
3027866,IL,LaSalle County,Blackstone (Top Crop),2009.0,1500.0,80.0,77.0,4656.63,118.6,41.149792,-88.612495
3031349,IL,LaSalle County,Blackstone (Top Crop),2009.0,1500.0,80.0,77.0,4656.63,118.6,41.119293,-88.613991
3027896,IL,LaSalle County,Blackstone (Top Crop),2009.0,1500.0,80.0,77.0,4656.63,118.6,41.113693,-88.630692
3027861,IL,LaSalle County,Blackstone (Top Crop),2009.0,1500.0,80.0,77.0,4656.63,118.6,41.142391,-88.631798
3027887,IL,LaSalle County,Blackstone (Top Crop),2009.0,1500.0,80.0,77.0,4656.63,118.6,41.135193,-88.629593
3027877,IL,LaSalle County,Blackstone (Top Crop),2009.0,1500.0,80.0,77.0,4656.63,118.6,41.13549,-88.591393
3030403,IL,Grundy County,Blackstone (Top Crop) II,2010.0,1500.0,80.0,77.0,4656.63,118.6,41.179291,-88.536194
3034961,IL,Grundy County,Blackstone (Top Crop) II,2010.0,1500.0,80.0,77.0,4656.63,118.6,41.13599,-88.544495
3030452,IL,Grundy County,Blackstone (Top Crop) II,2010.0,1500.0,80.0,77.0,4656.63,118.6,41.131893,-88.544197
3030441,IL,Grundy County,Blackstone (Top Crop) II,2010.0,1500.0,80.0,77.0,4656.63,118.6,41.110092,-88.56369
3030447,IL,Grundy County,Blackstone (Top Crop) II,2010.0,1500.0,80.0,77.0,4656.63,118.6,41.124992,-88.552094
3030384,IL,Grundy County,Blackstone (Top Crop) II,2010.0,1500.0,80.0,77.0,4656.63,118.6,41.185192,-88.526993
3030456,IL,Grundy County,Blackstone (Top Crop) II,2010.0,1500.0,80.0,77.0,4656.63,118.6,41.150192,-88.526596
3030461,IL,Grundy County,Blackstone (Top Crop) II,2010.0,1500.0,80.0,77.0,4656.63,118.6,41.150093,-88.555092
3030473,IL,Grundy County,Blackstone (Top Crop) II,2010.0,1500.0,80.0,77.0,4656.63,118.6,41.164494,-88.555893
3030381,IL,Grundy County,Blackstone (Top Crop) II,2010.0,1500.0,80.0,77.0,4656.63,118.6,41.184593,-88.498093
3030846,IL,Grundy County,Blackstone (Top Crop) II,2010.0,1500.0,80.0,77.0,4656.63,118.6,41.18589,-88.576096
3030401,IL,Grundy County,Blackstone (Top Crop) II,2010.0,1500.0,80.0,77.0,4656.63,118.6,41.179192,-88.554092
3030425,IL,Grundy County,Blackstone (Top Crop) II,2010.0,1500.0,80.0,77.0,4656.63,118.6,41.14249,-88.507492
3030408,IL,Grundy County,Blackstone (Top Crop) II,2010.0,1500.0,80.0,77.0,4656.63,118.6,41.177994,-88.506691
3030400,IL,Grundy County,Blackstone (Top Crop) II,2010.0,1500.0,80.0,77.0,4656.63,118.6,41.172291,-88.560295
3030430,IL,Grundy County,Blackstone (Top Crop) II,2010.0,1500.0,80.0,77.0,4656.63,118.6,41.168591,-88.541092
3030849,IL,Grundy County,Blackstone (Top Crop) II,2010.0,1500.0,80.0,77.0,4656.63,118.6,41.170593,-88.496895
3030854,IL,Grundy County,Blackstone (Top Crop) II,2010.0,1500.0,80.0,77.0,4656.63,118.6,41.147892,-88.514595
3030470,IL,Grundy County,Blackstone (Top Crop) II,2010.0,1500.0,80.0,77.0,4656.63,118.6,41.164291,-88.577698
3030851,IL,Grundy County,Blackstone (Top Crop) II,2010.0,1500.0,80.0,77.0,4656.63,118.6,41.146992,-88.551697
3030397,IL,Grundy County,Blackstone (Top Crop) II,2010.0,1500.0,80.0,77.0,4656.63,118.6,41.168293,-88.574196
3030407,IL,Grundy County,Blackstone (Top Crop) II,2010.0,1500.0,80.0,77.0,4656.63,118.6,41.178791,-88.513191
3030420,IL,Grundy County,Blackstone (Top Crop) II,2010.0,1500.0,80.0,77.0,4656.63,118.6,41.162693,-88.515892
3030852,IL,Grundy County,Blackstone (Top Crop) II,2010.0,1500.0,80.0,77.0,4656.63,118.6,41.138893,-88.560593
3030395,IL,Grundy County,Blackstone (Top Crop) II,2010.0,1500.0,80.0,77.0,4656.63,118.6,41.172092,-88.584297
3030446,IL,Grundy County,Blackstone (Top Crop) II,2010.0,1500.0,80.0,77.0,4656.63,118.6,41.130894,-88.579895
3035432,IL,Grundy County,Blackstone (Top Crop) II,2010.0,1500.0,80.0,77.0,4656.63,118.6,41.120193,-88.573692
3030410,IL,Grundy County,Blackstone (Top Crop) II,2010.0,1500.0,80.0,77.0,4656.63,118.6,41.175694,-88.483696
3030385,IL,Grundy County,Blackstone (Top Crop) II,2010.0,1500.0,80.0,77.0,4656.63,118.6,41.189793,-88.536896
3030465,IL,Grundy County,Blackstone (Top Crop) II,2010.0,1500.0,80.0,77.0,4656.63,118.6,41.140591,-88.583298
3030390,IL,Grundy County,Blackstone (Top Crop) II,2010.0,1500.0,80.0,77.0,4656.63,118.6,41.193493,-88.553696
3030389,IL,Grundy County,Blackstone (Top Crop) II,2010.0,1500.0,80.0,77.0,4656.63,118.6,41.189793,-88.555695
3030418,IL,Grundy County,Blackstone (Top Crop) II,2010.0,1500.0,80.0,77.0,4656.63,118.6,41.154091,-88.498093
3030426,IL,Grundy County,Blackstone (Top Crop) II,2010.0,1500.0,80.0,77.0,4656.63,118.6,41.157093,-88.579597
3030454,IL,Grundy County,Blackstone (Top Crop) II,2010.0,1500.0,80.0,77.0,4656.63,118.6,41.144093,-88.50209
3030396,IL,Grundy County,Blackstone (Top Crop) II,2010.0,1500.0,80.0,77.0,4656.63,118.6,41.169594,-88.579391
3030451,IL,Grundy County,Blackstone (Top Crop) II,2010.0,1500.0,80.0,77.0,4656.63,118.6,41.134293,-88.560097
3030404,IL,Grundy County,Blackstone (Top Crop) II,2010.0,1500.0,80.0,77.0,4656.63,118.6,41.173092,-88.542397
3030379,IL,Grundy County,Blackstone (Top Crop) II,2010.0,1500.0,80.0,77.0,4656.63,118.6,41.189693,-88.502296
3030415,IL,Grundy County,Blackstone (Top Crop) II,2010.0,1500.0,80.0,77.0,4656.63,118.6,41.161591,-88.507492
3030411,IL,Grundy County,Blackstone (Top Crop) II,2010.0,1500.0,80.0,77.0,4656.63,118.6,41.170193,-88.484993
3030378,IL,Grundy County,Blackstone (Top Crop) II,2010.0,1500.0,80.0,77.0,4656.63,118.6,41.186893,-88.486191
3030436,IL,Grundy County,Blackstone (Top Crop) II,2010.0,1500.0,80.0,77.0,4656.63,118.6,41.197693,-88.53289
3030853,IL,Grundy County,Blackstone (Top Crop) II,2010.0,1500.0,80.0,77.0,4656.63,118.6,41.146191,-88.545296
3034995,IL,Grundy County,Blackstone (Top Crop) II,2010.0,1500.0,80.0,77.0,4656.63,118.6,41.215794,-88.533096
3030847,IL,Grundy County,Blackstone (Top Crop) II,2010.0,1500.0,80.0,77.0,4656.63,118.6,41.176193,-88.520393
3030429,IL,Grundy County,Blackstone (Top Crop) II,2010.0,1500.0,80.0,77.0,4656.63,118.6,41.154694,-88.507294
3030468,IL,Grundy County,Blackstone (Top Crop) II,2010.0,1500.0,80.0,77.0,4656.63,118.6,41.153893,-88.583794
3030445,IL,Grundy County,Blackstone (Top Crop) II,2010.0,1500.0,80.0,77.0,4656.63,118.6,41.13549,-88.583992
3030388,IL,Grundy County,Blackstone (Top Crop) II,2010.0,1500.0,80.0,77.0,4656.63,118.6,41.186691,-88.545692
3030850,IL,Grundy County,Blackstone (Top Crop) II,2010.0,1500.0,80.0,77.0,4656.63,118.6,41.160992,-88.496597
3030466,IL,Grundy County,Blackstone (Top Crop) II,2010.0,1500.0,80.0,77.0,4656.63,118.6,41.146294,-88.579491
3030431,IL,Grundy County,Blackstone (Top Crop) II,2010.0,1500.0,80.0,77.0,4656.63,118.6,41.191891,-88.497093
3030860,IL,Grundy County,Blackstone (Top Crop) II,2010.0,1500.0,80.0,77.0,4656.63,118.6,41.173393,-88.515198
3030472,IL,Grundy County,Blackstone (Top Crop) II,2010.0,1500.0,80.0,77.0,4656.63,118.6,41.154591,-88.560097
3030386,IL,Grundy County,Blackstone (Top Crop) II,2010.0,1500.0,80.0,77.0,4656.63,118.6,41.193493,-88.532196
3030435,IL,Grundy County,Blackstone (Top Crop) II,2010.0,1500.0,80.0,77.0,4656.63,118.6,41.197491,-88.527397
3030844,IL,Grundy County,Blackstone (Top Crop) II,2010.0,1500.0,80.0,77.0,4656.63,118.6,41.190891,-88.518997
3030859,IL,Grundy County,Blackstone (Top Crop) II,2010.0,1500.0,80.0,77.0,4656.63,118.6,41.18679,-88.532494
3030448,IL,Grundy County,Blackstone (Top Crop) II,2010.0,1500.0,80.0,77.0,4656.63,118.6,41.13599,-88.550095
3030842,IL,Grundy County,Blackstone (Top Crop) II,2010.0,1500.0,80.0,77.0,4656.63,118.6,41.190392,-88.482796
3030845,IL,Grundy County,Blackstone (Top Crop) II,2010.0,1500.0,80.0,77.0,4656.63,118.6,41.191593,-88.560097
3030416,IL,Grundy County,Blackstone (Top Crop) II,2010.0,1500.0,80.0,77.0,4656.63,118.6,41.157692,-88.502693
3030843,IL,Grundy County,Blackstone (Top Crop) II,2010.0,1500.0,80.0,77.0,4656.63,118.6,41.184193,-88.507896
3030440,IL,Grundy County,Blackstone (Top Crop) II,2010.0,1500.0,80.0,77.0,4656.63,118.6,41.110191,-88.550491
3030383,IL,Grundy County,Blackstone (Top Crop) II,2010.0,1500.0,80.0,77.0,4656.63,118.6,41.189892,-88.513191
3030394,IL,Grundy County,Blackstone (Top Crop) II,2010.0,1500.0,80.0,77.0,4656.63,118.6,41.17609,-88.570091
3030476,IL,Grundy County,Blackstone (Top Crop) II,2010.0,1500.0,80.0,77.0,4656.63,118.6,41.156994,-88.541092
3030443,IL,Grundy County,Blackstone (Top Crop) II,2010.0,1500.0,80.0,77.0,4656.63,118.6,41.118893,-88.579796
3030471,IL,Grundy County,Blackstone (Top Crop) II,2010.0,1500.0,80.0,77.0,4656.63,118.6,41.160591,-88.58419
3030424,IL,Grundy County,Blackstone (Top Crop) II,2010.0,1500.0,80.0,77.0,4656.63,118.6,41.133293,-88.554398
3030848,IL,Grundy County,Blackstone (Top Crop) II,2010.0,1500.0,80.0,77.0,4656.63,118.6,41.176491,-88.525391
3030457,IL,Grundy County,Blackstone (Top Crop) II,2010.0,1500.0,80.0,77.0,4656.63,118.6,41.147793,-88.536095
3030856,IL,Grundy County,Blackstone (Top Crop) II,2010.0,1500.0,80.0,77.0,4656.63,118.6,41.20219,-88.531494
3030387,IL,Grundy County,Blackstone (Top Crop) II,2010.0,1500.0,80.0,77.0,4656.63,118.6,41.186493,-88.539696
3030861,IL,Grundy County,Blackstone (Top Crop) II,2010.0,1500.0,80.0,77.0,4656.63,118.6,41.174892,-88.498093
3030475,IL,Grundy County,Blackstone (Top Crop) II,2010.0,1500.0,80.0,77.0,4656.63,118.6,41.160793,-88.56089
3030857,IL,Grundy County,Blackstone (Top Crop) II,2010.0,1500.0,80.0,77.0,4656.63,118.6,41.197792,-88.522591
3030380,IL,Grundy County,Blackstone (Top Crop) II,2010.0,1500.0,80.0,77.0,4656.63,118.6,41.193691,-88.508698
3030399,IL,Grundy County,Blackstone (Top Crop) II,2010.0,1500.0,80.0,77.0,4656.63,118.6,41.176292,-88.560593
3030863,IL,Grundy County,Blackstone (Top Crop) II,2010.0,1500.0,80.0,77.0,4656.63,118.6,41.114292,-88.573997
3030437,IL,Grundy County,Blackstone (Top Crop) II,2010.0,1500.0,80.0,77.0,4656.63,118.6,41.197491,-88.541992
3030393,IL,Grundy County,Blackstone (Top Crop) II,2010.0,1500.0,80.0,77.0,4656.63,118.6,41.18679,-88.551094
3034959,IL,Grundy County,Blackstone (Top Crop) II,2010.0,1500.0,80.0,77.0,4656.63,118.6,41.143291,-88.515297
3030432,IL,Grundy County,Blackstone (Top Crop) II,2010.0,1500.0,80.0,77.0,4656.63,118.6,41.201092,-88.497597
3030419,IL,Grundy County,Blackstone (Top Crop) II,2010.0,1500.0,80.0,77.0,4656.63,118.6,41.164291,-88.526093
3030417,IL,Grundy County,Blackstone (Top Crop) II,2010.0,1500.0,80.0,77.0,4656.63,118.6,41.157791,-88.493195
3030398,IL,Grundy County,Blackstone (Top Crop) II,2010.0,1500.0,80.0,77.0,4656.63,118.6,41.172092,-88.575691
3030469,IL,Grundy County,Blackstone (Top Crop) II,2010.0,1500.0,80.0,77.0,4656.63,118.6,41.160591,-88.573891
3030864,IL,Grundy County,Blackstone (Top Crop) II,2010.0,1500.0,80.0,77.0,4656.63,118.6,41.190491,-88.545395
3030855,IL,Grundy County,Blackstone (Top Crop) II,2010.0,1500.0,80.0,77.0,4656.63,118.6,41.132092,-88.572891
3030862,IL,Grundy County,Blackstone (Top Crop) II,2010.0,1500.0,80.0,77.0,4656.63,118.6,41.125294,-88.577797
3030444,IL,Grundy County,Blackstone (Top Crop) II,2010.0,1500.0,80.0,77.0,4656.63,118.6,41.126591,-88.569992
3030459,IL,Grundy County,Blackstone (Top Crop) II,2010.0,1500.0,80.0,77.0,4656.63,118.6,41.138992,-88.554398
3030455,IL,Grundy County,Blackstone (Top Crop) II,2010.0,1500.0,80.0,77.0,4656.63,118.6,41.144192,-88.522797
3030422,IL,Grundy County,Blackstone (Top Crop) II,2010.0,1500.0,80.0,77.0,4656.63,118.6,41.111492,-88.569298
3030464,IL,Grundy County,Blackstone (Top Crop) II,2010.0,1500.0,80.0,77.0,4656.63,118.6,41.141991,-88.572594
3030858,IL,Grundy County,Blackstone (Top Crop) II,2010.0,1500.0,80.0,77.0,4656.63,118.6,41.211491,-88.528992
3030474,IL,Grundy County,Blackstone (Top Crop) II,2010.0,1500.0,80.0,77.0,4656.63,118.6,41.16069,-88.552193
3030382,IL,Grundy County,Blackstone (Top Crop) II,2010.0,1500.0,80.0,77.0,4656.63,118.6,41.192593,-88.525497
3030462,IL,Grundy County,Blackstone (Top Crop) II,2010.0,1500.0,80.0,77.0,4656.63,118.6,41.146492,-88.559097
3030439,IL,Grundy County,Blackstone (Top Crop) II,2010.0,1500.0,80.0,77.0,4656.63,118.6,41.11639,-88.541397
3030438,IL,Grundy County,Blackstone (Top Crop) II,2010.0,1500.0,80.0,77.0,4656.63,118.6,41.110493,-88.54409
3030467,IL,Grundy County,Blackstone (Top Crop) II,2010.0,1500.0,80.0,77.0,4656.63,118.6,41.154892,-88.574593
3030478,IL,Grundy County,Blackstone (Top Crop) II,2010.0,1500.0,80.0,77.0,4656.63,118.6,41.160793,-88.535591
3030409,IL,Grundy County,Blackstone (Top Crop) II,2010.0,1500.0,80.0,77.0,4656.63,118.6,41.170094,-88.503296
3030414,IL,Grundy County,Blackstone (Top Crop) II,2010.0,1500.0,80.0,77.0,4656.63,118.6,41.164593,-88.502991
3030402,IL,Grundy County,Blackstone (Top Crop) II,2010.0,1500.0,80.0,77.0,4656.63,118.6,41.172993,-88.553795
3030423,IL,Grundy County,Blackstone (Top Crop) II,2010.0,1500.0,80.0,77.0,4656.63,118.6,41.110394,-88.583992
3030463,IL,Grundy County,Blackstone (Top Crop) II,2010.0,1500.0,80.0,77.0,4656.63,118.6,41.148693,-88.564796
3030392,IL,Grundy County,Blackstone (Top Crop) II,2010.0,1500.0,80.0,77.0,4656.63,118.6,41.182892,-88.555092
3030427,IL,Grundy County,Blackstone (Top Crop) II,2010.0,1500.0,80.0,77.0,4656.63,118.6,41.164791,-88.531494
3030421,IL,Grundy County,Blackstone (Top Crop) II,2010.0,1500.0,80.0,77.0,4656.63,118.6,41.155891,-88.517494
3030406,IL,Grundy County,Blackstone (Top Crop) II,2010.0,1500.0,80.0,77.0,4656.63,118.6,41.168091,-88.535492
3030405,IL,Grundy County,Blackstone (Top Crop) II,2010.0,1500.0,80.0,77.0,4656.63,118.6,41.171791,-88.536095
3030477,IL,Grundy County,Blackstone (Top Crop) II,2010.0,1500.0,80.0,77.0,4656.63,118.6,41.164391,-88.545197
3030377,IL,Grundy County,Blackstone (Top Crop) II,2010.0,1500.0,80.0,77.0,4656.63,118.6,41.194191,-88.478996
3030433,IL,Grundy County,Blackstone (Top Crop) II,2010.0,1500.0,80.0,77.0,4656.63,118.6,41.199692,-88.508492
3030428,IL,Grundy County,Blackstone (Top Crop) II,2010.0,1500.0,80.0,77.0,4656.63,118.6,41.160892,-88.521797
3030479,IL,Grundy County,Blackstone (Top Crop) II,2010.0,1500.0,80.0,77.0,4656.63,118.6,41.161293,-88.54129
3030434,IL,Grundy County,Blackstone (Top Crop) II,2010.0,1500.0,80.0,77.0,4656.63,118.6,41.20129,-88.522392
3030391,IL,Grundy County,Blackstone (Top Crop) II,2010.0,1500.0,80.0,77.0,4656.63,118.6,41.186291,-88.559593
3030412,IL,Grundy County,Blackstone (Top Crop) II,2010.0,1500.0,80.0,77.0,4656.63,118.6,41.164993,-88.484093
3030453,IL,Grundy County,Blackstone (Top Crop) II,2010.0,1500.0,80.0,77.0,4656.63,118.6,41.146591,-88.507591
3034960,IL,Grundy County,Blackstone (Top Crop) II,2010.0,1500.0,80.0,77.0,4656.63,118.6,41.157593,-88.511993
3030413,IL,Grundy County,Blackstone (Top Crop) II,2010.0,1500.0,80.0,77.0,4656.63,118.6,41.155392,-88.488396
3035537,IL,Grundy County,Blackstone (Top Crop) II,2010.0,1500.0,80.0,77.0,4656.63,118.6,41.150494,-88.505692
3030458,IL,Grundy County,Blackstone (Top Crop) II,2010.0,1500.0,80.0,77.0,4656.63,118.6,41.142693,-88.550591
3030460,IL,Grundy County,Blackstone (Top Crop) II,2010.0,1500.0,80.0,77.0,4656.63,118.6,41.142792,-88.558495
3030449,IL,Grundy County,Blackstone (Top Crop) II,2010.0,1500.0,80.0,77.0,4656.63,118.6,41.128891,-88.554893
3030450,IL,Grundy County,Blackstone (Top Crop) II,2010.0,1500.0,80.0,77.0,4656.63,118.6,41.131592,-88.564995
3030442,IL,Grundy County,Blackstone (Top Crop) II,2010.0,1500.0,80.0,77.0,4656.63,118.6,41.114594,-88.581497
3107803,IL,McLean County,Blooming Grove,2020.0,2820.0,89.0,127.0,12667.69,152.4,40.695175,-88.76033
3108071,IL,McLean County,Blooming Grove,2020.0,2820.0,89.0,127.0,12667.69,152.4,40.662102,-88.831085
3102853,IL,McLean County,Blooming Grove,2020.0,2820.0,89.0,127.0,12667.69,152.4,40.616646,-88.69088
3106999,IL,McLean County,Blooming Grove,2020.0,2820.0,89.0,127.0,12667.69,152.4,40.702885,-88.769058
3108466,IL,McLean County,Blooming Grove,2020.0,2820.0,89.0,127.0,12667.69,152.4,40.586384,-88.671242
3107030,IL,McLean County,Blooming Grove,2020.0,2820.0,89.0,127.0,12667.69,152.4,40.688469,-88.790657
3106021,IL,McLean County,Blooming Grove,2020.0,2820.0,89.0,127.0,12667.69,152.4,40.709843,-88.778175
3105595,IL,McLean County,Blooming Grove,2020.0,2820.0,89.0,127.0,12667.69,152.4,40.626663,-88.737404
3106695,IL,McLean County,Blooming Grove,2020.0,2820.0,89.0,127.0,12667.69,152.4,40.592232,-88.658669
3106450,IL,McLean County,Blooming Grove,2020.0,2820.0,89.0,127.0,12667.69,152.4,40.715401,-88.824364
3105308,IL,McLean County,Blooming Grove,2020.0,2820.0,89.0,127.0,12667.69,152.4,40.598969,-88.6436
3106193,IL,McLean County,Blooming Grove,2020.0,2820.0,89.0,127.0,12667.69,152.4,40.705715,-88.828918
3106815,IL,McLean County,Blooming Grove,2020.0,2820.0,89.0,127.0,12667.69,152.4,40.67984,-88.809845
3108541,IL,McLean County,Blooming Grove,2020.0,2820.0,89.0,127.0,12667.69,152.4,40.672497,-88.816452
3107996,IL,McLean County,Blooming Grove,2020.0,2820.0,89.0,127.0,12667.69,152.4,40.693302,-88.730171
3105811,IL,McLean County,Blooming Grove,2020.0,2820.0,89.0,127.0,12667.69,152.4,40.630428,-88.722313
3105311,IL,McLean County,Blooming Grove,2020.0,2820.0,89.0,127.0,12667.69,152.4,40.627518,-88.730339
3107992,IL,McLean County,Blooming Grove,2020.0,2820.0,89.0,127.0,12667.69,152.4,40.59367,-88.652962
3111009,IL,McLean County,Blooming Grove,2020.0,2300.0,80.0,116.0,10568.32,138.1,40.624672,-88.672577
3108436,IL,McLean County,Blooming Grove,2020.0,2820.0,89.0,127.0,12667.69,152.4,40.643215,-88.723869
3107991,IL,McLean County,Blooming Grove,2020.0,2820.0,89.0,127.0,12667.69,152.4,40.615818,-88.653084
3107397,IL,McLean County,Blooming Grove,2020.0,2820.0,89.0,127.0,12667.69,152.4,40.600735,-88.658318
3108268,IL,McLean County,Blooming Grove,2020.0,2820.0,89.0,127.0,12667.69,152.4,40.679668,-88.844856
3107093,IL,McLean County,Blooming Grove,2020.0,2820.0,89.0,127.0,12667.69,152.4,40.685707,-88.769432
3102788,IL,McLean County,Blooming Grove,2020.0,2300.0,80.0,116.0,10568.32,138.1,40.629662,-88.667
3102700,IL,McLean County,Blooming Grove,2020.0,2820.0,89.0,127.0,12667.69,152.4,40.606281,-88.714134
3106534,IL,McLean County,Blooming Grove,2020.0,2820.0,89.0,127.0,12667.69,152.4,40.699615,-88.722145
3108217,IL,McLean County,Blooming Grove,2020.0,2820.0,89.0,127.0,12667.69,152.4,40.702179,-88.84272
3106528,IL,McLean County,Blooming Grove,2020.0,2820.0,89.0,127.0,12667.69,152.4,40.710056,-88.830879
3107842,IL,McLean County,Blooming Grove,2020.0,2820.0,89.0,127.0,12667.69,152.4,40.683655,-88.836464
3106990,IL,McLean County,Blooming Grove,2020.0,2820.0,89.0,127.0,12667.69,152.4,40.709557,-88.80986
3106272,IL,McLean County,Blooming Grove,2020.0,2820.0,89.0,127.0,12667.69,152.4,40.644794,-88.719208
3106036,IL,McLean County,Blooming Grove,2020.0,2300.0,80.0,116.0,10568.32,138.1,40.590332,-88.664284
3107989,IL,McLean County,Blooming Grove,2020.0,2820.0,89.0,127.0,12667.69,152.4,40.672062,-88.753532
3102497,IL,McLean County,Blooming Grove,2020.0,2820.0,89.0,127.0,12667.69,152.4,40.590961,-88.640541
3105973,IL,McLean County,Blooming Grove,2020.0,2300.0,80.0,116.0,10568.32,138.1,40.599266,-88.664726
3107593,IL,McLean County,Blooming Grove,2020.0,2820.0,89.0,127.0,12667.69,152.4,40.698318,-88.808235
3106107,IL,McLean County,Blooming Grove,2020.0,2820.0,89.0,127.0,12667.69,152.4,40.662132,-88.822937
3108487,IL,McLean County,Blooming Grove,2020.0,2820.0,89.0,127.0,12667.69,152.4,40.72126,-88.759094
3105796,IL,McLean County,Blooming Grove,2020.0,2820.0,89.0,127.0,12667.69,152.4,40.696156,-88.83551
3105614,IL,McLean County,Blooming Grove,2020.0,2820.0,89.0,127.0,12667.69,152.4,40.604801,-88.718788
3107375,IL,McLean County,Blooming Grove,2020.0,2820.0,89.0,127.0,12667.69,152.4,40.612347,-88.719337
3106555,IL,McLean County,Blooming Grove,2020.0,2820.0,89.0,127.0,12667.69,152.4,40.678009,-88.782928
3105286,IL,McLean County,Blooming Grove,2020.0,2820.0,89.0,127.0,12667.69,152.4,40.624077,-88.690536
3106537,IL,McLean County,Blooming Grove,2020.0,2820.0,89.0,127.0,12667.69,152.4,40.72385,-88.840027
3110998,IL,McLean County,Blooming Grove,2020.0,2300.0,80.0,116.0,10568.32,138.1,40.635021,-88.667686
3105501,IL,McLean County,Blooming Grove,2020.0,2820.0,89.0,127.0,12667.69,152.4,40.587032,-88.653076
3103269,IL,McLean County,Blooming Grove,2020.0,2820.0,89.0,127.0,12667.69,152.4,40.598213,-88.714592
3107840,IL,McLean County,Blooming Grove,2020.0,2820.0,89.0,127.0,12667.69,152.4,40.657352,-88.848747
3107841,IL,McLean County,Blooming Grove,2020.0,2820.0,89.0,127.0,12667.69,152.4,40.684235,-88.787674
3106082,IL,McLean County,Blooming Grove,2020.0,2820.0,89.0,127.0,12667.69,152.4,40.6576,-88.829399
3106856,IL,McLean County,Blooming Grove,2020.0,2820.0,89.0,127.0,12667.69,152.4,40.709557,-88.790512
3103272,IL,McLean County,Blooming Grove,2020.0,2300.0,80.0,116.0,10568.32,138.1,40.584846,-88.58149
3108523,IL,McLean County,Blooming Grove,2020.0,2820.0,89.0,127.0,12667.69,152.4,40.626484,-88.7201
3108542,IL,McLean County,Blooming Grove,2020.0,2820.0,89.0,127.0,12667.69,152.4,40.716343,-88.816315
3106439,IL,McLean County,Blooming Grove,2020.0,2820.0,89.0,127.0,12667.69,152.4,40.687603,-88.729286
3107431,IL,McLean County,Blooming Grove,2020.0,2820.0,89.0,127.0,12667.69,152.4,40.673195,-88.791191
3107104,IL,McLean County,Blooming Grove,2020.0,2820.0,89.0,127.0,12667.69,152.4,40.715508,-88.784348
3106520,IL,McLean County,Blooming Grove,2020.0,2820.0,89.0,127.0,12667.69,152.4,40.673737,-88.748367
3105923,IL,McLean County,Blooming Grove,2020.0,2820.0,89.0,127.0,12667.69,152.4,40.673687,-88.729919
3106514,IL,McLean County,Blooming Grove,2020.0,2820.0,89.0,127.0,12667.69,152.4,40.678082,-88.815819
3107315,IL,McLean County,Blooming Grove,2020.0,2820.0,89.0,127.0,12667.69,152.4,40.692947,-88.799294
3107410,IL,McLean County,Blooming Grove,2020.0,2820.0,89.0,127.0,12667.69,152.4,40.723969,-88.825951
3103057,IL,McLean County,Blooming Grove,2020.0,2820.0,89.0,127.0,12667.69,152.4,40.608356,-88.709068
3107997,IL,McLean County,Blooming Grove,2020.0,2820.0,89.0,127.0,12667.69,152.4,40.691578,-88.80439
3102243,IL,McLean County,Blooming Grove,2020.0,2820.0,89.0,127.0,12667.69,152.4,40.608475,-88.698845
3105815,IL,McLean County,Blooming Grove,2020.0,2820.0,89.0,127.0,12667.69,152.4,40.704742,-88.837044
3108111,IL,McLean County,Blooming Grove,2020.0,2820.0,89.0,127.0,12667.69,152.4,40.619095,-88.720924
3102368,IL,McLean County,Blooming Grove,2020.0,2820.0,89.0,127.0,12667.69,152.4,40.591354,-88.596199
3106998,IL,McLean County,Blooming Grove,2020.0,2300.0,80.0,116.0,10568.32,138.1,40.700802,-88.740067
3108238,IL,McLean County,Blooming Grove,2020.0,2820.0,89.0,127.0,12667.69,152.4,40.683647,-88.848068
3105922,IL,McLean County,Blooming Grove,2020.0,2820.0,89.0,127.0,12667.69,152.4,40.674038,-88.740005
3103189,IL,McLean County,Blooming Grove,2020.0,2820.0,89.0,127.0,12667.69,152.4,40.58091,-88.577858
3106939,IL,McLean County,Blooming Grove,2020.0,2820.0,89.0,127.0,12667.69,152.4,40.68858,-88.780411
3107081,IL,McLean County,Blooming Grove,2020.0,2820.0,89.0,127.0,12667.69,152.4,40.701897,-88.754044
3105989,IL,McLean County,Blooming Grove,2020.0,2820.0,89.0,127.0,12667.69,152.4,40.717018,-88.778664
3106687,IL,McLean County,Blooming Grove,2020.0,2820.0,89.0,127.0,12667.69,152.4,40.686283,-88.744415
3107170,IL,McLean County,Blooming Grove,2020.0,2820.0,89.0,127.0,12667.69,152.4,40.630424,-88.713036
3107990,IL,McLean County,Blooming Grove,2020.0,2820.0,89.0,127.0,12667.69,152.4,40.703529,-88.724358
3102287,IL,McLean County,Blooming Grove,2020.0,2820.0,89.0,127.0,12667.69,152.4,40.575512,-88.576683
3106532,IL,McLean County,Blooming Grove,2020.0,2820.0,89.0,127.0,12667.69,152.4,40.720123,-88.850197
3107987,IL,McLean County,Blooming Grove,2020.0,2820.0,89.0,127.0,12667.69,152.4,40.69075,-88.854469
3106362,IL,McLean County,Blooming Grove,2020.0,2820.0,89.0,127.0,12667.69,152.4,40.669079,-88.853493
3108270,IL,McLean County,Blooming Grove,2020.0,2820.0,89.0,127.0,12667.69,152.4,40.620792,-88.715714
3105994,IL,McLean County,Blooming Grove,2020.0,2820.0,89.0,127.0,12667.69,152.4,40.722267,-88.863922
3107998,IL,McLean County,Blooming Grove,2020.0,2820.0,89.0,127.0,12667.69,152.4,40.721924,-88.845268
3108335,IL,McLean County,Blooming Grove,2020.0,2820.0,89.0,127.0,12667.69,152.4,40.705612,-88.7883
3102766,IL,McLean County,Blooming Grove,2020.0,2820.0,89.0,127.0,12667.69,152.4,40.601147,-88.695122
3102240,IL,McLean County,Blooming Grove,2020.0,2820.0,89.0,127.0,12667.69,152.4,40.595921,-88.598976
3106629,IL,McLean County,Blooming Grove,2020.0,2820.0,89.0,127.0,12667.69,152.4,40.674763,-88.829994
3106570,IL,McLean County,Blooming Grove,2020.0,2820.0,89.0,127.0,12667.69,152.4,40.60585,-88.728668
3107528,IL,McLean County,Blooming Grove,2020.0,2300.0,80.0,116.0,10568.32,138.1,40.70327,-88.734596
3102848,IL,McLean County,Blooming Grove,2020.0,2820.0,89.0,127.0,12667.69,152.4,40.622952,-88.696152
3106430,IL,McLean County,Blooming Grove,2020.0,2820.0,89.0,127.0,12667.69,152.4,40.70565,-88.807671
3124590,NY,Broome County,Bluestone Wind,2023.0,4300.0,120.0,150.0,17671.46,195.1,42.103901,-75.507446
3129164,NY,Broome County,Bluestone Wind,2023.0,4300.0,120.0,150.0,17671.46,195.1,42.098019,-75.46714
3129766,NY,Broome County,Bluestone Wind,2023.0,4300.0,120.0,150.0,17671.46,195.1,42.11132,-75.552155
3129686,NY,Broome County,Bluestone Wind,2023.0,4300.0,120.0,150.0,17671.46,195.1,42.111694,-75.464134
3130102,NY,Broome County,Bluestone Wind,2023.0,4300.0,120.0,150.0,17671.46,195.1,42.092949,-75.489059
3124599,NY,Broome County,Bluestone Wind,2023.0,4300.0,120.0,150.0,17671.46,195.1,42.081951,-75.565903
3130195,NY,Broome County,Bluestone Wind,2023.0,4300.0,120.0,150.0,17671.46,195.1,42.088463,-75.468491
3129313,NY,Broome County,Bluestone Wind,2023.0,4300.0,120.0,150.0,17671.46,195.1,42.104591,-75.530205
3129557,NY,Broome County,Bluestone Wind,2023.0,4300.0,120.0,150.0,17671.46,195.1,42.098293,-75.46035
3130140,NY,Broome County,Bluestone Wind,2023.0,4300.0,120.0,150.0,17671.46,195.1,42.105175,-75.551971
3129867,NY,Broome County,Bluestone Wind,2023.0,4300.0,120.0,150.0,17671.46,195.1,42.10191,-75.512268
3129709,NY,Broome County,Bluestone Wind,2023.0,4300.0,120.0,150.0,17671.46,195.1,42.113682,-75.512253
3124628,NY,Broome County,Bluestone Wind,2023.0,4300.0,120.0,150.0,17671.46,195.1,42.095921,-75.452263
3129966,NY,Broome County,Bluestone Wind,2023.0,4300.0,120.0,150.0,17671.46,195.1,42.103111,-75.456673
3129755,NY,Broome County,Bluestone Wind,2023.0,4300.0,120.0,150.0,17671.46,195.1,42.071735,-75.522156
3124592,NY,Broome County,Bluestone Wind,2023.0,4300.0,120.0,150.0,17671.46,195.1,42.11388,-75.45179
3134807,NY,Broome County,Bluestone Wind,2023.0,4300.0,120.0,150.0,17671.46,195.1,42.109043,-75.533569
3130159,NY,Broome County,Bluestone Wind,2023.0,4300.0,120.0,150.0,17671.46,195.1,42.109352,-75.510635
3129303,NY,Broome County,Bluestone Wind,2023.0,4300.0,120.0,150.0,17671.46,195.1,42.073944,-75.538582
3124593,NY,Broome County,Bluestone Wind,2023.0,4300.0,120.0,150.0,17671.46,195.1,42.06958,-75.561333
3130201,NY,Broome County,Bluestone Wind,2023.0,4300.0,120.0,150.0,17671.46,195.1,42.100681,-75.527229
3124524,NY,Broome County,Bluestone Wind,2023.0,4300.0,120.0,150.0,17671.46,195.1,42.082962,-75.560333
3129396,NY,Broome County,Bluestone Wind,2023.0,4300.0,120.0,150.0,17671.46,195.1,42.101418,-75.495987
3124500,NY,Broome County,Bluestone Wind,2023.0,4300.0,120.0,150.0,17671.46,195.1,42.072731,-75.567162
3129873,NY,Broome County,Bluestone Wind,2023.0,4300.0,120.0,150.0,17671.46,195.1,42.101078,-75.544296
3129317,NY,Broome County,Bluestone Wind,2023.0,4300.0,120.0,150.0,17671.46,195.1,42.091797,-75.452049
3095516,IL,McLean County,Bright Stalk,2019.0,3600.0,99.0,136.0,14526.72,167.0,40.671391,-88.645477
3095661,IL,McLean County,Bright Stalk,2019.0,3600.0,99.0,136.0,14526.72,167.0,40.707561,-88.672447
3093769,IL,McLean County,Bright Stalk,2019.0,3600.0,99.0,136.0,14526.72,167.0,40.687881,-88.666496
3094850,IL,McLean County,Bright Stalk,2019.0,3600.0,99.0,136.0,14526.72,167.0,40.717361,-88.675728
3095665,IL,McLean County,Bright Stalk,2019.0,3600.0,99.0,136.0,14526.72,167.0,40.643242,-88.616455
3095310,IL,McLean County,Bright Stalk,2019.0,3600.0,99.0,136.0,14526.72,167.0,40.733212,-88.658546
3095676,IL,McLean County,Bright Stalk,2019.0,3600.0,99.0,136.0,14526.72,167.0,40.671513,-88.662193
3098902,IL,McLean County,Bright Stalk,2019.0,3600.0,99.0,136.0,14526.72,167.0,40.677776,-88.700546
3093853,IL,McLean County,Bright Stalk,2019.0,3600.0,99.0,136.0,14526.72,167.0,40.740284,-88.638634
3094427,IL,McLean County,Bright Stalk,2019.0,3600.0,99.0,136.0,14526.72,167.0,40.626122,-88.634277
3094117,IL,McLean County,Bright Stalk,2019.0,3600.0,99.0,136.0,14526.72,167.0,40.717453,-88.669106
3098903,IL,McLean County,Bright Stalk,2019.0,3600.0,99.0,136.0,14526.72,167.0,40.671185,-88.657333
3094960,IL,McLean County,Bright Stalk,2019.0,3600.0,99.0,136.0,14526.72,167.0,40.633442,-88.639297
3093574,IL,McLean County,Bright Stalk,2019.0,3600.0,99.0,136.0,14526.72,167.0,40.633652,-88.615356
3094516,IL,McLean County,Bright Stalk,2019.0,3600.0,99.0,136.0,14526.72,167.0,40.702732,-88.681496
3095369,IL,McLean County,Bright Stalk,2019.0,3600.0,99.0,136.0,14526.72,167.0,40.736713,-88.634346
3094519,IL,McLean County,Bright Stalk,2019.0,3600.0,99.0,136.0,14526.72,167.0,40.643864,-88.621826
3094178,IL,McLean County,Bright Stalk,2019.0,3600.0,99.0,136.0,14526.72,167.0,40.633602,-88.629402
3093708,IL,McLean County,Bright Stalk,2019.0,3600.0,99.0,136.0,14526.72,167.0,40.706963,-88.700897
3094508,IL,McLean County,Bright Stalk,2019.0,3600.0,99.0,136.0,14526.72,167.0,40.707264,-88.690742
3095621,IL,McLean County,Bright Stalk,2019.0,3600.0,99.0,136.0,14526.72,167.0,40.643322,-88.638847
3094512,IL,McLean County,Bright Stalk,2019.0,3600.0,99.0,136.0,14526.72,167.0,40.707314,-88.653435
3095539,IL,McLean County,Bright Stalk,2019.0,3600.0,99.0,136.0,14526.72,167.0,40.658264,-88.629868
3094873,IL,McLean County,Bright Stalk,2019.0,3600.0,99.0,136.0,14526.72,167.0,40.678001,-88.676384
3093919,IL,McLean County,Bright Stalk,2019.0,3600.0,99.0,136.0,14526.72,167.0,40.671242,-88.652367
3094276,IL,McLean County,Bright Stalk,2019.0,3600.0,99.0,136.0,14526.72,167.0,40.658062,-88.634956
3095060,IL,McLean County,Bright Stalk,2019.0,3600.0,99.0,136.0,14526.72,167.0,40.633953,-88.620277
3094038,IL,McLean County,Bright Stalk,2019.0,3600.0,99.0,136.0,14526.72,167.0,40.677834,-88.692665
3093668,IL,McLean County,Bright Stalk,2019.0,3600.0,99.0,136.0,14526.72,167.0,40.690083,-88.724556
3095560,IL,McLean County,Bright Stalk,2019.0,3600.0,99.0,136.0,14526.72,167.0,40.643291,-88.634354
3094627,IL,McLean County,Bright Stalk,2019.0,3600.0,99.0,136.0,14526.72,167.0,40.643581,-88.648674
3094515,IL,McLean County,Bright Stalk,2019.0,3600.0,99.0,136.0,14526.72,167.0,40.677891,-88.684036
3094509,IL,McLean County,Bright Stalk,2019.0,3600.0,99.0,136.0,14526.72,167.0,40.692551,-88.705887
3094321,IL,McLean County,Bright Stalk,2019.0,3600.0,99.0,136.0,14526.72,167.0,40.671543,-88.632835
3094260,IL,McLean County,Bright Stalk,2019.0,3600.0,99.0,136.0,14526.72,167.0,40.694332,-88.663536
3098908,IL,McLean County,Bright Stalk,2019.0,3600.0,99.0,136.0,14526.72,167.0,40.677731,-88.71228
3094792,IL,McLean County,Bright Stalk,2019.0,3600.0,99.0,136.0,14526.72,167.0,40.706932,-88.705467
3094513,IL,McLean County,Bright Stalk,2019.0,3600.0,99.0,136.0,14526.72,167.0,40.717293,-88.681686
3093689,IL,McLean County,Bright Stalk,2019.0,3600.0,99.0,136.0,14526.72,167.0,40.694942,-88.657455
3094126,IL,McLean County,Bright Stalk,2019.0,3600.0,99.0,136.0,14526.72,167.0,40.696312,-88.689247
3095005,IL,McLean County,Bright Stalk,2019.0,3600.0,99.0,136.0,14526.72,167.0,40.717533,-88.662758
3095794,IL,McLean County,Bright Stalk,2019.0,3600.0,99.0,136.0,14526.72,167.0,40.733761,-88.649643
3094655,IL,McLean County,Bright Stalk,2019.0,3600.0,99.0,136.0,14526.72,167.0,40.692593,-88.701157
3095228,IL,McLean County,Bright Stalk,2019.0,3600.0,99.0,136.0,14526.72,167.0,40.707211,-88.695877
3095468,IL,McLean County,Bright Stalk,2019.0,3600.0,99.0,136.0,14526.72,167.0,40.677711,-88.707123
3094212,IL,McLean County,Bright Stalk,2019.0,3600.0,99.0,136.0,14526.72,167.0,40.692734,-88.686066
3095109,IL,McLean County,Bright Stalk,2019.0,3600.0,99.0,136.0,14526.72,167.0,40.633411,-88.634293
3095670,IL,McLean County,Bright Stalk,2019.0,3600.0,99.0,136.0,14526.72,167.0,40.688152,-88.653435
3094367,IL,McLean County,Bright Stalk,2019.0,3600.0,99.0,136.0,14526.72,167.0,40.744751,-88.644226
3095358,IL,McLean County,Bright Stalk,2019.0,3600.0,99.0,136.0,14526.72,167.0,40.626213,-88.640434
3095342,IL,McLean County,Bright Stalk,2019.0,3600.0,99.0,136.0,14526.72,167.0,40.688683,-88.710938
3095585,IL,McLean County,Bright Stalk,2019.0,3600.0,99.0,136.0,14526.72,167.0,40.658073,-88.641075
3094520,IL,McLean County,Bright Stalk,2019.0,3600.0,99.0,136.0,14526.72,167.0,40.626282,-88.646675
3093619,IL,McLean County,Bright Stalk,2019.0,3600.0,99.0,136.0,14526.72,167.0,40.717251,-88.686783
3093777,IL,McLean County,Bright Stalk,2019.0,3600.0,99.0,136.0,14526.72,167.0,40.707592,-88.666122
3094334,IL,McLean County,Bright Stalk,2019.0,3600.0,99.0,136.0,14526.72,167.0,40.643482,-88.627235
3098904,IL,McLean County,Bright Stalk,2019.0,3600.0,99.0,136.0,14526.72,167.0,40.711269,-88.658066
3097596,IL,Douglas County,Broadlands,2020.0,4300.0,105.0,150.0,17671.46,180.1,39.855919,-88.036964
3097162,IL,Douglas County,Broadlands,2020.0,4300.0,105.0,150.0,17671.46,180.1,39.877827,-87.955818
3097462,IL,Douglas County,Broadlands,2020.0,4300.0,105.0,150.0,17671.46,180.1,39.855942,-88.049423
3096964,IL,Douglas County,Broadlands,2020.0,4300.0,105.0,150.0,17671.46,180.1,39.860676,-87.99675
3097218,IL,Douglas County,Broadlands,2020.0,4300.0,105.0,150.0,17671.46,180.1,39.824341,-88.03717
3097199,IL,Douglas County,Broadlands,2020.0,4300.0,105.0,150.0,17671.46,180.1,39.868256,-87.944489
3097426,IL,Douglas County,Broadlands,2020.0,4300.0,105.0,150.0,17671.46,180.1,39.854698,-87.953888
3097615,IL,Douglas County,Broadlands,2020.0,4300.0,105.0,150.0,17671.46,180.1,39.863262,-87.970039
3097672,IL,Douglas County,Broadlands,2020.0,4300.0,105.0,150.0,17671.46,180.1,39.867905,-87.954124
3096992,IL,Douglas County,Broadlands,2020.0,3700.0,105.0,136.0,14526.72,173.1,39.841263,-88.035118
3096983,IL,Douglas County,Broadlands,2020.0,4300.0,105.0,150.0,17671.46,180.1,39.877773,-87.962776
3099259,IL,Douglas County,Broadlands,2020.0,4300.0,105.0,150.0,17671.46,180.1,39.877716,-87.969337
3097224,IL,Douglas County,Broadlands,2020.0,4300.0,105.0,150.0,17671.46,180.1,39.855877,-88.022301
3097363,IL,Douglas County,Broadlands,2020.0,4300.0,105.0,150.0,17671.46,180.1,39.866341,-87.958954
3097623,IL,Douglas County,Broadlands,2020.0,4300.0,105.0,150.0,17671.46,180.1,39.824402,-88.044289
3096981,IL,Douglas County,Broadlands,2020.0,4300.0,105.0,150.0,17671.46,180.1,39.876907,-88.030602
3097707,IL,Douglas County,Broadlands,2020.0,4300.0,105.0,150.0,17671.46,180.1,39.876991,-88.04007
3097354,IL,Douglas County,Broadlands,2020.0,4300.0,105.0,150.0,17671.46,180.1,39.870747,-88.077461
3097486,IL,Douglas County,Broadlands,2020.0,4300.0,105.0,150.0,17671.46,180.1,39.876919,-88.035324
3097550,IL,Douglas County,Broadlands,2020.0,3700.0,105.0,136.0,14526.72,173.1,39.841305,-88.016373
3097311,IL,Douglas County,Broadlands,2020.0,4300.0,105.0,150.0,17671.46,180.1,39.859329,-88.002014
3097077,IL,Douglas County,Broadlands,2020.0,4300.0,105.0,150.0,17671.46,180.1,39.877644,-88.021317
3097002,IL,Douglas County,Broadlands,2020.0,4300.0,105.0,150.0,17671.46,180.1,39.857738,-88.006874
3097724,IL,Douglas County,Broadlands,2020.0,4300.0,105.0,150.0,17671.46,180.1,39.877621,-87.981766
3097172,IL,Douglas County,Broadlands,2020.0,4300.0,105.0,150.0,17671.46,180.1,39.855888,-88.016502
3097044,IL,Douglas County,Broadlands,2020.0,3700.0,105.0,136.0,14526.72,173.1,39.848652,-87.96804
3097191,IL,Douglas County,Broadlands,2020.0,4300.0,105.0,150.0,17671.46,180.1,39.870358,-88.011932
3097029,IL,Douglas County,Broadlands,2020.0,3700.0,105.0,136.0,14526.72,173.1,39.825855,-88.02552
3097780,IL,Douglas County,Broadlands,2020.0,4300.0,105.0,150.0,17671.46,180.1,39.831039,-88.005814
3097760,IL,Douglas County,Broadlands,2020.0,3700.0,105.0,136.0,14526.72,173.1,39.845142,-88.053886
3097428,IL,Douglas County,Broadlands,2020.0,4300.0,105.0,150.0,17671.46,180.1,39.824337,-88.031425
3097235,IL,Douglas County,Broadlands,2020.0,4300.0,105.0,150.0,17671.46,180.1,39.87146,-88.072891
3097143,IL,Douglas County,Broadlands,2020.0,4300.0,105.0,150.0,17671.46,180.1,39.870747,-88.063423
3097342,IL,Douglas County,Broadlands,2020.0,4300.0,105.0,150.0,17671.46,180.1,39.869366,-88.082329
3097035,IL,Douglas County,Broadlands,2020.0,4300.0,105.0,150.0,17671.46,180.1,39.872341,-88.059036
3097217,IL,Douglas County,Broadlands,2020.0,4300.0,105.0,150.0,17671.46,180.1,39.870056,-88.004326
3097658,IL,Douglas County,Broadlands,2020.0,4300.0,105.0,150.0,17671.46,180.1,39.877686,-87.975937
3097657,IL,Douglas County,Broadlands,2020.0,3700.0,105.0,136.0,14526.72,173.1,39.848602,-87.973518
3097207,IL,Douglas County,Broadlands,2020.0,4300.0,105.0,150.0,17671.46,180.1,39.855923,-88.043205
3097254,IL,Douglas County,Broadlands,2020.0,3700.0,105.0,136.0,14526.72,173.1,39.848606,-87.978951
3097425,IL,Douglas County,Broadlands,2020.0,3700.0,105.0,136.0,14526.72,173.1,39.847046,-88.006599
3097018,IL,Douglas County,Broadlands,2020.0,3700.0,105.0,136.0,14526.72,173.1,39.825935,-88.016197
3097432,IL,Douglas County,Broadlands,2020.0,3700.0,105.0,136.0,14526.72,173.1,39.847008,-88.001579
3097497,IL,Douglas County,Broadlands,2020.0,4300.0,105.0,150.0,17671.46,180.1,39.86322,-87.982315
3097450,IL,Douglas County,Broadlands,2020.0,4300.0,105.0,150.0,17671.46,180.1,39.852436,-87.960373
3097597,IL,Douglas County,Broadlands,2020.0,3700.0,105.0,136.0,14526.72,173.1,39.841187,-88.030518
3097165,IL,Douglas County,Broadlands,2020.0,4300.0,105.0,150.0,17671.46,180.1,39.877796,-87.949196
3097663,IL,Douglas County,Broadlands,2020.0,4300.0,105.0,150.0,17671.46,180.1,39.845352,-87.949684
3094098,CO,Kit Carson County,Bronco Plains,2020.0,2820.0,89.0,127.0,12667.69,152.4,39.090153,-103.104591
3095446,CO,Kit Carson County,Bronco Plains,2020.0,2820.0,89.0,127.0,12667.69,152.4,39.069012,-103.072594
3094822,CO,Kit Carson County,Bronco Plains,2020.0,2820.0,89.0,127.0,12667.69,152.4,39.047535,-102.95079
3094882,CO,Kit Carson County,Bronco Plains,2020.0,2820.0,89.0,127.0,12667.69,152.4,39.052925,-103.084587
3095789,CO,Kit Carson County,Bronco Plains,2020.0,2820.0,89.0,127.0,12667.69,152.4,39.129543,-103.00489
3094461,CO,Kit Carson County,Bronco Plains,2020.0,2820.0,89.0,127.0,12667.69,152.4,39.096672,-102.999794
3095048,CO,Kit Carson County,Bronco Plains,2020.0,2820.0,89.0,127.0,12667.69,152.4,39.081772,-102.94809
3094223,CO,Kit Carson County,Bronco Plains,2020.0,2820.0,89.0,127.0,12667.69,152.4,39.043243,-103.089287
3094112,CO,Kit Carson County,Bronco Plains,2020.0,2820.0,89.0,127.0,12667.69,152.4,39.039814,-103.08139
3095396,CO,Kit Carson County,Bronco Plains,2020.0,2820.0,89.0,127.0,12667.69,152.4,39.049023,-103.117592
3094177,CO,Kit Carson County,Bronco Plains,2020.0,2820.0,89.0,127.0,12667.69,152.4,39.078495,-103.053391
3094887,CO,Kit Carson County,Bronco Plains,2020.0,2820.0,89.0,127.0,12667.69,152.4,39.064823,-103.089188
3094085,CO,Kit Carson County,Bronco Plains,2020.0,2820.0,89.0,127.0,12667.69,152.4,39.089054,-103.115692
3094565,CO,Kit Carson County,Bronco Plains,2020.0,2820.0,89.0,127.0,12667.69,152.4,39.047375,-102.927887
3094631,CO,Kit Carson County,Bronco Plains,2020.0,2820.0,89.0,127.0,12667.69,152.4,39.076633,-102.983192
3095391,CO,Kit Carson County,Bronco Plains,2020.0,2820.0,89.0,127.0,12667.69,152.4,39.111305,-103.01609
3095102,CO,Kit Carson County,Bronco Plains,2020.0,2300.0,80.0,116.0,10568.32,138.1,39.116333,-102.958588
3095455,CO,Kit Carson County,Bronco Plains,2020.0,2820.0,89.0,127.0,12667.69,152.4,39.079182,-102.972794
3094783,CO,Kit Carson County,Bronco Plains,2020.0,2820.0,89.0,127.0,12667.69,152.4,39.052082,-102.985092
3094484,CO,Kit Carson County,Bronco Plains,2020.0,2820.0,89.0,127.0,12667.69,152.4,39.055092,-103.059792
3094135,CO,Kit Carson County,Bronco Plains,2020.0,2820.0,89.0,127.0,12667.69,152.4,39.081955,-103.048592
3094315,CO,Kit Carson County,Bronco Plains,2020.0,2300.0,80.0,116.0,10568.32,138.1,39.129753,-102.947891
3095356,CO,Kit Carson County,Bronco Plains,2020.0,2820.0,89.0,127.0,12667.69,152.4,39.055435,-103.107887
3094004,CO,Kit Carson County,Bronco Plains,2020.0,2820.0,89.0,127.0,12667.69,152.4,39.139015,-103.014389
3094575,CO,Kit Carson County,Bronco Plains,2020.0,2300.0,80.0,116.0,10568.32,138.1,39.148262,-102.966591
3095669,CO,Kit Carson County,Bronco Plains,2020.0,2820.0,89.0,127.0,12667.69,152.4,39.056152,-102.99839
3094435,CO,Kit Carson County,Bronco Plains,2020.0,2820.0,89.0,127.0,12667.69,152.4,39.091022,-103.035591
3094624,CO,Kit Carson County,Bronco Plains,2020.0,2820.0,89.0,127.0,12667.69,152.4,39.059612,-103.033791
3094124,CO,Kit Carson County,Bronco Plains,2020.0,2820.0,89.0,127.0,12667.69,152.4,39.169353,-102.970894
3093791,CO,Kit Carson County,Bronco Plains,2020.0,2820.0,89.0,127.0,12667.69,152.4,39.112705,-102.968292
3093682,CO,Kit Carson County,Bronco Plains,2020.0,2820.0,89.0,127.0,12667.69,152.4,39.049953,-102.978394
3094415,CO,Kit Carson County,Bronco Plains,2020.0,2820.0,89.0,127.0,12667.69,152.4,39.095722,-102.992889
3093515,CO,Kit Carson County,Bronco Plains,2020.0,2820.0,89.0,127.0,12667.69,152.4,39.109962,-103.080093
3094825,CO,Kit Carson County,Bronco Plains,2020.0,2300.0,80.0,116.0,10568.32,138.1,39.131172,-102.942291
3094536,CO,Kit Carson County,Bronco Plains,2020.0,2820.0,89.0,127.0,12667.69,152.4,39.095753,-102.985588
3095289,CO,Kit Carson County,Bronco Plains,2020.0,2300.0,80.0,116.0,10568.32,138.1,39.130772,-102.936691
3094802,CO,Kit Carson County,Bronco Plains,2020.0,2300.0,80.0,116.0,10568.32,138.1,39.154835,-102.951988
3095574,CO,Kit Carson County,Bronco Plains,2020.0,2820.0,89.0,127.0,12667.69,152.4,39.160454,-102.984489
3094587,CO,Kit Carson County,Bronco Plains,2020.0,2820.0,89.0,127.0,12667.69,152.4,39.114033,-102.939789
3094164,CO,Kit Carson County,Bronco Plains,2020.0,2820.0,89.0,127.0,12667.69,152.4,39.071144,-103.11779
3095819,CO,Kit Carson County,Bronco Plains,2020.0,2820.0,89.0,127.0,12667.69,152.4,39.131142,-102.999794
3094521,CO,Kit Carson County,Bronco Plains,2020.0,2820.0,89.0,127.0,12667.69,152.4,39.043812,-103.120987
3094542,CO,Kit Carson County,Bronco Plains,2020.0,2820.0,89.0,127.0,12667.69,152.4,39.050392,-102.924088
3093525,CO,Kit Carson County,Bronco Plains,2020.0,2820.0,89.0,127.0,12667.69,152.4,39.064583,-103.10379
3093640,CO,Kit Carson County,Bronco Plains,2020.0,2820.0,89.0,127.0,12667.69,152.4,39.073635,-102.993294
3093602,CO,Kit Carson County,Bronco Plains,2020.0,2820.0,89.0,127.0,12667.69,152.4,39.134815,-102.984291
3093636,CO,Kit Carson County,Bronco Plains,2020.0,2820.0,89.0,127.0,12667.69,152.4,39.067493,-103.077789
3095561,CO,Kit Carson County,Bronco Plains,2020.0,2820.0,89.0,127.0,12667.69,152.4,39.061512,-103.011993
3094839,CO,Kit Carson County,Bronco Plains,2020.0,2820.0,89.0,127.0,12667.69,152.4,39.144215,-102.997391
3093865,CO,Kit Carson County,Bronco Plains,2020.0,2820.0,89.0,127.0,12667.69,152.4,39.094963,-103.024689
3094678,CO,Kit Carson County,Bronco Plains,2020.0,2820.0,89.0,127.0,12667.69,152.4,39.059483,-103.076591
3094620,CO,Kit Carson County,Bronco Plains,2020.0,2300.0,80.0,116.0,10568.32,138.1,39.151165,-102.961288
3093586,CO,Kit Carson County,Bronco Plains,2020.0,2820.0,89.0,127.0,12667.69,152.4,39.114914,-102.945892
3094845,CO,Kit Carson County,Bronco Plains,2020.0,2820.0,89.0,127.0,12667.69,152.4,39.077824,-102.96109
3094754,CO,Kit Carson County,Bronco Plains,2020.0,2820.0,89.0,127.0,12667.69,152.4,39.075062,-103.058388
3094179,CO,Kit Carson County,Bronco Plains,2020.0,2820.0,89.0,127.0,12667.69,152.4,39.089333,-103.040993
3093988,CO,Kit Carson County,Bronco Plains,2020.0,2820.0,89.0,127.0,12667.69,152.4,39.161884,-102.979988
3094161,CO,Kit Carson County,Bronco Plains,2020.0,2300.0,80.0,116.0,10568.32,138.1,39.152042,-102.956787
3093622,CO,Kit Carson County,Bronco Plains,2020.0,2820.0,89.0,127.0,12667.69,152.4,39.167152,-102.975189
3095686,CO,Kit Carson County,Bronco Plains,2020.0,2820.0,89.0,127.0,12667.69,152.4,39.077763,-102.977989
3094955,CO,Kit Carson County,Bronco Plains,2020.0,2820.0,89.0,127.0,12667.69,152.4,39.044292,-102.937492
3093649,CO,Kit Carson County,Bronco Plains,2020.0,2820.0,89.0,127.0,12667.69,152.4,39.049503,-102.967491
3094188,CO,Kit Carson County,Bronco Plains,2020.0,2820.0,89.0,127.0,12667.69,152.4,39.073982,-102.987488
3095682,CO,Kit Carson County,Bronco Plains,2020.0,2820.0,89.0,127.0,12667.69,152.4,39.050732,-102.973289
3094172,CO,Kit Carson County,Bronco Plains,2020.0,2820.0,89.0,127.0,12667.69,152.4,39.054962,-103.048393
3095214,CO,Kit Carson County,Bronco Plains,2020.0,2820.0,89.0,127.0,12667.69,152.4,39.108864,-103.020493
3094282,CO,Kit Carson County,Bronco Plains,2020.0,2820.0,89.0,127.0,12667.69,152.4,39.042503,-102.959587
3094171,CO,Kit Carson County,Bronco Plains,2020.0,2820.0,89.0,127.0,12667.69,152.4,39.061882,-103.029488
3093518,CO,Kit Carson County,Bronco Plains,2020.0,2820.0,89.0,127.0,12667.69,152.4,39.045734,-102.955688
3095184,CO,Kit Carson County,Bronco Plains,2020.0,2820.0,89.0,127.0,12667.69,152.4,39.052555,-102.991188
3093694,CO,Kit Carson County,Bronco Plains,2020.0,2820.0,89.0,127.0,12667.69,152.4,39.141182,-102.975487
3095471,CO,Kit Carson County,Bronco Plains,2020.0,2820.0,89.0,127.0,12667.69,152.4,39.092793,-103.060791
3094410,CO,Kit Carson County,Bronco Plains,2020.0,2820.0,89.0,127.0,12667.69,152.4,39.067375,-103.08429
3095097,CO,Kit Carson County,Bronco Plains,2020.0,2820.0,89.0,127.0,12667.69,152.4,39.093864,-103.017494
3094769,CO,Kit Carson County,Bronco Plains,2020.0,2820.0,89.0,127.0,12667.69,152.4,39.044594,-102.931793
3094841,CO,Kit Carson County,Bronco Plains,2020.0,2300.0,80.0,116.0,10568.32,138.1,39.113335,-102.962891
3094469,CO,Kit Carson County,Bronco Plains,2020.0,2820.0,89.0,127.0,12667.69,152.4,39.110344,-103.068192
3093570,CO,Kit Carson County,Bronco Plains,2020.0,2820.0,89.0,127.0,12667.69,152.4,39.093552,-103.030693
3093584,CO,Kit Carson County,Bronco Plains,2020.0,2820.0,89.0,127.0,12667.69,152.4,39.114502,-103.058693
3093912,CO,Kit Carson County,Bronco Plains,2020.0,2820.0,89.0,127.0,12667.69,152.4,39.060204,-103.005592
3094170,CO,Kit Carson County,Bronco Plains,2020.0,2820.0,89.0,127.0,12667.69,152.4,39.062164,-103.023888
3094182,CO,Kit Carson County,Bronco Plains,2020.0,2300.0,80.0,116.0,10568.32,138.1,39.117065,-102.953194
3095547,CO,Kit Carson County,Bronco Plains,2020.0,2820.0,89.0,127.0,12667.69,152.4,39.094032,-103.011589
3094912,CO,Kit Carson County,Bronco Plains,2020.0,2820.0,89.0,127.0,12667.69,152.4,39.071274,-103.061493
3094213,CO,Kit Carson County,Bronco Plains,2020.0,2820.0,89.0,127.0,12667.69,152.4,39.110073,-102.973289
3094462,CO,Kit Carson County,Bronco Plains,2020.0,2820.0,89.0,127.0,12667.69,152.4,39.089024,-103.109787
3094457,CO,Kit Carson County,Bronco Plains,2020.0,2820.0,89.0,127.0,12667.69,152.4,39.084652,-103.066788
3094806,CO,Kit Carson County,Bronco Plains,2020.0,2820.0,89.0,127.0,12667.69,152.4,39.046272,-102.944191
3094210,CO,Kit Carson County,Bronco Plains,2020.0,2820.0,89.0,127.0,12667.69,152.4,39.076443,-103.099289
3094190,CO,Kit Carson County,Bronco Plains,2020.0,2820.0,89.0,127.0,12667.69,152.4,39.064892,-103.09539
3095488,CO,Kit Carson County,Bronco Plains,2020.0,2820.0,89.0,127.0,12667.69,152.4,39.084972,-103.044388
3095491,CO,Kit Carson County,Bronco Plains,2020.0,2820.0,89.0,127.0,12667.69,152.4,39.055183,-103.042694
3094354,CO,Kit Carson County,Bronco Plains,2020.0,2820.0,89.0,127.0,12667.69,152.4,39.049225,-103.076591
3095473,CO,Kit Carson County,Bronco Plains,2020.0,2820.0,89.0,127.0,12667.69,152.4,39.131775,-102.994087
3094443,CO,Kit Carson County,Bronco Plains,2020.0,2820.0,89.0,127.0,12667.69,152.4,39.069263,-103.06649
3095524,CO,Kit Carson County,Bronco Plains,2020.0,2820.0,89.0,127.0,12667.69,152.4,39.141243,-103.009689
3094932,CO,Kit Carson County,Bronco Plains,2020.0,2820.0,89.0,127.0,12667.69,152.4,39.055965,-103.066391
3093857,CO,Kit Carson County,Bronco Plains,2020.0,2820.0,89.0,127.0,12667.69,152.4,39.060455,-103.017288
3095309,CO,Kit Carson County,Bronco Plains,2020.0,2820.0,89.0,127.0,12667.69,152.4,39.131035,-103.018288
3094280,CO,Kit Carson County,Bronco Plains,2020.0,2820.0,89.0,127.0,12667.69,152.4,39.110413,-103.009689
3095117,CO,Kit Carson County,Bronco Plains,2020.0,2820.0,89.0,127.0,12667.69,152.4,39.051983,-103.112289
3093859,CO,Kit Carson County,Bronco Plains,2020.0,2820.0,89.0,127.0,12667.69,152.4,39.094875,-103.005089
3094139,CO,Kit Carson County,Bronco Plains,2020.0,2820.0,89.0,127.0,12667.69,152.4,39.080452,-102.96759
3094037,CO,Kit Carson County,Bronco Plains,2020.0,2820.0,89.0,127.0,12667.69,152.4,39.078625,-103.081192
3095080,CO,Kit Carson County,Bronco Plains,2020.0,2820.0,89.0,127.0,12667.69,152.4,39.141445,-103.003487
3095567,CO,Kit Carson County,Bronco Plains,2020.0,2820.0,89.0,127.0,12667.69,152.4,39.058144,-103.038689
3094030,CO,Kit Carson County,Bronco Plains,2020.0,2820.0,89.0,127.0,12667.69,152.4,39.148365,-102.992989
3094165,CO,Kit Carson County,Bronco Plains,2020.0,2820.0,89.0,127.0,12667.69,152.4,39.066162,-103.110893
3132581,CO,Kit Carson County,Bronco Plains Wind II,2023.0,2820.0,89.0,127.0,12667.69,152.4,39.208111,-102.937798
3132575,CO,Kit Carson County,Bronco Plains Wind II,2023.0,2820.0,89.0,127.0,12667.69,152.4,39.226402,-103.030418
3131812,CO,Kit Carson County,Bronco Plains Wind II,2023.0,2820.0,89.0,127.0,12667.69,152.4,39.24073,-102.917679
3132281,CO,Kit Carson County,Bronco Plains Wind II,2023.0,2820.0,89.0,127.0,12667.69,152.4,39.191101,-103.078499
3132106,CO,Kit Carson County,Bronco Plains Wind II,2023.0,2820.0,89.0,127.0,12667.69,152.4,39.206127,-102.928009
3132133,CO,Kit Carson County,Bronco Plains Wind II,2023.0,2820.0,89.0,127.0,12667.69,152.4,39.251244,-102.878929
3131711,CO,Kit Carson County,Bronco Plains Wind II,2023.0,2820.0,89.0,127.0,12667.69,152.4,39.189407,-103.055199
3132524,CO,Kit Carson County,Bronco Plains Wind II,2023.0,2820.0,89.0,127.0,12667.69,152.4,39.230209,-102.915428
3132212,CO,Kit Carson County,Bronco Plains Wind II,2023.0,2320.0,90.0,116.0,10568.32,148.1,39.245205,-102.995003
3132506,CO,Kit Carson County,Bronco Plains Wind II,2023.0,2820.0,89.0,127.0,12667.69,152.4,39.20113,-102.951813
3132312,CO,Kit Carson County,Bronco Plains Wind II,2023.0,2820.0,89.0,127.0,12667.69,152.4,39.189152,-103.070938
3131769,CO,Kit Carson County,Bronco Plains Wind II,2023.0,2820.0,89.0,127.0,12667.69,152.4,39.205605,-102.943428
3131513,CO,Kit Carson County,Bronco Plains Wind II,2023.0,2820.0,89.0,127.0,12667.69,152.4,39.144566,-103.059204
3131531,CO,Kit Carson County,Bronco Plains Wind II,2023.0,2820.0,89.0,127.0,12667.69,152.4,39.217152,-102.946953
3129480,CO,Kit Carson County,Bronco Plains Wind II,2023.0,2820.0,89.0,127.0,12667.69,152.4,39.211342,-102.900818
3131527,CO,Kit Carson County,Bronco Plains Wind II,2023.0,2820.0,89.0,127.0,12667.69,152.4,39.16798,-103.041588
3131518,CO,Kit Carson County,Bronco Plains Wind II,2023.0,2320.0,90.0,116.0,10568.32,148.1,39.25436,-103.0084
3131560,CO,Kit Carson County,Bronco Plains Wind II,2023.0,2820.0,89.0,127.0,12667.69,152.4,39.202213,-103.051483
3131714,CO,Kit Carson County,Bronco Plains Wind II,2023.0,2820.0,89.0,127.0,12667.69,152.4,39.162155,-103.053642
3131564,CO,Kit Carson County,Bronco Plains Wind II,2023.0,2820.0,89.0,127.0,12667.69,152.4,39.241184,-102.878059
3132158,CO,Kit Carson County,Bronco Plains Wind II,2023.0,2820.0,89.0,127.0,12667.69,152.4,39.206596,-102.978752
3129142,CO,Kit Carson County,Bronco Plains Wind II,2023.0,2820.0,89.0,127.0,12667.69,152.4,39.210819,-102.90686
3131502,CO,Kit Carson County,Bronco Plains Wind II,2023.0,2820.0,89.0,127.0,12667.69,152.4,39.191002,-102.939331
3132211,CO,Kit Carson County,Bronco Plains Wind II,2023.0,2320.0,90.0,116.0,10568.32,148.1,39.245983,-102.981499
3131734,CO,Kit Carson County,Bronco Plains Wind II,2023.0,2820.0,89.0,127.0,12667.69,152.4,39.211632,-102.924019
3131565,CO,Kit Carson County,Bronco Plains Wind II,2023.0,2820.0,89.0,127.0,12667.69,152.4,39.260525,-102.887718
3131956,CO,Kit Carson County,Bronco Plains Wind II,2023.0,2820.0,89.0,127.0,12667.69,152.4,39.216785,-102.940193
3132313,CO,Kit Carson County,Bronco Plains Wind II,2023.0,2820.0,89.0,127.0,12667.69,152.4,39.184956,-102.953171
3132168,CO,Kit Carson County,Bronco Plains Wind II,2023.0,2820.0,89.0,127.0,12667.69,152.4,39.169392,-103.031219
3131636,CO,Kit Carson County,Bronco Plains Wind II,2023.0,2820.0,89.0,127.0,12667.69,152.4,39.248802,-102.89035
3132571,CO,Kit Carson County,Bronco Plains Wind II,2023.0,2820.0,89.0,127.0,12667.69,152.4,39.204445,-102.914124
3131515,CO,Kit Carson County,Bronco Plains Wind II,2023.0,2820.0,89.0,127.0,12667.69,152.4,39.154865,-103.057503
3131504,CO,Kit Carson County,Bronco Plains Wind II,2023.0,2820.0,89.0,127.0,12667.69,152.4,39.190849,-102.962929
3131552,CO,Kit Carson County,Bronco Plains Wind II,2023.0,2820.0,89.0,127.0,12667.69,152.4,39.182896,-103.066261
3131925,CO,Kit Carson County,Bronco Plains Wind II,2023.0,2820.0,89.0,127.0,12667.69,152.4,39.20842,-102.989571
3132048,CO,Kit Carson County,Bronco Plains Wind II,2023.0,2820.0,89.0,127.0,12667.69,152.4,39.230122,-102.990417
3131551,CO,Kit Carson County,Bronco Plains Wind II,2023.0,2820.0,89.0,127.0,12667.69,152.4,39.220291,-102.933868
3131985,CO,Kit Carson County,Bronco Plains Wind II,2023.0,2320.0,90.0,116.0,10568.32,148.1,39.255669,-103.013908
3132233,CO,Kit Carson County,Bronco Plains Wind II,2023.0,2820.0,89.0,127.0,12667.69,152.4,39.230267,-102.99733
3131958,CO,Kit Carson County,Bronco Plains Wind II,2023.0,2820.0,89.0,127.0,12667.69,152.4,39.201744,-103.057617
3132090,CO,Kit Carson County,Bronco Plains Wind II,2023.0,2820.0,89.0,127.0,12667.69,152.4,39.270142,-102.880249
3131573,CO,Kit Carson County,Bronco Plains Wind II,2023.0,2820.0,89.0,127.0,12667.69,152.4,39.208744,-103.007927
3131550,CO,Kit Carson County,Bronco Plains Wind II,2023.0,2820.0,89.0,127.0,12667.69,152.4,39.187946,-103.016838
3131561,CO,Kit Carson County,Bronco Plains Wind II,2023.0,2820.0,89.0,127.0,12667.69,152.4,39.190315,-103.064362
3132430,CO,Kit Carson County,Bronco Plains Wind II,2023.0,2820.0,89.0,127.0,12667.69,152.4,39.206608,-103.00087
3132066,CO,Kit Carson County,Bronco Plains Wind II,2023.0,2820.0,89.0,127.0,12667.69,152.4,39.236656,-103.022728
3132476,CO,Kit Carson County,Bronco Plains Wind II,2023.0,2820.0,89.0,127.0,12667.69,152.4,39.187393,-103.046318
3131562,CO,Kit Carson County,Bronco Plains Wind II,2023.0,2820.0,89.0,127.0,12667.69,152.4,39.251457,-102.977089
3132347,CO,Kit Carson County,Bronco Plains Wind II,2023.0,2820.0,89.0,127.0,12667.69,152.4,39.252941,-102.97168
3131517,CO,Kit Carson County,Bronco Plains Wind II,2023.0,2820.0,89.0,127.0,12667.69,152.4,39.190643,-103.011589
3132206,CO,Kit Carson County,Bronco Plains Wind II,2023.0,2820.0,89.0,127.0,12667.69,152.4,39.190563,-103.004662
3132325,CO,Kit Carson County,Bronco Plains Wind II,2023.0,2820.0,89.0,127.0,12667.69,152.4,39.207077,-102.984352
3129186,CO,Kit Carson County,Bronco Plains Wind II,2023.0,2820.0,89.0,127.0,12667.69,152.4,39.241188,-102.895317
3129920,CO,Kit Carson County,Bronco Plains Wind II,2023.0,2320.0,90.0,116.0,10568.32,148.1,39.241318,-102.900848
3131581,CO,Kit Carson County,Bronco Plains Wind II,2023.0,2820.0,89.0,127.0,12667.69,152.4,39.208458,-102.957458
3132532,CO,Kit Carson County,Bronco Plains Wind II,2023.0,2820.0,89.0,127.0,12667.69,152.4,39.232994,-103.003387
3131856,CO,Kit Carson County,Bronco Plains Wind II,2023.0,2820.0,89.0,127.0,12667.69,152.4,39.219238,-103.04039
3132479,CO,Kit Carson County,Bronco Plains Wind II,2023.0,2820.0,89.0,127.0,12667.69,152.4,39.235813,-103.01342
3132321,CO,Kit Carson County,Bronco Plains Wind II,2023.0,2820.0,89.0,127.0,12667.69,152.4,39.191124,-102.948868
3132109,CO,Kit Carson County,Bronco Plains Wind II,2023.0,2820.0,89.0,127.0,12667.69,152.4,39.238018,-103.0317
3131558,CO,Kit Carson County,Bronco Plains Wind II,2023.0,2820.0,89.0,127.0,12667.69,152.4,39.211807,-102.917458
3131576,CO,Kit Carson County,Bronco Plains Wind II,2023.0,2820.0,89.0,127.0,12667.69,152.4,39.167095,-103.048134
3131833,CO,Kit Carson County,Bronco Plains Wind II,2023.0,2820.0,89.0,127.0,12667.69,152.4,39.181473,-102.96624
3131656,CO,Kit Carson County,Bronco Plains Wind II,2023.0,2320.0,90.0,116.0,10568.32,148.1,39.24482,-102.988548
3132487,CO,Kit Carson County,Bronco Plains Wind II,2023.0,2820.0,89.0,127.0,12667.69,152.4,39.224735,-102.943268
3129879,CO,Kit Carson County,Bronco Plains Wind II,2023.0,2320.0,90.0,116.0,10568.32,148.1,39.253395,-103.020378
3132278,CO,Kit Carson County,Bronco Plains Wind II,2023.0,2820.0,89.0,127.0,12667.69,152.4,39.18848,-102.980171
3128926,CO,Kit Carson County,Bronco Plains Wind II,2023.0,2320.0,90.0,116.0,10568.32,148.1,39.240658,-102.907387
3132162,CO,Kit Carson County,Bronco Plains Wind II,2023.0,2820.0,89.0,127.0,12667.69,152.4,39.261002,-102.882294
3131507,CO,Kit Carson County,Bronco Plains Wind II,2023.0,2820.0,89.0,127.0,12667.69,152.4,39.189926,-102.97271
3131724,CO,Kit Carson County,Bronco Plains Wind II,2023.0,2820.0,89.0,127.0,12667.69,152.4,39.269634,-102.888329
3129556,CO,Kit Carson County,Bronco Plains Wind II,2023.0,2820.0,89.0,127.0,12667.69,152.4,39.203327,-102.896584
3035395,IL,Brown County,Brown County Wind Turbine,2011.0,1500.0,85.0,74.0,4300.84,121.9,39.973492,-90.699394
3014715,IL,Bureau County,Bureau Valley School District,2004.0,660.0,66.0,47.0,1734.94,89.6,41.453392,-89.678192
3040879,CO,Huerfano County,Busch Ranch,2012.0,1800.0,80.0,100.0,7853.98,130.1,37.785095,-104.478287
3039887,CO,Huerfano County,Busch Ranch,2012.0,1800.0,80.0,100.0,7853.98,130.1,37.772896,-104.455887
3040880,CO,Huerfano County,Busch Ranch,2012.0,1800.0,80.0,100.0,7853.98,130.1,37.782394,-104.47599
3040883,CO,Huerfano County,Busch Ranch,2012.0,1800.0,80.0,100.0,7853.98,130.1,37.776196,-104.461288
3040878,CO,Huerfano County,Busch Ranch,2012.0,1800.0,80.0,100.0,7853.98,130.1,37.787792,-104.480591
3040874,CO,Huerfano County,Busch Ranch,2012.0,1800.0,80.0,100.0,7853.98,130.1,37.798492,-104.489792
3040877,CO,Huerfano County,Busch Ranch,2012.0,1800.0,80.0,100.0,7853.98,130.1,37.791393,-104.480591
3039889,CO,Huerfano County,Busch Ranch,2012.0,1800.0,80.0,100.0,7853.98,130.1,37.765293,-104.452988
3040875,CO,Huerfano County,Busch Ranch,2012.0,1800.0,80.0,100.0,7853.98,130.1,37.795795,-104.487488
3040873,CO,Huerfano County,Busch Ranch,2012.0,1800.0,80.0,100.0,7853.98,130.1,37.801193,-104.491989
3040876,CO,Huerfano County,Busch Ranch,2012.0,1800.0,80.0,100.0,7853.98,130.1,37.793095,-104.485191
3040881,CO,Huerfano County,Busch Ranch,2012.0,1800.0,80.0,100.0,7853.98,130.1,37.779594,-104.473488
3040884,CO,Huerfano County,Busch Ranch,2012.0,1800.0,80.0,100.0,7853.98,130.1,37.774395,-104.458687
3039888,CO,Huerfano County,Busch Ranch,2012.0,1800.0,80.0,100.0,7853.98,130.1,37.767193,-104.455391
3039890,CO,Huerfano County,Busch Ranch,2012.0,1800.0,80.0,100.0,7853.98,130.1,37.762894,-104.451187
3040882,CO,Huerfano County,Busch Ranch,2012.0,1800.0,80.0,100.0,7853.98,130.1,37.776493,-104.470787
3094658,CO,Huerfano County,Busch Ranch II,2019.0,2200.0,80.0,120.0,11309.73,139.9,37.799282,-104.441193
3094192,CO,Las Animas County,Busch Ranch II,2019.0,2200.0,80.0,120.0,11309.73,139.9,37.761143,-104.382889
3093863,CO,Las Animas County,Busch Ranch II,2019.0,2200.0,80.0,120.0,11309.73,139.9,37.756023,-104.381187
3094187,CO,Las Animas County,Busch Ranch II,2019.0,2200.0,80.0,120.0,11309.73,139.9,37.753773,-104.439789
3095072,CO,Las Animas County,Busch Ranch II,2019.0,2200.0,80.0,120.0,11309.73,139.9,37.764412,-104.428291
3095707,CO,Huerfano County,Busch Ranch II,2019.0,2200.0,80.0,120.0,11309.73,139.9,37.794453,-104.441193
3094314,CO,Huerfano County,Busch Ranch II,2019.0,2200.0,80.0,120.0,11309.73,139.9,37.785423,-104.410591
3093825,CO,Huerfano County,Busch Ranch II,2019.0,2200.0,80.0,120.0,11309.73,139.9,37.754284,-104.460587
3094199,CO,Huerfano County,Busch Ranch II,2019.0,2200.0,80.0,120.0,11309.73,139.9,37.791733,-104.403389
3093526,CO,Huerfano County,Busch Ranch II,2019.0,2200.0,80.0,120.0,11309.73,139.9,37.757706,-104.442291
3094338,CO,Huerfano County,Busch Ranch II,2019.0,2200.0,80.0,120.0,11309.73,139.9,37.796265,-104.404388
3095483,CO,Huerfano County,Busch Ranch II,2019.0,2200.0,80.0,120.0,11309.73,139.9,37.789803,-104.441193
3094191,CO,Las Animas County,Busch Ranch II,2019.0,2200.0,80.0,120.0,11309.73,139.9,37.749935,-104.436188
3094299,CO,Huerfano County,Busch Ranch II,2019.0,2200.0,80.0,120.0,11309.73,139.9,37.769352,-104.433189
3094275,CO,Huerfano County,Busch Ranch II,2019.0,2200.0,80.0,120.0,11309.73,139.9,37.782166,-104.407288
3095744,CO,Huerfano County,Busch Ranch II,2019.0,2200.0,80.0,120.0,11309.73,139.9,37.785313,-104.441193
3095617,CO,Huerfano County,Busch Ranch II,2019.0,2200.0,80.0,120.0,11309.73,139.9,37.804283,-104.40699
3094555,CO,Huerfano County,Busch Ranch II,2019.0,2200.0,80.0,120.0,11309.73,139.9,37.800785,-104.405388
3093520,CO,Huerfano County,Busch Ranch II,2019.0,2200.0,80.0,120.0,11309.73,139.9,37.751034,-104.456993
3095619,CO,Las Animas County,Busch Ranch II,2019.0,2200.0,80.0,120.0,11309.73,139.9,37.768772,-104.388893
3095769,CO,Las Animas County,Busch Ranch II,2019.0,2200.0,80.0,120.0,11309.73,139.9,37.771175,-104.393288
3094748,CO,Huerfano County,Busch Ranch II,2019.0,2200.0,80.0,120.0,11309.73,139.9,37.780922,-104.440887
3094250,CO,Las Animas County,Busch Ranch II,2019.0,2200.0,80.0,120.0,11309.73,139.9,37.765793,-104.385193
3094780,CO,Las Animas County,Busch Ranch II,2019.0,2200.0,80.0,120.0,11309.73,139.9,37.780212,-104.402588
3094195,CO,Las Animas County,Busch Ranch II,2019.0,2200.0,80.0,120.0,11309.73,139.9,37.772335,-104.402893
3095056,CO,Huerfano County,Busch Ranch II,2019.0,2200.0,80.0,120.0,11309.73,139.9,37.804085,-104.441193
3094186,CO,Huerfano County,Busch Ranch II,2019.0,2200.0,80.0,120.0,11309.73,139.9,37.759064,-104.448288
3043214,IL,Vermilion County,California Ridge,2012.0,1620.0,100.0,100.0,7853.98,150.0,40.188293,-87.816093
3039287,IL,Vermilion County,California Ridge,2012.0,1620.0,100.0,100.0,7853.98,150.0,40.184593,-87.87059
3043145,IL,Champaign County,California Ridge,2012.0,1620.0,100.0,100.0,7853.98,150.0,40.241993,-87.998497
3039290,IL,Vermilion County,California Ridge,2012.0,1620.0,100.0,100.0,7853.98,150.0,40.18819,-87.811394
3043171,IL,Vermilion County,California Ridge,2012.0,1620.0,100.0,100.0,7853.98,150.0,40.244991,-87.884193
3043129,IL,Vermilion County,California Ridge,2012.0,1620.0,100.0,100.0,7853.98,150.0,40.210491,-87.926598
3043091,IL,Champaign County,California Ridge,2012.0,1620.0,100.0,100.0,7853.98,150.0,40.221191,-87.990997
3043118,IL,Champaign County,California Ridge,2012.0,1620.0,100.0,100.0,7853.98,150.0,40.242191,-88.010597
3043099,IL,Vermilion County,California Ridge,2012.0,1620.0,100.0,100.0,7853.98,150.0,40.236591,-87.901596
3043153,IL,Champaign County,California Ridge,2012.0,1620.0,100.0,100.0,7853.98,150.0,40.236492,-88.008293
3043194,IL,Vermilion County,California Ridge,2012.0,1620.0,100.0,100.0,7853.98,150.0,40.22179,-87.842094
3039283,IL,Vermilion County,California Ridge,2012.0,1620.0,100.0,100.0,7853.98,150.0,40.187592,-87.907593
3039249,IL,Vermilion County,California Ridge,2012.0,1620.0,100.0,100.0,7853.98,150.0,40.177094,-87.862991
3043223,IL,Vermilion County,California Ridge,2012.0,1620.0,100.0,100.0,7853.98,150.0,40.187191,-87.774994
3043172,IL,Vermilion County,California Ridge,2012.0,1620.0,100.0,100.0,7853.98,150.0,40.244392,-87.874397
3043094,IL,Champaign County,California Ridge,2012.0,1620.0,100.0,100.0,7853.98,150.0,40.24649,-87.932991
3039280,IL,Champaign County,California Ridge,2012.0,1620.0,100.0,100.0,7853.98,150.0,40.241993,-87.994797
3043201,IL,Vermilion County,California Ridge,2012.0,1620.0,100.0,100.0,7853.98,150.0,40.178993,-87.851494
3043178,IL,Vermilion County,California Ridge,2012.0,1620.0,100.0,100.0,7853.98,150.0,40.208794,-87.898392
3043199,IL,Vermilion County,California Ridge,2012.0,1620.0,100.0,100.0,7853.98,150.0,40.184193,-87.865395
3043217,IL,Vermilion County,California Ridge,2012.0,1620.0,100.0,100.0,7853.98,150.0,40.177292,-87.816994
3043197,IL,Vermilion County,California Ridge,2012.0,1620.0,100.0,100.0,7853.98,150.0,40.205193,-87.858597
3043183,IL,Vermilion County,California Ridge,2012.0,1620.0,100.0,100.0,7853.98,150.0,40.190693,-87.899895
3043163,IL,Vermilion County,California Ridge,2012.0,1620.0,100.0,100.0,7853.98,150.0,40.216892,-87.920494
3043151,IL,Champaign County,California Ridge,2012.0,1620.0,100.0,100.0,7853.98,150.0,40.266792,-87.975296
3043093,IL,Champaign County,California Ridge,2012.0,1620.0,100.0,100.0,7853.98,150.0,40.222492,-87.973297
3043203,IL,Vermilion County,California Ridge,2012.0,1620.0,100.0,100.0,7853.98,150.0,40.204491,-87.839592
3043123,IL,Vermilion County,California Ridge,2012.0,1620.0,100.0,100.0,7853.98,150.0,40.252193,-87.921494
3043218,IL,Vermilion County,California Ridge,2012.0,1620.0,100.0,100.0,7853.98,150.0,40.202393,-87.802391
3043121,IL,Champaign County,California Ridge,2012.0,1620.0,100.0,100.0,7853.98,150.0,40.249992,-87.94519
3043211,IL,Vermilion County,California Ridge,2012.0,1620.0,100.0,100.0,7853.98,150.0,40.200493,-87.81459
3043149,IL,Champaign County,California Ridge,2012.0,1620.0,100.0,100.0,7853.98,150.0,40.234692,-88.004593
3043132,IL,Vermilion County,California Ridge,2012.0,1620.0,100.0,100.0,7853.98,150.0,40.221291,-87.875496
3043192,IL,Vermilion County,California Ridge,2012.0,1620.0,100.0,100.0,7853.98,150.0,40.232094,-87.839394
3043207,IL,Vermilion County,California Ridge,2012.0,1620.0,100.0,100.0,7853.98,150.0,40.195393,-87.835197
3039289,IL,Vermilion County,California Ridge,2012.0,1620.0,100.0,100.0,7853.98,150.0,40.176991,-87.868896
3043155,IL,Vermilion County,California Ridge,2012.0,1620.0,100.0,100.0,7853.98,150.0,40.187393,-87.926491
3043131,IL,Vermilion County,California Ridge,2012.0,1620.0,100.0,100.0,7853.98,150.0,40.198692,-87.934196
3043180,IL,Vermilion County,California Ridge,2012.0,1620.0,100.0,100.0,7853.98,150.0,40.212791,-87.883392
3082087,IL,Vermilion County,California Ridge,2012.0,1620.0,100.0,100.0,7853.98,150.0,40.210625,-87.937347
3043161,IL,Vermilion County,California Ridge,2012.0,1620.0,100.0,100.0,7853.98,150.0,40.228291,-87.906693
3043095,IL,Champaign County,California Ridge,2012.0,1620.0,100.0,100.0,7853.98,150.0,40.234894,-87.935196
3043175,IL,Vermilion County,California Ridge,2012.0,1620.0,100.0,100.0,7853.98,150.0,40.236191,-87.874992
3043204,IL,Vermilion County,California Ridge,2012.0,1620.0,100.0,100.0,7853.98,150.0,40.207993,-87.828697
3043122,IL,Champaign County,California Ridge,2012.0,1620.0,100.0,100.0,7853.98,150.0,40.244892,-87.938995
3039281,IL,Vermilion County,California Ridge,2012.0,1620.0,100.0,100.0,7853.98,150.0,40.252693,-87.913994
3043154,IL,Champaign County,California Ridge,2012.0,1620.0,100.0,100.0,7853.98,150.0,40.236992,-87.939995
3039282,IL,Vermilion County,California Ridge,2012.0,1620.0,100.0,100.0,7853.98,150.0,40.234791,-87.922791
3043168,IL,Vermilion County,California Ridge,2012.0,1620.0,100.0,100.0,7853.98,150.0,40.253391,-87.886993
3043130,IL,Vermilion County,California Ridge,2012.0,1620.0,100.0,100.0,7853.98,150.0,40.198391,-87.927895
3043187,IL,Vermilion County,California Ridge,2012.0,1620.0,100.0,100.0,7853.98,150.0,40.178993,-87.887596
3043116,IL,Champaign County,California Ridge,2012.0,1620.0,100.0,100.0,7853.98,150.0,40.24229,-87.983498
3039760,IL,Vermilion County,California Ridge,2012.0,1620.0,100.0,100.0,7853.98,150.0,40.242691,-87.842094
3043157,IL,Vermilion County,California Ridge,2012.0,1620.0,100.0,100.0,7853.98,150.0,40.250992,-87.895691
3043126,IL,Vermilion County,California Ridge,2012.0,1620.0,100.0,100.0,7853.98,150.0,40.234894,-87.926598
3043208,IL,Vermilion County,California Ridge,2012.0,1620.0,100.0,100.0,7853.98,150.0,40.197594,-87.827194
3043112,IL,Vermilion County,California Ridge,2012.0,1620.0,100.0,100.0,7853.98,150.0,40.222591,-87.880898
3043148,IL,Champaign County,California Ridge,2012.0,1620.0,100.0,100.0,7853.98,150.0,40.234592,-87.995491
3043092,IL,Champaign County,California Ridge,2012.0,1620.0,100.0,100.0,7853.98,150.0,40.266693,-87.979294
3043219,IL,Vermilion County,California Ridge,2012.0,1620.0,100.0,100.0,7853.98,150.0,40.199493,-87.790092
3043191,IL,Vermilion County,California Ridge,2012.0,1620.0,100.0,100.0,7853.98,150.0,40.231892,-87.843796
3043144,IL,Champaign County,California Ridge,2012.0,1620.0,100.0,100.0,7853.98,150.0,40.243092,-88.004791
3043182,IL,Vermilion County,California Ridge,2012.0,1620.0,100.0,100.0,7853.98,150.0,40.213791,-87.871796
3043221,IL,Vermilion County,California Ridge,2012.0,1620.0,100.0,100.0,7853.98,150.0,40.191692,-87.795891
3043209,IL,Vermilion County,California Ridge,2012.0,1620.0,100.0,100.0,7853.98,150.0,40.18819,-87.830597
3039286,IL,Vermilion County,California Ridge,2012.0,1620.0,100.0,100.0,7853.98,150.0,40.19149,-87.865196
3039761,IL,Vermilion County,California Ridge,2012.0,1620.0,100.0,100.0,7853.98,150.0,40.20829,-87.809395
3043195,IL,Vermilion County,California Ridge,2012.0,1620.0,100.0,100.0,7853.98,150.0,40.22179,-87.835991
3043213,IL,Vermilion County,California Ridge,2012.0,1620.0,100.0,100.0,7853.98,150.0,40.188293,-87.822495
3043210,IL,Vermilion County,California Ridge,2012.0,1620.0,100.0,100.0,7853.98,150.0,40.200394,-87.819595
3043188,IL,Vermilion County,California Ridge,2012.0,1620.0,100.0,100.0,7853.98,150.0,40.177593,-87.882294
3043102,IL,Vermilion County,California Ridge,2012.0,1620.0,100.0,100.0,7853.98,150.0,40.231991,-87.849197
3043177,IL,Vermilion County,California Ridge,2012.0,1620.0,100.0,100.0,7853.98,150.0,40.217991,-87.862091
3039285,IL,Vermilion County,California Ridge,2012.0,1620.0,100.0,100.0,7853.98,150.0,40.203693,-87.875496
3043097,IL,Vermilion County,California Ridge,2012.0,1620.0,100.0,100.0,7853.98,150.0,40.222893,-87.926598
3043158,IL,Vermilion County,California Ridge,2012.0,1620.0,100.0,100.0,7853.98,150.0,40.244492,-87.894493
3043198,IL,Vermilion County,California Ridge,2012.0,1620.0,100.0,100.0,7853.98,150.0,40.191994,-87.876694
3043152,IL,Champaign County,California Ridge,2012.0,1620.0,100.0,100.0,7853.98,150.0,40.266991,-87.97039
3043174,IL,Vermilion County,California Ridge,2012.0,1620.0,100.0,100.0,7853.98,150.0,40.235191,-87.880692
3043127,IL,Vermilion County,California Ridge,2012.0,1620.0,100.0,100.0,7853.98,150.0,40.234791,-87.918991
3043173,IL,Vermilion County,California Ridge,2012.0,1620.0,100.0,100.0,7853.98,150.0,40.235291,-87.887093
3043185,IL,Vermilion County,California Ridge,2012.0,1620.0,100.0,100.0,7853.98,150.0,40.177994,-87.899094
3043150,IL,Champaign County,California Ridge,2012.0,1620.0,100.0,100.0,7853.98,150.0,40.230091,-88.008293
3043110,IL,Vermilion County,California Ridge,2012.0,1620.0,100.0,100.0,7853.98,150.0,40.231392,-87.864891
3043181,IL,Vermilion County,California Ridge,2012.0,1620.0,100.0,100.0,7853.98,150.0,40.213192,-87.877693
3043165,IL,Vermilion County,California Ridge,2012.0,1620.0,100.0,100.0,7853.98,150.0,40.200691,-87.912796
3043166,IL,Vermilion County,California Ridge,2012.0,1620.0,100.0,100.0,7853.98,150.0,40.200592,-87.907593
3043120,IL,Champaign County,California Ridge,2012.0,1620.0,100.0,100.0,7853.98,150.0,40.245792,-87.956993
3043167,IL,Vermilion County,California Ridge,2012.0,1620.0,100.0,100.0,7853.98,150.0,40.187492,-87.914597
3043117,IL,Champaign County,California Ridge,2012.0,1620.0,100.0,100.0,7853.98,150.0,40.24509,-87.977997
3043205,IL,Vermilion County,California Ridge,2012.0,1620.0,100.0,100.0,7853.98,150.0,40.195492,-87.84259
3043164,IL,Vermilion County,California Ridge,2012.0,1620.0,100.0,100.0,7853.98,150.0,40.197792,-87.920395
3043159,IL,Vermilion County,California Ridge,2012.0,1620.0,100.0,100.0,7853.98,150.0,40.236393,-87.907494
3043160,IL,Vermilion County,California Ridge,2012.0,1620.0,100.0,100.0,7853.98,150.0,40.235394,-87.895691
3043169,IL,Vermilion County,California Ridge,2012.0,1620.0,100.0,100.0,7853.98,150.0,40.252392,-87.877296
3043103,IL,Vermilion County,California Ridge,2012.0,1620.0,100.0,100.0,7853.98,150.0,40.214592,-87.853096
3043212,IL,Vermilion County,California Ridge,2012.0,1620.0,100.0,100.0,7853.98,150.0,40.200691,-87.809692
3043196,IL,Vermilion County,California Ridge,2012.0,1620.0,100.0,100.0,7853.98,150.0,40.211491,-87.84819
3039288,IL,Vermilion County,California Ridge,2012.0,1620.0,100.0,100.0,7853.98,150.0,40.176991,-87.87429
3043104,IL,Champaign County,California Ridge,2012.0,1620.0,100.0,100.0,7853.98,150.0,40.24929,-87.990593
3043124,IL,Vermilion County,California Ridge,2012.0,1620.0,100.0,100.0,7853.98,150.0,40.246693,-87.925697
3043143,IL,Champaign County,California Ridge,2012.0,1620.0,100.0,100.0,7853.98,150.0,40.246693,-87.995193
3043179,IL,Vermilion County,California Ridge,2012.0,1620.0,100.0,100.0,7853.98,150.0,40.213993,-87.889893
3043101,IL,Vermilion County,California Ridge,2012.0,1620.0,100.0,100.0,7853.98,150.0,40.203392,-87.882195
3043222,IL,Vermilion County,California Ridge,2012.0,1620.0,100.0,100.0,7853.98,150.0,40.185791,-87.784691
3043193,IL,Vermilion County,California Ridge,2012.0,1620.0,100.0,100.0,7853.98,150.0,40.232094,-87.835594
3043186,IL,Vermilion County,California Ridge,2012.0,1620.0,100.0,100.0,7853.98,150.0,40.178192,-87.893394
3043096,IL,Champaign County,California Ridge,2012.0,1620.0,100.0,100.0,7853.98,150.0,40.234791,-87.931396
3043202,IL,Vermilion County,California Ridge,2012.0,1620.0,100.0,100.0,7853.98,150.0,40.207893,-87.835793
3043220,IL,Vermilion County,California Ridge,2012.0,1620.0,100.0,100.0,7853.98,150.0,40.19379,-87.785797
3043115,IL,Champaign County,California Ridge,2012.0,1620.0,100.0,100.0,7853.98,150.0,40.252392,-87.974297
3043190,IL,Vermilion County,California Ridge,2012.0,1620.0,100.0,100.0,7853.98,150.0,40.242691,-87.845993
3043170,IL,Vermilion County,California Ridge,2012.0,1620.0,100.0,100.0,7853.98,150.0,40.248493,-87.87989
3039284,IL,Vermilion County,California Ridge,2012.0,1620.0,100.0,100.0,7853.98,150.0,40.222591,-87.896393
3043098,IL,Vermilion County,California Ridge,2012.0,1620.0,100.0,100.0,7853.98,150.0,40.212494,-87.932198
3043111,IL,Vermilion County,California Ridge,2012.0,1620.0,100.0,100.0,7853.98,150.0,40.222794,-87.888794
3043215,IL,Vermilion County,California Ridge,2012.0,1620.0,100.0,100.0,7853.98,150.0,40.188492,-87.806992
3043109,IL,Champaign County,California Ridge,2012.0,1620.0,100.0,100.0,7853.98,150.0,40.266693,-87.983292
3043100,IL,Vermilion County,California Ridge,2012.0,1620.0,100.0,100.0,7853.98,150.0,40.211891,-87.894997
3039291,IL,Vermilion County,California Ridge,2012.0,1620.0,100.0,100.0,7853.98,150.0,40.185993,-87.780495
3043206,IL,Vermilion County,California Ridge,2012.0,1620.0,100.0,100.0,7853.98,150.0,40.195492,-87.838898
3043156,IL,Vermilion County,California Ridge,2012.0,1620.0,100.0,100.0,7853.98,150.0,40.251091,-87.900093
3043216,IL,Vermilion County,California Ridge,2012.0,1620.0,100.0,100.0,7853.98,150.0,40.176594,-87.823593
3043162,IL,Vermilion County,California Ridge,2012.0,1620.0,100.0,100.0,7853.98,150.0,40.227993,-87.914993
3043176,IL,Vermilion County,California Ridge,2012.0,1620.0,100.0,100.0,7853.98,150.0,40.222092,-87.868896
3043200,IL,Vermilion County,California Ridge,2012.0,1620.0,100.0,100.0,7853.98,150.0,40.177891,-87.857391
3043147,IL,Champaign County,California Ridge,2012.0,1620.0,100.0,100.0,7853.98,150.0,40.242691,-87.990791
3043114,IL,Champaign County,California Ridge,2012.0,1620.0,100.0,100.0,7853.98,150.0,40.258892,-87.970993
3043113,IL,Champaign County,California Ridge,2012.0,1620.0,100.0,100.0,7853.98,150.0,40.257092,-87.977791
3043184,IL,Vermilion County,California Ridge,2012.0,1620.0,100.0,100.0,7853.98,150.0,40.191593,-87.882492
3043119,IL,Champaign County,California Ridge,2012.0,1620.0,100.0,100.0,7853.98,150.0,40.235893,-87.971291
3043128,IL,Vermilion County,California Ridge,2012.0,1620.0,100.0,100.0,7853.98,150.0,40.234993,-87.913292
3043125,IL,Vermilion County,California Ridge,2012.0,1620.0,100.0,100.0,7853.98,150.0,40.247391,-87.917694
3043189,IL,Vermilion County,California Ridge,2012.0,1620.0,100.0,100.0,7853.98,150.0,40.242592,-87.849892
3015889,IL,Marshall County,Camp Grove,2007.0,1500.0,80.0,77.0,4656.63,118.6,41.050392,-89.558594
3015860,IL,Marshall County,Camp Grove,2007.0,1500.0,80.0,77.0,4656.63,118.6,41.03989,-89.618996
3015883,IL,Marshall County,Camp Grove,2007.0,1500.0,80.0,77.0,4656.63,118.6,41.024693,-89.573692
3069639,IL,Stark County,Camp Grove,2007.0,1500.0,80.0,77.0,4656.63,118.6,41.091625,-89.688606
3015858,IL,Marshall County,Camp Grove,2007.0,1500.0,80.0,77.0,4656.63,118.6,41.026993,-89.619492
3021792,IL,Marshall County,Camp Grove,2007.0,1500.0,80.0,77.0,4656.63,118.6,41.081993,-89.600494
3022038,IL,Stark County,Camp Grove,2007.0,1500.0,80.0,77.0,4656.63,118.6,41.091694,-89.647095
3015837,IL,Stark County,Camp Grove,2007.0,1500.0,80.0,77.0,4656.63,118.6,41.095493,-89.68869
3015879,IL,Marshall County,Camp Grove,2007.0,1500.0,80.0,77.0,4656.63,118.6,41.067291,-89.580696
3015877,IL,Marshall County,Camp Grove,2007.0,1500.0,80.0,77.0,4656.63,118.6,41.079891,-89.584091
3022034,IL,Stark County,Camp Grove,2007.0,1500.0,80.0,77.0,4656.63,118.6,41.114594,-89.663696
3015886,IL,Marshall County,Camp Grove,2007.0,1500.0,80.0,77.0,4656.63,118.6,41.030991,-89.569092
3015867,IL,Marshall County,Camp Grove,2007.0,1500.0,80.0,77.0,4656.63,118.6,41.038193,-89.605492
3015845,IL,Stark County,Camp Grove,2007.0,1500.0,80.0,77.0,4656.63,118.6,41.081493,-89.667091
3015853,IL,Stark County,Camp Grove,2007.0,1500.0,80.0,77.0,4656.63,118.6,41.084293,-89.652794
3015872,IL,Marshall County,Camp Grove,2007.0,1500.0,80.0,77.0,4656.63,118.6,41.038994,-89.593391
3015881,IL,Marshall County,Camp Grove,2007.0,1500.0,80.0,77.0,4656.63,118.6,41.057293,-89.577095
3015882,IL,Marshall County,Camp Grove,2007.0,1500.0,80.0,77.0,4656.63,118.6,41.051891,-89.576096
3021794,IL,Marshall County,Camp Grove,2007.0,1500.0,80.0,77.0,4656.63,118.6,41.076591,-89.590897
3022041,IL,Stark County,Camp Grove,2007.0,1500.0,80.0,77.0,4656.63,118.6,41.139393,-89.640396
3015850,IL,Stark County,Camp Grove,2007.0,1500.0,80.0,77.0,4656.63,118.6,41.09679,-89.663391
3022033,IL,Stark County,Camp Grove,2007.0,1500.0,80.0,77.0,4656.63,118.6,41.134892,-89.665092
3022046,IL,Marshall County,Camp Grove,2007.0,1500.0,80.0,77.0,4656.63,118.6,41.100094,-89.622292
3021793,IL,Marshall County,Camp Grove,2007.0,1500.0,80.0,77.0,4656.63,118.6,41.066891,-89.596092
3015890,IL,Marshall County,Camp Grove,2007.0,1500.0,80.0,77.0,4656.63,118.6,41.067291,-89.558891
3022040,IL,Stark County,Camp Grove,2007.0,1500.0,80.0,77.0,4656.63,118.6,41.128391,-89.640892
3015873,IL,Marshall County,Camp Grove,2007.0,1500.0,80.0,77.0,4656.63,118.6,41.038391,-89.588097
3015891,IL,Marshall County,Camp Grove,2007.0,1500.0,80.0,77.0,4656.63,118.6,41.051891,-89.554596
3022055,IL,Marshall County,Camp Grove,2007.0,1500.0,80.0,77.0,4656.63,118.6,41.029491,-89.564194
3074411,IL,Stark County,Camp Grove,2007.0,1500.0,80.0,77.0,4656.63,118.6,41.140511,-89.692589
3015843,IL,Stark County,Camp Grove,2007.0,1500.0,80.0,77.0,4656.63,118.6,41.122391,-89.675697
3015871,IL,Marshall County,Camp Grove,2007.0,1500.0,80.0,77.0,4656.63,118.6,41.044193,-89.595497
3015880,IL,Marshall County,Camp Grove,2007.0,1500.0,80.0,77.0,4656.63,118.6,41.026192,-89.577492
3022042,IL,Marshall County,Camp Grove,2007.0,1500.0,80.0,77.0,4656.63,118.6,41.025593,-89.62429
3021796,IL,Marshall County,Camp Grove,2007.0,1500.0,80.0,77.0,4656.63,118.6,41.08049,-89.575294
3015864,IL,Marshall County,Camp Grove,2007.0,1500.0,80.0,77.0,4656.63,118.6,41.026691,-89.612991
3015857,IL,Stark County,Camp Grove,2007.0,1500.0,80.0,77.0,4656.63,118.6,41.134991,-89.642693
3022053,IL,Marshall County,Camp Grove,2007.0,1500.0,80.0,77.0,4656.63,118.6,41.051991,-89.581192
3022049,IL,Marshall County,Camp Grove,2007.0,1500.0,80.0,77.0,4656.63,118.6,41.062592,-89.605591
3018312,IL,Marshall County,Camp Grove,2007.0,1500.0,80.0,77.0,4656.63,118.6,41.03989,-89.573891
3022051,IL,Marshall County,Camp Grove,2007.0,1500.0,80.0,77.0,4656.63,118.6,41.025192,-89.599792
3015866,IL,Marshall County,Camp Grove,2007.0,1500.0,80.0,77.0,4656.63,118.6,41.06929,-89.609894
3015842,IL,Stark County,Camp Grove,2007.0,1500.0,80.0,77.0,4656.63,118.6,41.117092,-89.678696
3015869,IL,Marshall County,Camp Grove,2007.0,1500.0,80.0,77.0,4656.63,118.6,41.038891,-89.600197
3022045,IL,Marshall County,Camp Grove,2007.0,1500.0,80.0,77.0,4656.63,118.6,41.071392,-89.62429
3069640,IL,Marshall County,Camp Grove,2007.0,1500.0,80.0,77.0,4656.63,118.6,41.094486,-89.631767
3015841,IL,Stark County,Camp Grove,2007.0,1500.0,80.0,77.0,4656.63,118.6,41.107491,-89.678894
3015840,IL,Stark County,Camp Grove,2007.0,1500.0,80.0,77.0,4656.63,118.6,41.100491,-89.685394
3070405,IL,Stark County,Camp Grove,2007.0,1500.0,80.0,77.0,4656.63,118.6,41.13625,-89.677689
3015861,IL,Marshall County,Camp Grove,2007.0,1500.0,80.0,77.0,4656.63,118.6,41.068691,-89.620094
3015884,IL,Marshall County,Camp Grove,2007.0,1500.0,80.0,77.0,4656.63,118.6,41.055794,-89.573692
3015875,IL,Marshall County,Camp Grove,2007.0,1500.0,80.0,77.0,4656.63,118.6,41.074192,-89.584396
3015848,IL,Stark County,Camp Grove,2007.0,1500.0,80.0,77.0,4656.63,118.6,41.12149,-89.667496
3015856,IL,Stark County,Camp Grove,2007.0,1500.0,80.0,77.0,4656.63,118.6,41.088593,-89.643593
3043029,IL,Marshall County,Camp Grove,2007.0,1500.0,80.0,77.0,4656.63,118.6,41.069092,-89.585197
3015852,IL,Stark County,Camp Grove,2007.0,1500.0,80.0,77.0,4656.63,118.6,41.089291,-89.653191
3015878,IL,Marshall County,Camp Grove,2007.0,1500.0,80.0,77.0,4656.63,118.6,41.059391,-89.581093
3015855,IL,Stark County,Camp Grove,2007.0,1500.0,80.0,77.0,4656.63,118.6,41.083591,-89.644691
3022035,IL,Stark County,Camp Grove,2007.0,1500.0,80.0,77.0,4656.63,118.6,41.083893,-89.659798
3015885,IL,Marshall County,Camp Grove,2007.0,1500.0,80.0,77.0,4656.63,118.6,41.062794,-89.571793
3022052,IL,Marshall County,Camp Grove,2007.0,1500.0,80.0,77.0,4656.63,118.6,41.018692,-89.585693
3022030,IL,Stark County,Camp Grove,2007.0,1500.0,80.0,77.0,4656.63,118.6,41.081993,-89.672096
3015847,IL,Stark County,Camp Grove,2007.0,1500.0,80.0,77.0,4656.63,118.6,41.105892,-89.668396
3022048,IL,Marshall County,Camp Grove,2007.0,1500.0,80.0,77.0,4656.63,118.6,41.053391,-89.617493
3015887,IL,Marshall County,Camp Grove,2007.0,1500.0,80.0,77.0,4656.63,118.6,41.039993,-89.567696
3015862,IL,Marshall County,Camp Grove,2007.0,1500.0,80.0,77.0,4656.63,118.6,41.065392,-89.616493
3022043,IL,Marshall County,Camp Grove,2007.0,1500.0,80.0,77.0,4656.63,118.6,41.058491,-89.624893
3021791,IL,Marshall County,Camp Grove,2007.0,1500.0,80.0,77.0,4656.63,118.6,41.082092,-89.609291
3015865,IL,Marshall County,Camp Grove,2007.0,1500.0,80.0,77.0,4656.63,118.6,41.040691,-89.612297
3015888,IL,Marshall County,Camp Grove,2007.0,1500.0,80.0,77.0,4656.63,118.6,41.06739,-89.562897
3022029,IL,Stark County,Camp Grove,2007.0,1500.0,80.0,77.0,4656.63,118.6,41.125893,-89.675591
3070407,IL,Marshall County,Camp Grove,2007.0,1500.0,80.0,77.0,4656.63,118.6,41.099972,-89.629143
3015849,IL,Stark County,Camp Grove,2007.0,1500.0,80.0,77.0,4656.63,118.6,41.129391,-89.666092
3089623,IL,Stark County,Camp Grove,2007.0,1500.0,80.0,77.0,4656.63,118.6,41.136227,-89.681976
3015844,IL,Stark County,Camp Grove,2007.0,1500.0,80.0,77.0,4656.63,118.6,41.097893,-89.667793
3022044,IL,Marshall County,Camp Grove,2007.0,1500.0,80.0,77.0,4656.63,118.6,41.064091,-89.62429
3015868,IL,Marshall County,Camp Grove,2007.0,1500.0,80.0,77.0,4656.63,118.6,41.045593,-89.600594
3015859,IL,Marshall County,Camp Grove,2007.0,1500.0,80.0,77.0,4656.63,118.6,41.096691,-89.622192
3022056,IL,Marshall County,Camp Grove,2007.0,1500.0,80.0,77.0,4656.63,118.6,41.047894,-89.554291
3076330,IL,Marshall County,Camp Grove,2007.0,1500.0,80.0,77.0,4656.63,118.6,41.082691,-89.616692
3022031,IL,Stark County,Camp Grove,2007.0,1500.0,80.0,77.0,4656.63,118.6,41.134964,-89.67363
3022057,IL,Marshall County,Camp Grove,2007.0,1500.0,80.0,77.0,4656.63,118.6,41.067291,-89.554596
3022037,IL,Stark County,Camp Grove,2007.0,1500.0,80.0,77.0,4656.63,118.6,41.081791,-89.648392
3022026,IL,Stark County,Camp Grove,2007.0,1500.0,80.0,77.0,4656.63,118.6,41.107491,-89.685791
3022032,IL,Stark County,Camp Grove,2007.0,1500.0,80.0,77.0,4656.63,118.6,41.100891,-89.668297
3022050,IL,Marshall County,Camp Grove,2007.0,1500.0,80.0,77.0,4656.63,118.6,41.089191,-89.60659
3015838,IL,Stark County,Camp Grove,2007.0,1500.0,80.0,77.0,4656.63,118.6,41.088192,-89.685394
3015839,IL,Stark County,Camp Grove,2007.0,1500.0,80.0,77.0,4656.63,118.6,41.092892,-89.685097
3022027,IL,Stark County,Camp Grove,2007.0,1500.0,80.0,77.0,4656.63,118.6,41.117092,-89.682793
3015870,IL,Marshall County,Camp Grove,2007.0,1500.0,80.0,77.0,4656.63,118.6,41.059792,-89.600296
3015854,IL,Stark County,Camp Grove,2007.0,1500.0,80.0,77.0,4656.63,118.6,41.131992,-89.651695
3015851,IL,Stark County,Camp Grove,2007.0,1500.0,80.0,77.0,4656.63,118.6,41.088993,-89.659897
3015846,IL,Stark County,Camp Grove,2007.0,1500.0,80.0,77.0,4656.63,118.6,41.134892,-89.669197
3015874,IL,Marshall County,Camp Grove,2007.0,1500.0,80.0,77.0,4656.63,118.6,41.022892,-89.587494
3021795,IL,Marshall County,Camp Grove,2007.0,1500.0,80.0,77.0,4656.63,118.6,41.081791,-89.580597
3022039,IL,Stark County,Camp Grove,2007.0,1500.0,80.0,77.0,4656.63,118.6,41.084293,-89.640091
3022047,IL,Marshall County,Camp Grove,2007.0,1500.0,80.0,77.0,4656.63,118.6,41.022694,-89.617897
3022036,IL,Stark County,Camp Grove,2007.0,1500.0,80.0,77.0,4656.63,118.6,41.095192,-89.660194
3015876,IL,Marshall County,Camp Grove,2007.0,1500.0,80.0,77.0,4656.63,118.6,41.038391,-89.582893
3026191,IL,Marshall County,Camp Grove,2007.0,1500.0,80.0,77.0,4656.63,118.6,41.085194,-89.620193
3095659,IL,Warren County,Cardinal Point,2020.0,2500.0,89.0,127.0,12667.69,152.4,40.656384,-90.752556
3094011,IL,McDonough County,Cardinal Point,2020.0,2500.0,89.0,127.0,12667.69,152.4,40.629654,-90.678886
3094556,IL,McDonough County,Cardinal Point,2020.0,2500.0,89.0,127.0,12667.69,152.4,40.582062,-90.782776
3093623,IL,McDonough County,Cardinal Point,2020.0,2500.0,89.0,127.0,12667.69,152.4,40.634583,-90.803986
3093999,IL,McDonough County,Cardinal Point,2020.0,2500.0,89.0,127.0,12667.69,152.4,40.586891,-90.748901
3094602,IL,Warren County,Cardinal Point,2020.0,2500.0,89.0,127.0,12667.69,152.4,40.655182,-90.779305
3095530,IL,McDonough County,Cardinal Point,2020.0,2500.0,89.0,127.0,12667.69,152.4,40.625282,-90.762901
3094524,IL,McDonough County,Cardinal Point,2020.0,2500.0,89.0,127.0,12667.69,152.4,40.582512,-90.79425
3094619,IL,McDonough County,Cardinal Point,2020.0,2500.0,89.0,127.0,12667.69,152.4,40.566624,-90.785774
3095752,IL,McDonough County,Cardinal Point,2020.0,2500.0,89.0,127.0,12667.69,152.4,40.626453,-90.798897
3094000,IL,McDonough County,Cardinal Point,2020.0,2500.0,89.0,127.0,12667.69,152.4,40.583244,-90.804817
3094727,IL,McDonough County,Cardinal Point,2020.0,2500.0,89.0,127.0,12667.69,152.4,40.626221,-90.804245
3094035,IL,McDonough County,Cardinal Point,2020.0,2500.0,89.0,127.0,12667.69,152.4,40.612022,-90.733932
3093987,IL,Warren County,Cardinal Point,2020.0,2500.0,89.0,127.0,12667.69,152.4,40.638271,-90.714531
3094505,IL,McDonough County,Cardinal Point,2020.0,2500.0,89.0,127.0,12667.69,152.4,40.633072,-90.762665
3094108,IL,McDonough County,Cardinal Point,2020.0,2500.0,89.0,127.0,12667.69,152.4,40.634403,-90.798477
3093895,IL,McDonough County,Cardinal Point,2020.0,2500.0,89.0,127.0,12667.69,152.4,40.607243,-90.801407
3094325,IL,McDonough County,Cardinal Point,2020.0,2500.0,89.0,127.0,12667.69,152.4,40.583271,-90.799187
3095732,IL,McDonough County,Cardinal Point,2020.0,2500.0,89.0,127.0,12667.69,152.4,40.616421,-90.759552
3094504,IL,McDonough County,Cardinal Point,2020.0,2500.0,89.0,127.0,12667.69,152.4,40.601322,-90.761055
3094261,IL,McDonough County,Cardinal Point,2020.0,2500.0,89.0,127.0,12667.69,152.4,40.616394,-90.764702
3094545,IL,McDonough County,Cardinal Point,2020.0,2500.0,89.0,127.0,12667.69,152.4,40.607452,-90.806755
3094959,IL,McDonough County,Cardinal Point,2020.0,2500.0,89.0,127.0,12667.69,152.4,40.586472,-90.729836
3093818,IL,McDonough County,Cardinal Point,2020.0,2500.0,89.0,127.0,12667.69,152.4,40.596012,-90.743996
3093587,IL,McDonough County,Cardinal Point,2020.0,2500.0,89.0,127.0,12667.69,152.4,40.583374,-90.74147
3093646,IL,McDonough County,Cardinal Point,2020.0,2500.0,89.0,127.0,12667.69,152.4,40.620243,-90.782982
3095526,IL,McDonough County,Cardinal Point,2020.0,2500.0,89.0,127.0,12667.69,152.4,40.596481,-90.763695
3095078,IL,Warren County,Cardinal Point,2020.0,2500.0,89.0,127.0,12667.69,152.4,40.640652,-90.738831
3094069,IL,McDonough County,Cardinal Point,2020.0,2500.0,89.0,127.0,12667.69,152.4,40.601192,-90.741264
3095760,IL,McDonough County,Cardinal Point,2020.0,2500.0,89.0,127.0,12667.69,152.4,40.567184,-90.779343
3094502,IL,Warren County,Cardinal Point,2020.0,2500.0,89.0,127.0,12667.69,152.4,40.641422,-90.762985
3093508,IL,McDonough County,Cardinal Point,2020.0,2500.0,89.0,127.0,12667.69,152.4,40.625732,-90.81131
3095747,IL,Warren County,Cardinal Point,2020.0,2500.0,89.0,127.0,12667.69,152.4,40.641582,-90.767906
3094522,IL,McDonough County,Cardinal Point,2020.0,2500.0,89.0,127.0,12667.69,152.4,40.629871,-90.683762
3095030,IL,McDonough County,Cardinal Point,2020.0,2500.0,89.0,127.0,12667.69,152.4,40.611923,-90.73922
3094894,IL,Warren County,Cardinal Point,2020.0,2500.0,89.0,127.0,12667.69,152.4,40.642632,-90.743683
3094272,IL,Warren County,Cardinal Point,2020.0,2500.0,89.0,127.0,12667.69,152.4,40.655304,-90.786911
3094253,IL,McDonough County,Cardinal Point,2020.0,2500.0,89.0,127.0,12667.69,152.4,40.630104,-90.688866
3095541,IL,McDonough County,Cardinal Point,2020.0,2500.0,89.0,127.0,12667.69,152.4,40.597912,-90.791855
3094123,IL,Warren County,Cardinal Point,2020.0,2500.0,89.0,127.0,12667.69,152.4,40.638302,-90.704834
3094596,IL,McDonough County,Cardinal Point,2020.0,2500.0,89.0,127.0,12667.69,152.4,40.596111,-90.775131
3093903,IL,McDonough County,Cardinal Point,2020.0,2500.0,89.0,127.0,12667.69,152.4,40.622421,-90.773384
3095824,IL,McDonough County,Cardinal Point,2020.0,2500.0,89.0,127.0,12667.69,152.4,40.611343,-90.784706
3094905,IL,Warren County,Cardinal Point,2020.0,2500.0,89.0,127.0,12667.69,152.4,40.656574,-90.75753
3095595,IL,Warren County,Cardinal Point,2020.0,2500.0,89.0,127.0,12667.69,152.4,40.640003,-90.699615
3095817,IL,McDonough County,Cardinal Point,2020.0,2500.0,89.0,127.0,12667.69,152.4,40.625362,-90.816223
3094064,IL,McDonough County,Cardinal Point,2020.0,2500.0,89.0,127.0,12667.69,152.4,40.582031,-90.777206
3094523,IL,McDonough County,Cardinal Point,2020.0,2500.0,89.0,127.0,12667.69,152.4,40.630943,-90.708046
3094503,IL,McDonough County,Cardinal Point,2020.0,2500.0,89.0,127.0,12667.69,152.4,40.596561,-90.768951
3093945,IL,Warren County,Cardinal Point,2020.0,2500.0,89.0,127.0,12667.69,152.4,40.643723,-90.77224
3099069,IL,McDonough County,Cardinal Point,2020.0,2500.0,89.0,127.0,12667.69,152.4,40.626678,-90.793945
3094591,IL,McDonough County,Cardinal Point,2020.0,2500.0,89.0,127.0,12667.69,152.4,40.618504,-90.802567
3094507,IL,Warren County,Cardinal Point,2020.0,2500.0,89.0,127.0,12667.69,152.4,40.661903,-90.760262
3093771,IL,McDonough County,Cardinal Point,2020.0,2500.0,89.0,127.0,12667.69,152.4,40.623642,-90.753197
3093688,IL,McDonough County,Cardinal Point,2020.0,2500.0,89.0,127.0,12667.69,152.4,40.611313,-90.779144
3095568,IL,McDonough County,Cardinal Point,2020.0,2500.0,89.0,127.0,12667.69,152.4,40.620682,-90.777977
3093576,IL,McDonough County,Cardinal Point,2020.0,2500.0,89.0,127.0,12667.69,152.4,40.625061,-90.757751
3093507,IL,McDonough County,Cardinal Point,2020.0,2500.0,89.0,127.0,12667.69,152.4,40.596283,-90.781021
3093546,IL,Warren County,Cardinal Point,2020.0,2500.0,89.0,127.0,12667.69,152.4,40.638752,-90.723022
3094500,IL,McDonough County,Cardinal Point,2020.0,2500.0,89.0,127.0,12667.69,152.4,40.595631,-90.749374
3054636,CO,Kit Carson County,Carousel,2015.0,1700.0,80.0,100.0,7853.98,130.1,39.343033,-102.249428
3054807,CO,Kit Carson County,Carousel,2015.0,1700.0,80.0,100.0,7853.98,130.1,39.336884,-102.188553
3054668,CO,Kit Carson County,Carousel,2015.0,1700.0,80.0,100.0,7853.98,130.1,39.371094,-102.176048
3054657,CO,Kit Carson County,Carousel,2015.0,1700.0,80.0,100.0,7853.98,130.1,39.346825,-102.212654
3054656,CO,Kit Carson County,Carousel,2015.0,1700.0,80.0,100.0,7853.98,130.1,39.408634,-102.158897
3054813,CO,Kit Carson County,Carousel,2015.0,1700.0,80.0,100.0,7853.98,130.1,39.361584,-102.139847
3054843,CO,Kit Carson County,Carousel,2015.0,1700.0,80.0,100.0,7853.98,130.1,39.337055,-102.137749
3054817,CO,Kit Carson County,Carousel,2015.0,1700.0,80.0,100.0,7853.98,130.1,39.371655,-102.121353
3054855,CO,Kit Carson County,Carousel,2015.0,1700.0,80.0,100.0,7853.98,130.1,39.357594,-102.083183
3054845,CO,Kit Carson County,Carousel,2015.0,1700.0,80.0,100.0,7853.98,130.1,39.326004,-102.135971
3054803,CO,Kit Carson County,Carousel,2015.0,1700.0,80.0,100.0,7853.98,130.1,39.324738,-102.21418
3054850,CO,Kit Carson County,Carousel,2015.0,1700.0,80.0,100.0,7853.98,130.1,39.349655,-102.10688
3054848,CO,Kit Carson County,Carousel,2015.0,1700.0,80.0,100.0,7853.98,130.1,39.351662,-102.116982
3054787,CO,Kit Carson County,Carousel,2015.0,1700.0,80.0,100.0,7853.98,130.1,39.411942,-102.117882
3054862,CO,Kit Carson County,Carousel,2015.0,1700.0,80.0,100.0,7853.98,130.1,39.391472,-102.05127
3054814,CO,Kit Carson County,Carousel,2015.0,1700.0,80.0,100.0,7853.98,130.1,39.364185,-102.13578
3054721,CO,Kit Carson County,Carousel,2015.0,1700.0,80.0,100.0,7853.98,130.1,39.385143,-102.141609
3054532,CO,Kit Carson County,Carousel,2015.0,1700.0,80.0,100.0,7853.98,130.1,39.367523,-102.057373
3054835,CO,Kit Carson County,Carousel,2015.0,1700.0,80.0,100.0,7853.98,130.1,39.327194,-102.177933
3054832,CO,Kit Carson County,Carousel,2015.0,1700.0,80.0,100.0,7853.98,130.1,39.399654,-102.075394
3054649,CO,Kit Carson County,Carousel,2015.0,1700.0,80.0,100.0,7853.98,130.1,39.393955,-102.178627
3054660,CO,Kit Carson County,Carousel,2015.0,1700.0,80.0,100.0,7853.98,130.1,39.356262,-102.200851
3054861,CO,Kit Carson County,Carousel,2015.0,1700.0,80.0,100.0,7853.98,130.1,39.387264,-102.057961
3054854,CO,Kit Carson County,Carousel,2015.0,1700.0,80.0,100.0,7853.98,130.1,39.355923,-102.087364
3054819,CO,Kit Carson County,Carousel,2015.0,1700.0,80.0,100.0,7853.98,130.1,39.378235,-102.11293
3054710,CO,Kit Carson County,Carousel,2015.0,1700.0,80.0,100.0,7853.98,130.1,39.391674,-102.153961
3054833,CO,Kit Carson County,Carousel,2015.0,1700.0,80.0,100.0,7853.98,130.1,39.323864,-102.18692
3054846,CO,Kit Carson County,Carousel,2015.0,1700.0,80.0,100.0,7853.98,130.1,39.328735,-102.131889
3054853,CO,Kit Carson County,Carousel,2015.0,1700.0,80.0,100.0,7853.98,130.1,39.357292,-102.09465
3054859,CO,Kit Carson County,Carousel,2015.0,1700.0,80.0,100.0,7853.98,130.1,39.381287,-102.065781
3054838,CO,Kit Carson County,Carousel,2015.0,1700.0,80.0,100.0,7853.98,130.1,39.338402,-102.150284
3054533,CO,Kit Carson County,Carousel,2015.0,1700.0,80.0,100.0,7853.98,130.1,39.366646,-102.051086
3054809,CO,Kit Carson County,Carousel,2015.0,1700.0,80.0,100.0,7853.98,130.1,39.343304,-102.177528
3054653,CO,Kit Carson County,Carousel,2015.0,1700.0,80.0,100.0,7853.98,130.1,39.397633,-102.174339
3054776,CO,Kit Carson County,Carousel,2015.0,1700.0,80.0,100.0,7853.98,130.1,39.408302,-102.122292
3054858,CO,Kit Carson County,Carousel,2015.0,1700.0,80.0,100.0,7853.98,130.1,39.385334,-102.07402
3054811,CO,Kit Carson County,Carousel,2015.0,1700.0,80.0,100.0,7853.98,130.1,39.350704,-102.1688
3054637,CO,Kit Carson County,Carousel,2015.0,1700.0,80.0,100.0,7853.98,130.1,39.347282,-102.246101
3054836,CO,Kit Carson County,Carousel,2015.0,1700.0,80.0,100.0,7853.98,130.1,39.335835,-102.159523
3054732,CO,Kit Carson County,Carousel,2015.0,1700.0,80.0,100.0,7853.98,130.1,39.386864,-102.137733
3054810,CO,Kit Carson County,Carousel,2015.0,1700.0,80.0,100.0,7853.98,130.1,39.347572,-102.172829
3054831,CO,Kit Carson County,Carousel,2015.0,1700.0,80.0,100.0,7853.98,130.1,39.397762,-102.079552
3054856,CO,Kit Carson County,Carousel,2015.0,1700.0,80.0,100.0,7853.98,130.1,39.381855,-102.082771
3054638,CO,Kit Carson County,Carousel,2015.0,1700.0,80.0,100.0,7853.98,130.1,39.380825,-102.234413
3054826,CO,Kit Carson County,Carousel,2015.0,1700.0,80.0,100.0,7853.98,130.1,39.405434,-102.087852
3054677,CO,Kit Carson County,Carousel,2015.0,1700.0,80.0,100.0,7853.98,130.1,39.375252,-102.171417
3054654,CO,Kit Carson County,Carousel,2015.0,1700.0,80.0,100.0,7853.98,130.1,39.400574,-102.170403
3054852,CO,Kit Carson County,Carousel,2015.0,1700.0,80.0,100.0,7853.98,130.1,39.354115,-102.098549
3054808,CO,Kit Carson County,Carousel,2015.0,1700.0,80.0,100.0,7853.98,130.1,39.340813,-102.182114
3054816,CO,Kit Carson County,Carousel,2015.0,1700.0,80.0,100.0,7853.98,130.1,39.368942,-102.125381
3054830,CO,Kit Carson County,Carousel,2015.0,1700.0,80.0,100.0,7853.98,130.1,39.396576,-102.08374
3054699,CO,Kit Carson County,Carousel,2015.0,1700.0,80.0,100.0,7853.98,130.1,39.390472,-102.158432
3054823,CO,Kit Carson County,Carousel,2015.0,1700.0,80.0,100.0,7853.98,130.1,39.396645,-102.098099
3054844,CO,Kit Carson County,Carousel,2015.0,1700.0,80.0,100.0,7853.98,130.1,39.339333,-102.132172
3054825,CO,Kit Carson County,Carousel,2015.0,1700.0,80.0,100.0,7853.98,130.1,39.398754,-102.093712
3054662,CO,Kit Carson County,Carousel,2015.0,1700.0,80.0,100.0,7853.98,130.1,39.361275,-102.192329
3054754,CO,Kit Carson County,Carousel,2015.0,1700.0,80.0,100.0,7853.98,130.1,39.405952,-102.131721
3054667,CO,Kit Carson County,Carousel,2015.0,1700.0,80.0,100.0,7853.98,130.1,39.368355,-102.180191
3054837,CO,Kit Carson County,Carousel,2015.0,1700.0,80.0,100.0,7853.98,130.1,39.338425,-102.155121
3054743,CO,Kit Carson County,Carousel,2015.0,1700.0,80.0,100.0,7853.98,130.1,39.406734,-102.136162
3054812,CO,Kit Carson County,Carousel,2015.0,1700.0,80.0,100.0,7853.98,130.1,39.352673,-102.163109
3054661,CO,Kit Carson County,Carousel,2015.0,1700.0,80.0,100.0,7853.98,130.1,39.358192,-102.196434
3054815,CO,Kit Carson County,Carousel,2015.0,1700.0,80.0,100.0,7853.98,130.1,39.366402,-102.131523
3054640,CO,Kit Carson County,Carousel,2015.0,1700.0,80.0,100.0,7853.98,130.1,39.384792,-102.227341
3054834,CO,Kit Carson County,Carousel,2015.0,1700.0,80.0,100.0,7853.98,130.1,39.325745,-102.182159
3054663,CO,Kit Carson County,Carousel,2015.0,1700.0,80.0,100.0,7853.98,130.1,39.364624,-102.183769
3054829,CO,Kit Carson County,Carousel,2015.0,1700.0,80.0,100.0,7853.98,130.1,39.415695,-102.075768
3054635,CO,Kit Carson County,Carousel,2015.0,1700.0,80.0,100.0,7853.98,130.1,39.342106,-102.253273
3054841,CO,Kit Carson County,Carousel,2015.0,1700.0,80.0,100.0,7853.98,130.1,39.339794,-102.145088
3054860,CO,Kit Carson County,Carousel,2015.0,1700.0,80.0,100.0,7853.98,130.1,39.383873,-102.061111
3054828,CO,Kit Carson County,Carousel,2015.0,1700.0,80.0,100.0,7853.98,130.1,39.412632,-102.079834
3054818,CO,Kit Carson County,Carousel,2015.0,1700.0,80.0,100.0,7853.98,130.1,39.375893,-102.117401
3054851,CO,Kit Carson County,Carousel,2015.0,1700.0,80.0,100.0,7853.98,130.1,39.351532,-102.102661
3054806,CO,Kit Carson County,Carousel,2015.0,1700.0,80.0,100.0,7853.98,130.1,39.335094,-102.192719
3054849,CO,Kit Carson County,Carousel,2015.0,1700.0,80.0,100.0,7853.98,130.1,39.351902,-102.112457
3054655,CO,Kit Carson County,Carousel,2015.0,1700.0,80.0,100.0,7853.98,130.1,39.406982,-102.163177
3054804,CO,Kit Carson County,Carousel,2015.0,1700.0,80.0,100.0,7853.98,130.1,39.327435,-102.210243
3054805,CO,Kit Carson County,Carousel,2015.0,1700.0,80.0,100.0,7853.98,130.1,39.329033,-102.206062
3054659,CO,Kit Carson County,Carousel,2015.0,1700.0,80.0,100.0,7853.98,130.1,39.354282,-102.205734
3054857,CO,Kit Carson County,Carousel,2015.0,1700.0,80.0,100.0,7853.98,130.1,39.383713,-102.078354
3054765,CO,Kit Carson County,Carousel,2015.0,1700.0,80.0,100.0,7853.98,130.1,39.405415,-102.125748
3054639,CO,Kit Carson County,Carousel,2015.0,1700.0,80.0,100.0,7853.98,130.1,39.382015,-102.230339
3054688,CO,Kit Carson County,Carousel,2015.0,1700.0,80.0,100.0,7853.98,130.1,39.386883,-102.162399
3054827,CO,Kit Carson County,Carousel,2015.0,1700.0,80.0,100.0,7853.98,130.1,39.409012,-102.083961
3054847,CO,Kit Carson County,Carousel,2015.0,1700.0,80.0,100.0,7853.98,130.1,39.351025,-102.121529
3054798,CO,Kit Carson County,Carousel,2015.0,1700.0,80.0,100.0,7853.98,130.1,39.413933,-102.113274
3054658,CO,Kit Carson County,Carousel,2015.0,1700.0,80.0,100.0,7853.98,130.1,39.351463,-102.20977
3109666,NY,Chautauqua County,Cassadaga,2021.0,3675.0,91.0,117.0,10751.32,149.4,42.345341,-79.24118
3111344,NY,Chautauqua County,Cassadaga,2021.0,2625.0,93.0,114.0,10207.03,150.0,42.307243,-79.151878
3111360,NY,Chautauqua County,Cassadaga,2021.0,2625.0,93.0,114.0,10207.03,150.0,42.334282,-79.147118
3111908,NY,Chautauqua County,Cassadaga,2021.0,3675.0,91.0,117.0,10751.32,149.4,42.273384,-79.124298
3112009,NY,Chautauqua County,Cassadaga,2021.0,3675.0,91.0,117.0,10751.32,149.4,42.328773,-79.131409
3108345,NY,Chautauqua County,Cassadaga,2021.0,3675.0,91.0,117.0,10751.32,149.4,42.336887,-79.23053
3111198,NY,Chautauqua County,Cassadaga,2021.0,3675.0,91.0,117.0,10751.32,149.4,42.315578,-79.166077
3109668,NY,Chautauqua County,Cassadaga,2021.0,2625.0,93.0,114.0,10207.03,150.0,42.301025,-79.267807
3109816,NY,Chautauqua County,Cassadaga,2021.0,2625.0,93.0,114.0,10207.03,150.0,42.332756,-79.204391
3109915,NY,Chautauqua County,Cassadaga,2021.0,3675.0,91.0,117.0,10751.32,149.4,42.310574,-79.157509
3112080,NY,Chautauqua County,Cassadaga,2021.0,3675.0,91.0,117.0,10751.32,149.4,42.276474,-79.137535
3111650,NY,Chautauqua County,Cassadaga,2021.0,3675.0,91.0,117.0,10751.32,149.4,42.320007,-79.124825
3112091,NY,Chautauqua County,Cassadaga,2021.0,3675.0,91.0,117.0,10751.32,149.4,42.318352,-79.121712
3111442,NY,Chautauqua County,Cassadaga,2021.0,3675.0,91.0,117.0,10751.32,149.4,42.325665,-79.149254
3111322,NY,Chautauqua County,Cassadaga,2021.0,2625.0,93.0,114.0,10207.03,150.0,42.329845,-79.139481
3111305,NY,Chautauqua County,Cassadaga,2021.0,3675.0,91.0,117.0,10751.32,149.4,42.33181,-79.154083
3106593,NY,Chautauqua County,Cassadaga,2021.0,3675.0,91.0,117.0,10751.32,149.4,42.330956,-79.22879
3109011,NY,Chautauqua County,Cassadaga,2021.0,3675.0,91.0,117.0,10751.32,149.4,42.308937,-79.154778
3109585,NY,Chautauqua County,Cassadaga,2021.0,2625.0,93.0,114.0,10207.03,150.0,42.327805,-79.204475
3110142,NY,Chautauqua County,Cassadaga,2021.0,3675.0,91.0,117.0,10751.32,149.4,42.348808,-79.243126
3110413,NY,Chautauqua County,Cassadaga,2021.0,2625.0,93.0,114.0,10207.03,150.0,42.29739,-79.264534
3110752,NY,Chautauqua County,Cassadaga,2021.0,2625.0,93.0,114.0,10207.03,150.0,42.331833,-79.217415
3110726,NY,Chautauqua County,Cassadaga,2021.0,3675.0,91.0,117.0,10751.32,149.4,42.294346,-79.26207
3109385,NY,Chautauqua County,Cassadaga,2021.0,3675.0,91.0,117.0,10751.32,149.4,42.339153,-79.195595
3111346,NY,Chautauqua County,Cassadaga,2021.0,3675.0,91.0,117.0,10751.32,149.4,42.328247,-79.151947
3111962,NY,Chautauqua County,Cassadaga,2021.0,3675.0,91.0,117.0,10751.32,149.4,42.278057,-79.13195
3109969,NY,Chautauqua County,Cassadaga,2021.0,3675.0,91.0,117.0,10751.32,149.4,42.30846,-79.202927
3111320,NY,Chautauqua County,Cassadaga,2021.0,3675.0,91.0,117.0,10751.32,149.4,42.334534,-79.155899
3112513,NY,Chautauqua County,Cassadaga,2021.0,3675.0,91.0,117.0,10751.32,149.4,42.283657,-79.135323
3107508,NY,Chautauqua County,Cassadaga,2021.0,3675.0,91.0,117.0,10751.32,149.4,42.333969,-79.229752
3111680,NY,Chautauqua County,Cassadaga,2021.0,3675.0,91.0,117.0,10751.32,149.4,42.281082,-79.13308
3111883,NY,Chautauqua County,Cassadaga,2021.0,3675.0,91.0,117.0,10751.32,149.4,42.276306,-79.127327
3112058,NY,Chautauqua County,Cassadaga,2021.0,3675.0,91.0,117.0,10751.32,149.4,42.283344,-79.142075
3111281,NY,Chautauqua County,Cassadaga,2021.0,2625.0,93.0,114.0,10207.03,150.0,42.332321,-79.14225
3109774,NY,Chautauqua County,Cassadaga,2021.0,3675.0,91.0,117.0,10751.32,149.4,42.304543,-79.143669
3112558,NY,Chautauqua County,Cassadaga,2021.0,3675.0,91.0,117.0,10751.32,149.4,42.323891,-79.124641
3110749,NY,Chautauqua County,Cassadaga,2021.0,2625.0,93.0,114.0,10207.03,150.0,42.337318,-79.223328
3031682,IL,Livingston County,Cayuga Ridge,2010.0,2000.0,78.0,87.0,5944.68,121.6,40.960194,-88.443192
3031712,IL,Livingston County,Cayuga Ridge,2010.0,2000.0,78.0,87.0,5944.68,121.6,41.001991,-88.37619
3030819,IL,Livingston County,Cayuga Ridge,2010.0,2000.0,78.0,87.0,5944.68,121.6,40.986294,-88.409393
3031680,IL,Livingston County,Cayuga Ridge,2010.0,2000.0,78.0,87.0,5944.68,121.6,40.95689,-88.473595
3030732,IL,Livingston County,Cayuga Ridge,2010.0,2000.0,78.0,87.0,5944.68,121.6,41.012894,-88.391792
3031711,IL,Livingston County,Cayuga Ridge,2010.0,2000.0,78.0,87.0,5944.68,121.6,40.955193,-88.488892
3031676,IL,Livingston County,Cayuga Ridge,2010.0,2000.0,78.0,87.0,5944.68,121.6,40.97179,-88.493095
3026554,IL,Livingston County,Cayuga Ridge,2010.0,2000.0,78.0,87.0,5944.68,121.6,41.016891,-88.428894
3026529,IL,Livingston County,Cayuga Ridge,2010.0,2000.0,78.0,87.0,5944.68,121.6,40.954891,-88.369591
3030831,IL,Livingston County,Cayuga Ridge,2010.0,2000.0,78.0,87.0,5944.68,121.6,40.984592,-88.374496
3031673,IL,Livingston County,Cayuga Ridge,2010.0,2000.0,78.0,87.0,5944.68,121.6,40.971291,-88.485291
3031664,IL,Livingston County,Cayuga Ridge,2010.0,2000.0,78.0,87.0,5944.68,121.6,41.001392,-88.445396
3026566,IL,Livingston County,Cayuga Ridge,2010.0,2000.0,78.0,87.0,5944.68,121.6,40.982292,-88.474297
3026588,IL,Livingston County,Cayuga Ridge,2010.0,2000.0,78.0,87.0,5944.68,121.6,40.959991,-88.404594
3031671,IL,Livingston County,Cayuga Ridge,2010.0,2000.0,78.0,87.0,5944.68,121.6,40.986691,-88.404396
3026593,IL,Livingston County,Cayuga Ridge,2010.0,2000.0,78.0,87.0,5944.68,121.6,40.950893,-88.384491
3026583,IL,Livingston County,Cayuga Ridge,2010.0,2000.0,78.0,87.0,5944.68,121.6,40.954594,-88.446396
3031674,IL,Livingston County,Cayuga Ridge,2010.0,2000.0,78.0,87.0,5944.68,121.6,40.971394,-88.476997
3031703,IL,Livingston County,Cayuga Ridge,2010.0,2000.0,78.0,87.0,5944.68,121.6,41.013191,-88.451294
3030827,IL,Livingston County,Cayuga Ridge,2010.0,2000.0,78.0,87.0,5944.68,121.6,40.957092,-88.459595
3031663,IL,Livingston County,Cayuga Ridge,2010.0,2000.0,78.0,87.0,5944.68,121.6,41.001694,-88.448692
3026592,IL,Livingston County,Cayuga Ridge,2010.0,2000.0,78.0,87.0,5944.68,121.6,40.95079,-88.388695
3031697,IL,Livingston County,Cayuga Ridge,2010.0,2000.0,78.0,87.0,5944.68,121.6,40.937592,-88.430496
3031675,IL,Livingston County,Cayuga Ridge,2010.0,2000.0,78.0,87.0,5944.68,121.6,40.971394,-88.472992
3031659,IL,Livingston County,Cayuga Ridge,2010.0,2000.0,78.0,87.0,5944.68,121.6,41.011593,-88.480591
3026576,IL,Livingston County,Cayuga Ridge,2010.0,2000.0,78.0,87.0,5944.68,121.6,40.969692,-88.410995
3030829,IL,Livingston County,Cayuga Ridge,2010.0,2000.0,78.0,87.0,5944.68,121.6,40.925491,-88.454895
3026590,IL,Livingston County,Cayuga Ridge,2010.0,2000.0,78.0,87.0,5944.68,121.6,40.957691,-88.393494
3031707,IL,Livingston County,Cayuga Ridge,2010.0,2000.0,78.0,87.0,5944.68,121.6,41.012493,-88.396095
3030825,IL,Livingston County,Cayuga Ridge,2010.0,2000.0,78.0,87.0,5944.68,121.6,40.954792,-88.437195
3031658,IL,Livingston County,Cayuga Ridge,2010.0,2000.0,78.0,87.0,5944.68,121.6,41.018791,-88.492294
3031693,IL,Livingston County,Cayuga Ridge,2010.0,2000.0,78.0,87.0,5944.68,121.6,40.943291,-88.458397
3031679,IL,Livingston County,Cayuga Ridge,2010.0,2000.0,78.0,87.0,5944.68,121.6,40.956593,-88.508095
3026532,IL,Livingston County,Cayuga Ridge,2010.0,2000.0,78.0,87.0,5944.68,121.6,40.942192,-88.486092
3031690,IL,Livingston County,Cayuga Ridge,2010.0,2000.0,78.0,87.0,5944.68,121.6,40.942291,-88.481895
3031686,IL,Livingston County,Cayuga Ridge,2010.0,2000.0,78.0,87.0,5944.68,121.6,40.956692,-88.420097
3030830,IL,Livingston County,Cayuga Ridge,2010.0,2000.0,78.0,87.0,5944.68,121.6,41.012291,-88.400597
3026563,IL,Livingston County,Cayuga Ridge,2010.0,2000.0,78.0,87.0,5944.68,121.6,41.000492,-88.400291
3031668,IL,Livingston County,Cayuga Ridge,2010.0,2000.0,78.0,87.0,5944.68,121.6,40.986492,-88.449898
3026600,IL,Livingston County,Cayuga Ridge,2010.0,2000.0,78.0,87.0,5944.68,121.6,40.968792,-88.379997
3026561,IL,Livingston County,Cayuga Ridge,2010.0,2000.0,78.0,87.0,5944.68,121.6,41.001892,-88.452095
3031709,IL,Livingston County,Cayuga Ridge,2010.0,2000.0,78.0,87.0,5944.68,121.6,40.940193,-88.389091
3031713,IL,Livingston County,Cayuga Ridge,2010.0,2000.0,78.0,87.0,5944.68,121.6,41.000492,-88.481995
3030824,IL,Livingston County,Cayuga Ridge,2010.0,2000.0,78.0,87.0,5944.68,121.6,40.961594,-88.466194
3026568,IL,Livingston County,Cayuga Ridge,2010.0,2000.0,78.0,87.0,5944.68,121.6,40.986794,-88.399391
3031708,IL,Livingston County,Cayuga Ridge,2010.0,2000.0,78.0,87.0,5944.68,121.6,41.010792,-88.427094
3031670,IL,Livingston County,Cayuga Ridge,2010.0,2000.0,78.0,87.0,5944.68,121.6,40.990494,-88.429497
3031696,IL,Livingston County,Cayuga Ridge,2010.0,2000.0,78.0,87.0,5944.68,121.6,40.942791,-88.438095
3031666,IL,Livingston County,Cayuga Ridge,2010.0,2000.0,78.0,87.0,5944.68,121.6,40.999992,-88.392998
3031657,IL,Livingston County,Cayuga Ridge,2010.0,2000.0,78.0,87.0,5944.68,121.6,41.018692,-88.49649
3031718,IL,Livingston County,Cayuga Ridge,2010.0,2000.0,78.0,87.0,5944.68,121.6,41.011093,-88.419197
3026597,IL,Livingston County,Cayuga Ridge,2010.0,2000.0,78.0,87.0,5944.68,121.6,40.943291,-88.405991
3030821,IL,Livingston County,Cayuga Ridge,2010.0,2000.0,78.0,87.0,5944.68,121.6,40.969891,-88.406998
3026598,IL,Livingston County,Cayuga Ridge,2010.0,2000.0,78.0,87.0,5944.68,121.6,40.947693,-88.374695
3031704,IL,Livingston County,Cayuga Ridge,2010.0,2000.0,78.0,87.0,5944.68,121.6,40.956993,-88.462395
3031685,IL,Livingston County,Cayuga Ridge,2010.0,2000.0,78.0,87.0,5944.68,121.6,40.956593,-88.424294
3031714,IL,Livingston County,Cayuga Ridge,2010.0,2000.0,78.0,87.0,5944.68,121.6,41.015991,-88.439293
3026609,IL,Livingston County,Cayuga Ridge,2010.0,2000.0,78.0,87.0,5944.68,121.6,41.001991,-88.380997
3026594,IL,Livingston County,Cayuga Ridge,2010.0,2000.0,78.0,87.0,5944.68,121.6,40.950893,-88.380394
3031667,IL,Livingston County,Cayuga Ridge,2010.0,2000.0,78.0,87.0,5944.68,121.6,41.000393,-88.476692
3026607,IL,Livingston County,Cayuga Ridge,2010.0,2000.0,78.0,87.0,5944.68,121.6,40.96899,-88.460693
3031689,IL,Livingston County,Cayuga Ridge,2010.0,2000.0,78.0,87.0,5944.68,121.6,40.944592,-88.495796
3026547,IL,Livingston County,Cayuga Ridge,2010.0,2000.0,78.0,87.0,5944.68,121.6,41.019093,-88.487892
3026585,IL,Livingston County,Cayuga Ridge,2010.0,2000.0,78.0,87.0,5944.68,121.6,40.954792,-88.432091
3026603,IL,Livingston County,Cayuga Ridge,2010.0,2000.0,78.0,87.0,5944.68,121.6,40.99419,-88.409393
3026580,IL,Livingston County,Cayuga Ridge,2010.0,2000.0,78.0,87.0,5944.68,121.6,40.976593,-88.385994
3031669,IL,Livingston County,Cayuga Ridge,2010.0,2000.0,78.0,87.0,5944.68,121.6,40.990192,-88.446892
3026550,IL,Livingston County,Cayuga Ridge,2010.0,2000.0,78.0,87.0,5944.68,121.6,41.01239,-88.472298
3026562,IL,Livingston County,Cayuga Ridge,2010.0,2000.0,78.0,87.0,5944.68,121.6,41.00119,-88.441498
3026560,IL,Livingston County,Cayuga Ridge,2010.0,2000.0,78.0,87.0,5944.68,121.6,41.004192,-88.458298
3031702,IL,Livingston County,Cayuga Ridge,2010.0,2000.0,78.0,87.0,5944.68,121.6,40.943291,-88.397896
3026572,IL,Livingston County,Cayuga Ridge,2010.0,2000.0,78.0,87.0,5944.68,121.6,40.974392,-88.446396
3031710,IL,Livingston County,Cayuga Ridge,2010.0,2000.0,78.0,87.0,5944.68,121.6,40.950191,-88.498894
3031700,IL,Livingston County,Cayuga Ridge,2010.0,2000.0,78.0,87.0,5944.68,121.6,40.94709,-88.419197
3031683,IL,Livingston County,Cayuga Ridge,2010.0,2000.0,78.0,87.0,5944.68,121.6,40.961891,-88.437492
3031698,IL,Livingston County,Cayuga Ridge,2010.0,2000.0,78.0,87.0,5944.68,121.6,40.937691,-88.426491
3026534,IL,Livingston County,Cayuga Ridge,2010.0,2000.0,78.0,87.0,5944.68,121.6,40.928593,-88.445694
3026601,IL,Livingston County,Cayuga Ridge,2010.0,2000.0,78.0,87.0,5944.68,121.6,40.939793,-88.447395
3026533,IL,Livingston County,Cayuga Ridge,2010.0,2000.0,78.0,87.0,5944.68,121.6,40.928593,-88.449791
3026570,IL,Livingston County,Cayuga Ridge,2010.0,2000.0,78.0,87.0,5944.68,121.6,40.971394,-88.481094
3031677,IL,Livingston County,Cayuga Ridge,2010.0,2000.0,78.0,87.0,5944.68,121.6,40.968094,-88.441093
3026591,IL,Livingston County,Cayuga Ridge,2010.0,2000.0,78.0,87.0,5944.68,121.6,40.957691,-88.389595
3026528,IL,Livingston County,Cayuga Ridge,2010.0,2000.0,78.0,87.0,5944.68,121.6,40.958992,-88.494293
3031691,IL,Livingston County,Cayuga Ridge,2010.0,2000.0,78.0,87.0,5944.68,121.6,40.942493,-88.477592
3026595,IL,Livingston County,Cayuga Ridge,2010.0,2000.0,78.0,87.0,5944.68,121.6,40.954792,-88.375191
3026541,IL,Livingston County,Cayuga Ridge,2010.0,2000.0,78.0,87.0,5944.68,121.6,40.951794,-88.494392
3026549,IL,Livingston County,Cayuga Ridge,2010.0,2000.0,78.0,87.0,5944.68,121.6,41.01239,-88.476593
3026586,IL,Livingston County,Cayuga Ridge,2010.0,2000.0,78.0,87.0,5944.68,121.6,40.956593,-88.428497
3026581,IL,Livingston County,Cayuga Ridge,2010.0,2000.0,78.0,87.0,5944.68,121.6,40.968792,-88.384293
3026553,IL,Livingston County,Cayuga Ridge,2010.0,2000.0,78.0,87.0,5944.68,121.6,41.012791,-88.442596
3026543,IL,Livingston County,Cayuga Ridge,2010.0,2000.0,78.0,87.0,5944.68,121.6,40.955292,-88.485191
3031661,IL,Livingston County,Cayuga Ridge,2010.0,2000.0,78.0,87.0,5944.68,121.6,41.012192,-88.457191
3031681,IL,Livingston County,Cayuga Ridge,2010.0,2000.0,78.0,87.0,5944.68,121.6,40.95689,-88.466591
3026575,IL,Livingston County,Cayuga Ridge,2010.0,2000.0,78.0,87.0,5944.68,121.6,40.979591,-88.414291
3026587,IL,Livingston County,Cayuga Ridge,2010.0,2000.0,78.0,87.0,5944.68,121.6,40.959892,-88.408791
3030823,IL,Livingston County,Cayuga Ridge,2010.0,2000.0,78.0,87.0,5944.68,121.6,40.956791,-88.477791
3026524,IL,Livingston County,Cayuga Ridge,2010.0,2000.0,78.0,87.0,5944.68,121.6,41.000492,-88.472595
3030828,IL,Livingston County,Cayuga Ridge,2010.0,2000.0,78.0,87.0,5944.68,121.6,40.925491,-88.459396
3031688,IL,Livingston County,Cayuga Ridge,2010.0,2000.0,78.0,87.0,5944.68,121.6,40.958893,-88.398293
3026579,IL,Livingston County,Cayuga Ridge,2010.0,2000.0,78.0,87.0,5944.68,121.6,40.976994,-88.390594
3026559,IL,Livingston County,Cayuga Ridge,2010.0,2000.0,78.0,87.0,5944.68,121.6,40.993793,-88.466393
3031701,IL,Livingston County,Cayuga Ridge,2010.0,2000.0,78.0,87.0,5944.68,121.6,40.943192,-88.401794
3026526,IL,Livingston County,Cayuga Ridge,2010.0,2000.0,78.0,87.0,5944.68,121.6,40.990391,-88.433594
3026542,IL,Livingston County,Cayuga Ridge,2010.0,2000.0,78.0,87.0,5944.68,121.6,40.981091,-88.478096
3031662,IL,Livingston County,Cayuga Ridge,2010.0,2000.0,78.0,87.0,5944.68,121.6,41.015991,-88.448593
3026564,IL,Livingston County,Cayuga Ridge,2010.0,2000.0,78.0,87.0,5944.68,121.6,41.00489,-88.396194
3026530,IL,Livingston County,Cayuga Ridge,2010.0,2000.0,78.0,87.0,5944.68,121.6,40.946091,-88.492897
3031678,IL,Livingston County,Cayuga Ridge,2010.0,2000.0,78.0,87.0,5944.68,121.6,40.970192,-88.402596
3026551,IL,Livingston County,Cayuga Ridge,2010.0,2000.0,78.0,87.0,5944.68,121.6,41.012093,-88.463097
3031660,IL,Livingston County,Cayuga Ridge,2010.0,2000.0,78.0,87.0,5944.68,121.6,41.012192,-88.460091
3026569,IL,Livingston County,Cayuga Ridge,2010.0,2000.0,78.0,87.0,5944.68,121.6,40.969391,-88.497795
3026602,IL,Livingston County,Cayuga Ridge,2010.0,2000.0,78.0,87.0,5944.68,121.6,40.980991,-88.465691
3031665,IL,Livingston County,Cayuga Ridge,2010.0,2000.0,78.0,87.0,5944.68,121.6,41.000393,-88.404892
3031687,IL,Livingston County,Cayuga Ridge,2010.0,2000.0,78.0,87.0,5944.68,121.6,40.959892,-88.412796
3031699,IL,Livingston County,Cayuga Ridge,2010.0,2000.0,78.0,87.0,5944.68,121.6,40.94709,-88.423294
3030822,IL,Livingston County,Cayuga Ridge,2010.0,2000.0,78.0,87.0,5944.68,121.6,40.956593,-88.503693
3026582,IL,Livingston County,Cayuga Ridge,2010.0,2000.0,78.0,87.0,5944.68,121.6,40.976891,-88.381897
3031717,IL,Livingston County,Cayuga Ridge,2010.0,2000.0,78.0,87.0,5944.68,121.6,41.010891,-88.423096
3026578,IL,Livingston County,Cayuga Ridge,2010.0,2000.0,78.0,87.0,5944.68,121.6,40.976791,-88.394493
3026574,IL,Livingston County,Cayuga Ridge,2010.0,2000.0,78.0,87.0,5944.68,121.6,40.971493,-88.424194
3026546,IL,Livingston County,Cayuga Ridge,2010.0,2000.0,78.0,87.0,5944.68,121.6,41.00209,-88.371292
3026589,IL,Livingston County,Cayuga Ridge,2010.0,2000.0,78.0,87.0,5944.68,121.6,40.95359,-88.401398
3031692,IL,Livingston County,Cayuga Ridge,2010.0,2000.0,78.0,87.0,5944.68,121.6,40.943192,-88.462997
3026540,IL,Livingston County,Cayuga Ridge,2010.0,2000.0,78.0,87.0,5944.68,121.6,40.935593,-88.460091
3030820,IL,Livingston County,Cayuga Ridge,2010.0,2000.0,78.0,87.0,5944.68,121.6,40.97179,-88.500793
3026539,IL,Livingston County,Cayuga Ridge,2010.0,2000.0,78.0,87.0,5944.68,121.6,40.942593,-88.467697
3030826,IL,Livingston County,Cayuga Ridge,2010.0,2000.0,78.0,87.0,5944.68,121.6,40.946392,-88.408592
3026555,IL,Livingston County,Cayuga Ridge,2010.0,2000.0,78.0,87.0,5944.68,121.6,41.010792,-88.409294
3026604,IL,Livingston County,Cayuga Ridge,2010.0,2000.0,78.0,87.0,5944.68,121.6,40.986794,-88.395393
3026605,IL,Livingston County,Cayuga Ridge,2010.0,2000.0,78.0,87.0,5944.68,121.6,40.987694,-88.392395
3070918,IL,Livingston County,Cayuga Ridge,2010.0,2000.0,78.0,87.0,5944.68,121.6,41.001419,-88.437714
3031695,IL,Livingston County,Cayuga Ridge,2010.0,2000.0,78.0,87.0,5944.68,121.6,40.942791,-88.442291
3026548,IL,Livingston County,Cayuga Ridge,2010.0,2000.0,78.0,87.0,5944.68,121.6,41.019093,-88.483994
3026565,IL,Livingston County,Cayuga Ridge,2010.0,2000.0,78.0,87.0,5944.68,121.6,41.001392,-88.389091
3026557,IL,Livingston County,Cayuga Ridge,2010.0,2000.0,78.0,87.0,5944.68,121.6,41.001091,-88.487297
3026577,IL,Livingston County,Cayuga Ridge,2010.0,2000.0,78.0,87.0,5944.68,121.6,40.970192,-88.398598
3026527,IL,Livingston County,Cayuga Ridge,2010.0,2000.0,78.0,87.0,5944.68,121.6,40.95779,-88.497597
3031672,IL,Livingston County,Cayuga Ridge,2010.0,2000.0,78.0,87.0,5944.68,121.6,40.974293,-88.488594
3026606,IL,Livingston County,Cayuga Ridge,2010.0,2000.0,78.0,87.0,5944.68,121.6,40.988491,-88.389496
3026567,IL,Livingston County,Cayuga Ridge,2010.0,2000.0,78.0,87.0,5944.68,121.6,40.987694,-88.414192
3026584,IL,Livingston County,Cayuga Ridge,2010.0,2000.0,78.0,87.0,5944.68,121.6,40.954693,-88.441093
3026599,IL,Livingston County,Cayuga Ridge,2010.0,2000.0,78.0,87.0,5944.68,121.6,40.968891,-88.432396
3026545,IL,Livingston County,Cayuga Ridge,2010.0,2000.0,78.0,87.0,5944.68,121.6,41.000992,-88.409897
3031706,IL,Livingston County,Cayuga Ridge,2010.0,2000.0,78.0,87.0,5944.68,121.6,40.95639,-88.456192
3026608,IL,Livingston County,Cayuga Ridge,2010.0,2000.0,78.0,87.0,5944.68,121.6,41.001892,-88.385094
3026571,IL,Livingston County,Cayuga Ridge,2010.0,2000.0,78.0,87.0,5944.68,121.6,40.974293,-88.451691
3026573,IL,Livingston County,Cayuga Ridge,2010.0,2000.0,78.0,87.0,5944.68,121.6,40.970791,-88.427597
3031716,IL,Livingston County,Cayuga Ridge,2010.0,2000.0,78.0,87.0,5944.68,121.6,41.017391,-88.424393
3026596,IL,Livingston County,Cayuga Ridge,2010.0,2000.0,78.0,87.0,5944.68,121.6,40.943092,-88.498695
3026558,IL,Livingston County,Cayuga Ridge,2010.0,2000.0,78.0,87.0,5944.68,121.6,40.99789,-88.468697
3018715,CO,Weld County,Cedar Creek,2007.0,1500.0,80.0,77.0,4656.63,118.6,40.938194,-104.050888
3018873,CO,Weld County,Cedar Creek,2007.0,1000.0,69.0,61.4,2960.92,99.7,40.897594,-103.958893
3018779,CO,Weld County,Cedar Creek,2007.0,1000.0,69.0,61.4,2960.92,99.7,40.855492,-104.040192
3018747,CO,Weld County,Cedar Creek,2007.0,1000.0,69.0,61.4,2960.92,99.7,40.839294,-104.093086
3018856,CO,Weld County,Cedar Creek,2007.0,1000.0,69.0,61.4,2960.92,99.7,40.823593,-104.058594
3018789,CO,Weld County,Cedar Creek,2007.0,1000.0,69.0,61.4,2960.92,99.7,40.833492,-104.066193
3026731,CO,Weld County,Cedar Creek,2007.0,1000.0,69.0,61.4,2960.92,99.7,40.900093,-104.050087
3070944,CO,Weld County,Cedar Creek,2007.0,1000.0,69.0,61.4,2960.92,99.7,40.897858,-104.053749
3018773,CO,Weld County,Cedar Creek,2007.0,1000.0,69.0,61.4,2960.92,99.7,40.865093,-104.042091
3018714,CO,Weld County,Cedar Creek,2007.0,1500.0,80.0,77.0,4656.63,118.6,40.940094,-104.04789
3018902,CO,Weld County,Cedar Creek,2007.0,1000.0,69.0,61.4,2960.92,99.7,40.898193,-103.927689
3023281,CO,Weld County,Cedar Creek,2007.0,1000.0,69.0,61.4,2960.92,99.7,40.830692,-104.08239
3018690,CO,Weld County,Cedar Creek,2007.0,1500.0,80.0,77.0,4656.63,118.6,40.960392,-104.043388
3018880,CO,Weld County,Cedar Creek,2007.0,1000.0,69.0,61.4,2960.92,99.7,40.903091,-103.952293
3018811,CO,Weld County,Cedar Creek,2007.0,1000.0,69.0,61.4,2960.92,99.7,40.881695,-103.985191
3069898,CO,Weld County,Cedar Creek,2007.0,1000.0,69.0,61.4,2960.92,99.7,40.903721,-103.944901
3018791,CO,Weld County,Cedar Creek,2007.0,1000.0,69.0,61.4,2960.92,99.7,40.829494,-104.067886
3018812,CO,Weld County,Cedar Creek,2007.0,1000.0,69.0,61.4,2960.92,99.7,40.881992,-103.989792
3070935,CO,Weld County,Cedar Creek,2007.0,1000.0,69.0,61.4,2960.92,99.7,40.880802,-104.065109
3018734,CO,Weld County,Cedar Creek,2007.0,1000.0,69.0,61.4,2960.92,99.7,40.854092,-104.102287
3069897,CO,Weld County,Cedar Creek,2007.0,1000.0,69.0,61.4,2960.92,99.7,40.904514,-103.942001
3070947,CO,Weld County,Cedar Creek,2007.0,1000.0,69.0,61.4,2960.92,99.7,40.891171,-104.063065
3018730,CO,Weld County,Cedar Creek,2007.0,1500.0,80.0,77.0,4656.63,118.6,40.882492,-104.08889
3069876,CO,Weld County,Cedar Creek,2007.0,1000.0,69.0,61.4,2960.92,99.7,40.91592,-103.976555
3018740,CO,Weld County,Cedar Creek,2007.0,1000.0,69.0,61.4,2960.92,99.7,40.869595,-104.060089
3018716,CO,Weld County,Cedar Creek,2007.0,1500.0,80.0,77.0,4656.63,118.6,40.937092,-104.053688
3023286,CO,Weld County,Cedar Creek,2007.0,1000.0,69.0,61.4,2960.92,99.7,40.877995,-103.910591
3018829,CO,Weld County,Cedar Creek,2007.0,1000.0,69.0,61.4,2960.92,99.7,40.864494,-104.023788
3023287,CO,Weld County,Cedar Creek,2007.0,1000.0,69.0,61.4,2960.92,99.7,40.876793,-103.912392
3018684,CO,Weld County,Cedar Creek,2007.0,1500.0,80.0,77.0,4656.63,118.6,40.969193,-104.031693
3018866,CO,Weld County,Cedar Creek,2007.0,1000.0,69.0,61.4,2960.92,99.7,40.909893,-103.962288
3070945,CO,Weld County,Cedar Creek,2007.0,1000.0,69.0,61.4,2960.92,99.7,40.893875,-104.059402
3023373,CO,Weld County,Cedar Creek,2007.0,1500.0,80.0,77.0,4656.63,118.6,40.919792,-104.077789
3018897,CO,Weld County,Cedar Creek,2007.0,1000.0,69.0,61.4,2960.92,99.7,40.902092,-103.916786
3018813,CO,Weld County,Cedar Creek,2007.0,1000.0,69.0,61.4,2960.92,99.7,40.882092,-103.994186
3018732,CO,Weld County,Cedar Creek,2007.0,1000.0,69.0,61.4,2960.92,99.7,40.858494,-104.099792
3018835,CO,Weld County,Cedar Creek,2007.0,1000.0,69.0,61.4,2960.92,99.7,40.856094,-104.027786
3018758,CO,Weld County,Cedar Creek,2007.0,1000.0,69.0,61.4,2960.92,99.7,40.845592,-104.068489
3018799,CO,Weld County,Cedar Creek,2007.0,1000.0,69.0,61.4,2960.92,99.7,40.878693,-104.032387
3018818,CO,Weld County,Cedar Creek,2007.0,1000.0,69.0,61.4,2960.92,99.7,40.877392,-104.014793
3069868,CO,Weld County,Cedar Creek,2007.0,1000.0,69.0,61.4,2960.92,99.7,40.831497,-104.067039
3018817,CO,Weld County,Cedar Creek,2007.0,1000.0,69.0,61.4,2960.92,99.7,40.878792,-104.012192
3018755,CO,Weld County,Cedar Creek,2007.0,1000.0,69.0,61.4,2960.92,99.7,40.855194,-104.070091
3069874,CO,Weld County,Cedar Creek,2007.0,1000.0,69.0,61.4,2960.92,99.7,40.879616,-104.009415
3018838,CO,Weld County,Cedar Creek,2007.0,1000.0,69.0,61.4,2960.92,99.7,40.852291,-104.03389
3018827,CO,Weld County,Cedar Creek,2007.0,1000.0,69.0,61.4,2960.92,99.7,40.867493,-104.020393
3069910,CO,Weld County,Cedar Creek,2007.0,1000.0,69.0,61.4,2960.92,99.7,40.883732,-103.899216
3018697,CO,Weld County,Cedar Creek,2007.0,1500.0,80.0,77.0,4656.63,118.6,40.931595,-104.060089
3018691,CO,Weld County,Cedar Creek,2007.0,1500.0,80.0,77.0,4656.63,118.6,40.954494,-104.073189
3018907,CO,Weld County,Cedar Creek,2007.0,1000.0,69.0,61.4,2960.92,99.7,40.910091,-103.90699
3069888,CO,Weld County,Cedar Creek,2007.0,1000.0,69.0,61.4,2960.92,99.7,40.912674,-103.958717
3018776,CO,Weld County,Cedar Creek,2007.0,1000.0,69.0,61.4,2960.92,99.7,40.859993,-104.045593
3018760,CO,Weld County,Cedar Creek,2007.0,1000.0,69.0,61.4,2960.92,99.7,40.843594,-104.072891
3018777,CO,Weld County,Cedar Creek,2007.0,1000.0,69.0,61.4,2960.92,99.7,40.894691,-104.023788
3069890,CO,Weld County,Cedar Creek,2007.0,1000.0,69.0,61.4,2960.92,99.7,40.905869,-103.958885
3018870,CO,Weld County,Cedar Creek,2007.0,1000.0,69.0,61.4,2960.92,99.7,40.904793,-103.960487
3069891,CO,Weld County,Cedar Creek,2007.0,1000.0,69.0,61.4,2960.92,99.7,40.915611,-103.942429
3069906,CO,Weld County,Cedar Creek,2007.0,1000.0,69.0,61.4,2960.92,99.7,40.907223,-103.911079
3018686,CO,Weld County,Cedar Creek,2007.0,1500.0,80.0,77.0,4656.63,118.6,40.967293,-104.033493
3018754,CO,Weld County,Cedar Creek,2007.0,1000.0,69.0,61.4,2960.92,99.7,40.856594,-104.06839
3018763,CO,Weld County,Cedar Creek,2007.0,1000.0,69.0,61.4,2960.92,99.7,40.837395,-104.076088
3018810,CO,Weld County,Cedar Creek,2007.0,1000.0,69.0,61.4,2960.92,99.7,40.920395,-103.974487
3069908,CO,Weld County,Cedar Creek,2007.0,1000.0,69.0,61.4,2960.92,99.7,40.90411,-103.915161
3023288,CO,Weld County,Cedar Creek,2007.0,1000.0,69.0,61.4,2960.92,99.7,40.875992,-103.915291
3018752,CO,Weld County,Cedar Creek,2007.0,1000.0,69.0,61.4,2960.92,99.7,40.861591,-104.063889
3011309,CO,Weld County,Cedar Creek,2007.0,1000.0,69.0,61.4,2960.92,99.7,40.863594,-104.062889
3018858,CO,Weld County,Cedar Creek,2007.0,1000.0,69.0,61.4,2960.92,99.7,40.820492,-104.062187
3070946,CO,Weld County,Cedar Creek,2007.0,1000.0,69.0,61.4,2960.92,99.7,40.89257,-104.061333
3069887,CO,Weld County,Cedar Creek,2007.0,1000.0,69.0,61.4,2960.92,99.7,40.913883,-103.956558
3018738,CO,Weld County,Cedar Creek,2007.0,1000.0,69.0,61.4,2960.92,99.7,40.896591,-104.055794
3018893,CO,Weld County,Cedar Creek,2007.0,1000.0,69.0,61.4,2960.92,99.7,40.907394,-103.929489
3018876,CO,Weld County,Cedar Creek,2007.0,1000.0,69.0,61.4,2960.92,99.7,40.910892,-103.946388
3018906,CO,Weld County,Cedar Creek,2007.0,1000.0,69.0,61.4,2960.92,99.7,40.911392,-103.90419
3018855,CO,Weld County,Cedar Creek,2007.0,1000.0,69.0,61.4,2960.92,99.7,40.827393,-104.059387
3018767,CO,Weld County,Cedar Creek,2007.0,1000.0,69.0,61.4,2960.92,99.7,40.876392,-104.035889
3018724,CO,Weld County,Cedar Creek,2007.0,1500.0,80.0,77.0,4656.63,118.6,40.892792,-104.085091
3018706,CO,Weld County,Cedar Creek,2007.0,1500.0,80.0,77.0,4656.63,118.6,40.904491,-104.09729
3018704,CO,Weld County,Cedar Creek,2007.0,1500.0,80.0,77.0,4656.63,118.6,40.907593,-104.091492
3018905,CO,Weld County,Cedar Creek,2007.0,1000.0,69.0,61.4,2960.92,99.7,40.912292,-103.90229
3018722,CO,Weld County,Cedar Creek,2007.0,1500.0,80.0,77.0,4656.63,118.6,40.868294,-104.093086
3018879,CO,Weld County,Cedar Creek,2007.0,1000.0,69.0,61.4,2960.92,99.7,40.903793,-103.94989
3018748,CO,Weld County,Cedar Creek,2007.0,1000.0,69.0,61.4,2960.92,99.7,40.838291,-104.094994
3018693,CO,Weld County,Cedar Creek,2007.0,1500.0,80.0,77.0,4656.63,118.6,40.952991,-104.076393
3018762,CO,Weld County,Cedar Creek,2007.0,1000.0,69.0,61.4,2960.92,99.7,40.839294,-104.074791
3018878,CO,Weld County,Cedar Creek,2007.0,1000.0,69.0,61.4,2960.92,99.7,40.908092,-103.949089
3070942,CO,Weld County,Cedar Creek,2007.0,1000.0,69.0,61.4,2960.92,99.7,40.864887,-104.083199
3018792,CO,Weld County,Cedar Creek,2007.0,1000.0,69.0,61.4,2960.92,99.7,40.827595,-104.069489
3018718,CO,Weld County,Cedar Creek,2007.0,1500.0,80.0,77.0,4656.63,118.6,40.878994,-104.089592
3018772,CO,Weld County,Cedar Creek,2007.0,1000.0,69.0,61.4,2960.92,99.7,40.866093,-104.039787
3018850,CO,Weld County,Cedar Creek,2007.0,1000.0,69.0,61.4,2960.92,99.7,40.833992,-104.051193
3018744,CO,Weld County,Cedar Creek,2007.0,1000.0,69.0,61.4,2960.92,99.7,40.843792,-104.089188
3018688,CO,Weld County,Cedar Creek,2007.0,1500.0,80.0,77.0,4656.63,118.6,40.963795,-104.038391
3018761,CO,Weld County,Cedar Creek,2007.0,1000.0,69.0,61.4,2960.92,99.7,40.841194,-104.073593
3018888,CO,Weld County,Cedar Creek,2007.0,1000.0,69.0,61.4,2960.92,99.7,40.916092,-103.921791
3018719,CO,Weld County,Cedar Creek,2007.0,1500.0,80.0,77.0,4656.63,118.6,40.876095,-104.090088
3023283,CO,Weld County,Cedar Creek,2007.0,1000.0,69.0,61.4,2960.92,99.7,40.877594,-104.034088
3018737,CO,Weld County,Cedar Creek,2007.0,1000.0,69.0,61.4,2960.92,99.7,40.845894,-104.103493
3018781,CO,Weld County,Cedar Creek,2007.0,1000.0,69.0,61.4,2960.92,99.7,40.847794,-104.054092
3023289,CO,Weld County,Cedar Creek,2007.0,1500.0,80.0,77.0,4656.63,118.6,40.865993,-104.092987
3018899,CO,Weld County,Cedar Creek,2007.0,1000.0,69.0,61.4,2960.92,99.7,40.898094,-103.919388
3069862,CO,Weld County,Cedar Creek,2007.0,1000.0,69.0,61.4,2960.92,99.7,40.894749,-104.057121
3018731,CO,Weld County,Cedar Creek,2007.0,1000.0,69.0,61.4,2960.92,99.7,40.860592,-104.098587
3018891,CO,Weld County,Cedar Creek,2007.0,1000.0,69.0,61.4,2960.92,99.7,40.913792,-103.930489
3018720,CO,Weld County,Cedar Creek,2007.0,1500.0,80.0,77.0,4656.63,118.6,40.874191,-104.091789
3018898,CO,Weld County,Cedar Creek,2007.0,1000.0,69.0,61.4,2960.92,99.7,40.900192,-103.917793
3018713,CO,Weld County,Cedar Creek,2007.0,1500.0,80.0,77.0,4656.63,118.6,40.941494,-104.045692
3018885,CO,Weld County,Cedar Creek,2007.0,1000.0,69.0,61.4,2960.92,99.7,40.899693,-103.940392
3018843,CO,Weld County,Cedar Creek,2007.0,1000.0,69.0,61.4,2960.92,99.7,40.846592,-104.03949
3018825,CO,Weld County,Cedar Creek,2007.0,1000.0,69.0,61.4,2960.92,99.7,40.871094,-104.01889
3018721,CO,Weld County,Cedar Creek,2007.0,1500.0,80.0,77.0,4656.63,118.6,40.869991,-104.091591
3070943,CO,Weld County,Cedar Creek,2007.0,1000.0,69.0,61.4,2960.92,99.7,40.866589,-104.081589
3018756,CO,Weld County,Cedar Creek,2007.0,1000.0,69.0,61.4,2960.92,99.7,40.846691,-104.066292
3018723,CO,Weld County,Cedar Creek,2007.0,1500.0,80.0,77.0,4656.63,118.6,40.893291,-104.080391
3018872,CO,Weld County,Cedar Creek,2007.0,1000.0,69.0,61.4,2960.92,99.7,40.899193,-103.956993
3023376,CO,Weld County,Cedar Creek,2007.0,1000.0,69.0,61.4,2960.92,99.7,40.874191,-103.920792
3018696,CO,Weld County,Cedar Creek,2007.0,1500.0,80.0,77.0,4656.63,118.6,40.933792,-104.058388
3069885,CO,Weld County,Cedar Creek,2007.0,1000.0,69.0,61.4,2960.92,99.7,40.907417,-103.978157
3018784,CO,Weld County,Cedar Creek,2007.0,1000.0,69.0,61.4,2960.92,99.7,40.843594,-104.05909
3018877,CO,Weld County,Cedar Creek,2007.0,1000.0,69.0,61.4,2960.92,99.7,40.909393,-103.947693
3018842,CO,Weld County,Cedar Creek,2007.0,1000.0,69.0,61.4,2960.92,99.7,40.913792,-103.976791
3069892,CO,Weld County,Cedar Creek,2007.0,1000.0,69.0,61.4,2960.92,99.7,40.914063,-103.943794
3018845,CO,Weld County,Cedar Creek,2007.0,1000.0,69.0,61.4,2960.92,99.7,40.844494,-104.043694
3018753,CO,Weld County,Cedar Creek,2007.0,1000.0,69.0,61.4,2960.92,99.7,40.859795,-104.064987
3018868,CO,Weld County,Cedar Creek,2007.0,1000.0,69.0,61.4,2960.92,99.7,40.907291,-103.957191
3070934,CO,Weld County,Cedar Creek,2007.0,1000.0,69.0,61.4,2960.92,99.7,40.882706,-104.064133
3018689,CO,Weld County,Cedar Creek,2007.0,1500.0,80.0,77.0,4656.63,118.6,40.962193,-104.040894
3070940,CO,Weld County,Cedar Creek,2007.0,1000.0,69.0,61.4,2960.92,99.7,40.870068,-104.078506
3018916,CO,Weld County,Cedar Creek,2007.0,1000.0,69.0,61.4,2960.92,99.7,40.897694,-103.903488
3018848,CO,Weld County,Cedar Creek,2007.0,1000.0,69.0,61.4,2960.92,99.7,40.838493,-104.047592
3018804,CO,Weld County,Cedar Creek,2007.0,1000.0,69.0,61.4,2960.92,99.7,40.900394,-103.988693
3023372,CO,Weld County,Cedar Creek,2007.0,1500.0,80.0,77.0,4656.63,118.6,40.921593,-104.075989
3069878,CO,Weld County,Cedar Creek,2007.0,1000.0,69.0,61.4,2960.92,99.7,40.855274,-104.030258
3018695,CO,Weld County,Cedar Creek,2007.0,1500.0,80.0,77.0,4656.63,118.6,40.935795,-104.056488
3069903,CO,Weld County,Cedar Creek,2007.0,1000.0,69.0,61.4,2960.92,99.7,40.896748,-103.921227
3018749,CO,Weld County,Cedar Creek,2007.0,1000.0,69.0,61.4,2960.92,99.7,40.837193,-104.096893
3069899,CO,Weld County,Cedar Creek,2007.0,1000.0,69.0,61.4,2960.92,99.7,40.898247,-103.942368
3018733,CO,Weld County,Cedar Creek,2007.0,1000.0,69.0,61.4,2960.92,99.7,40.856194,-104.101288
3018698,CO,Weld County,Cedar Creek,2007.0,1500.0,80.0,77.0,4656.63,118.6,40.924992,-104.058487
3018797,CO,Weld County,Cedar Creek,2007.0,1000.0,69.0,61.4,2960.92,99.7,40.884392,-104.030388
3018808,CO,Weld County,Cedar Creek,2007.0,1000.0,69.0,61.4,2960.92,99.7,40.892292,-103.997688
3069905,CO,Weld County,Cedar Creek,2007.0,1000.0,69.0,61.4,2960.92,99.7,40.908909,-103.908836
3018692,CO,Weld County,Cedar Creek,2007.0,1500.0,80.0,77.0,4656.63,118.6,40.956894,-104.071388
3018712,CO,Weld County,Cedar Creek,2007.0,1500.0,80.0,77.0,4656.63,118.6,40.942894,-104.043694
3018787,CO,Weld County,Cedar Creek,2007.0,1000.0,69.0,61.4,2960.92,99.7,40.837292,-104.064491
3018710,CO,Weld County,Cedar Creek,2007.0,1500.0,80.0,77.0,4656.63,118.6,40.946892,-104.037392
3018830,CO,Weld County,Cedar Creek,2007.0,1000.0,69.0,61.4,2960.92,99.7,40.862892,-104.024094
3018801,CO,Weld County,Cedar Creek,2007.0,1000.0,69.0,61.4,2960.92,99.7,40.906094,-103.986092
3018746,CO,Weld County,Cedar Creek,2007.0,1000.0,69.0,61.4,2960.92,99.7,40.840294,-104.091187
3018694,CO,Weld County,Cedar Creek,2007.0,1500.0,80.0,77.0,4656.63,118.6,40.949795,-104.032089
3018764,CO,Weld County,Cedar Creek,2007.0,1000.0,69.0,61.4,2960.92,99.7,40.835491,-104.077293
3018759,CO,Weld County,Cedar Creek,2007.0,1000.0,69.0,61.4,2960.92,99.7,40.844692,-104.070686
3018728,CO,Weld County,Cedar Creek,2007.0,1500.0,80.0,77.0,4656.63,118.6,40.887691,-104.098289
3018745,CO,Weld County,Cedar Creek,2007.0,1000.0,69.0,61.4,2960.92,99.7,40.841293,-104.089188
3018802,CO,Weld County,Cedar Creek,2007.0,1000.0,69.0,61.4,2960.92,99.7,40.904594,-103.987289
3069873,CO,Weld County,Cedar Creek,2007.0,1000.0,69.0,61.4,2960.92,99.7,40.881275,-104.005394
3018757,CO,Weld County,Cedar Creek,2007.0,1000.0,69.0,61.4,2960.92,99.7,40.832092,-104.080391
3018785,CO,Weld County,Cedar Creek,2007.0,1000.0,69.0,61.4,2960.92,99.7,40.839092,-104.063591
3069870,CO,Weld County,Cedar Creek,2007.0,1000.0,69.0,61.4,2960.92,99.7,40.903294,-103.988899
3018769,CO,Weld County,Cedar Creek,2007.0,1000.0,69.0,61.4,2960.92,99.7,40.871391,-104.036087
3069881,CO,Weld County,Cedar Creek,2007.0,1000.0,69.0,61.4,2960.92,99.7,40.844997,-104.032646
3018896,CO,Weld County,Cedar Creek,2007.0,1000.0,69.0,61.4,2960.92,99.7,40.914093,-103.898491
3018780,CO,Weld County,Cedar Creek,2007.0,1000.0,69.0,61.4,2960.92,99.7,40.853794,-104.042191
3069904,CO,Weld County,Cedar Creek,2007.0,1000.0,69.0,61.4,2960.92,99.7,40.899632,-103.92614
3018798,CO,Weld County,Cedar Creek,2007.0,1000.0,69.0,61.4,2960.92,99.7,40.882992,-104.031792
3069872,CO,Weld County,Cedar Creek,2007.0,1000.0,69.0,61.4,2960.92,99.7,40.89629,-103.988976
3018854,CO,Weld County,Cedar Creek,2007.0,1000.0,69.0,61.4,2960.92,99.7,40.828995,-104.057991
3018821,CO,Weld County,Cedar Creek,2007.0,1000.0,69.0,61.4,2960.92,99.7,40.918491,-103.975693
3018828,CO,Weld County,Cedar Creek,2007.0,1000.0,69.0,61.4,2960.92,99.7,40.866295,-104.021591
3069879,CO,Weld County,Cedar Creek,2007.0,1000.0,69.0,61.4,2960.92,99.7,40.851612,-104.036163
3018735,CO,Weld County,Cedar Creek,2007.0,1000.0,69.0,61.4,2960.92,99.7,40.852291,-104.103989
3070939,CO,Weld County,Cedar Creek,2007.0,1000.0,69.0,61.4,2960.92,99.7,40.872654,-104.073608
3018807,CO,Weld County,Cedar Creek,2007.0,1000.0,69.0,61.4,2960.92,99.7,40.893192,-103.995689
3070941,CO,Weld County,Cedar Creek,2007.0,1000.0,69.0,61.4,2960.92,99.7,40.868366,-104.080101
3069867,CO,Weld County,Cedar Creek,2007.0,1000.0,69.0,61.4,2960.92,99.7,40.845013,-104.05751
3069893,CO,Weld County,Cedar Creek,2007.0,1000.0,69.0,61.4,2960.92,99.7,40.912449,-103.945061
3018822,CO,Weld County,Cedar Creek,2007.0,1000.0,69.0,61.4,2960.92,99.7,40.880295,-104.022293
3018782,CO,Weld County,Cedar Creek,2007.0,1000.0,69.0,61.4,2960.92,99.7,40.846394,-104.055893
3069909,CO,Weld County,Cedar Creek,2007.0,1000.0,69.0,61.4,2960.92,99.7,40.900433,-103.900261
3018837,CO,Weld County,Cedar Creek,2007.0,1000.0,69.0,61.4,2960.92,99.7,40.853893,-104.031693
3018743,CO,Weld County,Cedar Creek,2007.0,1000.0,69.0,61.4,2960.92,99.7,40.846092,-104.089188
3018823,CO,Weld County,Cedar Creek,2007.0,1000.0,69.0,61.4,2960.92,99.7,40.878693,-104.023689
3069864,CO,Weld County,Cedar Creek,2007.0,1000.0,69.0,61.4,2960.92,99.7,40.895336,-104.02063
3023290,CO,Weld County,Cedar Creek,2007.0,1500.0,80.0,77.0,4656.63,118.6,40.864895,-104.096893
3018726,CO,Weld County,Cedar Creek,2007.0,1500.0,80.0,77.0,4656.63,118.6,40.891392,-104.093689
3018913,CO,Weld County,Cedar Creek,2007.0,1000.0,69.0,61.4,2960.92,99.7,40.875195,-103.917892
3018852,CO,Weld County,Cedar Creek,2007.0,1000.0,69.0,61.4,2960.92,99.7,40.830593,-104.056488
3018765,CO,Weld County,Cedar Creek,2007.0,1000.0,69.0,61.4,2960.92,99.7,40.833591,-104.07859
3070933,CO,Weld County,Cedar Creek,2007.0,1000.0,69.0,61.4,2960.92,99.7,40.899094,-104.051796
3018700,CO,Weld County,Cedar Creek,2007.0,1500.0,80.0,77.0,4656.63,118.6,40.917892,-104.07859
3018894,CO,Weld County,Cedar Creek,2007.0,1000.0,69.0,61.4,2960.92,99.7,40.905994,-103.93219
3018881,CO,Weld County,Cedar Creek,2007.0,1000.0,69.0,61.4,2960.92,99.7,40.900791,-103.956291
3018915,CO,Weld County,Cedar Creek,2007.0,1000.0,69.0,61.4,2960.92,99.7,40.899494,-103.902489
3018865,CO,Weld County,Cedar Creek,2007.0,1000.0,69.0,61.4,2960.92,99.7,40.911694,-103.960693
3018819,CO,Weld County,Cedar Creek,2007.0,1000.0,69.0,61.4,2960.92,99.7,40.876392,-104.016388
3018708,CO,Weld County,Cedar Creek,2007.0,1500.0,80.0,77.0,4656.63,118.6,40.901093,-104.101593
3070948,CO,Weld County,Cedar Creek,2007.0,1000.0,69.0,61.4,2960.92,99.7,40.889645,-104.064255
3018786,CO,Weld County,Cedar Creek,2007.0,1000.0,69.0,61.4,2960.92,99.7,40.893593,-104.025887
3069880,CO,Weld County,Cedar Creek,2007.0,1000.0,69.0,61.4,2960.92,99.7,40.846794,-104.031334
3070937,CO,Weld County,Cedar Creek,2007.0,1000.0,69.0,61.4,2960.92,99.7,40.875122,-104.069954
3018707,CO,Weld County,Cedar Creek,2007.0,1500.0,80.0,77.0,4656.63,118.6,40.903091,-104.099792
3018826,CO,Weld County,Cedar Creek,2007.0,1000.0,69.0,61.4,2960.92,99.7,40.869194,-104.019287
3018699,CO,Weld County,Cedar Creek,2007.0,1500.0,80.0,77.0,4656.63,118.6,40.925194,-104.072388
3018705,CO,Weld County,Cedar Creek,2007.0,1500.0,80.0,77.0,4656.63,118.6,40.906094,-104.094093
3018851,CO,Weld County,Cedar Creek,2007.0,1000.0,69.0,61.4,2960.92,99.7,40.831795,-104.051292
3023375,CO,Weld County,Cedar Creek,2007.0,1000.0,69.0,61.4,2960.92,99.7,40.851894,-104.044594
3069875,CO,Weld County,Cedar Creek,2007.0,1000.0,69.0,61.4,2960.92,99.7,40.877499,-104.025467
3018833,CO,Weld County,Cedar Creek,2007.0,1000.0,69.0,61.4,2960.92,99.7,40.858994,-104.025589
3018887,CO,Weld County,Cedar Creek,2007.0,1000.0,69.0,61.4,2960.92,99.7,40.897095,-103.944588
3069884,CO,Weld County,Cedar Creek,2007.0,1000.0,69.0,61.4,2960.92,99.7,40.911633,-103.976913
3018702,CO,Weld County,Cedar Creek,2007.0,1500.0,80.0,77.0,4656.63,118.6,40.915691,-104.081192
3018709,CO,Weld County,Cedar Creek,2007.0,1500.0,80.0,77.0,4656.63,118.6,40.898392,-104.102287
3018774,CO,Weld County,Cedar Creek,2007.0,1000.0,69.0,61.4,2960.92,99.7,40.864094,-104.044189
3018770,CO,Weld County,Cedar Creek,2007.0,1000.0,69.0,61.4,2960.92,99.7,40.869793,-104.037392
3018750,CO,Weld County,Cedar Creek,2007.0,1000.0,69.0,61.4,2960.92,99.7,40.867592,-104.060989
3069866,CO,Weld County,Cedar Creek,2007.0,1000.0,69.0,61.4,2960.92,99.7,40.85796,-104.046921
3018703,CO,Weld County,Cedar Creek,2007.0,1500.0,80.0,77.0,4656.63,118.6,40.909092,-104.088791
3018725,CO,Weld County,Cedar Creek,2007.0,1500.0,80.0,77.0,4656.63,118.6,40.892593,-104.090088
3018846,CO,Weld County,Cedar Creek,2007.0,1000.0,69.0,61.4,2960.92,99.7,40.843391,-104.045792
3023285,CO,Weld County,Cedar Creek,2007.0,1000.0,69.0,61.4,2960.92,99.7,40.879192,-103.90889
3018920,CO,Weld County,Cedar Creek,2007.0,1000.0,69.0,61.4,2960.92,99.7,40.879192,-103.901489
3069863,CO,Weld County,Cedar Creek,2007.0,1000.0,69.0,61.4,2960.92,99.7,40.865547,-104.061951
3018793,CO,Weld County,Cedar Creek,2007.0,1000.0,69.0,61.4,2960.92,99.7,40.826393,-104.071991
3069882,CO,Weld County,Cedar Creek,2007.0,1000.0,69.0,61.4,2960.92,99.7,40.845543,-104.041573
3018890,CO,Weld County,Cedar Creek,2007.0,1000.0,69.0,61.4,2960.92,99.7,40.914791,-103.92849
3069877,CO,Weld County,Cedar Creek,2007.0,1000.0,69.0,61.4,2960.92,99.7,40.857311,-104.026031
3018729,CO,Weld County,Cedar Creek,2007.0,1500.0,80.0,77.0,4656.63,118.6,40.884792,-104.08889
3018832,CO,Weld County,Cedar Creek,2007.0,1000.0,69.0,61.4,2960.92,99.7,40.861195,-104.024788
3070949,CO,Weld County,Cedar Creek,2007.0,1000.0,69.0,61.4,2960.92,99.7,40.888126,-104.065483
3018849,CO,Weld County,Cedar Creek,2007.0,1000.0,69.0,61.4,2960.92,99.7,40.836594,-104.050987
3069889,CO,Weld County,Cedar Creek,2007.0,1000.0,69.0,61.4,2960.92,99.7,40.90876,-103.963333
3070936,CO,Weld County,Cedar Creek,2007.0,1000.0,69.0,61.4,2960.92,99.7,40.878773,-104.066048
3018768,CO,Weld County,Cedar Creek,2007.0,1000.0,69.0,61.4,2960.92,99.7,40.872993,-104.034889
3018857,CO,Weld County,Cedar Creek,2007.0,1000.0,69.0,61.4,2960.92,99.7,40.822495,-104.060387
3018794,CO,Weld County,Cedar Creek,2007.0,1000.0,69.0,61.4,2960.92,99.7,40.824593,-104.073486
3018788,CO,Weld County,Cedar Creek,2007.0,1000.0,69.0,61.4,2960.92,99.7,40.835491,-104.065392
3069871,CO,Weld County,Cedar Creek,2007.0,1000.0,69.0,61.4,2960.92,99.7,40.897705,-103.988144
3018889,CO,Weld County,Cedar Creek,2007.0,1000.0,69.0,61.4,2960.92,99.7,40.915894,-103.92569
3023370,CO,Weld County,Cedar Creek,2007.0,1500.0,80.0,77.0,4656.63,118.6,40.924194,-104.061691
3023282,CO,Weld County,Cedar Creek,2007.0,1000.0,69.0,61.4,2960.92,99.7,40.851494,-104.046791
3023374,CO,Weld County,Cedar Creek,2007.0,1000.0,69.0,61.4,2960.92,99.7,40.857693,-104.066788
3069912,CO,Weld County,Cedar Creek,2007.0,1000.0,69.0,61.4,2960.92,99.7,40.879318,-103.904808
3018904,CO,Weld County,Cedar Creek,2007.0,1000.0,69.0,61.4,2960.92,99.7,40.913094,-103.900589
3023284,CO,Weld County,Cedar Creek,2007.0,1000.0,69.0,61.4,2960.92,99.7,40.922092,-103.973389
3069886,CO,Weld County,Cedar Creek,2007.0,1000.0,69.0,61.4,2960.92,99.7,40.905613,-103.979485
3069900,CO,Weld County,Cedar Creek,2007.0,1000.0,69.0,61.4,2960.92,99.7,40.908527,-103.926811
3018895,CO,Weld County,Cedar Creek,2007.0,1000.0,69.0,61.4,2960.92,99.7,40.905693,-103.938393
3018820,CO,Weld County,Cedar Creek,2007.0,1000.0,69.0,61.4,2960.92,99.7,40.881893,-104.02079
3018795,CO,Weld County,Cedar Creek,2007.0,1000.0,69.0,61.4,2960.92,99.7,40.892494,-104.027893
3018910,CO,Weld County,Cedar Creek,2007.0,1000.0,69.0,61.4,2960.92,99.7,40.905693,-103.913193
3018815,CO,Weld County,Cedar Creek,2007.0,1000.0,69.0,61.4,2960.92,99.7,40.880493,-104.007393
3069869,CO,Weld County,Cedar Creek,2007.0,1000.0,69.0,61.4,2960.92,99.7,40.904602,-103.980095
3018796,CO,Weld County,Cedar Creek,2007.0,1000.0,69.0,61.4,2960.92,99.7,40.889893,-104.027992
3018917,CO,Weld County,Cedar Creek,2007.0,1000.0,69.0,61.4,2960.92,99.7,40.895092,-103.903793
3069865,CO,Weld County,Cedar Creek,2007.0,1000.0,69.0,61.4,2960.92,99.7,40.868061,-104.038681
3070938,CO,Weld County,Cedar Creek,2007.0,1000.0,69.0,61.4,2960.92,99.7,40.873852,-104.07193
3018711,CO,Weld County,Cedar Creek,2007.0,1500.0,80.0,77.0,4656.63,118.6,40.945393,-104.039993
3018775,CO,Weld County,Cedar Creek,2007.0,1000.0,69.0,61.4,2960.92,99.7,40.862194,-104.045288
3018701,CO,Weld County,Cedar Creek,2007.0,1500.0,80.0,77.0,4656.63,118.6,40.948292,-104.03479
3018727,CO,Weld County,Cedar Creek,2007.0,1500.0,80.0,77.0,4656.63,118.6,40.889793,-104.095688
3069911,CO,Weld County,Cedar Creek,2007.0,1000.0,69.0,61.4,2960.92,99.7,40.881168,-103.8993
3018903,CO,Weld County,Cedar Creek,2007.0,1000.0,69.0,61.4,2960.92,99.7,40.896793,-103.92939
3018717,CO,Weld County,Cedar Creek,2007.0,1500.0,80.0,77.0,4656.63,118.6,40.895092,-104.077888
3018741,CO,Weld County,Cedar Creek,2007.0,1000.0,69.0,61.4,2960.92,99.7,40.853691,-104.071991
3069896,CO,Weld County,Cedar Creek,2007.0,1000.0,69.0,61.4,2960.92,99.7,40.916466,-103.918663
3018687,CO,Weld County,Cedar Creek,2007.0,1500.0,80.0,77.0,4656.63,118.6,40.965591,-104.035889
3018742,CO,Weld County,Cedar Creek,2007.0,1000.0,69.0,61.4,2960.92,99.7,40.852291,-104.073593
3018859,CO,Weld County,Cedar Creek,2007.0,1000.0,69.0,61.4,2960.92,99.7,40.909294,-103.97699
3018685,CO,Weld County,Cedar Creek,2007.0,1500.0,80.0,77.0,4656.63,118.6,40.951794,-104.079193
3018736,CO,Weld County,Cedar Creek,2007.0,1000.0,69.0,61.4,2960.92,99.7,40.848492,-104.103989
3023371,CO,Weld County,Cedar Creek,2007.0,1500.0,80.0,77.0,4656.63,118.6,40.923393,-104.074287
3018912,CO,Weld County,Cedar Creek,2007.0,1000.0,69.0,61.4,2960.92,99.7,40.901493,-103.898293
3018809,CO,Weld County,Cedar Creek,2007.0,1000.0,69.0,61.4,2960.92,99.7,40.890892,-103.999191
3018862,CO,Weld County,Cedar Creek,2007.0,1000.0,69.0,61.4,2960.92,99.7,40.914394,-103.95459
3018847,CO,Weld County,Cedar Creek,2007.0,1000.0,69.0,61.4,2960.92,99.7,40.841293,-104.047592
3037018,CO,Weld County,Cedar Creek II,2011.0,1600.0,80.0,77.0,4656.63,118.6,40.946392,-103.762894
3037074,CO,Weld County,Cedar Creek II,2011.0,1600.0,80.0,77.0,4656.63,118.6,40.952194,-103.769188
3124850,CO,Weld County,Cedar Creek II,2011.0,1600.0,80.0,77.0,4656.63,118.6,40.931568,-103.792122
3036987,CO,Weld County,Cedar Creek II,2011.0,2500.0,80.0,90.0,6361.73,125.0,40.921494,-103.77359
3037035,CO,Weld County,Cedar Creek II,2011.0,1600.0,80.0,77.0,4656.63,118.6,40.934193,-103.83149
3036982,CO,Weld County,Cedar Creek II,2011.0,2500.0,80.0,90.0,6361.73,125.0,40.943493,-103.708588
3036999,CO,Weld County,Cedar Creek II,2011.0,2500.0,80.0,90.0,6361.73,125.0,40.876694,-103.81089
3037001,CO,Weld County,Cedar Creek II,2011.0,2500.0,80.0,90.0,6361.73,125.0,40.895592,-103.849991
3037077,CO,Weld County,Cedar Creek II,2011.0,1600.0,80.0,77.0,4656.63,118.6,40.936394,-103.787491
3037072,CO,Weld County,Cedar Creek II,2011.0,1600.0,80.0,77.0,4656.63,118.6,40.944992,-103.75589
3037040,CO,Weld County,Cedar Creek II,2011.0,1600.0,80.0,77.0,4656.63,118.6,40.922092,-103.843086
3037037,CO,Weld County,Cedar Creek II,2011.0,1600.0,80.0,77.0,4656.63,118.6,40.941193,-103.836487
3036975,CO,Weld County,Cedar Creek II,2011.0,2500.0,80.0,90.0,6361.73,125.0,40.906792,-103.753487
3037023,CO,Weld County,Cedar Creek II,2011.0,1600.0,80.0,77.0,4656.63,118.6,40.939693,-103.777191
3037020,CO,Weld County,Cedar Creek II,2011.0,1600.0,80.0,77.0,4656.63,118.6,40.949192,-103.770088
3036998,CO,Weld County,Cedar Creek II,2011.0,2500.0,80.0,90.0,6361.73,125.0,40.881294,-103.820091
3062906,CO,Weld County,Cedar Creek II,2011.0,1600.0,80.0,77.0,4656.63,118.6,40.920021,-103.848267
3036988,CO,Weld County,Cedar Creek II,2011.0,2500.0,80.0,90.0,6361.73,125.0,40.909092,-103.779388
3037060,CO,Weld County,Cedar Creek II,2011.0,2500.0,80.0,90.0,6361.73,125.0,40.876293,-103.814789
3037005,CO,Weld County,Cedar Creek II,2011.0,2500.0,80.0,90.0,6361.73,125.0,40.872494,-103.831192
3036976,CO,Weld County,Cedar Creek II,2011.0,2500.0,80.0,90.0,6361.73,125.0,40.968994,-103.689087
3036981,CO,Weld County,Cedar Creek II,2011.0,2500.0,80.0,90.0,6361.73,125.0,40.949692,-103.701492
3037021,CO,Weld County,Cedar Creek II,2011.0,1600.0,80.0,77.0,4656.63,118.6,40.960491,-103.770691
3037075,CO,Weld County,Cedar Creek II,2011.0,1600.0,80.0,77.0,4656.63,118.6,40.956993,-103.779587
3036973,CO,Weld County,Cedar Creek II,2011.0,2500.0,80.0,90.0,6361.73,125.0,40.897293,-103.743187
3036991,CO,Weld County,Cedar Creek II,2011.0,2500.0,80.0,90.0,6361.73,125.0,40.912792,-103.819389
3037033,CO,Weld County,Cedar Creek II,2011.0,1600.0,80.0,77.0,4656.63,118.6,40.933994,-103.823189
3037062,CO,Weld County,Cedar Creek II,2011.0,2500.0,80.0,90.0,6361.73,125.0,40.887394,-103.853989
3037014,CO,Weld County,Cedar Creek II,2011.0,1600.0,80.0,77.0,4656.63,118.6,40.950294,-103.74379
3037079,CO,Weld County,Cedar Creek II,2011.0,1600.0,80.0,77.0,4656.63,118.6,40.928795,-103.793892
3037030,CO,Weld County,Cedar Creek II,2011.0,1600.0,80.0,77.0,4656.63,118.6,40.920193,-103.80809
3037050,CO,Weld County,Cedar Creek II,2011.0,2500.0,80.0,90.0,6361.73,125.0,40.969894,-103.704788
3037047,CO,Weld County,Cedar Creek II,2011.0,1600.0,80.0,77.0,4656.63,118.6,40.923992,-103.857391
3036974,CO,Weld County,Cedar Creek II,2011.0,2500.0,80.0,90.0,6361.73,125.0,40.911095,-103.745087
3037066,CO,Weld County,Cedar Creek II,2011.0,1600.0,80.0,77.0,4656.63,118.6,40.969395,-103.740791
3036996,CO,Weld County,Cedar Creek II,2011.0,2500.0,80.0,90.0,6361.73,125.0,40.890392,-103.811989
3037090,CO,Weld County,Cedar Creek II,2011.0,1600.0,80.0,77.0,4656.63,118.6,40.920692,-103.845291
3037056,CO,Weld County,Cedar Creek II,2011.0,2500.0,80.0,90.0,6361.73,125.0,40.910892,-103.776993
3037008,CO,Weld County,Cedar Creek II,2011.0,2500.0,80.0,90.0,6361.73,125.0,40.870193,-103.853394
3037088,CO,Weld County,Cedar Creek II,2011.0,1600.0,80.0,77.0,4656.63,118.6,40.931194,-103.846786
3037012,CO,Weld County,Cedar Creek II,2011.0,1600.0,80.0,77.0,4656.63,118.6,40.961494,-103.736893
3036989,CO,Weld County,Cedar Creek II,2011.0,2500.0,80.0,90.0,6361.73,125.0,40.912193,-103.78849
3037064,CO,Weld County,Cedar Creek II,2011.0,2500.0,80.0,90.0,6361.73,125.0,40.872894,-103.851288
3037003,CO,Weld County,Cedar Creek II,2011.0,2500.0,80.0,90.0,6361.73,125.0,40.887691,-103.858292
3037065,CO,Weld County,Cedar Creek II,2011.0,2500.0,80.0,90.0,6361.73,125.0,40.871792,-103.859291
3037067,CO,Weld County,Cedar Creek II,2011.0,1600.0,80.0,77.0,4656.63,118.6,40.960194,-103.738991
3037011,CO,Weld County,Cedar Creek II,2011.0,1600.0,80.0,77.0,4656.63,118.6,40.967793,-103.743088
3037070,CO,Weld County,Cedar Creek II,2011.0,1600.0,80.0,77.0,4656.63,118.6,40.946995,-103.74659
3036985,CO,Weld County,Cedar Creek II,2011.0,2500.0,80.0,90.0,6361.73,125.0,40.933193,-103.723289
3037041,CO,Weld County,Cedar Creek II,2011.0,1600.0,80.0,77.0,4656.63,118.6,40.919994,-103.851791
3037054,CO,Weld County,Cedar Creek II,2011.0,2500.0,80.0,90.0,6361.73,125.0,40.927094,-103.769089
3037027,CO,Weld County,Cedar Creek II,2011.0,1600.0,80.0,77.0,4656.63,118.6,40.944794,-103.786987
3036979,CO,Weld County,Cedar Creek II,2011.0,2500.0,80.0,90.0,6361.73,125.0,40.965092,-103.704689
3037032,CO,Weld County,Cedar Creek II,2011.0,1600.0,80.0,77.0,4656.63,118.6,40.923393,-103.819794
3036983,CO,Weld County,Cedar Creek II,2011.0,2500.0,80.0,90.0,6361.73,125.0,40.938793,-103.713692
3037082,CO,Weld County,Cedar Creek II,2011.0,1600.0,80.0,77.0,4656.63,118.6,40.944592,-103.815689
3037076,CO,Weld County,Cedar Creek II,2011.0,1600.0,80.0,77.0,4656.63,118.6,40.937794,-103.779694
3037036,CO,Weld County,Cedar Creek II,2011.0,1600.0,80.0,77.0,4656.63,118.6,40.944492,-103.83139
3037038,CO,Weld County,Cedar Creek II,2011.0,1600.0,80.0,77.0,4656.63,118.6,40.931694,-103.843193
3037044,CO,Weld County,Cedar Creek II,2011.0,1600.0,80.0,77.0,4656.63,118.6,40.922493,-103.863586
3037042,CO,Weld County,Cedar Creek II,2011.0,1600.0,80.0,77.0,4656.63,118.6,40.927494,-103.857292
3037007,CO,Weld County,Cedar Creek II,2011.0,2500.0,80.0,90.0,6361.73,125.0,40.873993,-103.843788
3037026,CO,Weld County,Cedar Creek II,2011.0,1600.0,80.0,77.0,4656.63,118.6,40.926693,-103.796188
3037053,CO,Weld County,Cedar Creek II,2011.0,2500.0,80.0,90.0,6361.73,125.0,40.935291,-103.720688
3037059,CO,Weld County,Cedar Creek II,2011.0,2500.0,80.0,90.0,6361.73,125.0,40.885792,-103.820992
3037051,CO,Weld County,Cedar Creek II,2011.0,2500.0,80.0,90.0,6361.73,125.0,40.949795,-103.695686
3037024,CO,Weld County,Cedar Creek II,2011.0,1600.0,80.0,77.0,4656.63,118.6,40.936295,-103.782593
3036993,CO,Weld County,Cedar Creek II,2011.0,2500.0,80.0,90.0,6361.73,125.0,40.906094,-103.797989
3036997,CO,Weld County,Cedar Creek II,2011.0,2500.0,80.0,90.0,6361.73,125.0,40.891495,-103.818588
3037085,CO,Weld County,Cedar Creek II,2011.0,1600.0,80.0,77.0,4656.63,118.6,40.931694,-103.824287
3037049,CO,Weld County,Cedar Creek II,2011.0,2500.0,80.0,90.0,6361.73,125.0,40.973492,-103.699188
3036972,CO,Weld County,Cedar Creek II,2011.0,2500.0,80.0,90.0,6361.73,125.0,40.900192,-103.742088
3037000,CO,Weld County,Cedar Creek II,2011.0,2500.0,80.0,90.0,6361.73,125.0,40.901592,-103.849289
3037063,CO,Weld County,Cedar Creek II,2011.0,2500.0,80.0,90.0,6361.73,125.0,40.873592,-103.847588
3037039,CO,Weld County,Cedar Creek II,2011.0,1600.0,80.0,77.0,4656.63,118.6,40.930695,-103.85009
3037091,CO,Weld County,Cedar Creek II,2011.0,2500.0,80.0,90.0,6361.73,125.0,40.908092,-103.750587
3037046,CO,Weld County,Cedar Creek II,2011.0,2500.0,80.0,90.0,6361.73,125.0,40.903992,-103.74099
3037002,CO,Weld County,Cedar Creek II,2011.0,2500.0,80.0,90.0,6361.73,125.0,40.890694,-103.84819
3036995,CO,Weld County,Cedar Creek II,2011.0,2500.0,80.0,90.0,6361.73,125.0,40.896893,-103.81189
3037015,CO,Weld County,Cedar Creek II,2011.0,1600.0,80.0,77.0,4656.63,118.6,40.944393,-103.740791
3036990,CO,Weld County,Cedar Creek II,2011.0,2500.0,80.0,90.0,6361.73,125.0,40.914394,-103.809387
3037048,CO,Weld County,Cedar Creek II,2011.0,2500.0,80.0,90.0,6361.73,125.0,40.966492,-103.692787
3037031,CO,Weld County,Cedar Creek II,2011.0,1600.0,80.0,77.0,4656.63,118.6,40.928692,-103.812088
3036994,CO,Weld County,Cedar Creek II,2011.0,2500.0,80.0,90.0,6361.73,125.0,40.902893,-103.805389
3037089,CO,Weld County,Cedar Creek II,2011.0,1600.0,80.0,77.0,4656.63,118.6,40.926094,-103.842987
3037052,CO,Weld County,Cedar Creek II,2011.0,2500.0,80.0,90.0,6361.73,125.0,40.940994,-103.711891
3037029,CO,Weld County,Cedar Creek II,2011.0,1600.0,80.0,77.0,4656.63,118.6,40.946194,-103.813187
3037084,CO,Weld County,Cedar Creek II,2011.0,1600.0,80.0,77.0,4656.63,118.6,40.926094,-103.813293
3037019,CO,Weld County,Cedar Creek II,2011.0,1600.0,80.0,77.0,4656.63,118.6,40.955494,-103.765991
3037055,CO,Weld County,Cedar Creek II,2011.0,2500.0,80.0,90.0,6361.73,125.0,40.920292,-103.777092
3037022,CO,Weld County,Cedar Creek II,2011.0,1600.0,80.0,77.0,4656.63,118.6,40.959793,-103.776688
3036977,CO,Weld County,Cedar Creek II,2011.0,2500.0,80.0,90.0,6361.73,125.0,40.963993,-103.697189
3037016,CO,Weld County,Cedar Creek II,2011.0,1600.0,80.0,77.0,4656.63,118.6,40.946293,-103.749786
3037013,CO,Weld County,Cedar Creek II,2011.0,1600.0,80.0,77.0,4656.63,118.6,40.957592,-103.743889
3037058,CO,Weld County,Cedar Creek II,2011.0,2500.0,80.0,90.0,6361.73,125.0,40.904793,-103.801689
3037028,CO,Weld County,Cedar Creek II,2011.0,1600.0,80.0,77.0,4656.63,118.6,40.941895,-103.798393
3037057,CO,Weld County,Cedar Creek II,2011.0,2500.0,80.0,90.0,6361.73,125.0,40.913593,-103.814491
3037043,CO,Weld County,Cedar Creek II,2011.0,1600.0,80.0,77.0,4656.63,118.6,40.921192,-103.858391
3037080,CO,Weld County,Cedar Creek II,2011.0,1600.0,80.0,77.0,4656.63,118.6,40.942192,-103.789688
3037086,CO,Weld County,Cedar Creek II,2011.0,1600.0,80.0,77.0,4656.63,118.6,40.943691,-103.834587
3037004,CO,Weld County,Cedar Creek II,2011.0,2500.0,80.0,90.0,6361.73,125.0,40.881893,-103.84549
3037087,CO,Weld County,Cedar Creek II,2011.0,1600.0,80.0,77.0,4656.63,118.6,40.939095,-103.837486
3037083,CO,Weld County,Cedar Creek II,2011.0,1600.0,80.0,77.0,4656.63,118.6,40.920094,-103.813988
3037034,CO,Weld County,Cedar Creek II,2011.0,1600.0,80.0,77.0,4656.63,118.6,40.938091,-103.830292
3037073,CO,Weld County,Cedar Creek II,2011.0,1600.0,80.0,77.0,4656.63,118.6,40.942093,-103.761093
3036986,CO,Weld County,Cedar Creek II,2011.0,2500.0,80.0,90.0,6361.73,125.0,40.929295,-103.767288
3036992,CO,Weld County,Cedar Creek II,2011.0,2500.0,80.0,90.0,6361.73,125.0,40.905994,-103.816994
3037081,CO,Weld County,Cedar Creek II,2011.0,1600.0,80.0,77.0,4656.63,118.6,40.941093,-103.800591
3037078,CO,Weld County,Cedar Creek II,2011.0,1600.0,80.0,77.0,4656.63,118.6,40.934292,-103.788689
3036971,CO,Weld County,Cedar Creek II,2011.0,2500.0,80.0,90.0,6361.73,125.0,40.905693,-103.736389
3037006,CO,Weld County,Cedar Creek II,2011.0,2500.0,80.0,90.0,6361.73,125.0,40.871494,-103.834793
3118688,CO,Weld County,Cedar Creek II,2011.0,1600.0,80.0,77.0,4656.63,118.6,40.919712,-103.864487
3037017,CO,Weld County,Cedar Creek II,2011.0,1600.0,80.0,77.0,4656.63,118.6,40.943192,-103.757591
3037061,CO,Weld County,Cedar Creek II,2011.0,2500.0,80.0,90.0,6361.73,125.0,40.888294,-103.850388
3037071,CO,Weld County,Cedar Creek II,2011.0,1600.0,80.0,77.0,4656.63,118.6,40.946693,-103.753693
3036980,CO,Weld County,Cedar Creek II,2011.0,2500.0,80.0,90.0,6361.73,125.0,40.950191,-103.691391
3037068,CO,Weld County,Cedar Creek II,2011.0,1600.0,80.0,77.0,4656.63,118.6,40.959091,-103.741592
3037069,CO,Weld County,Cedar Creek II,2011.0,1600.0,80.0,77.0,4656.63,118.6,40.953693,-103.743393
3036984,CO,Weld County,Cedar Creek II,2011.0,2500.0,80.0,90.0,6361.73,125.0,40.935493,-103.716087
3036978,CO,Weld County,Cedar Creek II,2011.0,2500.0,80.0,90.0,6361.73,125.0,40.973991,-103.695389
3037009,CO,Weld County,Cedar Creek II,2011.0,2500.0,80.0,90.0,6361.73,125.0,40.872791,-103.864693
3037010,CO,Weld County,Cedar Creek II,2011.0,1600.0,80.0,77.0,4656.63,118.6,40.971191,-103.738289
3033526,CO,Lincoln County,Cedar Point,2011.0,1800.0,80.0,90.0,6361.73,125.0,39.429794,-103.642288
3033562,CO,Lincoln County,Cedar Point,2011.0,1800.0,80.0,90.0,6361.73,125.0,39.489693,-103.613693
3033587,CO,Lincoln County,Cedar Point,2011.0,1800.0,80.0,90.0,6361.73,125.0,39.515392,-103.614487
3033592,CO,Lincoln County,Cedar Point,2011.0,1800.0,80.0,90.0,6361.73,125.0,39.517994,-103.598289
3071363,CO,Lincoln County,Cedar Point,2011.0,1800.0,80.0,90.0,6361.73,125.0,39.427986,-103.651436
3033486,CO,Elbert County,Cedar Point,2011.0,1800.0,80.0,90.0,6361.73,125.0,39.389893,-103.776489
3033596,CO,Lincoln County,Cedar Point,2011.0,1800.0,80.0,90.0,6361.73,125.0,39.536694,-103.611893
3071364,CO,Lincoln County,Cedar Point,2011.0,1800.0,80.0,90.0,6361.73,125.0,39.428596,-103.648399
3033538,CO,Lincoln County,Cedar Point,2011.0,1800.0,80.0,90.0,6361.73,125.0,39.463295,-103.657494
3033479,CO,Elbert County,Cedar Point,2011.0,1800.0,80.0,90.0,6361.73,125.0,39.384495,-103.72789
3033572,CO,Lincoln County,Cedar Point,2011.0,1800.0,80.0,90.0,6361.73,125.0,39.503693,-103.58609
3033569,CO,Lincoln County,Cedar Point,2011.0,1800.0,80.0,90.0,6361.73,125.0,39.496494,-103.593987
3033549,CO,Lincoln County,Cedar Point,2011.0,1800.0,80.0,90.0,6361.73,125.0,39.479393,-103.653389
3033544,CO,Lincoln County,Cedar Point,2011.0,1800.0,80.0,90.0,6361.73,125.0,39.468693,-103.673492
3033504,CO,Lincoln County,Cedar Point,2011.0,1800.0,80.0,90.0,6361.73,125.0,39.407394,-103.713791
3033598,CO,Lincoln County,Cedar Point,2011.0,1800.0,80.0,90.0,6361.73,125.0,39.536694,-103.60569
3040053,CO,Elbert County,Cedar Point,2011.0,1800.0,80.0,90.0,6361.73,125.0,39.364494,-103.729393
3033554,CO,Lincoln County,Cedar Point,2011.0,1800.0,80.0,90.0,6361.73,125.0,39.484795,-103.638191
3033578,CO,Lincoln County,Cedar Point,2011.0,1800.0,80.0,90.0,6361.73,125.0,39.511295,-103.57029
3033473,CO,Lincoln County,Cedar Point,2011.0,1800.0,80.0,90.0,6361.73,125.0,39.372692,-103.694092
3033561,CO,Lincoln County,Cedar Point,2011.0,1800.0,80.0,90.0,6361.73,125.0,39.489693,-103.61689
3033533,CO,Lincoln County,Cedar Point,2011.0,1800.0,80.0,90.0,6361.73,125.0,39.457092,-103.671387
3033508,CO,Lincoln County,Cedar Point,2011.0,1800.0,80.0,90.0,6361.73,125.0,39.414993,-103.702789
3033590,CO,Lincoln County,Cedar Point,2011.0,1800.0,80.0,90.0,6361.73,125.0,39.517494,-103.605492
3033570,CO,Lincoln County,Cedar Point,2011.0,1800.0,80.0,90.0,6361.73,125.0,39.497692,-103.591187
3033480,CO,Elbert County,Cedar Point,2011.0,1800.0,80.0,90.0,6361.73,125.0,39.385193,-103.724892
3033599,CO,Lincoln County,Cedar Point,2011.0,1800.0,80.0,90.0,6361.73,125.0,39.537594,-103.601486
3033537,CO,Lincoln County,Cedar Point,2011.0,1800.0,80.0,90.0,6361.73,125.0,39.463295,-103.660591
3033511,CO,Lincoln County,Cedar Point,2011.0,1800.0,80.0,90.0,6361.73,125.0,39.422695,-103.69429
3033490,CO,Elbert County,Cedar Point,2011.0,1800.0,80.0,90.0,6361.73,125.0,39.389996,-103.763893
3033506,CO,Lincoln County,Cedar Point,2011.0,1800.0,80.0,90.0,6361.73,125.0,39.408695,-103.707787
3033470,CO,Lincoln County,Cedar Point,2011.0,1800.0,80.0,90.0,6361.73,125.0,39.370792,-103.705193
3033539,CO,Lincoln County,Cedar Point,2011.0,1800.0,80.0,90.0,6361.73,125.0,39.463295,-103.654289
3033595,CO,Lincoln County,Cedar Point,2011.0,1800.0,80.0,90.0,6361.73,125.0,39.535496,-103.614594
3033478,CO,Elbert County,Cedar Point,2011.0,1800.0,80.0,90.0,6361.73,125.0,39.384094,-103.730988
3033593,CO,Lincoln County,Cedar Point,2011.0,1800.0,80.0,90.0,6361.73,125.0,39.531796,-103.618591
3033503,CO,Elbert County,Cedar Point,2011.0,1800.0,80.0,90.0,6361.73,125.0,39.406494,-103.71669
3033559,CO,Lincoln County,Cedar Point,2011.0,1800.0,80.0,90.0,6361.73,125.0,39.488693,-103.623291
3033591,CO,Lincoln County,Cedar Point,2011.0,1800.0,80.0,90.0,6361.73,125.0,39.517994,-103.601486
3033522,CO,Lincoln County,Cedar Point,2011.0,1800.0,80.0,90.0,6361.73,125.0,39.427395,-103.654488
3033583,CO,Lincoln County,Cedar Point,2011.0,1800.0,80.0,90.0,6361.73,125.0,39.506493,-103.638489
3033553,CO,Lincoln County,Cedar Point,2011.0,1800.0,80.0,90.0,6361.73,125.0,39.484196,-103.641693
3033496,CO,Elbert County,Cedar Point,2011.0,1800.0,80.0,90.0,6361.73,125.0,39.400993,-103.749191
3033601,CO,Lincoln County,Cedar Point,2011.0,1800.0,80.0,90.0,6361.73,125.0,39.425392,-103.664093
3033515,CO,Lincoln County,Cedar Point,2011.0,1800.0,80.0,90.0,6361.73,125.0,39.423595,-103.681992
3033491,CO,Elbert County,Cedar Point,2011.0,1800.0,80.0,90.0,6361.73,125.0,39.391594,-103.761391
3033577,CO,Lincoln County,Cedar Point,2011.0,1800.0,80.0,90.0,6361.73,125.0,39.509895,-103.572891
3033477,CO,Lincoln County,Cedar Point,2011.0,1800.0,80.0,90.0,6361.73,125.0,39.372494,-103.681587
3033466,CO,Elbert County,Cedar Point,2011.0,1800.0,80.0,90.0,6361.73,125.0,39.361294,-103.737488
3033585,CO,Lincoln County,Cedar Point,2011.0,1800.0,80.0,90.0,6361.73,125.0,39.507893,-103.632393
3033471,CO,Lincoln County,Cedar Point,2011.0,1800.0,80.0,90.0,6361.73,125.0,39.371494,-103.700188
3033551,CO,Lincoln County,Cedar Point,2011.0,1800.0,80.0,90.0,6361.73,125.0,39.481895,-103.647293
3033573,CO,Lincoln County,Cedar Point,2011.0,1800.0,80.0,90.0,6361.73,125.0,39.504295,-103.583092
3033488,CO,Elbert County,Cedar Point,2011.0,1800.0,80.0,90.0,6361.73,125.0,39.389996,-103.770088
3033534,CO,Lincoln County,Cedar Point,2011.0,1800.0,80.0,90.0,6361.73,125.0,39.459095,-103.668991
3033512,CO,Lincoln County,Cedar Point,2011.0,1800.0,80.0,90.0,6361.73,125.0,39.422695,-103.691093
3033594,CO,Lincoln County,Cedar Point,2011.0,1800.0,80.0,90.0,6361.73,125.0,39.533493,-103.616386
3033487,CO,Elbert County,Cedar Point,2011.0,1800.0,80.0,90.0,6361.73,125.0,39.389996,-103.773293
3033476,CO,Lincoln County,Cedar Point,2011.0,1800.0,80.0,90.0,6361.73,125.0,39.372593,-103.684692
3033528,CO,Lincoln County,Cedar Point,2011.0,1800.0,80.0,90.0,6361.73,125.0,39.435593,-103.68129
3033552,CO,Lincoln County,Cedar Point,2011.0,1800.0,80.0,90.0,6361.73,125.0,39.483093,-103.644493
3033565,CO,Lincoln County,Cedar Point,2011.0,1800.0,80.0,90.0,6361.73,125.0,39.491993,-103.604988
3033485,CO,Elbert County,Cedar Point,2011.0,1800.0,80.0,90.0,6361.73,125.0,39.389893,-103.779587
3033516,CO,Lincoln County,Cedar Point,2011.0,1800.0,80.0,90.0,6361.73,125.0,39.422993,-103.676193
3033499,CO,Elbert County,Cedar Point,2011.0,1800.0,80.0,90.0,6361.73,125.0,39.402294,-103.73999
3033574,CO,Lincoln County,Cedar Point,2011.0,1800.0,80.0,90.0,6361.73,125.0,39.505993,-103.580788
3033588,CO,Lincoln County,Cedar Point,2011.0,1800.0,80.0,90.0,6361.73,125.0,39.516094,-103.611488
3071362,CO,Lincoln County,Cedar Point,2011.0,1800.0,80.0,90.0,6361.73,125.0,39.424183,-103.670143
3033472,CO,Lincoln County,Cedar Point,2011.0,1800.0,80.0,90.0,6361.73,125.0,39.371494,-103.696991
3033501,CO,Elbert County,Cedar Point,2011.0,1800.0,80.0,90.0,6361.73,125.0,39.405396,-103.722794
3033597,CO,Lincoln County,Cedar Point,2011.0,1800.0,80.0,90.0,6361.73,125.0,39.537193,-103.608788
3033571,CO,Lincoln County,Cedar Point,2011.0,1800.0,80.0,90.0,6361.73,125.0,39.502895,-103.589088
3033546,CO,Lincoln County,Cedar Point,2011.0,1800.0,80.0,90.0,6361.73,125.0,39.473595,-103.665993
3033586,CO,Lincoln County,Cedar Point,2011.0,1800.0,80.0,90.0,6361.73,125.0,39.508595,-103.629387
3033513,CO,Lincoln County,Cedar Point,2011.0,1800.0,80.0,90.0,6361.73,125.0,39.423695,-103.688293
3033560,CO,Lincoln County,Cedar Point,2011.0,1800.0,80.0,90.0,6361.73,125.0,39.488792,-103.619789
3033550,CO,Lincoln County,Cedar Point,2011.0,1800.0,80.0,90.0,6361.73,125.0,39.480793,-103.649986
3033467,CO,Elbert County,Cedar Point,2011.0,1800.0,80.0,90.0,6361.73,125.0,39.362495,-103.734894
3033581,CO,Lincoln County,Cedar Point,2011.0,1800.0,80.0,90.0,6361.73,125.0,39.503094,-103.641991
3033502,CO,Elbert County,Cedar Point,2011.0,1800.0,80.0,90.0,6361.73,125.0,39.405693,-103.719688
3033500,CO,Elbert County,Cedar Point,2011.0,1800.0,80.0,90.0,6361.73,125.0,39.404694,-103.725891
3033584,CO,Lincoln County,Cedar Point,2011.0,1800.0,80.0,90.0,6361.73,125.0,39.507195,-103.635391
3033481,CO,Elbert County,Cedar Point,2011.0,1800.0,80.0,90.0,6361.73,125.0,39.385693,-103.721893
3033495,CO,Elbert County,Cedar Point,2011.0,1800.0,80.0,90.0,6361.73,125.0,39.397995,-103.75119
3033529,CO,Lincoln County,Cedar Point,2011.0,1800.0,80.0,90.0,6361.73,125.0,39.446095,-103.685188
3033527,CO,Lincoln County,Cedar Point,2011.0,1800.0,80.0,90.0,6361.73,125.0,39.435493,-103.684486
3033547,CO,Lincoln County,Cedar Point,2011.0,1800.0,80.0,90.0,6361.73,125.0,39.473495,-103.662788
3033507,CO,Lincoln County,Cedar Point,2011.0,1800.0,80.0,90.0,6361.73,125.0,39.409294,-103.704689
3033497,CO,Elbert County,Cedar Point,2011.0,1800.0,80.0,90.0,6361.73,125.0,39.401993,-103.746292
3033558,CO,Lincoln County,Cedar Point,2011.0,1800.0,80.0,90.0,6361.73,125.0,39.487892,-103.626289
3033531,CO,Lincoln County,Cedar Point,2011.0,1800.0,80.0,90.0,6361.73,125.0,39.453094,-103.676292
3033541,CO,Lincoln County,Cedar Point,2011.0,1800.0,80.0,90.0,6361.73,125.0,39.463196,-103.648087
3033576,CO,Lincoln County,Cedar Point,2011.0,1800.0,80.0,90.0,6361.73,125.0,39.508392,-103.575394
3033498,CO,Elbert County,Cedar Point,2011.0,1800.0,80.0,90.0,6361.73,125.0,39.402294,-103.743187
3033548,CO,Lincoln County,Cedar Point,2011.0,1800.0,80.0,90.0,6361.73,125.0,39.477795,-103.657089
3033520,CO,Lincoln County,Cedar Point,2011.0,1800.0,80.0,90.0,6361.73,125.0,39.425995,-103.661087
3033463,CO,Elbert County,Cedar Point,2011.0,1800.0,80.0,90.0,6361.73,125.0,39.361694,-103.747993
3033555,CO,Lincoln County,Cedar Point,2011.0,1800.0,80.0,90.0,6361.73,125.0,39.485596,-103.635193
3033543,CO,Lincoln County,Cedar Point,2011.0,1800.0,80.0,90.0,6361.73,125.0,39.468193,-103.67659
3033482,CO,Elbert County,Cedar Point,2011.0,1800.0,80.0,90.0,6361.73,125.0,39.386395,-103.718887
3033564,CO,Lincoln County,Cedar Point,2011.0,1800.0,80.0,90.0,6361.73,125.0,39.491993,-103.608192
3033464,CO,Elbert County,Cedar Point,2011.0,1800.0,80.0,90.0,6361.73,125.0,39.361595,-103.744888
3033563,CO,Lincoln County,Cedar Point,2011.0,1800.0,80.0,90.0,6361.73,125.0,39.491993,-103.61129
3033568,CO,Lincoln County,Cedar Point,2011.0,1800.0,80.0,90.0,6361.73,125.0,39.495396,-103.596687
3033536,CO,Lincoln County,Cedar Point,2011.0,1800.0,80.0,90.0,6361.73,125.0,39.463295,-103.663788
3033468,CO,Elbert County,Cedar Point,2011.0,1800.0,80.0,90.0,6361.73,125.0,39.362793,-103.731689
3033510,CO,Lincoln County,Cedar Point,2011.0,1800.0,80.0,90.0,6361.73,125.0,39.416294,-103.696793
3033545,CO,Lincoln County,Cedar Point,2011.0,1800.0,80.0,90.0,6361.73,125.0,39.472393,-103.668694
3033505,CO,Lincoln County,Cedar Point,2011.0,1800.0,80.0,90.0,6361.73,125.0,39.407894,-103.710793
3033483,CO,Elbert County,Cedar Point,2011.0,1800.0,80.0,90.0,6361.73,125.0,39.389793,-103.78759
3033465,CO,Elbert County,Cedar Point,2011.0,1800.0,80.0,90.0,6361.73,125.0,39.361195,-103.740692
3033567,CO,Lincoln County,Cedar Point,2011.0,1800.0,80.0,90.0,6361.73,125.0,39.494293,-103.599487
3033519,CO,Lincoln County,Cedar Point,2011.0,1800.0,80.0,90.0,6361.73,125.0,39.424793,-103.667091
3033525,CO,Lincoln County,Cedar Point,2011.0,1800.0,80.0,90.0,6361.73,125.0,39.429195,-103.645393
3033589,CO,Lincoln County,Cedar Point,2011.0,1800.0,80.0,90.0,6361.73,125.0,39.516792,-103.60849
3033474,CO,Lincoln County,Cedar Point,2011.0,1800.0,80.0,90.0,6361.73,125.0,39.372692,-103.690987
3033469,CO,Lincoln County,Cedar Point,2011.0,1800.0,80.0,90.0,6361.73,125.0,39.371094,-103.711487
3033556,CO,Lincoln County,Cedar Point,2011.0,1800.0,80.0,90.0,6361.73,125.0,39.486393,-103.632187
3033532,CO,Lincoln County,Cedar Point,2011.0,1800.0,80.0,90.0,6361.73,125.0,39.455093,-103.673889
3033475,CO,Lincoln County,Cedar Point,2011.0,1800.0,80.0,90.0,6361.73,125.0,39.372593,-103.68779
3033530,CO,Lincoln County,Cedar Point,2011.0,1800.0,80.0,90.0,6361.73,125.0,39.446693,-103.681793
3033494,CO,Elbert County,Cedar Point,2011.0,1800.0,80.0,90.0,6361.73,125.0,39.396793,-103.754593
3033575,CO,Lincoln County,Cedar Point,2011.0,1800.0,80.0,90.0,6361.73,125.0,39.506992,-103.577888
3033557,CO,Lincoln County,Cedar Point,2011.0,1800.0,80.0,90.0,6361.73,125.0,39.487095,-103.629189
3033484,CO,Elbert County,Cedar Point,2011.0,1800.0,80.0,90.0,6361.73,125.0,39.389893,-103.784187
3033540,CO,Lincoln County,Cedar Point,2011.0,1800.0,80.0,90.0,6361.73,125.0,39.463196,-103.651192
3033566,CO,Lincoln County,Cedar Point,2011.0,1800.0,80.0,90.0,6361.73,125.0,39.493095,-103.602287
3033535,CO,Lincoln County,Cedar Point,2011.0,1800.0,80.0,90.0,6361.73,125.0,39.460995,-103.666588
3033509,CO,Lincoln County,Cedar Point,2011.0,1800.0,80.0,90.0,6361.73,125.0,39.415894,-103.69989
3033514,CO,Lincoln County,Cedar Point,2011.0,1800.0,80.0,90.0,6361.73,125.0,39.423695,-103.685089
3033493,CO,Elbert County,Cedar Point,2011.0,1800.0,80.0,90.0,6361.73,125.0,39.395096,-103.756989
3033521,CO,Lincoln County,Cedar Point,2011.0,1800.0,80.0,90.0,6361.73,125.0,39.426792,-103.657494
3033542,CO,Lincoln County,Cedar Point,2011.0,1800.0,80.0,90.0,6361.73,125.0,39.463196,-103.64489
3033579,CO,Lincoln County,Cedar Point,2011.0,1800.0,80.0,90.0,6361.73,125.0,39.500996,-103.64769
3033517,CO,Lincoln County,Cedar Point,2011.0,1800.0,80.0,90.0,6361.73,125.0,39.423595,-103.673187
3033600,CO,Lincoln County,Cedar Point,2011.0,1800.0,80.0,90.0,6361.73,125.0,39.537594,-103.598389
3033489,CO,Elbert County,Cedar Point,2011.0,1800.0,80.0,90.0,6361.73,125.0,39.389996,-103.766991
3033492,CO,Elbert County,Cedar Point,2011.0,1800.0,80.0,90.0,6361.73,125.0,39.393494,-103.759392
3033580,CO,Lincoln County,Cedar Point,2011.0,1800.0,80.0,90.0,6361.73,125.0,39.501995,-103.644791
3094606,CO,Cheyenne County,Cheyenne Ridge,2020.0,2200.0,80.0,120.0,11309.73,139.9,39.030472,-102.322891
3096982,CO,Kit Carson County,Cheyenne Ridge,2020.0,2000.0,80.0,110.0,9503.32,135.0,39.071758,-102.25013
3095045,CO,Cheyenne County,Cheyenne Ridge,2020.0,2200.0,80.0,120.0,11309.73,139.9,38.998394,-102.373894
3094205,CO,Cheyenne County,Cheyenne Ridge,2020.0,2200.0,80.0,120.0,11309.73,139.9,38.954815,-102.436188
3099243,CO,Cheyenne County,Cheyenne Ridge,2020.0,2200.0,80.0,120.0,11309.73,139.9,39.004772,-102.217392
3100435,CO,Cheyenne County,Cheyenne Ridge,2020.0,2000.0,80.0,110.0,9503.32,135.0,38.912777,-102.191925
3094838,CO,Cheyenne County,Cheyenne Ridge,2020.0,2200.0,80.0,120.0,11309.73,139.9,38.998383,-102.379791
3097010,CO,Cheyenne County,Cheyenne Ridge,2020.0,2000.0,80.0,110.0,9503.32,135.0,38.993305,-102.34288
3093686,CO,Cheyenne County,Cheyenne Ridge,2020.0,2200.0,80.0,120.0,11309.73,139.9,39.043793,-102.282188
3097792,CO,Cheyenne County,Cheyenne Ridge,2020.0,2000.0,80.0,110.0,9503.32,135.0,38.966015,-102.39328
3097121,CO,Kit Carson County,Cheyenne Ridge,2020.0,2200.0,80.0,120.0,11309.73,139.9,39.054962,-102.254936
3099143,CO,Cheyenne County,Cheyenne Ridge,2020.0,2200.0,80.0,120.0,11309.73,139.9,38.975887,-102.209282
3099095,CO,Cheyenne County,Cheyenne Ridge,2020.0,2200.0,80.0,120.0,11309.73,139.9,38.96772,-102.244736
3097733,CO,Cheyenne County,Cheyenne Ridge,2020.0,2200.0,80.0,120.0,11309.73,139.9,38.98048,-102.327766
3093757,CO,Cheyenne County,Cheyenne Ridge,2020.0,2200.0,80.0,120.0,11309.73,139.9,39.037964,-102.22049
3099248,CO,Kit Carson County,Cheyenne Ridge,2020.0,2200.0,80.0,120.0,11309.73,139.9,39.054665,-102.140846
3097197,CO,Cheyenne County,Cheyenne Ridge,2020.0,2200.0,80.0,120.0,11309.73,139.9,39.040775,-102.254478
3094196,CO,Cheyenne County,Cheyenne Ridge,2020.0,2200.0,80.0,120.0,11309.73,139.9,39.010052,-102.363693
3094612,CO,Cheyenne County,Cheyenne Ridge,2020.0,2200.0,80.0,120.0,11309.73,139.9,39.022614,-102.344994
3093906,CO,Cheyenne County,Cheyenne Ridge,2020.0,2200.0,80.0,120.0,11309.73,139.9,39.009163,-102.357994
3097123,CO,Kit Carson County,Cheyenne Ridge,2020.0,2000.0,80.0,110.0,9503.32,135.0,39.099983,-102.263878
3099098,CO,Kit Carson County,Cheyenne Ridge,2020.0,2200.0,80.0,120.0,11309.73,139.9,39.082447,-102.059204
3094013,CO,Cheyenne County,Cheyenne Ridge,2020.0,2200.0,80.0,120.0,11309.73,139.9,39.034542,-102.275993
3100126,CO,Cheyenne County,Cheyenne Ridge,2020.0,2200.0,80.0,120.0,11309.73,139.9,38.919846,-102.1689
3099763,CO,Cheyenne County,Cheyenne Ridge,2020.0,2200.0,80.0,120.0,11309.73,139.9,38.920399,-102.208916
3095823,CO,Kit Carson County,Cheyenne Ridge,2020.0,2200.0,80.0,120.0,11309.73,139.9,39.048145,-102.339188
3099382,CO,Kit Carson County,Cheyenne Ridge,2020.0,2200.0,80.0,120.0,11309.73,139.9,39.079582,-102.063751
3099290,CO,Cheyenne County,Cheyenne Ridge,2020.0,2200.0,80.0,120.0,11309.73,139.9,38.974731,-102.22654
3099158,CO,Kit Carson County,Cheyenne Ridge,2020.0,2200.0,80.0,120.0,11309.73,139.9,39.071316,-102.126373
3094455,CO,Cheyenne County,Cheyenne Ridge,2020.0,2200.0,80.0,120.0,11309.73,139.9,39.027699,-102.249535
3094279,CO,Cheyenne County,Cheyenne Ridge,2020.0,2200.0,80.0,120.0,11309.73,139.9,39.020493,-102.274689
3093579,CO,Cheyenne County,Cheyenne Ridge,2020.0,2200.0,80.0,120.0,11309.73,139.9,39.038433,-102.207588
3094237,CO,Cheyenne County,Cheyenne Ridge,2020.0,2200.0,80.0,120.0,11309.73,139.9,39.037125,-102.271591
3098647,CO,Cheyenne County,Cheyenne Ridge,2020.0,2200.0,80.0,120.0,11309.73,139.9,39.005493,-102.462212
3096990,CO,Cheyenne County,Cheyenne Ridge,2020.0,2200.0,80.0,120.0,11309.73,139.9,39.039547,-102.260002
3097496,CO,Kit Carson County,Cheyenne Ridge,2020.0,2200.0,80.0,120.0,11309.73,139.9,39.090775,-102.231392
3101469,CO,Cheyenne County,Cheyenne Ridge,2020.0,2000.0,80.0,110.0,9503.32,135.0,38.934959,-102.262451
3094840,CO,Cheyenne County,Cheyenne Ridge,2020.0,2200.0,80.0,120.0,11309.73,139.9,39.004955,-102.350388
3099494,CO,Cheyenne County,Cheyenne Ridge,2020.0,2200.0,80.0,120.0,11309.73,139.9,38.974796,-102.220421
3094579,CO,Cheyenne County,Cheyenne Ridge,2020.0,2200.0,80.0,120.0,11309.73,139.9,39.031773,-102.317291
3101873,CO,Cheyenne County,Cheyenne Ridge,2020.0,2200.0,80.0,120.0,11309.73,139.9,38.940956,-102.287857
3099284,CO,Kit Carson County,Cheyenne Ridge,2020.0,2200.0,80.0,120.0,11309.73,139.9,39.06226,-102.132645
3094203,CO,Cheyenne County,Cheyenne Ridge,2020.0,2200.0,80.0,120.0,11309.73,139.9,38.982735,-102.433891
3100012,CO,Cheyenne County,Cheyenne Ridge,2020.0,2200.0,80.0,120.0,11309.73,139.9,38.953239,-102.232704
3094665,CO,Cheyenne County,Cheyenne Ridge,2020.0,2200.0,80.0,120.0,11309.73,139.9,38.983822,-102.374992
3097208,CO,Cheyenne County,Cheyenne Ridge,2020.0,2200.0,80.0,120.0,11309.73,139.9,38.979313,-102.322639
3094390,CO,Kit Carson County,Cheyenne Ridge,2020.0,2200.0,80.0,120.0,11309.73,139.9,39.048244,-102.333893
3099889,CO,Cheyenne County,Cheyenne Ridge,2020.0,2200.0,80.0,120.0,11309.73,139.9,38.937973,-102.237595
3099867,CO,Kit Carson County,Cheyenne Ridge,2020.0,2200.0,80.0,120.0,11309.73,139.9,39.070217,-102.085335
3095828,CO,Cheyenne County,Cheyenne Ridge,2020.0,2200.0,80.0,120.0,11309.73,139.9,39.031715,-102.305389
3100020,CO,Kit Carson County,Cheyenne Ridge,2020.0,2200.0,80.0,120.0,11309.73,139.9,39.056068,-102.117508
3099036,CO,Kit Carson County,Cheyenne Ridge,2020.0,2200.0,80.0,120.0,11309.73,139.9,39.09499,-102.087891
3094107,CO,Cheyenne County,Cheyenne Ridge,2020.0,2200.0,80.0,120.0,11309.73,139.9,38.998024,-102.38559
3099451,CO,Kit Carson County,Cheyenne Ridge,2020.0,2200.0,80.0,120.0,11309.73,139.9,39.08633,-102.104439
3093739,CO,Cheyenne County,Cheyenne Ridge,2020.0,2200.0,80.0,120.0,11309.73,139.9,38.983555,-102.380791
3097471,CO,Cheyenne County,Cheyenne Ridge,2020.0,2000.0,80.0,110.0,9503.32,135.0,38.990498,-102.34848
3097361,CO,Kit Carson County,Cheyenne Ridge,2020.0,2200.0,80.0,120.0,11309.73,139.9,39.071793,-102.21994
3100043,CO,Cheyenne County,Cheyenne Ridge,2020.0,2200.0,80.0,120.0,11309.73,139.9,38.934113,-102.231262
3100913,CO,Cheyenne County,Cheyenne Ridge,2020.0,2200.0,80.0,120.0,11309.73,139.9,38.946095,-102.24955
3099119,CO,Cheyenne County,Cheyenne Ridge,2020.0,2200.0,80.0,120.0,11309.73,139.9,38.971603,-102.241821
3095013,CO,Cheyenne County,Cheyenne Ridge,2020.0,2200.0,80.0,120.0,11309.73,139.9,39.026005,-102.361794
3093643,CO,Cheyenne County,Cheyenne Ridge,2020.0,2200.0,80.0,120.0,11309.73,139.9,38.994873,-102.370094
3094130,CO,Cheyenne County,Cheyenne Ridge,2020.0,2200.0,80.0,120.0,11309.73,139.9,38.997303,-102.415993
3097183,CO,Cheyenne County,Cheyenne Ridge,2020.0,2200.0,80.0,120.0,11309.73,139.9,38.976894,-102.331161
3101349,CO,Cheyenne County,Cheyenne Ridge,2020.0,2000.0,80.0,110.0,9503.32,135.0,38.931515,-102.266975
3099749,CO,Kit Carson County,Cheyenne Ridge,2020.0,2200.0,80.0,120.0,11309.73,139.9,39.051224,-102.105484
3093828,CO,Cheyenne County,Cheyenne Ridge,2020.0,2200.0,80.0,120.0,11309.73,139.9,38.982372,-102.439491
3095373,CO,Cheyenne County,Cheyenne Ridge,2020.0,2200.0,80.0,120.0,11309.73,139.9,39.032852,-102.288391
3094770,CO,Cheyenne County,Cheyenne Ridge,2020.0,2200.0,80.0,120.0,11309.73,139.9,39.043755,-102.287994
3095295,CO,Cheyenne County,Cheyenne Ridge,2020.0,2200.0,80.0,120.0,11309.73,139.9,38.981903,-102.449692
3099228,CO,Kit Carson County,Cheyenne Ridge,2020.0,2200.0,80.0,120.0,11309.73,139.9,39.096222,-102.050034
3100797,CO,Cheyenne County,Cheyenne Ridge,2020.0,2200.0,80.0,120.0,11309.73,139.9,38.954105,-102.298653
3097078,CO,Cheyenne County,Cheyenne Ridge,2020.0,2000.0,80.0,110.0,9503.32,135.0,38.967999,-102.374313
3097331,CO,Cheyenne County,Cheyenne Ridge,2020.0,2200.0,80.0,120.0,11309.73,139.9,39.037804,-102.265526
3097513,CO,Cheyenne County,Cheyenne Ridge,2020.0,2000.0,80.0,110.0,9503.32,135.0,38.964478,-102.407799
3100027,CO,Cheyenne County,Cheyenne Ridge,2020.0,2200.0,80.0,120.0,11309.73,139.9,39.030949,-102.114914
3097184,CO,Kit Carson County,Cheyenne Ridge,2020.0,2200.0,80.0,120.0,11309.73,139.9,39.066925,-102.244278
3099237,CO,Kit Carson County,Cheyenne Ridge,2020.0,2200.0,80.0,120.0,11309.73,139.9,39.093719,-102.079926
3094003,CO,Cheyenne County,Cheyenne Ridge,2020.0,2200.0,80.0,120.0,11309.73,139.9,38.981995,-102.395393
3097727,CO,Kit Carson County,Cheyenne Ridge,2020.0,2200.0,80.0,120.0,11309.73,139.9,39.05286,-102.269974
3099162,CO,Kit Carson County,Cheyenne Ridge,2020.0,2200.0,80.0,120.0,11309.73,139.9,39.049938,-102.189278
3094149,CO,Cheyenne County,Cheyenne Ridge,2020.0,2200.0,80.0,120.0,11309.73,139.9,39.030243,-102.300087
3097011,CO,Cheyenne County,Cheyenne Ridge,2020.0,2200.0,80.0,120.0,11309.73,139.9,38.976746,-102.318207
3097176,CO,Kit Carson County,Cheyenne Ridge,2020.0,2200.0,80.0,120.0,11309.73,139.9,39.053444,-102.275665
3094407,CO,Cheyenne County,Cheyenne Ridge,2020.0,2200.0,80.0,120.0,11309.73,139.9,39.033333,-102.451088
3099703,CO,Kit Carson County,Cheyenne Ridge,2020.0,2200.0,80.0,120.0,11309.73,139.9,39.047863,-102.126938
3097441,CO,Kit Carson County,Cheyenne Ridge,2020.0,2000.0,80.0,110.0,9503.32,135.0,39.099361,-102.250595
3100999,CO,Cheyenne County,Cheyenne Ridge,2020.0,2200.0,80.0,120.0,11309.73,139.9,38.94836,-102.265877
3097175,CO,Cheyenne County,Cheyenne Ridge,2020.0,2000.0,80.0,110.0,9503.32,135.0,38.990936,-102.337852
3099096,CO,Kit Carson County,Cheyenne Ridge,2020.0,2200.0,80.0,120.0,11309.73,139.9,39.059196,-102.137444
3100208,CO,Kit Carson County,Cheyenne Ridge,2020.0,2200.0,80.0,120.0,11309.73,139.9,39.052883,-102.112015
3094175,CO,Cheyenne County,Cheyenne Ridge,2020.0,2200.0,80.0,120.0,11309.73,139.9,39.022343,-102.206047
3094154,CO,Cheyenne County,Cheyenne Ridge,2020.0,2200.0,80.0,120.0,11309.73,139.9,39.033825,-102.228989
3094151,CO,Cheyenne County,Cheyenne Ridge,2020.0,2200.0,80.0,120.0,11309.73,139.9,39.020462,-102.294487
3093801,CO,Cheyenne County,Cheyenne Ridge,2020.0,2200.0,80.0,120.0,11309.73,139.9,39.042362,-102.248589
3101319,CO,Cheyenne County,Cheyenne Ridge,2020.0,2000.0,80.0,110.0,9503.32,135.0,38.93153,-102.272896
3099820,CO,Cheyenne County,Cheyenne Ridge,2020.0,2200.0,80.0,120.0,11309.73,139.9,38.91753,-102.178894
3099206,CO,Cheyenne County,Cheyenne Ridge,2020.0,2200.0,80.0,120.0,11309.73,139.9,39.004612,-102.254021
3097749,CO,Cheyenne County,Cheyenne Ridge,2020.0,2200.0,80.0,120.0,11309.73,139.9,38.980907,-102.304184
3097452,CO,Kit Carson County,Cheyenne Ridge,2020.0,2200.0,80.0,120.0,11309.73,139.9,39.049873,-102.213188
3099965,CO,Kit Carson County,Cheyenne Ridge,2020.0,2200.0,80.0,120.0,11309.73,139.9,39.051025,-102.122688
3101760,CO,Cheyenne County,Cheyenne Ridge,2020.0,2000.0,80.0,110.0,9503.32,135.0,38.932743,-102.254601
3101030,CO,Cheyenne County,Cheyenne Ridge,2020.0,2200.0,80.0,120.0,11309.73,139.9,38.914349,-102.223206
3100433,CO,Cheyenne County,Cheyenne Ridge,2020.0,2200.0,80.0,120.0,11309.73,139.9,38.917034,-102.218811
3097561,CO,Cheyenne County,Cheyenne Ridge,2020.0,2200.0,80.0,120.0,11309.73,139.9,39.022327,-102.211609
3101478,CO,Cheyenne County,Cheyenne Ridge,2020.0,2200.0,80.0,120.0,11309.73,139.9,38.951138,-102.303047
3097216,CO,Kit Carson County,Cheyenne Ridge,2020.0,2200.0,80.0,120.0,11309.73,139.9,39.069649,-102.214638
3101965,CO,Cheyenne County,Cheyenne Ridge,2020.0,2200.0,80.0,120.0,11309.73,139.9,38.913952,-102.235619
3094119,CO,Kit Carson County,Cheyenne Ridge,2020.0,2200.0,80.0,120.0,11309.73,139.9,39.049522,-102.234291
3101632,CO,Cheyenne County,Cheyenne Ridge,2020.0,2200.0,80.0,120.0,11309.73,139.9,38.948189,-102.271759
3099019,CO,Kit Carson County,Cheyenne Ridge,2020.0,2200.0,80.0,120.0,11309.73,139.9,39.048885,-102.151939
3097167,CO,Kit Carson County,Cheyenne Ridge,2020.0,2200.0,80.0,120.0,11309.73,139.9,39.065586,-102.206512
3097472,CO,Cheyenne County,Cheyenne Ridge,2020.0,2000.0,80.0,110.0,9503.32,135.0,38.967262,-102.413132
3100132,CO,Cheyenne County,Cheyenne Ridge,2020.0,2200.0,80.0,120.0,11309.73,139.9,38.917469,-102.187355
3096970,CO,Kit Carson County,Cheyenne Ridge,2020.0,2000.0,80.0,110.0,9503.32,135.0,39.099941,-102.244728
3100271,CO,Cheyenne County,Cheyenne Ridge,2020.0,2200.0,80.0,120.0,11309.73,139.9,38.935272,-102.216049
3097356,CO,Cheyenne County,Cheyenne Ridge,2020.0,2000.0,80.0,110.0,9503.32,135.0,38.967461,-102.418999
3099400,CO,Cheyenne County,Cheyenne Ridge,2020.0,2200.0,80.0,120.0,11309.73,139.9,39.004402,-102.242012
3095641,CO,Cheyenne County,Cheyenne Ridge,2020.0,2200.0,80.0,120.0,11309.73,139.9,39.030582,-102.293793
3097112,CO,Kit Carson County,Cheyenne Ridge,2020.0,2200.0,80.0,120.0,11309.73,139.9,39.048126,-102.203445
3097334,CO,Kit Carson County,Cheyenne Ridge,2020.0,2200.0,80.0,120.0,11309.73,139.9,39.053383,-102.264259
3099094,CO,Kit Carson County,Cheyenne Ridge,2020.0,2200.0,80.0,120.0,11309.73,139.9,39.093945,-102.093239
3099362,CO,Kit Carson County,Cheyenne Ridge,2020.0,2200.0,80.0,120.0,11309.73,139.9,39.078552,-102.076401
3100009,CO,Cheyenne County,Cheyenne Ridge,2020.0,2200.0,80.0,120.0,11309.73,139.9,38.920868,-102.214409
3097530,CO,Cheyenne County,Cheyenne Ridge,2020.0,2200.0,80.0,120.0,11309.73,139.9,38.979118,-102.314117
3099335,CO,Kit Carson County,Cheyenne Ridge,2020.0,2200.0,80.0,120.0,11309.73,139.9,39.048107,-102.198715
3099255,CO,Kit Carson County,Cheyenne Ridge,2020.0,2200.0,80.0,120.0,11309.73,139.9,39.086185,-102.055481
3093862,CO,Cheyenne County,Cheyenne Ridge,2020.0,2200.0,80.0,120.0,11309.73,139.9,39.033165,-102.234787
3095646,CO,Kit Carson County,Cheyenne Ridge,2020.0,2200.0,80.0,120.0,11309.73,139.9,39.048122,-102.344688
3099115,CO,Kit Carson County,Cheyenne Ridge,2020.0,2200.0,80.0,120.0,11309.73,139.9,39.074127,-102.122299
3097087,CO,Kit Carson County,Cheyenne Ridge,2020.0,2200.0,80.0,120.0,11309.73,139.9,39.063976,-102.239807
3100297,CO,Kit Carson County,Cheyenne Ridge,2020.0,2200.0,80.0,120.0,11309.73,139.9,39.069309,-102.101067
3095467,CO,Cheyenne County,Cheyenne Ridge,2020.0,2200.0,80.0,120.0,11309.73,139.9,38.983345,-102.386391
3099399,CO,Kit Carson County,Cheyenne Ridge,2020.0,2200.0,80.0,120.0,11309.73,139.9,39.054646,-102.178642
3097519,CO,Kit Carson County,Cheyenne Ridge,2020.0,2000.0,80.0,110.0,9503.32,135.0,39.069611,-102.257347
3099541,CO,Cheyenne County,Cheyenne Ridge,2020.0,2200.0,80.0,120.0,11309.73,139.9,39.026997,-102.126694
3097710,CO,Kit Carson County,Cheyenne Ridge,2020.0,2200.0,80.0,120.0,11309.73,139.9,39.066273,-102.201126
3093968,CO,Cheyenne County,Cheyenne Ridge,2020.0,2200.0,80.0,120.0,11309.73,139.9,39.006493,-102.45649
3094256,CO,Kit Carson County,Cheyenne Ridge,2020.0,2200.0,80.0,120.0,11309.73,139.9,39.049873,-102.307487
3099273,CO,Kit Carson County,Cheyenne Ridge,2020.0,2200.0,80.0,120.0,11309.73,139.9,39.073967,-102.114937
3097789,CO,Cheyenne County,Cheyenne Ridge,2020.0,2200.0,80.0,120.0,11309.73,139.9,38.981583,-102.309525
3097312,CO,Kit Carson County,Cheyenne Ridge,2020.0,2200.0,80.0,120.0,11309.73,139.9,39.048672,-102.220016
3095668,CO,Cheyenne County,Cheyenne Ridge,2020.0,2200.0,80.0,120.0,11309.73,139.9,39.029663,-102.238487
3094155,CO,Cheyenne County,Cheyenne Ridge,2020.0,2200.0,80.0,120.0,11309.73,139.9,39.037605,-102.213989
3095393,CO,Cheyenne County,Cheyenne Ridge,2020.0,2200.0,80.0,120.0,11309.73,139.9,38.996674,-102.428993
3100432,CO,Cheyenne County,Cheyenne Ridge,2020.0,2200.0,80.0,120.0,11309.73,139.9,39.035053,-102.108383
3097438,CO,Kit Carson County,Cheyenne Ridge,2020.0,2200.0,80.0,120.0,11309.73,139.9,39.066689,-102.233444
3097091,CO,Kit Carson County,Cheyenne Ridge,2020.0,2200.0,80.0,120.0,11309.73,139.9,39.085857,-102.23584
3094715,CO,Cheyenne County,Cheyenne Ridge,2020.0,2200.0,80.0,120.0,11309.73,139.9,38.979733,-102.423088
3094467,CO,Cheyenne County,Cheyenne Ridge,2020.0,2200.0,80.0,120.0,11309.73,139.9,39.018852,-102.289192
3099579,CO,Cheyenne County,Cheyenne Ridge,2020.0,2200.0,80.0,120.0,11309.73,139.9,38.91758,-102.173431
3099487,CO,Cheyenne County,Cheyenne Ridge,2020.0,2200.0,80.0,120.0,11309.73,139.9,38.975861,-102.214821
3095035,CO,Cheyenne County,Cheyenne Ridge,2020.0,2200.0,80.0,120.0,11309.73,139.9,38.979443,-102.443291
3097383,CO,Kit Carson County,Cheyenne Ridge,2020.0,2000.0,80.0,110.0,9503.32,135.0,39.099186,-102.257019
3095671,CO,Cheyenne County,Cheyenne Ridge,2020.0,2200.0,80.0,120.0,11309.73,139.9,39.027752,-102.243591
3095786,CO,Cheyenne County,Cheyenne Ridge,2020.0,2200.0,80.0,120.0,11309.73,139.9,39.008053,-102.369293
3100706,CO,Cheyenne County,Cheyenne Ridge,2020.0,2200.0,80.0,120.0,11309.73,139.9,38.962189,-102.293098
3099048,CO,Kit Carson County,Cheyenne Ridge,2020.0,2200.0,80.0,120.0,11309.73,139.9,39.057781,-102.173912
3097222,CO,Cheyenne County,Cheyenne Ridge,2020.0,2000.0,80.0,110.0,9503.32,135.0,38.968021,-102.37973
3099018,CO,Kit Carson County,Cheyenne Ridge,2020.0,2200.0,80.0,120.0,11309.73,139.9,39.089108,-102.051537
3095199,CO,Cheyenne County,Cheyenne Ridge,2020.0,2200.0,80.0,120.0,11309.73,139.9,39.031662,-102.334587
3097808,CO,Kit Carson County,Cheyenne Ridge,2020.0,2200.0,80.0,120.0,11309.73,139.9,39.092541,-102.226341
3099083,CO,Kit Carson County,Cheyenne Ridge,2020.0,2200.0,80.0,120.0,11309.73,139.9,39.094166,-102.099121
3093642,CO,Cheyenne County,Cheyenne Ridge,2020.0,2000.0,80.0,110.0,9503.32,135.0,39.018734,-102.327888
3100779,CO,Cheyenne County,Cheyenne Ridge,2020.0,2000.0,80.0,110.0,9503.32,135.0,38.931561,-102.278847
3099130,CO,Cheyenne County,Cheyenne Ridge,2020.0,2200.0,80.0,120.0,11309.73,139.9,38.97142,-102.232315
3099477,CO,Kit Carson County,Cheyenne Ridge,2020.0,2200.0,80.0,120.0,11309.73,139.9,39.051529,-102.184052
3094156,CO,Cheyenne County,Cheyenne Ridge,2020.0,2200.0,80.0,120.0,11309.73,139.9,39.022175,-102.22039
3099917,CO,Cheyenne County,Cheyenne Ridge,2020.0,2200.0,80.0,120.0,11309.73,139.9,39.037285,-102.096649
3099244,CO,Kit Carson County,Cheyenne Ridge,2020.0,2200.0,80.0,120.0,11309.73,139.9,39.05233,-102.145729
3094589,CO,Cheyenne County,Cheyenne Ridge,2020.0,2200.0,80.0,120.0,11309.73,139.9,39.026142,-102.254387
3097168,CO,Cheyenne County,Cheyenne Ridge,2020.0,2200.0,80.0,120.0,11309.73,139.9,38.982613,-102.412277
3102099,CO,Cheyenne County,Cheyenne Ridge,2020.0,2200.0,80.0,120.0,11309.73,139.9,38.963966,-102.287262
3099718,CO,Cheyenne County,Cheyenne Ridge,2020.0,2200.0,80.0,120.0,11309.73,139.9,39.028885,-102.121155
3100434,CO,Cheyenne County,Cheyenne Ridge,2020.0,2200.0,80.0,120.0,11309.73,139.9,38.912731,-102.197945
3094309,CO,Kit Carson County,Cheyenne Ridge,2020.0,2200.0,80.0,120.0,11309.73,139.9,39.049755,-102.313393
3101989,CO,Cheyenne County,Cheyenne Ridge,2020.0,2200.0,80.0,120.0,11309.73,139.9,38.946201,-102.244041
3100347,CO,Cheyenne County,Cheyenne Ridge,2020.0,2200.0,80.0,120.0,11309.73,139.9,38.932648,-102.220352
3094204,CO,Cheyenne County,Cheyenne Ridge,2020.0,2200.0,80.0,120.0,11309.73,139.9,38.981823,-102.428291
3093705,CO,Cheyenne County,Cheyenne Ridge,2020.0,2200.0,80.0,120.0,11309.73,139.9,38.993774,-102.363991
3093877,CO,Cheyenne County,Cheyenne Ridge,2020.0,2200.0,80.0,120.0,11309.73,139.9,39.025414,-102.369789
3101041,CO,Cheyenne County,Cheyenne Ridge,2020.0,2200.0,80.0,120.0,11309.73,139.9,38.940914,-102.293411
3093661,CO,Cheyenne County,Cheyenne Ridge,2020.0,2200.0,80.0,120.0,11309.73,139.9,38.995003,-102.356789
3094200,CO,Cheyenne County,Cheyenne Ridge,2020.0,2200.0,80.0,120.0,11309.73,139.9,38.997227,-102.422943
3097238,CO,Kit Carson County,Cheyenne Ridge,2020.0,2200.0,80.0,120.0,11309.73,139.9,39.059402,-102.20916
3100637,CO,Cheyenne County,Cheyenne Ridge,2020.0,2200.0,80.0,120.0,11309.73,139.9,38.91407,-102.229332
3099495,CO,Cheyenne County,Cheyenne Ridge,2020.0,2200.0,80.0,120.0,11309.73,139.9,39.00531,-102.198975
3097757,CO,Kit Carson County,Cheyenne Ridge,2020.0,2000.0,80.0,110.0,9503.32,135.0,39.072765,-102.275742
3100183,CO,Cheyenne County,Cheyenne Ridge,2020.0,2200.0,80.0,120.0,11309.73,139.9,38.932461,-102.225815
3094528,CO,Cheyenne County,Cheyenne Ridge,2020.0,2200.0,80.0,120.0,11309.73,139.9,39.023842,-102.356888
3099924,CO,Cheyenne County,Cheyenne Ridge,2020.0,2200.0,80.0,120.0,11309.73,139.9,38.952965,-102.238495
3099199,CO,Cheyenne County,Cheyenne Ridge,2020.0,2200.0,80.0,120.0,11309.73,139.9,39.004837,-102.228416
3097527,CO,Kit Carson County,Cheyenne Ridge,2020.0,2200.0,80.0,120.0,11309.73,139.9,39.068439,-102.226723
3100309,CO,Cheyenne County,Cheyenne Ridge,2020.0,2200.0,80.0,120.0,11309.73,139.9,39.035866,-102.102951
3095729,CO,Cheyenne County,Cheyenne Ridge,2020.0,2200.0,80.0,120.0,11309.73,139.9,39.029793,-102.45549
3095081,CO,Cheyenne County,Cheyenne Ridge,2020.0,2200.0,80.0,120.0,11309.73,139.9,38.981213,-102.417488
3099534,CO,Cheyenne County,Cheyenne Ridge,2020.0,2200.0,80.0,120.0,11309.73,139.9,39.021648,-102.132637
3095515,CO,Cheyenne County,Cheyenne Ridge,2020.0,2200.0,80.0,120.0,11309.73,139.9,38.955444,-102.429893
3097124,CO,Cheyenne County,Cheyenne Ridge,2020.0,2000.0,80.0,110.0,9503.32,135.0,38.965832,-102.400749
3094760,CO,Cheyenne County,Cheyenne Ridge,2020.0,2200.0,80.0,120.0,11309.73,139.9,39.031773,-102.311394
3094854,CO,Cheyenne County,Cheyenne Ridge,2020.0,2200.0,80.0,120.0,11309.73,139.9,39.027824,-102.462593
3099988,CO,Kit Carson County,Cheyenne Ridge,2020.0,2200.0,80.0,120.0,11309.73,139.9,39.054462,-102.10128
3094414,CO,Kit Carson County,Cheyenne Ridge,2020.0,2200.0,80.0,120.0,11309.73,139.9,39.050613,-102.301392
3101086,CO,Cheyenne County,Cheyenne Ridge,2020.0,2200.0,80.0,120.0,11309.73,139.9,38.94915,-102.28199
3094006,CO,Cheyenne County,Cheyenne Ridge,2020.0,2200.0,80.0,120.0,11309.73,139.9,39.022465,-102.350494
3095496,CO,Cheyenne County,Cheyenne Ridge,2020.0,2200.0,80.0,120.0,11309.73,139.9,39.022102,-102.257393
3093549,CO,Cheyenne County,Cheyenne Ridge,2020.0,2200.0,80.0,120.0,11309.73,139.9,39.028362,-102.33979
3093938,CO,Cheyenne County,Cheyenne Ridge,2020.0,2200.0,80.0,120.0,11309.73,139.9,39.029064,-102.328392
3100189,CO,Kit Carson County,Cheyenne Ridge,2020.0,2200.0,80.0,120.0,11309.73,139.9,39.067104,-102.090233
3097362,CO,Kit Carson County,Cheyenne Ridge,2020.0,2000.0,80.0,110.0,9503.32,135.0,39.071331,-102.270546
3093626,CO,Kit Carson County,Cheyenne Ridge,2020.0,2200.0,80.0,120.0,11309.73,139.9,39.048885,-102.226089
3097518,CO,Kit Carson County,Cheyenne Ridge,2020.0,2200.0,80.0,120.0,11309.73,139.9,39.084972,-102.244476
3094202,CO,Cheyenne County,Cheyenne Ridge,2020.0,2200.0,80.0,120.0,11309.73,139.9,38.982574,-102.406593
3094054,CO,Cheyenne County,Cheyenne Ridge,2020.0,2200.0,80.0,120.0,11309.73,139.9,39.005665,-102.449989
3099345,CO,Cheyenne County,Cheyenne Ridge,2020.0,2200.0,80.0,120.0,11309.73,139.9,39.004799,-102.207466
3100033,CO,Kit Carson County,Cheyenne Ridge,2020.0,2200.0,80.0,120.0,11309.73,139.9,39.067974,-102.095604
3099404,CO,Kit Carson County,Cheyenne Ridge,2020.0,2200.0,80.0,120.0,11309.73,139.9,39.079666,-102.069427
3094083,CO,Kit Carson County,Cheyenne Ridge,2020.0,2200.0,80.0,120.0,11309.73,139.9,39.048733,-102.244888
3095608,CO,Kit Carson County,Cheyenne Ridge,2020.0,2200.0,80.0,120.0,11309.73,139.9,39.048065,-102.349991
3094258,CO,Cheyenne County,Cheyenne Ridge,2020.0,2200.0,80.0,120.0,11309.73,139.9,38.996704,-102.43779
3101804,CO,Cheyenne County,Cheyenne Ridge,2020.0,2200.0,80.0,120.0,11309.73,139.9,38.964649,-102.281425
3095457,CO,Cheyenne County,Cheyenne Ridge,2020.0,2200.0,80.0,120.0,11309.73,139.9,38.982044,-102.400993
3094157,CO,Cheyenne County,Cheyenne Ridge,2020.0,2000.0,80.0,110.0,9503.32,135.0,39.018822,-102.322289
3093577,CO,Kit Carson County,Cheyenne Ridge,2020.0,2200.0,80.0,120.0,11309.73,139.9,39.049053,-102.239594
3094150,CO,Cheyenne County,Cheyenne Ridge,2020.0,2200.0,80.0,120.0,11309.73,139.9,39.030045,-102.28199
3099055,CO,Kit Carson County,Cheyenne Ridge,2020.0,2200.0,80.0,120.0,11309.73,139.9,39.047783,-102.193497
3099306,CO,Kit Carson County,Cheyenne Ridge,2020.0,2200.0,80.0,120.0,11309.73,139.9,39.078598,-102.10743
3095412,CO,Cheyenne County,Cheyenne Ridge,2020.0,2200.0,80.0,120.0,11309.73,139.9,38.954323,-102.442589
3121672,CO,Prowers County,Colorado Green Wind Project (Lamar),2003.0,1600.0,80.0,91.0,6503.88,125.6,37.702808,-102.627968
3121661,CO,Prowers County,Colorado Green Wind Project (Lamar),2003.0,1600.0,80.0,91.0,6503.88,125.6,37.737587,-102.595047
3121618,CO,Prowers County,Colorado Green Wind Project (Lamar),2003.0,1600.0,80.0,91.0,6503.88,125.6,37.723755,-102.552742
3121611,CO,Prowers County,Colorado Green Wind Project (Lamar),2003.0,1600.0,80.0,91.0,6503.88,125.6,37.737587,-102.584496
3121632,CO,Prowers County,Colorado Green Wind Project (Lamar),2003.0,1600.0,80.0,91.0,6503.88,125.6,37.725422,-102.597435
3121654,CO,Prowers County,Colorado Green Wind Project (Lamar),2003.0,1600.0,80.0,91.0,6503.88,125.6,37.674458,-102.704803
3121673,CO,Prowers County,Colorado Green Wind Project (Lamar),2003.0,1600.0,80.0,91.0,6503.88,125.6,37.702808,-102.633438
3121610,CO,Prowers County,Colorado Green Wind Project (Lamar),2003.0,1600.0,80.0,91.0,6503.88,125.6,37.719585,-102.6306
3121671,CO,Prowers County,Colorado Green Wind Project (Lamar),2003.0,1600.0,80.0,91.0,6503.88,125.6,37.685921,-102.670128
3121644,CO,Prowers County,Colorado Green Wind Project (Lamar),2003.0,1600.0,80.0,91.0,6503.88,125.6,37.715614,-102.611938
3111226,CO,Prowers County,Colorado Green Wind Project (Lamar),2003.0,1600.0,80.0,91.0,6503.88,125.6,37.737591,-102.59243
3121592,CO,Prowers County,Colorado Green Wind Project (Lamar),2003.0,1600.0,80.0,91.0,6503.88,125.6,37.671753,-102.627159
3121652,CO,Prowers County,Colorado Green Wind Project (Lamar),2003.0,1600.0,80.0,91.0,6503.88,125.6,37.700565,-102.645325
3121641,CO,Prowers County,Colorado Green Wind Project (Lamar),2003.0,1600.0,80.0,91.0,6503.88,125.6,37.714474,-102.598183
3068936,CO,Prowers County,Colorado Green Wind Project (Lamar),2003.0,1500.0,80.0,70.5,3903.63,115.2,37.675201,-102.714806
3121643,CO,Prowers County,Colorado Green Wind Project (Lamar),2003.0,1600.0,80.0,91.0,6503.88,125.6,37.671093,-102.678589
3121649,CO,Prowers County,Colorado Green Wind Project (Lamar),2003.0,1600.0,80.0,91.0,6503.88,125.6,37.702808,-102.630684
3121613,CO,Prowers County,Colorado Green Wind Project (Lamar),2003.0,1600.0,80.0,91.0,6503.88,125.6,37.702808,-102.625244
3121627,CO,Prowers County,Colorado Green Wind Project (Lamar),2003.0,1600.0,80.0,91.0,6503.88,125.6,37.671032,-102.645882
3121626,CO,Prowers County,Colorado Green Wind Project (Lamar),2003.0,1600.0,80.0,91.0,6503.88,125.6,37.723755,-102.558212
3121677,CO,Prowers County,Colorado Green Wind Project (Lamar),2003.0,1600.0,80.0,91.0,6503.88,125.6,37.674393,-102.696487
3121650,CO,Prowers County,Colorado Green Wind Project (Lamar),2003.0,1600.0,80.0,91.0,6503.88,125.6,37.674419,-102.69091
3121635,CO,Prowers County,Colorado Green Wind Project (Lamar),2003.0,1600.0,80.0,91.0,6503.88,125.6,37.671032,-102.653801
3121648,CO,Prowers County,Colorado Green Wind Project (Lamar),2003.0,1600.0,80.0,91.0,6503.88,125.6,37.685539,-102.689445
3121606,CO,Prowers County,Colorado Green Wind Project (Lamar),2003.0,1600.0,80.0,91.0,6503.88,125.6,37.708336,-102.579163
3121674,CO,Prowers County,Colorado Green Wind Project (Lamar),2003.0,1600.0,80.0,91.0,6503.88,125.6,37.671093,-102.68129
3121678,CO,Prowers County,Colorado Green Wind Project (Lamar),2003.0,1600.0,80.0,91.0,6503.88,125.6,37.674393,-102.702087
3121653,CO,Prowers County,Colorado Green Wind Project (Lamar),2003.0,1600.0,80.0,91.0,6503.88,125.6,37.718224,-102.626572
3121687,CO,Prowers County,Colorado Green Wind Project (Lamar),2003.0,1600.0,80.0,91.0,6503.88,125.6,37.693115,-102.655411
3068923,CO,Prowers County,Colorado Green Wind Project (Lamar),2003.0,1500.0,80.0,70.5,3903.63,115.2,37.687588,-102.72258
3121597,CO,Prowers County,Colorado Green Wind Project (Lamar),2003.0,1600.0,80.0,91.0,6503.88,125.6,37.684891,-102.695053
3121664,CO,Prowers County,Colorado Green Wind Project (Lamar),2003.0,1600.0,80.0,91.0,6503.88,125.6,37.725422,-102.585938
3121591,CO,Prowers County,Colorado Green Wind Project (Lamar),2003.0,1600.0,80.0,91.0,6503.88,125.6,37.685921,-102.657051
3121640,CO,Prowers County,Colorado Green Wind Project (Lamar),2003.0,1600.0,80.0,91.0,6503.88,125.6,37.715614,-102.620239
3121659,CO,Prowers County,Colorado Green Wind Project (Lamar),2003.0,1600.0,80.0,91.0,6503.88,125.6,37.714474,-102.5951
3121684,CO,Prowers County,Colorado Green Wind Project (Lamar),2003.0,1600.0,80.0,91.0,6503.88,125.6,37.723225,-102.569046
3121630,CO,Prowers County,Colorado Green Wind Project (Lamar),2003.0,1600.0,80.0,91.0,6503.88,125.6,37.686382,-102.704994
3013491,CO,Prowers County,Colorado Green Wind Project (Lamar),2003.0,1500.0,80.0,70.5,3903.63,115.2,37.687595,-102.729195
3121609,CO,Prowers County,Colorado Green Wind Project (Lamar),2003.0,1600.0,80.0,91.0,6503.88,125.6,37.715614,-102.614716
3121629,CO,Prowers County,Colorado Green Wind Project (Lamar),2003.0,1600.0,80.0,91.0,6503.88,125.6,37.723755,-102.563683
3068925,CO,Prowers County,Colorado Green Wind Project (Lamar),2003.0,1500.0,80.0,70.5,3903.63,115.2,37.686356,-102.716476
3121619,CO,Prowers County,Colorado Green Wind Project (Lamar),2003.0,1600.0,80.0,91.0,6503.88,125.6,37.723225,-102.579605
3121602,CO,Prowers County,Colorado Green Wind Project (Lamar),2003.0,1600.0,80.0,91.0,6503.88,125.6,37.725422,-102.59169
3121595,CO,Prowers County,Colorado Green Wind Project (Lamar),2003.0,1600.0,80.0,91.0,6503.88,125.6,37.714504,-102.634628
3121682,CO,Prowers County,Colorado Green Wind Project (Lamar),2003.0,1600.0,80.0,91.0,6503.88,125.6,37.671032,-102.648521
3121607,CO,Prowers County,Colorado Green Wind Project (Lamar),2003.0,1600.0,80.0,91.0,6503.88,125.6,37.693115,-102.652328
3121634,CO,Prowers County,Colorado Green Wind Project (Lamar),2003.0,1600.0,80.0,91.0,6503.88,125.6,37.723225,-102.576965
3121660,CO,Prowers County,Colorado Green Wind Project (Lamar),2003.0,1600.0,80.0,91.0,6503.88,125.6,37.723225,-102.571686
3121637,CO,Prowers County,Colorado Green Wind Project (Lamar),2003.0,1600.0,80.0,91.0,6503.88,125.6,37.715614,-102.606407
3121612,CO,Prowers County,Colorado Green Wind Project (Lamar),2003.0,1600.0,80.0,91.0,6503.88,125.6,37.737587,-102.589767
3121669,CO,Prowers County,Colorado Green Wind Project (Lamar),2003.0,1600.0,80.0,91.0,6503.88,125.6,37.70092,-102.604576
3121675,CO,Prowers County,Colorado Green Wind Project (Lamar),2003.0,1600.0,80.0,91.0,6503.88,125.6,37.737587,-102.597687
3121676,CO,Prowers County,Colorado Green Wind Project (Lamar),2003.0,1600.0,80.0,91.0,6503.88,125.6,37.725422,-102.588829
3121655,CO,Prowers County,Colorado Green Wind Project (Lamar),2003.0,1600.0,80.0,91.0,6503.88,125.6,37.714474,-102.585884
3121656,CO,Prowers County,Colorado Green Wind Project (Lamar),2003.0,1600.0,80.0,91.0,6503.88,125.6,37.725395,-102.600693
3121617,CO,Prowers County,Colorado Green Wind Project (Lamar),2003.0,1600.0,80.0,91.0,6503.88,125.6,37.723755,-102.555489
3121683,CO,Prowers County,Colorado Green Wind Project (Lamar),2003.0,1600.0,80.0,91.0,6503.88,125.6,37.685921,-102.672829
3121646,CO,Prowers County,Colorado Green Wind Project (Lamar),2003.0,1600.0,80.0,91.0,6503.88,125.6,37.671032,-102.651161
3121623,CO,Prowers County,Colorado Green Wind Project (Lamar),2003.0,1600.0,80.0,91.0,6503.88,125.6,37.69931,-102.651604
3121605,CO,Prowers County,Colorado Green Wind Project (Lamar),2003.0,1600.0,80.0,91.0,6503.88,125.6,37.715614,-102.609184
3121636,CO,Prowers County,Colorado Green Wind Project (Lamar),2003.0,1600.0,80.0,91.0,6503.88,125.6,37.723225,-102.566406
3121604,CO,Prowers County,Colorado Green Wind Project (Lamar),2003.0,1600.0,80.0,91.0,6503.88,125.6,37.671032,-102.656433
3121600,CO,Prowers County,Colorado Green Wind Project (Lamar),2003.0,1600.0,80.0,91.0,6503.88,125.6,37.674419,-102.688103
3121625,CO,Prowers County,Colorado Green Wind Project (Lamar),2003.0,1600.0,80.0,91.0,6503.88,125.6,37.723225,-102.582245
3121608,CO,Prowers County,Colorado Green Wind Project (Lamar),2003.0,1600.0,80.0,91.0,6503.88,125.6,37.713192,-102.631493
3121614,CO,Prowers County,Colorado Green Wind Project (Lamar),2003.0,1600.0,80.0,91.0,6503.88,125.6,37.715614,-102.617493
3121665,CO,Prowers County,Colorado Green Wind Project (Lamar),2003.0,1600.0,80.0,91.0,6503.88,125.6,37.737595,-102.600792
3121601,CO,Prowers County,Colorado Green Wind Project (Lamar),2003.0,1600.0,80.0,91.0,6503.88,125.6,37.715614,-102.623024
3121662,CO,Prowers County,Colorado Green Wind Project (Lamar),2003.0,1600.0,80.0,91.0,6503.88,125.6,37.671093,-102.675888
3121681,CO,Prowers County,Colorado Green Wind Project (Lamar),2003.0,1600.0,80.0,91.0,6503.88,125.6,37.674458,-102.710388
3121594,CO,Prowers County,Colorado Green Wind Project (Lamar),2003.0,1600.0,80.0,91.0,6503.88,125.6,37.686352,-102.707634
3121628,CO,Prowers County,Colorado Green Wind Project (Lamar),2003.0,1600.0,80.0,91.0,6503.88,125.6,37.674171,-102.633713
3121639,CO,Prowers County,Colorado Green Wind Project (Lamar),2003.0,1600.0,80.0,91.0,6503.88,125.6,37.714474,-102.601273
3121670,CO,Prowers County,Colorado Green Wind Project (Lamar),2003.0,1600.0,80.0,91.0,6503.88,125.6,37.685474,-102.692276
3121638,CO,Prowers County,Colorado Green Wind Project (Lamar),2003.0,1600.0,80.0,91.0,6503.88,125.6,37.686367,-102.710335
3121680,CO,Prowers County,Colorado Green Wind Project (Lamar),2003.0,1600.0,80.0,91.0,6503.88,125.6,37.723755,-102.560959
3121593,CO,Prowers County,Colorado Green Wind Project (Lamar),2003.0,1600.0,80.0,91.0,6503.88,125.6,37.700596,-102.639488
3121663,CO,Prowers County,Colorado Green Wind Project (Lamar),2003.0,1600.0,80.0,91.0,6503.88,125.6,37.725422,-102.594574
3121599,CO,Prowers County,Colorado Green Wind Project (Lamar),2003.0,1600.0,80.0,91.0,6503.88,125.6,37.700596,-102.642387
3121642,CO,Prowers County,Colorado Green Wind Project (Lamar),2003.0,1600.0,80.0,91.0,6503.88,125.6,37.674393,-102.693687
3013492,CO,Prowers County,Colorado Green Wind Project (Lamar),2003.0,1500.0,80.0,70.5,3903.63,115.2,37.687595,-102.725891
3121679,CO,Prowers County,Colorado Green Wind Project (Lamar),2003.0,1600.0,80.0,91.0,6503.88,125.6,37.674393,-102.699287
3121688,CO,Prowers County,Colorado Green Wind Project (Lamar),2003.0,1600.0,80.0,91.0,6503.88,125.6,37.671032,-102.643242
3121621,CO,Prowers County,Colorado Green Wind Project (Lamar),2003.0,1600.0,80.0,91.0,6503.88,125.6,37.674419,-102.685326
3068924,CO,Prowers County,Colorado Green Wind Project (Lamar),2003.0,1500.0,80.0,70.5,3903.63,115.2,37.686359,-102.719604
3121667,CO,Prowers County,Colorado Green Wind Project (Lamar),2003.0,1600.0,80.0,91.0,6503.88,125.6,37.70686,-102.575859
3121631,CO,Prowers County,Colorado Green Wind Project (Lamar),2003.0,1600.0,80.0,91.0,6503.88,125.6,37.709919,-102.628685
3121651,CO,Prowers County,Colorado Green Wind Project (Lamar),2003.0,1600.0,80.0,91.0,6503.88,125.6,37.674171,-102.636436
3121686,CO,Prowers County,Colorado Green Wind Project (Lamar),2003.0,1600.0,80.0,91.0,6503.88,125.6,37.700916,-102.6073
3121603,CO,Prowers County,Colorado Green Wind Project (Lamar),2003.0,1600.0,80.0,91.0,6503.88,125.6,37.674458,-102.707611
3121668,CO,Prowers County,Colorado Green Wind Project (Lamar),2003.0,1600.0,80.0,91.0,6503.88,125.6,37.708336,-102.583206
3121645,CO,Prowers County,Colorado Green Wind Project (Lamar),2003.0,1600.0,80.0,91.0,6503.88,125.6,37.737587,-102.587128
3121624,CO,Prowers County,Colorado Green Wind Project (Lamar),2003.0,1600.0,80.0,91.0,6503.88,125.6,37.723225,-102.574326
3064558,CO,Prowers County,Colorado Green Wind Project (Lamar),2003.0,1500.0,80.0,70.5,3903.63,115.2,37.686356,-102.713402
3121658,CO,Prowers County,Colorado Green Wind Project (Lamar),2003.0,1600.0,80.0,91.0,6503.88,125.6,37.685921,-102.659767
3121666,CO,Prowers County,Colorado Green Wind Project (Lamar),2003.0,1600.0,80.0,91.0,6503.88,125.6,37.671032,-102.640602
3121622,CO,Prowers County,Colorado Green Wind Project (Lamar),2003.0,1600.0,80.0,91.0,6503.88,125.6,37.69931,-102.648659
3121598,CO,Prowers County,Colorado Green Wind Project (Lamar),2003.0,1600.0,80.0,91.0,6503.88,125.6,37.714588,-102.588966
3121685,CO,Prowers County,Colorado Green Wind Project (Lamar),2003.0,1600.0,80.0,91.0,6503.88,125.6,37.702808,-102.62249
3013531,CO,Prowers County,Colorado Green Wind Project (Lamar),2003.0,1500.0,80.0,70.5,3903.63,115.2,37.671795,-102.624489
3121596,CO,Prowers County,Colorado Green Wind Project (Lamar),2003.0,1600.0,80.0,91.0,6503.88,125.6,37.674171,-102.630989
3045621,CO,Logan County,Colorado Highlands,2012.0,1600.0,80.0,100.0,7853.98,130.1,40.760693,-102.732193
3045681,CO,Logan County,Colorado Highlands,2012.0,1600.0,80.0,100.0,7853.98,130.1,40.737892,-102.750793
3045683,CO,Logan County,Colorado Highlands,2012.0,1600.0,80.0,100.0,7853.98,130.1,40.738792,-102.76609
3045505,CO,Logan County,Colorado Highlands,2012.0,1600.0,80.0,100.0,7853.98,130.1,40.748295,-102.765892
3043529,CO,Logan County,Colorado Highlands,2012.0,1600.0,80.0,100.0,7853.98,130.1,40.736893,-102.731194
3043522,CO,Logan County,Colorado Highlands,2012.0,1600.0,80.0,100.0,7853.98,130.1,40.720291,-102.758392
3043525,CO,Logan County,Colorado Highlands,2012.0,1600.0,80.0,100.0,7853.98,130.1,40.720394,-102.73719
3045647,CO,Logan County,Colorado Highlands,2012.0,1600.0,80.0,100.0,7853.98,130.1,40.767895,-102.740387
3043519,CO,Logan County,Colorado Highlands,2012.0,1600.0,80.0,100.0,7853.98,130.1,40.730892,-102.762192
3045646,CO,Logan County,Colorado Highlands,2012.0,1600.0,80.0,100.0,7853.98,130.1,40.771793,-102.737389
3045594,CO,Logan County,Colorado Highlands,2012.0,1600.0,80.0,100.0,7853.98,130.1,40.745693,-102.752289
3043521,CO,Logan County,Colorado Highlands,2012.0,1600.0,80.0,100.0,7853.98,130.1,40.720192,-102.764793
3045650,CO,Logan County,Colorado Highlands,2012.0,1600.0,80.0,100.0,7853.98,130.1,40.741295,-102.740387
3048359,CO,Logan County,Colorado Highlands,2013.0,1700.0,85.0,100.0,7853.98,135.0,40.736492,-102.796494
3045648,CO,Logan County,Colorado Highlands,2012.0,1600.0,80.0,100.0,7853.98,130.1,40.761494,-102.741386
3045618,CO,Logan County,Colorado Highlands,2012.0,1600.0,80.0,100.0,7853.98,130.1,40.746693,-102.73999
3048260,CO,Logan County,Colorado Highlands,2013.0,1700.0,85.0,100.0,7853.98,135.0,40.735992,-102.782593
3045619,CO,Logan County,Colorado Highlands,2012.0,1600.0,80.0,100.0,7853.98,130.1,40.751492,-102.736588
3043526,CO,Logan County,Colorado Highlands,2012.0,1600.0,80.0,100.0,7853.98,130.1,40.723892,-102.730087
3045590,CO,Logan County,Colorado Highlands,2012.0,1600.0,80.0,100.0,7853.98,130.1,40.742794,-102.78009
3045620,CO,Logan County,Colorado Highlands,2012.0,1600.0,80.0,100.0,7853.98,130.1,40.754993,-102.732689
3045533,CO,Logan County,Colorado Highlands,2012.0,1600.0,80.0,100.0,7853.98,130.1,40.751793,-102.786087
3045739,CO,Logan County,Colorado Highlands,2012.0,1600.0,80.0,100.0,7853.98,130.1,40.726894,-102.764793
3043527,CO,Logan County,Colorado Highlands,2012.0,1600.0,80.0,100.0,7853.98,130.1,40.726292,-102.738289
3048360,CO,Logan County,Colorado Highlands,2013.0,1700.0,85.0,100.0,7853.98,135.0,40.745293,-102.800087
3048252,CO,Logan County,Colorado Highlands,2013.0,1700.0,85.0,100.0,7853.98,135.0,40.724995,-102.801987
3045531,CO,Logan County,Colorado Highlands,2012.0,1600.0,80.0,100.0,7853.98,130.1,40.756592,-102.762192
3045589,CO,Logan County,Colorado Highlands,2012.0,1600.0,80.0,100.0,7853.98,130.1,40.742393,-102.786087
3048259,CO,Logan County,Colorado Highlands,2013.0,1700.0,85.0,100.0,7853.98,135.0,40.726791,-102.779793
3043524,CO,Logan County,Colorado Highlands,2012.0,1600.0,80.0,100.0,7853.98,130.1,40.721394,-102.74559
3045651,CO,Logan County,Colorado Highlands,2012.0,1600.0,80.0,100.0,7853.98,130.1,40.740093,-102.74649
3048251,CO,Logan County,Colorado Highlands,2013.0,1700.0,85.0,100.0,7853.98,135.0,40.721294,-102.805092
3043520,CO,Logan County,Colorado Highlands,2012.0,1600.0,80.0,100.0,7853.98,130.1,40.728294,-102.754593
3048257,CO,Logan County,Colorado Highlands,2013.0,1700.0,85.0,100.0,7853.98,135.0,40.720394,-102.778793
3045682,CO,Logan County,Colorado Highlands,2012.0,1600.0,80.0,100.0,7853.98,130.1,40.737595,-102.758392
3043523,CO,Logan County,Colorado Highlands,2012.0,1600.0,80.0,100.0,7853.98,130.1,40.720291,-102.750687
3045592,CO,Logan County,Colorado Highlands,2012.0,1600.0,80.0,100.0,7853.98,130.1,40.745293,-102.770592
3045623,CO,Logan County,Colorado Highlands,2012.0,1600.0,80.0,100.0,7853.98,130.1,40.768993,-102.726593
3045534,CO,Logan County,Colorado Highlands,2012.0,1600.0,80.0,100.0,7853.98,130.1,40.754494,-102.781891
3045532,CO,Logan County,Colorado Highlands,2012.0,1600.0,80.0,100.0,7853.98,130.1,40.751194,-102.775192
3048254,CO,Logan County,Colorado Highlands,2013.0,1700.0,85.0,100.0,7853.98,135.0,40.721893,-102.789291
3045591,CO,Logan County,Colorado Highlands,2012.0,1600.0,80.0,100.0,7853.98,130.1,40.746994,-102.777786
3045649,CO,Logan County,Colorado Highlands,2012.0,1600.0,80.0,100.0,7853.98,130.1,40.757294,-102.743294
3045740,CO,Logan County,Colorado Highlands,2012.0,1600.0,80.0,100.0,7853.98,130.1,40.742294,-102.730492
3045593,CO,Logan County,Colorado Highlands,2012.0,1600.0,80.0,100.0,7853.98,130.1,40.743492,-102.759789
3045622,CO,Logan County,Colorado Highlands,2012.0,1600.0,80.0,100.0,7853.98,130.1,40.765594,-102.729988
3048261,CO,Logan County,Colorado Highlands,2013.0,1700.0,85.0,100.0,7853.98,135.0,40.738495,-102.790291
3048253,CO,Logan County,Colorado Highlands,2013.0,1700.0,85.0,100.0,7853.98,135.0,40.725193,-102.796188
3048362,CO,Logan County,Colorado Highlands,2013.0,1700.0,85.0,100.0,7853.98,135.0,40.751194,-102.804291
3048361,CO,Logan County,Colorado Highlands,2013.0,1700.0,85.0,100.0,7853.98,135.0,40.743793,-102.804893
3045506,CO,Logan County,Colorado Highlands,2012.0,1600.0,80.0,100.0,7853.98,130.1,40.750694,-102.760689
3045595,CO,Logan County,Colorado Highlands,2012.0,1600.0,80.0,100.0,7853.98,130.1,40.746792,-102.746094
3045680,CO,Logan County,Colorado Highlands,2012.0,1600.0,80.0,100.0,7853.98,130.1,40.753994,-102.771187
3048256,CO,Logan County,Colorado Highlands,2013.0,1700.0,85.0,100.0,7853.98,135.0,40.725891,-102.773293
3048255,CO,Logan County,Colorado Highlands,2013.0,1700.0,85.0,100.0,7853.98,135.0,40.724693,-102.785187
3043528,CO,Logan County,Colorado Highlands,2012.0,1600.0,80.0,100.0,7853.98,130.1,40.730595,-102.734291
3086163,NY,Lewis County,Copenhagen,2018.0,2000.0,95.0,110.0,9503.32,150.0,43.884205,-75.703369
3086154,NY,Lewis County,Copenhagen,2018.0,2000.0,95.0,110.0,9503.32,150.0,43.904247,-75.664268
3086355,NY,Lewis County,Copenhagen,2018.0,2000.0,95.0,110.0,9503.32,150.0,43.881485,-75.62912
3086233,NY,Lewis County,Copenhagen,2018.0,2000.0,95.0,110.0,9503.32,150.0,43.912449,-75.69693
3075491,NY,Lewis County,Copenhagen,2018.0,2000.0,95.0,110.0,9503.32,150.0,43.870121,-75.590584
3086395,NY,Lewis County,Copenhagen,2018.0,2000.0,95.0,110.0,9503.32,150.0,43.873894,-75.642586
3086065,NY,Lewis County,Copenhagen,2018.0,2000.0,95.0,110.0,9503.32,150.0,43.893444,-75.708015
3086173,NY,Lewis County,Copenhagen,2018.0,2000.0,95.0,110.0,9503.32,150.0,43.876385,-75.695175
3086311,NY,Lewis County,Copenhagen,2018.0,2000.0,95.0,110.0,9503.32,150.0,43.87458,-75.595314
3086399,NY,Lewis County,Copenhagen,2018.0,2000.0,95.0,110.0,9503.32,150.0,43.899338,-75.635063
3086377,NY,Lewis County,Copenhagen,2018.0,2000.0,95.0,110.0,9503.32,150.0,43.876301,-75.645409
3086336,NY,Lewis County,Copenhagen,2018.0,2000.0,95.0,110.0,9503.32,150.0,43.901035,-75.618286
3086232,NY,Lewis County,Copenhagen,2018.0,2000.0,95.0,110.0,9503.32,150.0,43.910301,-75.694664
3086560,NY,Lewis County,Copenhagen,2018.0,2000.0,95.0,110.0,9503.32,150.0,43.885586,-75.586067
3086568,NY,Lewis County,Copenhagen,2018.0,2000.0,95.0,110.0,9503.32,150.0,43.916294,-75.671944
3086460,NY,Lewis County,Copenhagen,2018.0,2000.0,95.0,110.0,9503.32,150.0,43.920322,-75.677818
3086236,NY,Lewis County,Copenhagen,2018.0,2000.0,95.0,110.0,9503.32,150.0,43.913235,-75.668747
3086170,NY,Lewis County,Copenhagen,2018.0,2000.0,95.0,110.0,9503.32,150.0,43.890461,-75.597
3086583,NY,Lewis County,Copenhagen,2018.0,2000.0,95.0,110.0,9503.32,150.0,43.881844,-75.639565
3086083,NY,Lewis County,Copenhagen,2018.0,2000.0,95.0,110.0,9503.32,150.0,43.894241,-75.642006
3086381,NY,Lewis County,Copenhagen,2018.0,2000.0,95.0,110.0,9503.32,150.0,43.867901,-75.572609
3086105,NY,Lewis County,Copenhagen,2018.0,2000.0,95.0,110.0,9503.32,150.0,43.878216,-75.583092
3086438,NY,Lewis County,Copenhagen,2018.0,2000.0,95.0,110.0,9503.32,150.0,43.87352,-75.578293
3086579,NY,Lewis County,Copenhagen,2018.0,2000.0,95.0,110.0,9503.32,150.0,43.91853,-75.674744
3086020,NY,Lewis County,Copenhagen,2018.0,2000.0,95.0,110.0,9503.32,150.0,43.876072,-75.58078
3086216,NY,Lewis County,Copenhagen,2018.0,2000.0,95.0,110.0,9503.32,150.0,43.904068,-75.624771
3086337,NY,Lewis County,Copenhagen,2018.0,2000.0,95.0,110.0,9503.32,150.0,43.886776,-75.592972
3086469,NY,Lewis County,Copenhagen,2018.0,2000.0,95.0,110.0,9503.32,150.0,43.898449,-75.61673
3086465,NY,Lewis County,Copenhagen,2018.0,2000.0,95.0,110.0,9503.32,150.0,43.906898,-75.665276
3086166,NY,Lewis County,Copenhagen,2018.0,2000.0,95.0,110.0,9503.32,150.0,43.871052,-75.575859
3086136,NY,Lewis County,Copenhagen,2018.0,2000.0,95.0,110.0,9503.32,150.0,43.887222,-75.705383
3086135,NY,Lewis County,Copenhagen,2018.0,2000.0,95.0,110.0,9503.32,150.0,43.910229,-75.666458
3086230,NY,Lewis County,Copenhagen,2018.0,2000.0,95.0,110.0,9503.32,150.0,43.872139,-75.639656
3086126,NY,Lewis County,Copenhagen,2018.0,2000.0,95.0,110.0,9503.32,150.0,43.891418,-75.705574
3086585,NY,Lewis County,Copenhagen,2018.0,2000.0,95.0,110.0,9503.32,150.0,43.922237,-75.680679
3086227,NY,Lewis County,Copenhagen,2018.0,2000.0,95.0,110.0,9503.32,150.0,43.891121,-75.602776
3086499,NY,Lewis County,Copenhagen,2018.0,2000.0,95.0,110.0,9503.32,150.0,43.868786,-75.586922
3086406,NY,Lewis County,Copenhagen,2018.0,2000.0,95.0,110.0,9503.32,150.0,43.902374,-75.621544
3086144,NY,Lewis County,Copenhagen,2018.0,2000.0,95.0,110.0,9503.32,150.0,43.875538,-75.704697
3086520,NY,Lewis County,Copenhagen,2018.0,2000.0,95.0,110.0,9503.32,150.0,43.872795,-75.592751
3107800,CO,Kit Carson County,Crossing Trails,2021.0,4300.0,105.0,150.0,17671.46,180.1,39.09584,-102.810387
3106005,CO,Kit Carson County,Crossing Trails,2021.0,4300.0,105.0,150.0,17671.46,180.1,39.095413,-102.819107
3106061,CO,Kit Carson County,Crossing Trails,2021.0,4300.0,105.0,150.0,17671.46,180.1,39.095863,-102.805077
3110006,CO,Kit Carson County,Crossing Trails,2021.0,4300.0,105.0,150.0,17671.46,180.1,39.041256,-102.86512
3110342,CO,Kit Carson County,Crossing Trails,2021.0,4300.0,105.0,150.0,17671.46,180.1,39.041317,-102.844139
3110345,CO,Kit Carson County,Crossing Trails,2021.0,4300.0,105.0,150.0,17671.46,180.1,39.090935,-102.858681
3108988,CO,Kit Carson County,Crossing Trails,2021.0,4300.0,105.0,150.0,17671.46,180.1,39.07766,-102.83049
3110343,CO,Kit Carson County,Crossing Trails,2021.0,4300.0,105.0,150.0,17671.46,180.1,39.041279,-102.849678
3110621,CO,Kit Carson County,Crossing Trails,2021.0,4300.0,105.0,150.0,17671.46,180.1,39.089474,-102.863792
3110585,CO,Kit Carson County,Crossing Trails,2021.0,4300.0,105.0,150.0,17671.46,180.1,39.041267,-102.854729
3110567,CO,Kit Carson County,Crossing Trails,2021.0,4300.0,105.0,150.0,17671.46,180.1,39.077724,-102.825233
3109542,CO,Kit Carson County,Crossing Trails,2021.0,4300.0,105.0,150.0,17671.46,180.1,39.041271,-102.860008
3106836,CO,Cheyenne County,Crossing Trails,2021.0,3600.0,105.0,136.0,14526.72,173.1,39.035564,-102.811867
3110344,CO,Kit Carson County,Crossing Trails,2021.0,4300.0,105.0,150.0,17671.46,180.1,39.092396,-102.853363
3109199,CO,Kit Carson County,Crossing Trails,2021.0,4300.0,105.0,150.0,17671.46,180.1,39.094246,-102.824112
3107797,CO,Cheyenne County,Crossing Trails,2021.0,3600.0,105.0,136.0,14526.72,173.1,39.033966,-102.791695
3108336,CO,Cheyenne County,Crossing Trails,2021.0,3600.0,105.0,136.0,14526.72,173.1,39.035664,-102.806618
3109733,CO,Kit Carson County,Crossing Trails,2021.0,4300.0,105.0,150.0,17671.46,180.1,39.044792,-102.821159
3109120,CO,Kit Carson County,Crossing Trails,2021.0,4300.0,105.0,150.0,17671.46,180.1,39.077721,-102.820007
3108102,CO,Cheyenne County,Crossing Trails,2021.0,3600.0,105.0,136.0,14526.72,173.1,39.035515,-102.79554
3109897,CO,Kit Carson County,Crossing Trails,2021.0,4300.0,105.0,150.0,17671.46,180.1,39.075974,-102.83857
3116126,CO,Kit Carson County,Crossing Trails,2021.0,4300.0,105.0,150.0,17671.46,180.1,39.043598,-102.831696
3110341,CO,Kit Carson County,Crossing Trails,2021.0,4300.0,105.0,150.0,17671.46,180.1,39.042343,-102.83773
3116180,CO,Kit Carson County,Crossing Trails,2021.0,4300.0,105.0,150.0,17671.46,180.1,39.044434,-102.826408
3107798,CO,Cheyenne County,Crossing Trails,2021.0,3600.0,105.0,136.0,14526.72,173.1,39.035866,-102.801369
3021625,NY,Steuben County,Dutch Hill/Cohocton,2009.0,2500.0,80.0,96.0,7238.23,128.0,42.541092,-77.483498
3120843,NY,Steuben County,Dutch Hill/Cohocton,2009.0,2500.0,80.0,116.0,10568.32,138.1,42.558891,-77.428993
3021617,NY,Steuben County,Dutch Hill/Cohocton,2009.0,2500.0,80.0,96.0,7238.23,128.0,42.520992,-77.4617
3120832,NY,Steuben County,Dutch Hill/Cohocton,2009.0,2500.0,80.0,116.0,10568.32,138.1,42.555794,-77.431793
3120846,NY,Steuben County,Dutch Hill/Cohocton,2009.0,2500.0,80.0,116.0,10568.32,138.1,42.563492,-77.436699
3021766,NY,Steuben County,Dutch Hill/Cohocton,2009.0,2500.0,80.0,96.0,7238.23,128.0,42.523193,-77.4589
3021718,NY,Steuben County,Dutch Hill/Cohocton,2009.0,2500.0,80.0,96.0,7238.23,128.0,42.538391,-77.485596
3021721,NY,Steuben County,Dutch Hill/Cohocton,2009.0,2500.0,80.0,96.0,7238.23,128.0,42.527992,-77.494797
3021723,NY,Steuben County,Dutch Hill/Cohocton,2009.0,2500.0,80.0,96.0,7238.23,128.0,42.520092,-77.4991
3120853,NY,Steuben County,Dutch Hill/Cohocton,2009.0,2500.0,80.0,116.0,10568.32,138.1,42.526493,-77.401497
3021627,NY,Steuben County,Dutch Hill/Cohocton,2009.0,2500.0,80.0,96.0,7238.23,128.0,42.523991,-77.492699
3021722,NY,Steuben County,Dutch Hill/Cohocton,2009.0,2500.0,80.0,96.0,7238.23,128.0,42.522491,-77.495598
3120852,NY,Steuben County,Dutch Hill/Cohocton,2009.0,2500.0,80.0,116.0,10568.32,138.1,42.525291,-77.432297
3021716,NY,Steuben County,Dutch Hill/Cohocton,2009.0,2500.0,80.0,96.0,7238.23,128.0,42.545593,-77.488594
3120833,NY,Steuben County,Dutch Hill/Cohocton,2009.0,2500.0,80.0,116.0,10568.32,138.1,42.520092,-77.433296
3120858,NY,Steuben County,Dutch Hill/Cohocton,2009.0,2500.0,80.0,116.0,10568.32,138.1,42.552292,-77.414497
3021626,NY,Steuben County,Dutch Hill/Cohocton,2009.0,2500.0,80.0,96.0,7238.23,128.0,42.533493,-77.489998
3021666,NY,Steuben County,Dutch Hill/Cohocton,2009.0,2500.0,80.0,96.0,7238.23,128.0,42.445492,-77.523193
3120834,NY,Steuben County,Dutch Hill/Cohocton,2009.0,2500.0,80.0,116.0,10568.32,138.1,42.505993,-77.447197
3120837,NY,Steuben County,Dutch Hill/Cohocton,2009.0,2500.0,80.0,116.0,10568.32,138.1,42.518391,-77.4067
3120840,NY,Steuben County,Dutch Hill/Cohocton,2009.0,2500.0,80.0,116.0,10568.32,138.1,42.564793,-77.443298
3120842,NY,Steuben County,Dutch Hill/Cohocton,2009.0,2500.0,80.0,116.0,10568.32,138.1,42.560692,-77.439598
3021624,NY,Steuben County,Dutch Hill/Cohocton,2009.0,2500.0,80.0,96.0,7238.23,128.0,42.548191,-77.486794
3120854,NY,Steuben County,Dutch Hill/Cohocton,2009.0,2500.0,80.0,116.0,10568.32,138.1,42.542992,-77.399994
3021605,NY,Steuben County,Dutch Hill/Cohocton,2009.0,2500.0,80.0,96.0,7238.23,128.0,42.560291,-77.451096
3120851,NY,Steuben County,Dutch Hill/Cohocton,2009.0,2500.0,80.0,116.0,10568.32,138.1,42.534992,-77.397797
3021767,NY,Steuben County,Dutch Hill/Cohocton,2009.0,2500.0,80.0,96.0,7238.23,128.0,42.526093,-77.456299
3021667,NY,Steuben County,Dutch Hill/Cohocton,2009.0,2500.0,80.0,96.0,7238.23,128.0,42.443291,-77.525497
3021715,NY,Steuben County,Dutch Hill/Cohocton,2009.0,2500.0,80.0,96.0,7238.23,128.0,42.542793,-77.503799
3120856,NY,Steuben County,Dutch Hill/Cohocton,2009.0,2500.0,80.0,116.0,10568.32,138.1,42.546391,-77.406097
3120847,NY,Steuben County,Dutch Hill/Cohocton,2009.0,2500.0,80.0,116.0,10568.32,138.1,42.549992,-77.4412
3120845,NY,Steuben County,Dutch Hill/Cohocton,2009.0,2500.0,80.0,116.0,10568.32,138.1,42.569691,-77.430794
3120836,NY,Steuben County,Dutch Hill/Cohocton,2009.0,2500.0,80.0,116.0,10568.32,138.1,42.525692,-77.418999
3021628,NY,Steuben County,Dutch Hill/Cohocton,2009.0,2500.0,80.0,96.0,7238.23,128.0,42.51609,-77.498199
3120841,NY,Steuben County,Dutch Hill/Cohocton,2009.0,2500.0,80.0,116.0,10568.32,138.1,42.562691,-77.4487
3120848,NY,Steuben County,Dutch Hill/Cohocton,2009.0,2500.0,80.0,116.0,10568.32,138.1,42.527092,-77.409294
3021623,NY,Steuben County,Dutch Hill/Cohocton,2009.0,2500.0,80.0,96.0,7238.23,128.0,42.545891,-77.502998
3021668,NY,Steuben County,Dutch Hill/Cohocton,2009.0,2500.0,80.0,96.0,7238.23,128.0,42.44099,-77.527794
3021720,NY,Steuben County,Dutch Hill/Cohocton,2009.0,2500.0,80.0,96.0,7238.23,128.0,42.530792,-77.492393
3120838,NY,Steuben County,Dutch Hill/Cohocton,2009.0,2500.0,80.0,116.0,10568.32,138.1,42.528893,-77.445198
3120850,NY,Steuben County,Dutch Hill/Cohocton,2009.0,2500.0,80.0,116.0,10568.32,138.1,42.530792,-77.439194
3120839,NY,Steuben County,Dutch Hill/Cohocton,2009.0,2500.0,80.0,116.0,10568.32,138.1,42.542492,-77.420998
3021719,NY,Steuben County,Dutch Hill/Cohocton,2009.0,2500.0,80.0,96.0,7238.23,128.0,42.536091,-77.488594
3120849,NY,Steuben County,Dutch Hill/Cohocton,2009.0,2500.0,80.0,116.0,10568.32,138.1,42.51609,-77.434395
3120844,NY,Steuben County,Dutch Hill/Cohocton,2009.0,2500.0,80.0,116.0,10568.32,138.1,42.572891,-77.431198
3021618,NY,Steuben County,Dutch Hill/Cohocton,2009.0,2500.0,80.0,96.0,7238.23,128.0,42.528492,-77.453499
3120857,NY,Steuben County,Dutch Hill/Cohocton,2009.0,2500.0,80.0,116.0,10568.32,138.1,42.575291,-77.430595
3021717,NY,Steuben County,Dutch Hill/Cohocton,2009.0,2500.0,80.0,96.0,7238.23,128.0,42.544292,-77.481995
3120855,NY,Steuben County,Dutch Hill/Cohocton,2009.0,2500.0,80.0,116.0,10568.32,138.1,42.529892,-77.399498
3120835,NY,Steuben County,Dutch Hill/Cohocton,2009.0,2500.0,80.0,116.0,10568.32,138.1,42.538391,-77.422897
3021839,IL,Stephenson County,EcoGrove,2009.0,1500.0,80.0,82.0,5281.02,121.0,42.472294,-89.87989
3021835,IL,Stephenson County,EcoGrove,2009.0,1500.0,80.0,82.0,5281.02,121.0,42.467194,-89.899391
3021833,IL,Stephenson County,EcoGrove,2009.0,1500.0,80.0,82.0,5281.02,121.0,42.465691,-89.914093
3021823,IL,Stephenson County,EcoGrove,2009.0,1500.0,80.0,82.0,5281.02,121.0,42.494793,-89.869698
3070920,IL,Stephenson County,EcoGrove,2009.0,1500.0,80.0,82.0,5281.02,121.0,42.439728,-89.909721
3021830,IL,Stephenson County,EcoGrove,2009.0,1500.0,80.0,82.0,5281.02,121.0,42.470692,-89.908096
3021822,IL,Stephenson County,EcoGrove,2009.0,1500.0,80.0,82.0,5281.02,121.0,42.493893,-89.873497
3021860,IL,Stephenson County,EcoGrove,2009.0,1500.0,80.0,82.0,5281.02,121.0,42.450092,-89.897797
3027805,IL,Stephenson County,EcoGrove,2009.0,1500.0,80.0,82.0,5281.02,121.0,42.428192,-89.876991
3021843,IL,Stephenson County,EcoGrove,2009.0,1500.0,80.0,82.0,5281.02,121.0,42.465393,-89.891792
3070828,IL,Stephenson County,EcoGrove,2009.0,1500.0,80.0,82.0,5281.02,121.0,42.440655,-89.855339
3021858,IL,Stephenson County,EcoGrove,2009.0,1500.0,80.0,82.0,5281.02,121.0,42.450592,-89.913895
3071105,IL,Stephenson County,EcoGrove,2009.0,1500.0,80.0,82.0,5281.02,121.0,42.438385,-89.879089
3026614,IL,Stephenson County,EcoGrove,2009.0,1500.0,80.0,82.0,5281.02,121.0,42.438992,-89.898697
3021846,IL,Stephenson County,EcoGrove,2009.0,1500.0,80.0,82.0,5281.02,121.0,42.471394,-89.869492
3026125,IL,Stephenson County,EcoGrove,2009.0,1500.0,80.0,82.0,5281.02,121.0,42.423492,-89.880898
3021826,IL,Stephenson County,EcoGrove,2009.0,1500.0,80.0,82.0,5281.02,121.0,42.484093,-89.857094
3026137,IL,Stephenson County,EcoGrove,2009.0,1500.0,80.0,82.0,5281.02,121.0,42.441692,-89.850693
3021859,IL,Stephenson County,EcoGrove,2009.0,1500.0,80.0,82.0,5281.02,121.0,42.453892,-89.911697
3026141,IL,Stephenson County,EcoGrove,2009.0,1500.0,80.0,82.0,5281.02,121.0,42.420692,-89.901398
3021847,IL,Stephenson County,EcoGrove,2009.0,1500.0,80.0,82.0,5281.02,121.0,42.472393,-89.864891
3021848,IL,Stephenson County,EcoGrove,2009.0,1500.0,80.0,82.0,5281.02,121.0,42.473392,-89.860695
3021829,IL,Stephenson County,EcoGrove,2009.0,1500.0,80.0,82.0,5281.02,121.0,42.473892,-89.908394
3070921,IL,Stephenson County,EcoGrove,2009.0,1500.0,80.0,82.0,5281.02,121.0,42.439579,-89.894249
3021851,IL,Stephenson County,EcoGrove,2009.0,1500.0,80.0,82.0,5281.02,121.0,42.468693,-89.852295
3021856,IL,Stephenson County,EcoGrove,2009.0,1500.0,80.0,82.0,5281.02,121.0,42.45689,-89.893394
3021844,IL,Stephenson County,EcoGrove,2009.0,1500.0,80.0,82.0,5281.02,121.0,42.468792,-89.880592
3021832,IL,Stephenson County,EcoGrove,2009.0,1500.0,80.0,82.0,5281.02,121.0,42.472191,-89.898895
3021850,IL,Stephenson County,EcoGrove,2009.0,1500.0,80.0,82.0,5281.02,121.0,42.466293,-89.871391
3021852,IL,Stephenson County,EcoGrove,2009.0,1500.0,80.0,82.0,5281.02,121.0,42.456993,-89.859596
3021821,IL,Stephenson County,EcoGrove,2009.0,1500.0,80.0,82.0,5281.02,121.0,42.494392,-89.881996
3021854,IL,Stephenson County,EcoGrove,2009.0,1500.0,80.0,82.0,5281.02,121.0,42.454891,-89.901398
3070842,IL,Stephenson County,EcoGrove,2009.0,1500.0,80.0,82.0,5281.02,121.0,42.421604,-89.897331
3070830,IL,Stephenson County,EcoGrove,2009.0,1500.0,80.0,82.0,5281.02,121.0,42.429699,-89.893532
3071107,IL,Stephenson County,EcoGrove,2009.0,1500.0,80.0,82.0,5281.02,121.0,42.430977,-89.873459
3026140,IL,Stephenson County,EcoGrove,2009.0,1500.0,80.0,82.0,5281.02,121.0,42.436394,-89.855392
3021838,IL,Stephenson County,EcoGrove,2009.0,1500.0,80.0,82.0,5281.02,121.0,42.471291,-89.884491
3021853,IL,Stephenson County,EcoGrove,2009.0,1500.0,80.0,82.0,5281.02,121.0,42.458191,-89.854591
3026126,IL,Stephenson County,EcoGrove,2009.0,1500.0,80.0,82.0,5281.02,121.0,42.45409,-89.838295
3026138,IL,Stephenson County,EcoGrove,2009.0,1500.0,80.0,82.0,5281.02,121.0,42.428493,-89.898796
3026124,IL,Stephenson County,EcoGrove,2009.0,1500.0,80.0,82.0,5281.02,121.0,42.424492,-89.892891
3070824,IL,Stephenson County,EcoGrove,2009.0,1500.0,80.0,82.0,5281.02,121.0,42.424355,-89.876892
3026613,IL,Stephenson County,EcoGrove,2009.0,1500.0,80.0,82.0,5281.02,121.0,42.43869,-89.914391
3021825,IL,Stephenson County,EcoGrove,2009.0,1500.0,80.0,82.0,5281.02,121.0,42.482491,-89.864296
3070829,IL,Stephenson County,EcoGrove,2009.0,1500.0,80.0,82.0,5281.02,121.0,42.439106,-89.874344
3027676,IL,Stephenson County,EcoGrove,2009.0,1500.0,80.0,82.0,5281.02,121.0,42.425694,-89.872993
3021845,IL,Stephenson County,EcoGrove,2009.0,1500.0,80.0,82.0,5281.02,121.0,42.469891,-89.875992
3021834,IL,Stephenson County,EcoGrove,2009.0,1500.0,80.0,82.0,5281.02,121.0,42.467194,-89.908394
3021836,IL,Stephenson County,EcoGrove,2009.0,1500.0,80.0,82.0,5281.02,121.0,42.468094,-89.895096
3026612,IL,Stephenson County,EcoGrove,2009.0,1500.0,80.0,82.0,5281.02,121.0,42.452492,-89.873795
3021855,IL,Stephenson County,EcoGrove,2009.0,1500.0,80.0,82.0,5281.02,121.0,42.455692,-89.897392
3021840,IL,Stephenson County,EcoGrove,2009.0,1500.0,80.0,82.0,5281.02,121.0,42.472591,-89.873497
3021849,IL,Stephenson County,EcoGrove,2009.0,1500.0,80.0,82.0,5281.02,121.0,42.465294,-89.875992
3070919,IL,Stephenson County,EcoGrove,2009.0,1500.0,80.0,82.0,5281.02,121.0,42.449013,-89.874062
3021857,IL,Stephenson County,EcoGrove,2009.0,1500.0,80.0,82.0,5281.02,121.0,42.44939,-89.918594
3026136,IL,Stephenson County,EcoGrove,2009.0,1500.0,80.0,82.0,5281.02,121.0,42.43959,-89.859993
3021841,IL,Stephenson County,EcoGrove,2009.0,1500.0,80.0,82.0,5281.02,121.0,42.463692,-89.899391
3070825,IL,Stephenson County,EcoGrove,2009.0,1500.0,80.0,82.0,5281.02,121.0,42.453026,-89.842949
3021827,IL,Stephenson County,EcoGrove,2009.0,1500.0,80.0,82.0,5281.02,121.0,42.484894,-89.85379
3021837,IL,Stephenson County,EcoGrove,2009.0,1500.0,80.0,82.0,5281.02,121.0,42.469093,-89.89109
3021842,IL,Stephenson County,EcoGrove,2009.0,1500.0,80.0,82.0,5281.02,121.0,42.464493,-89.895592
3021824,IL,Stephenson County,EcoGrove,2009.0,1500.0,80.0,82.0,5281.02,121.0,42.494694,-89.860893
3026610,IL,Stephenson County,EcoGrove,2009.0,1500.0,80.0,82.0,5281.02,121.0,42.451191,-89.893097
3021831,IL,Stephenson County,EcoGrove,2009.0,1500.0,80.0,82.0,5281.02,121.0,42.471191,-89.903191
3021828,IL,Stephenson County,EcoGrove,2009.0,1500.0,80.0,82.0,5281.02,121.0,42.472591,-89.913895
3071106,IL,Stephenson County,EcoGrove,2009.0,1500.0,80.0,82.0,5281.02,121.0,42.433071,-89.86953
3026611,IL,Stephenson County,EcoGrove,2009.0,1500.0,80.0,82.0,5281.02,121.0,42.451492,-89.878395
3130116,NY,Steuben County,Eight Point Wind,2023.0,5500.0,117.0,158.0,19606.68,196.0,42.103733,-77.718109
3129281,NY,Steuben County,Eight Point Wind,2023.0,5500.0,117.0,158.0,19606.68,196.0,42.073944,-77.688133
3127533,NY,Steuben County,Eight Point Wind,2023.0,5500.0,117.0,158.0,19606.68,196.0,42.009449,-77.659698
3130174,NY,Steuben County,Eight Point Wind,2023.0,5500.0,117.0,158.0,19606.68,196.0,42.115097,-77.729561
3129600,NY,Steuben County,Eight Point Wind,2023.0,5500.0,117.0,158.0,19606.68,196.0,42.04953,-77.703751
3128986,NY,Steuben County,Eight Point Wind,2023.0,5500.0,117.0,158.0,19606.68,196.0,42.115536,-77.702141
3129737,NY,Steuben County,Eight Point Wind,2023.0,5500.0,117.0,158.0,19606.68,196.0,42.056526,-77.685791
3130242,NY,Steuben County,Eight Point Wind,2023.0,5500.0,117.0,158.0,19606.68,196.0,42.110424,-77.680519
3129840,NY,Steuben County,Eight Point Wind,2023.0,5500.0,117.0,158.0,19606.68,196.0,42.134541,-77.709343
3129864,NY,Steuben County,Eight Point Wind,2023.0,2500.0,90.0,127.0,12667.69,153.6,42.010735,-77.689934
3129549,NY,Steuben County,Eight Point Wind,2023.0,5500.0,117.0,158.0,19606.68,196.0,42.106705,-77.711678
3129690,NY,Steuben County,Eight Point Wind,2023.0,2500.0,90.0,127.0,12667.69,153.6,42.033241,-77.677048
3129128,NY,Steuben County,Eight Point Wind,2023.0,2500.0,90.0,127.0,12667.69,153.6,42.015713,-77.671982
3129547,NY,Steuben County,Eight Point Wind,2023.0,5500.0,117.0,158.0,19606.68,196.0,42.099255,-77.722633
3129102,NY,Steuben County,Eight Point Wind,2023.0,5500.0,117.0,158.0,19606.68,196.0,42.134491,-77.725082
3129493,NY,Steuben County,Eight Point Wind,2023.0,2500.0,90.0,127.0,12667.69,153.6,42.037868,-77.664764
3129084,NY,Steuben County,Eight Point Wind,2023.0,5500.0,117.0,158.0,19606.68,196.0,42.129383,-77.717606
3131485,NY,Steuben County,Eight Point Wind,2023.0,5500.0,117.0,158.0,19606.68,196.0,42.117867,-77.693359
3127437,NY,Steuben County,Eight Point Wind,2023.0,5500.0,117.0,158.0,19606.68,196.0,42.038216,-77.689705
3129700,NY,Steuben County,Eight Point Wind,2023.0,2500.0,90.0,127.0,12667.69,153.6,42.018322,-77.688797
3129730,NY,Steuben County,Eight Point Wind,2023.0,5500.0,117.0,158.0,19606.68,196.0,42.079952,-77.708755
3129539,NY,Steuben County,Eight Point Wind,2023.0,5500.0,117.0,158.0,19606.68,196.0,42.119244,-77.708282
3129467,NY,Steuben County,Eight Point Wind,2023.0,2500.0,90.0,127.0,12667.69,153.6,42.037186,-77.700798
3129716,NY,Steuben County,Eight Point Wind,2023.0,2500.0,90.0,127.0,12667.69,153.6,42.01572,-77.663315
3012450,NY,Madison County,Fenner Wind Power Project,2001.0,1500.0,65.0,70.5,3903.63,100.3,42.979492,-75.739494
3012451,NY,Madison County,Fenner Wind Power Project,2001.0,1500.0,65.0,70.5,3903.63,100.3,42.977474,-75.738251
3012448,NY,Madison County,Fenner Wind Power Project,2001.0,1500.0,65.0,70.5,3903.63,100.3,42.976891,-75.7603
3041839,NY,Madison County,Fenner Wind Power Project,2001.0,1500.0,65.0,70.5,3903.63,100.3,42.971493,-75.759895
3012443,NY,Madison County,Fenner Wind Power Project,2001.0,1500.0,65.0,70.5,3903.63,100.3,42.99099,-75.769501
3012438,NY,Madison County,Fenner Wind Power Project,2001.0,1500.0,65.0,70.5,3903.63,100.3,43.001091,-75.760597
3012445,NY,Madison County,Fenner Wind Power Project,2001.0,1500.0,65.0,70.5,3903.63,100.3,42.989792,-75.761101
3012446,NY,Madison County,Fenner Wind Power Project,2001.0,1500.0,65.0,70.5,3903.63,100.3,42.98999,-75.755699
3012436,NY,Madison County,Fenner Wind Power Project,2001.0,1500.0,65.0,70.5,3903.63,100.3,43.005093,-75.765396
3012440,NY,Madison County,Fenner Wind Power Project,2001.0,1500.0,65.0,70.5,3903.63,100.3,42.995293,-75.771896
3012449,NY,Madison County,Fenner Wind Power Project,2001.0,1500.0,65.0,70.5,3903.63,100.3,42.974674,-75.759499
3062727,NY,Madison County,Fenner Wind Power Project,2001.0,1500.0,65.0,70.5,3903.63,100.3,42.998592,-75.7593
3012441,NY,Madison County,Fenner Wind Power Project,2001.0,1500.0,65.0,70.5,3903.63,100.3,42.994392,-75.764801
3062943,NY,Madison County,Fenner Wind Power Project,2001.0,1500.0,65.0,70.5,3903.63,100.3,42.98069,-75.767395
3012447,NY,Madison County,Fenner Wind Power Project,2001.0,1500.0,65.0,70.5,3903.63,100.3,42.98069,-75.762001
3012437,NY,Madison County,Fenner Wind Power Project,2001.0,1500.0,65.0,70.5,3903.63,100.3,43.003555,-75.763245
3062667,NY,Madison County,Fenner Wind Power Project,2001.0,1500.0,65.0,70.5,3903.63,100.3,42.99419,-75.759598
3012439,NY,Madison County,Fenner Wind Power Project,2001.0,1500.0,65.0,70.5,3903.63,100.3,43.000992,-75.767097
3012444,NY,Madison County,Fenner Wind Power Project,2001.0,1500.0,65.0,70.5,3903.63,100.3,42.988293,-75.7677
3114092,NY,Madison County,Fenner Wind Power Project - Repower,2012.0,1500.0,85.0,82.0,5281.02,125.9,42.975552,-75.767838
3123040,IL,Ford County,Ford Ridge,2022.0,2800.0,89.0,127.0,12667.69,152.4,40.539242,-88.351768
3125707,IL,Ford County,Ford Ridge,2022.0,2800.0,89.0,127.0,12667.69,152.4,40.52573,-88.333717
3124413,IL,Ford County,Ford Ridge,2022.0,2800.0,89.0,127.0,12667.69,152.4,40.568462,-88.331039
3124417,IL,Ford County,Ford Ridge,2022.0,2800.0,89.0,127.0,12667.69,152.4,40.568275,-88.321442
3124467,IL,Ford County,Ford Ridge,2022.0,2800.0,89.0,127.0,12667.69,152.4,40.571461,-88.376434
3124470,IL,Ford County,Ford Ridge,2022.0,2800.0,89.0,127.0,12667.69,152.4,40.56797,-88.353348
3125924,IL,Ford County,Ford Ridge,2022.0,2800.0,89.0,127.0,12667.69,152.4,40.557274,-88.408211
3123099,IL,Ford County,Ford Ridge,2022.0,2800.0,89.0,127.0,12667.69,152.4,40.546566,-88.358749
3124466,IL,Ford County,Ford Ridge,2022.0,2800.0,89.0,127.0,12667.69,152.4,40.566803,-88.374657
3125919,IL,Ford County,Ford Ridge,2022.0,2800.0,89.0,127.0,12667.69,152.4,40.552406,-88.396835
3125890,IL,Ford County,Ford Ridge,2022.0,2800.0,89.0,127.0,12667.69,152.4,40.546223,-88.322205
3124435,IL,Ford County,Ford Ridge,2022.0,2800.0,89.0,127.0,12667.69,152.4,40.548893,-88.378181
3124585,IL,Ford County,Ford Ridge,2022.0,2800.0,89.0,127.0,12667.69,152.4,40.55328,-88.411301
3125718,IL,Ford County,Ford Ridge,2022.0,2800.0,89.0,127.0,12667.69,152.4,40.534363,-88.336006
3124411,IL,Ford County,Ford Ridge,2022.0,2800.0,89.0,127.0,12667.69,152.4,40.584057,-88.324142
3124471,IL,Ford County,Ford Ridge,2022.0,2800.0,89.0,127.0,12667.69,152.4,40.608303,-88.345039
3124469,IL,Ford County,Ford Ridge,2022.0,2800.0,89.0,127.0,12667.69,152.4,40.565109,-88.357819
3123045,IL,Ford County,Ford Ridge,2022.0,2800.0,89.0,127.0,12667.69,152.4,40.546951,-88.331215
3124415,IL,Ford County,Ford Ridge,2022.0,2800.0,89.0,127.0,12667.69,152.4,40.583248,-88.315758
3124457,IL,Ford County,Ford Ridge,2022.0,2800.0,89.0,127.0,12667.69,152.4,40.517078,-88.336189
3124472,IL,Ford County,Ford Ridge,2022.0,2800.0,89.0,127.0,12667.69,152.4,40.593906,-88.350868
3124412,IL,Ford County,Ford Ridge,2022.0,2800.0,89.0,127.0,12667.69,152.4,40.594166,-88.325493
3124468,IL,Ford County,Ford Ridge,2022.0,2800.0,89.0,127.0,12667.69,152.4,40.571781,-88.371742
3124463,IL,Ford County,Ford Ridge,2022.0,2800.0,89.0,127.0,12667.69,152.4,40.59816,-88.355904
3124409,IL,Ford County,Ford Ridge,2022.0,2800.0,89.0,127.0,12667.69,152.4,40.549999,-88.336502
3123148,IL,Ford County,Ford Ridge,2022.0,2800.0,89.0,127.0,12667.69,152.4,40.53487,-88.370033
3124476,IL,Ford County,Ford Ridge,2022.0,2800.0,89.0,127.0,12667.69,152.4,40.611698,-88.362556
3124606,IL,Ford County,Ford Ridge,2022.0,2800.0,89.0,127.0,12667.69,152.4,40.553791,-88.388077
3124489,IL,Ford County,Ford Ridge,2022.0,2800.0,89.0,127.0,12667.69,152.4,40.54863,-88.402
3124475,IL,Ford County,Ford Ridge,2022.0,2800.0,89.0,127.0,12667.69,152.4,40.564636,-88.349159
3124490,IL,Ford County,Ford Ridge,2022.0,2800.0,89.0,127.0,12667.69,152.4,40.571819,-88.350121
3124449,IL,Ford County,Ford Ridge,2022.0,2800.0,89.0,127.0,12667.69,152.4,40.54496,-88.399117
3124587,IL,Ford County,Ford Ridge,2022.0,2800.0,89.0,127.0,12667.69,152.4,40.546169,-88.336502
3124455,IL,Ford County,Ford Ridge,2022.0,2800.0,89.0,127.0,12667.69,152.4,40.524448,-88.373352
3124541,IL,Ford County,Ford Ridge,2022.0,2800.0,89.0,127.0,12667.69,152.4,40.56279,-88.330994
3124474,IL,Ford County,Ford Ridge,2022.0,2800.0,89.0,127.0,12667.69,152.4,40.590286,-88.352753
3125911,IL,Ford County,Ford Ridge,2022.0,2800.0,89.0,127.0,12667.69,152.4,40.555656,-88.382645
3124462,IL,Ford County,Ford Ridge,2022.0,2800.0,89.0,127.0,12667.69,152.4,40.577854,-88.353119
3124458,IL,Ford County,Ford Ridge,2022.0,2800.0,89.0,127.0,12667.69,152.4,40.510307,-88.312233
3124601,IL,Ford County,Ford Ridge,2022.0,2800.0,89.0,127.0,12667.69,152.4,40.53334,-88.359337
3124464,IL,Ford County,Ford Ridge,2022.0,2800.0,89.0,127.0,12667.69,152.4,40.606968,-88.355675
3123096,IL,Ford County,Ford Ridge,2022.0,2800.0,89.0,127.0,12667.69,152.4,40.544956,-88.350586
3125726,IL,Ford County,Ford Ridge,2022.0,2800.0,89.0,127.0,12667.69,152.4,40.550854,-88.35347
3132359,IL,Lee County,GSG Repower,2007.0,3400.0,98.0,140.0,15393.8,167.9,41.664116,-89.197418
3132075,IL,Lee County,GSG Repower,2007.0,3400.0,98.0,140.0,15393.8,167.9,41.676735,-89.229561
3131535,IL,LaSalle County,GSG Repower,2007.0,3400.0,98.0,140.0,15393.8,167.9,41.608143,-89.083229
3134624,IL,LaSalle County,GSG Repower,2007.0,3400.0,98.0,140.0,15393.8,167.9,41.619198,-89.144791
3134628,IL,LaSalle County,GSG Repower,2007.0,3400.0,98.0,140.0,15393.8,167.9,41.621456,-89.112213
3132122,IL,LaSalle County,GSG Repower,2007.0,3400.0,98.0,140.0,15393.8,167.9,41.615486,-89.13739
3131957,IL,LaSalle County,GSG Repower,2007.0,3400.0,98.0,140.0,15393.8,167.9,41.622208,-89.083496
3131580,IL,LaSalle County,GSG Repower,2007.0,3400.0,98.0,140.0,15393.8,167.9,41.626286,-89.145721
3131921,IL,Lee County,GSG Repower,2007.0,3400.0,98.0,140.0,15393.8,167.9,41.676743,-89.211555
3131998,IL,Lee County,GSG Repower,2007.0,3400.0,98.0,140.0,15393.8,167.9,41.630028,-89.138077
3131707,IL,LaSalle County,GSG Repower,2007.0,3400.0,98.0,140.0,15393.8,167.9,41.603485,-89.08326
3132154,IL,Lee County,GSG Repower,2007.0,3400.0,98.0,140.0,15393.8,167.9,41.680244,-89.21151
3131594,IL,LaSalle County,GSG Repower,2007.0,3400.0,98.0,140.0,15393.8,167.9,41.622375,-89.102768
3132592,IL,Lee County,GSG Repower,2007.0,3400.0,98.0,140.0,15393.8,167.9,41.673008,-89.216125
3131523,IL,LaSalle County,GSG Repower,2007.0,3400.0,98.0,140.0,15393.8,167.9,41.617317,-89.106125
3131914,IL,LaSalle County,GSG Repower,2007.0,3400.0,98.0,140.0,15393.8,167.9,41.618526,-89.132309
3131840,IL,Lee County,GSG Repower,2007.0,3400.0,98.0,140.0,15393.8,167.9,41.673721,-89.235512
3134653,IL,Lee County,GSG Repower,2007.0,3400.0,98.0,140.0,15393.8,167.9,41.673077,-89.222404
3132229,IL,Lee County,GSG Repower,2007.0,3400.0,98.0,140.0,15393.8,167.9,41.636826,-89.117363
3133254,IL,LaSalle County,GSG Repower,2007.0,3400.0,98.0,140.0,15393.8,167.9,41.625458,-89.106949
3131830,IL,Lee County,GSG Repower,2007.0,3400.0,98.0,140.0,15393.8,167.9,41.633205,-89.122932
3131915,IL,Lee County,GSG Repower,2007.0,3400.0,98.0,140.0,15393.8,167.9,41.633396,-89.141571
3131577,IL,Lee County,GSG Repower,2007.0,3400.0,98.0,140.0,15393.8,167.9,41.675491,-89.240646
3132323,IL,Lee County,GSG Repower,2007.0,3400.0,98.0,140.0,15393.8,167.9,41.630657,-89.112335
3131719,IL,LaSalle County,GSG Repower,2007.0,3400.0,98.0,140.0,15393.8,167.9,41.621105,-89.12088
3132239,IL,LaSalle County,GSG Repower,2007.0,3400.0,98.0,140.0,15393.8,167.9,41.614841,-89.093857
3072077,IL,Henry County,Geneseo Wind Farm,2009.0,1500.0,65.0,77.0,4656.63,103.6,41.426159,-90.156578
3072076,IL,Henry County,Geneseo Wind Farm,2009.0,1500.0,65.0,77.0,4656.63,103.6,41.426113,-90.152763
3117609,IL,Mason County,Glacier Sands,2021.0,4300.0,120.0,150.0,17671.46,195.1,40.252224,-89.726402
3116483,IL,Mason County,Glacier Sands,2021.0,4300.0,120.0,150.0,17671.46,195.1,40.223915,-89.685898
3116398,IL,Mason County,Glacier Sands,2021.0,4300.0,120.0,150.0,17671.46,195.1,40.282471,-89.622643
3116558,IL,Mason County,Glacier Sands,2021.0,4300.0,120.0,150.0,17671.46,195.1,40.27977,-89.69223
3117276,IL,Mason County,Glacier Sands,2021.0,4300.0,120.0,150.0,17671.46,195.1,40.235012,-89.678612
3116795,IL,Mason County,Glacier Sands,2021.0,4300.0,120.0,150.0,17671.46,195.1,40.26231,-89.685684
3117002,IL,Mason County,Glacier Sands,2021.0,4300.0,120.0,150.0,17671.46,195.1,40.242931,-89.764961
3117262,IL,Mason County,Glacier Sands,2021.0,4300.0,120.0,150.0,17671.46,195.1,40.239185,-89.689583
3113929,IL,Mason County,Glacier Sands,2021.0,4300.0,120.0,150.0,17671.46,195.1,40.255516,-89.721832
3114765,IL,Mason County,Glacier Sands,2021.0,4300.0,120.0,150.0,17671.46,195.1,40.262295,-89.65995
3114167,IL,Mason County,Glacier Sands,2021.0,4300.0,120.0,150.0,17671.46,195.1,40.260166,-89.701088
3117374,IL,Mason County,Glacier Sands,2021.0,4300.0,120.0,150.0,17671.46,195.1,40.21629,-89.686829
3116801,IL,Mason County,Glacier Sands,2021.0,4300.0,120.0,150.0,17671.46,195.1,40.223846,-89.694069
3115134,IL,Mason County,Glacier Sands,2021.0,4300.0,120.0,150.0,17671.46,195.1,40.303356,-89.618347
3113654,IL,Mason County,Glacier Sands,2021.0,4300.0,120.0,150.0,17671.46,195.1,40.245602,-89.669075
3115130,IL,Mason County,Glacier Sands,2021.0,4300.0,120.0,150.0,17671.46,195.1,40.29187,-89.62738
3117470,IL,Mason County,Glacier Sands,2021.0,4300.0,120.0,150.0,17671.46,195.1,40.231167,-89.739487
3114250,IL,Mason County,Glacier Sands,2021.0,4300.0,120.0,150.0,17671.46,195.1,40.265366,-89.643951
3116815,IL,Mason County,Glacier Sands,2021.0,4300.0,120.0,150.0,17671.46,195.1,40.276867,-89.651695
3114700,IL,Mason County,Glacier Sands,2021.0,4300.0,120.0,150.0,17671.46,195.1,40.26923,-89.614044
3113817,IL,Mason County,Glacier Sands,2021.0,4300.0,120.0,150.0,17671.46,195.1,40.267788,-89.624161
3117959,IL,Mason County,Glacier Sands,2021.0,4300.0,120.0,150.0,17671.46,195.1,40.243824,-89.756836
3113700,IL,Mason County,Glacier Sands,2021.0,4300.0,120.0,150.0,17671.46,195.1,40.259113,-89.730911
3117642,IL,Mason County,Glacier Sands,2021.0,4300.0,120.0,150.0,17671.46,195.1,40.232689,-89.770248
3117336,IL,Mason County,Glacier Sands,2021.0,4300.0,120.0,150.0,17671.46,195.1,40.231163,-89.779152
3116802,IL,Mason County,Glacier Sands,2021.0,4300.0,120.0,150.0,17671.46,195.1,40.217705,-89.737167
3118151,IL,Mason County,Glacier Sands,2021.0,4300.0,120.0,150.0,17671.46,195.1,40.281788,-89.685478
3118131,IL,Mason County,Glacier Sands,2021.0,4300.0,120.0,150.0,17671.46,195.1,40.217701,-89.74588
3116435,IL,Mason County,Glacier Sands,2021.0,4300.0,120.0,150.0,17671.46,195.1,40.299011,-89.631142
3113662,IL,Mason County,Glacier Sands,2021.0,4300.0,120.0,150.0,17671.46,195.1,40.274471,-89.675934
3117478,IL,Mason County,Glacier Sands,2021.0,4300.0,120.0,150.0,17671.46,195.1,40.244026,-89.711418
3114902,IL,Mason County,Glacier Sands,2021.0,4300.0,120.0,150.0,17671.46,195.1,40.259121,-89.672142
3114527,IL,Mason County,Glacier Sands,2021.0,4300.0,120.0,150.0,17671.46,195.1,40.252693,-89.664169
3114684,IL,Mason County,Glacier Sands,2021.0,4300.0,120.0,150.0,17671.46,195.1,40.263447,-89.711746
3113934,IL,Mason County,Glacier Sands,2021.0,4300.0,120.0,150.0,17671.46,195.1,40.282154,-89.631424
3117936,IL,Mason County,Glacier Sands,2021.0,4300.0,120.0,150.0,17671.46,195.1,40.282589,-89.670975
3118152,IL,Mason County,Glacier Sands,2021.0,4300.0,120.0,150.0,17671.46,195.1,40.231392,-89.753036
3118027,IL,Mason County,Glacier Sands,2021.0,4300.0,120.0,150.0,17671.46,195.1,40.254044,-89.680847
3117240,IL,Mason County,Glacier Sands,2021.0,4300.0,120.0,150.0,17671.46,195.1,40.268147,-89.694603
3117035,IL,Mason County,Glacier Sands,2021.0,4300.0,120.0,150.0,17671.46,195.1,40.248215,-89.726608
3118141,IL,Mason County,Glacier Sands,2021.0,4300.0,120.0,150.0,17671.46,195.1,40.22044,-89.768715
3114664,IL,Mason County,Glacier Sands,2021.0,4300.0,120.0,150.0,17671.46,195.1,40.269882,-89.638367
3116640,IL,Mason County,Glacier Sands,2021.0,4300.0,120.0,150.0,17671.46,195.1,40.250519,-89.691589
3061701,IL,Montgomery County,GobNob,2009.0,900.0,70.0,52.0,2123.72,96.0,39.438492,-89.628593
3055302,CO,El Paso County,Golden West Wind Farm,2015.0,1700.0,80.0,103.0,8332.29,131.4,38.957775,-104.247971
3055534,CO,El Paso County,Golden West Wind Farm,2015.0,1700.0,80.0,103.0,8332.29,131.4,38.966843,-104.272118
3055429,CO,El Paso County,Golden West Wind Farm,2015.0,1700.0,80.0,103.0,8332.29,131.4,38.967304,-104.25515
3055788,CO,El Paso County,Golden West Wind Farm,2015.0,1700.0,80.0,103.0,8332.29,131.4,38.994972,-104.236412
3055532,CO,El Paso County,Golden West Wind Farm,2015.0,1700.0,80.0,103.0,8332.29,131.4,38.966824,-104.285332
3055131,CO,El Paso County,Golden West Wind Farm,2015.0,1700.0,80.0,103.0,8332.29,131.4,38.929012,-104.248947
3055298,CO,El Paso County,Golden West Wind Farm,2015.0,1700.0,80.0,103.0,8332.29,131.4,38.966503,-104.250092
3055126,CO,El Paso County,Golden West Wind Farm,2015.0,1700.0,80.0,103.0,8332.29,131.4,38.914852,-104.225464
3055052,CO,El Paso County,Golden West Wind Farm,2015.0,1700.0,80.0,103.0,8332.29,131.4,38.951744,-104.251328
3055120,CO,El Paso County,Golden West Wind Farm,2015.0,1700.0,80.0,103.0,8332.29,131.4,39.047485,-104.205521
3055219,CO,El Paso County,Golden West Wind Farm,2015.0,1700.0,80.0,103.0,8332.29,131.4,39.029522,-104.24781
3055795,CO,El Paso County,Golden West Wind Farm,2015.0,1700.0,80.0,103.0,8332.29,131.4,38.969975,-104.31015
3054821,CO,El Paso County,Golden West Wind Farm,2015.0,1700.0,80.0,103.0,8332.29,131.4,39.035732,-104.217751
3055427,CO,El Paso County,Golden West Wind Farm,2015.0,1700.0,80.0,103.0,8332.29,131.4,39.024975,-104.19043
3054824,CO,El Paso County,Golden West Wind Farm,2015.0,1700.0,80.0,103.0,8332.29,131.4,39.039085,-104.224579
3055121,CO,El Paso County,Golden West Wind Farm,2015.0,1700.0,80.0,103.0,8332.29,131.4,39.044563,-104.186028
3051875,CO,El Paso County,Golden West Wind Farm,2015.0,1700.0,80.0,103.0,8332.29,131.4,38.994263,-104.231956
3054890,CO,El Paso County,Golden West Wind Farm,2015.0,1700.0,80.0,103.0,8332.29,131.4,39.059013,-104.161308
3055782,CO,El Paso County,Golden West Wind Farm,2015.0,1700.0,80.0,103.0,8332.29,131.4,39.000854,-104.241669
3055142,CO,El Paso County,Golden West Wind Farm,2015.0,1700.0,80.0,103.0,8332.29,131.4,39.037842,-104.23658
3055117,CO,El Paso County,Golden West Wind Farm,2015.0,1700.0,80.0,103.0,8332.29,131.4,38.929382,-104.253983
3055138,CO,El Paso County,Golden West Wind Farm,2015.0,1700.0,80.0,103.0,8332.29,131.4,39.045395,-104.236549
3055531,CO,El Paso County,Golden West Wind Farm,2015.0,1700.0,80.0,103.0,8332.29,131.4,38.973682,-104.272087
3055791,CO,El Paso County,Golden West Wind Farm,2015.0,1700.0,80.0,103.0,8332.29,131.4,38.980206,-104.300644
3055794,CO,El Paso County,Golden West Wind Farm,2015.0,1700.0,80.0,103.0,8332.29,131.4,38.988823,-104.288673
3055272,CO,El Paso County,Golden West Wind Farm,2015.0,1700.0,80.0,103.0,8332.29,131.4,38.951595,-104.291428
3054863,CO,El Paso County,Golden West Wind Farm,2015.0,1700.0,80.0,103.0,8332.29,131.4,39.066002,-104.148079
3055059,CO,El Paso County,Golden West Wind Farm,2015.0,1700.0,80.0,103.0,8332.29,131.4,39.046585,-104.191612
3055124,CO,El Paso County,Golden West Wind Farm,2015.0,1700.0,80.0,103.0,8332.29,131.4,38.927814,-104.239029
3054899,CO,El Paso County,Golden West Wind Farm,2015.0,1700.0,80.0,103.0,8332.29,131.4,39.053684,-104.171822
3055530,CO,El Paso County,Golden West Wind Farm,2015.0,1700.0,80.0,103.0,8332.29,131.4,39.002316,-104.186882
3051877,CO,El Paso County,Golden West Wind Farm,2015.0,1700.0,80.0,103.0,8332.29,131.4,39.047222,-104.149628
3054889,CO,El Paso County,Golden West Wind Farm,2015.0,1700.0,80.0,103.0,8332.29,131.4,39.065475,-104.152718
3055047,CO,El Paso County,Golden West Wind Farm,2015.0,1700.0,80.0,103.0,8332.29,131.4,39.044983,-104.179573
3055533,CO,El Paso County,Golden West Wind Farm,2015.0,1700.0,80.0,103.0,8332.29,131.4,38.966805,-104.279121
3055428,CO,El Paso County,Golden West Wind Farm,2015.0,1700.0,80.0,103.0,8332.29,131.4,39.023373,-104.186218
3055276,CO,El Paso County,Golden West Wind Farm,2015.0,1700.0,80.0,103.0,8332.29,131.4,39.029224,-104.229233
3055452,CO,El Paso County,Golden West Wind Farm,2015.0,1700.0,80.0,103.0,8332.29,131.4,39.017452,-104.157768
3055270,CO,El Paso County,Golden West Wind Farm,2015.0,1700.0,80.0,103.0,8332.29,131.4,39.020424,-104.236237
3055798,CO,El Paso County,Golden West Wind Farm,2015.0,1700.0,80.0,103.0,8332.29,131.4,38.972115,-104.297081
3055300,CO,El Paso County,Golden West Wind Farm,2015.0,1700.0,80.0,103.0,8332.29,131.4,38.959763,-104.25853
3055449,CO,El Paso County,Golden West Wind Farm,2015.0,1700.0,80.0,103.0,8332.29,131.4,39.021034,-104.171883
3054842,CO,El Paso County,Golden West Wind Farm,2015.0,1700.0,80.0,103.0,8332.29,131.4,39.035412,-104.17585
3055058,CO,El Paso County,Golden West Wind Farm,2015.0,1700.0,80.0,103.0,8332.29,131.4,39.046803,-104.196213
3055450,CO,El Paso County,Golden West Wind Farm,2015.0,1700.0,80.0,103.0,8332.29,131.4,39.019943,-104.166748
3055793,CO,El Paso County,Golden West Wind Farm,2015.0,1700.0,80.0,103.0,8332.29,131.4,38.986183,-104.291328
3055529,CO,El Paso County,Golden West Wind Farm,2015.0,1700.0,80.0,103.0,8332.29,131.4,39.001915,-104.192467
3055789,CO,El Paso County,Golden West Wind Farm,2015.0,1700.0,80.0,103.0,8332.29,131.4,38.980854,-104.308662
3054903,CO,El Paso County,Golden West Wind Farm,2015.0,1700.0,80.0,103.0,8332.29,131.4,38.950432,-104.223198
3055224,CO,El Paso County,Golden West Wind Farm,2015.0,1700.0,80.0,103.0,8332.29,131.4,38.948002,-104.268219
3054900,CO,El Paso County,Golden West Wind Farm,2015.0,1700.0,80.0,103.0,8332.29,131.4,39.055824,-104.168732
3055296,CO,El Paso County,Golden West Wind Farm,2015.0,1700.0,80.0,103.0,8332.29,131.4,39.015812,-104.21785
3055222,CO,El Paso County,Golden West Wind Farm,2015.0,1700.0,80.0,103.0,8332.29,131.4,38.940922,-104.269943
3055536,CO,El Paso County,Golden West Wind Farm,2015.0,1700.0,80.0,103.0,8332.29,131.4,38.960865,-104.278374
3055056,CO,El Paso County,Golden West Wind Farm,2015.0,1700.0,80.0,103.0,8332.29,131.4,38.939354,-104.233231
3055220,CO,El Paso County,Golden West Wind Farm,2015.0,1700.0,80.0,103.0,8332.29,131.4,39.024303,-104.248932
3055119,CO,El Paso County,Golden West Wind Farm,2015.0,1700.0,80.0,103.0,8332.29,131.4,39.047375,-104.209999
3055792,CO,El Paso County,Golden West Wind Farm,2015.0,1700.0,80.0,103.0,8332.29,131.4,38.981415,-104.297501
3051874,CO,El Paso County,Golden West Wind Farm,2015.0,1700.0,80.0,103.0,8332.29,131.4,39.005993,-104.229362
3055223,CO,El Paso County,Golden West Wind Farm,2015.0,1700.0,80.0,103.0,8332.29,131.4,38.942482,-104.264473
3055543,CO,El Paso County,Golden West Wind Farm,2015.0,1700.0,80.0,103.0,8332.29,131.4,39.003284,-104.199402
3055548,CO,El Paso County,Golden West Wind Farm,2015.0,1700.0,80.0,103.0,8332.29,131.4,38.957085,-104.283493
3055448,CO,El Paso County,Golden West Wind Farm,2015.0,1700.0,80.0,103.0,8332.29,131.4,38.966923,-104.264671
3055453,CO,El Paso County,Golden West Wind Farm,2015.0,1700.0,80.0,103.0,8332.29,131.4,39.016655,-104.153122
3055535,CO,El Paso County,Golden West Wind Farm,2015.0,1700.0,80.0,103.0,8332.29,131.4,38.967983,-104.260498
3055140,CO,El Paso County,Golden West Wind Farm,2015.0,1700.0,80.0,103.0,8332.29,131.4,39.045002,-104.222931
3054865,CO,El Paso County,Golden West Wind Farm,2015.0,1700.0,80.0,103.0,8332.29,131.4,39.033463,-104.170822
3055454,CO,El Paso County,Golden West Wind Farm,2015.0,1700.0,80.0,103.0,8332.29,131.4,38.974045,-104.267517
3055125,CO,El Paso County,Golden West Wind Farm,2015.0,1700.0,80.0,103.0,8332.29,131.4,38.922203,-104.231483
3055297,CO,El Paso County,Golden West Wind Farm,2015.0,1700.0,80.0,103.0,8332.29,131.4,39.014954,-104.207779
3055115,CO,El Paso County,Golden West Wind Farm,2015.0,1700.0,80.0,103.0,8332.29,131.4,38.949722,-104.240227
3055274,CO,El Paso County,Golden West Wind Farm,2015.0,1700.0,80.0,103.0,8332.29,131.4,38.948353,-104.285309
3055781,CO,El Paso County,Golden West Wind Farm,2015.0,1700.0,80.0,103.0,8332.29,131.4,39.000404,-104.245758
3055143,CO,El Paso County,Golden West Wind Farm,2015.0,1700.0,80.0,103.0,8332.29,131.4,38.936234,-104.263252
3054671,CO,El Paso County,Golden West Wind Farm,2015.0,1700.0,80.0,103.0,8332.29,131.4,39.031952,-104.205887
3054866,CO,El Paso County,Golden West Wind Farm,2015.0,1700.0,80.0,103.0,8332.29,131.4,39.034302,-104.166733
3055779,CO,El Paso County,Golden West Wind Farm,2015.0,1700.0,80.0,103.0,8332.29,131.4,39.006962,-104.234657
3055129,CO,El Paso County,Golden West Wind Farm,2015.0,1700.0,80.0,103.0,8332.29,131.4,39.046482,-104.218513
3055784,CO,El Paso County,Golden West Wind Farm,2015.0,1700.0,80.0,103.0,8332.29,131.4,38.993324,-104.269073
3055218,CO,El Paso County,Golden West Wind Farm,2015.0,1700.0,80.0,103.0,8332.29,131.4,39.035843,-104.246132
3055799,CO,El Paso County,Golden West Wind Farm,2015.0,1700.0,80.0,103.0,8332.29,131.4,38.962475,-104.306061
3055128,CO,El Paso County,Golden West Wind Farm,2015.0,1700.0,80.0,103.0,8332.29,131.4,39.046394,-104.22802
3055048,CO,El Paso County,Golden West Wind Farm,2015.0,1700.0,80.0,103.0,8332.29,131.4,39.045532,-104.174133
3054864,CO,El Paso County,Golden West Wind Farm,2015.0,1700.0,80.0,103.0,8332.29,131.4,39.054554,-104.149353
3055118,CO,El Paso County,Golden West Wind Farm,2015.0,1700.0,80.0,103.0,8332.29,131.4,39.049603,-104.21579
3054669,CO,El Paso County,Golden West Wind Farm,2015.0,1700.0,80.0,103.0,8332.29,131.4,39.032955,-104.152168
3055447,CO,El Paso County,Golden West Wind Farm,2015.0,1700.0,80.0,103.0,8332.29,131.4,39.022655,-104.178032
3054839,CO,El Paso County,Golden West Wind Farm,2015.0,1700.0,80.0,103.0,8332.29,131.4,39.035095,-104.192101
3055293,CO,El Paso County,Golden West Wind Farm,2015.0,1700.0,80.0,103.0,8332.29,131.4,38.961365,-104.26577
3055544,CO,El Paso County,Golden West Wind Farm,2015.0,1700.0,80.0,103.0,8332.29,131.4,38.993572,-104.227631
3055123,CO,El Paso County,Golden West Wind Farm,2015.0,1700.0,80.0,103.0,8332.29,131.4,38.922573,-104.236542
3055787,CO,El Paso County,Golden West Wind Farm,2015.0,1700.0,80.0,103.0,8332.29,131.4,38.995304,-104.241508
3055122,CO,El Paso County,Golden West Wind Farm,2015.0,1700.0,80.0,103.0,8332.29,131.4,38.928715,-104.24366
3055785,CO,El Paso County,Golden West Wind Farm,2015.0,1700.0,80.0,103.0,8332.29,131.4,38.996044,-104.267052
3055545,CO,El Paso County,Golden West Wind Farm,2015.0,1700.0,80.0,103.0,8332.29,131.4,38.988434,-104.218117
3055797,CO,El Paso County,Golden West Wind Farm,2015.0,1700.0,80.0,103.0,8332.29,131.4,38.973064,-104.302551
3055430,CO,El Paso County,Golden West Wind Farm,2015.0,1700.0,80.0,103.0,8332.29,131.4,38.967304,-104.241447
3055055,CO,El Paso County,Golden West Wind Farm,2015.0,1700.0,80.0,103.0,8332.29,131.4,38.942944,-104.227249
3055221,CO,El Paso County,Golden West Wind Farm,2015.0,1700.0,80.0,103.0,8332.29,131.4,38.948402,-104.273232
3055546,CO,El Paso County,Golden West Wind Farm,2015.0,1700.0,80.0,103.0,8332.29,131.4,38.957684,-104.28862
3055267,CO,El Paso County,Golden West Wind Farm,2015.0,1700.0,80.0,103.0,8332.29,131.4,39.05706,-104.165314
3054820,CO,El Paso County,Golden West Wind Farm,2015.0,1700.0,80.0,103.0,8332.29,131.4,39.038635,-104.228889
3055127,CO,El Paso County,Golden West Wind Farm,2015.0,1700.0,80.0,103.0,8332.29,131.4,38.924362,-104.224251
3054902,CO,El Paso County,Golden West Wind Farm,2015.0,1700.0,80.0,103.0,8332.29,131.4,38.951714,-104.228882
3055547,CO,El Paso County,Golden West Wind Farm,2015.0,1700.0,80.0,103.0,8332.29,131.4,38.988304,-104.208023
3055295,CO,El Paso County,Golden West Wind Farm,2015.0,1700.0,80.0,103.0,8332.29,131.4,39.016674,-104.223259
3051878,CO,El Paso County,Golden West Wind Farm,2015.0,1700.0,80.0,103.0,8332.29,131.4,38.961422,-104.272263
3055786,CO,El Paso County,Golden West Wind Farm,2015.0,1700.0,80.0,103.0,8332.29,131.4,38.995644,-104.245804
3055139,CO,El Paso County,Golden West Wind Farm,2015.0,1700.0,80.0,103.0,8332.29,131.4,39.046482,-104.232597
3055051,CO,El Paso County,Golden West Wind Farm,2015.0,1700.0,80.0,103.0,8332.29,131.4,39.047363,-104.170479
3055049,CO,El Paso County,Golden West Wind Farm,2015.0,1700.0,80.0,103.0,8332.29,131.4,39.052803,-104.18042
3055780,CO,El Paso County,Golden West Wind Farm,2015.0,1700.0,80.0,103.0,8332.29,131.4,39.007084,-104.225182
3051879,CO,El Paso County,Golden West Wind Farm,2015.0,1700.0,80.0,103.0,8332.29,131.4,39.014885,-104.212669
3055054,CO,El Paso County,Golden West Wind Farm,2015.0,1700.0,80.0,103.0,8332.29,131.4,38.945534,-104.233131
3055790,CO,El Paso County,Golden West Wind Farm,2015.0,1700.0,80.0,103.0,8332.29,131.4,38.979603,-104.304199
3055141,CO,El Paso County,Golden West Wind Farm,2015.0,1700.0,80.0,103.0,8332.29,131.4,39.037945,-104.241241
3055528,CO,El Paso County,Golden West Wind Farm,2015.0,1700.0,80.0,103.0,8332.29,131.4,39.015423,-104.148972
3055778,CO,El Paso County,Golden West Wind Farm,2015.0,1700.0,80.0,103.0,8332.29,131.4,39.007343,-104.243156
3051876,CO,El Paso County,Golden West Wind Farm,2015.0,1700.0,80.0,103.0,8332.29,131.4,38.988255,-104.213379
3055053,CO,El Paso County,Golden West Wind Farm,2015.0,1700.0,80.0,103.0,8332.29,131.4,38.951164,-104.24633
3055800,CO,El Paso County,Golden West Wind Farm,2015.0,1700.0,80.0,103.0,8332.29,131.4,38.963192,-104.30188
3055057,CO,El Paso County,Golden West Wind Farm,2015.0,1700.0,80.0,103.0,8332.29,131.4,39.047375,-104.201118
3054840,CO,El Paso County,Golden West Wind Farm,2015.0,1700.0,80.0,103.0,8332.29,131.4,39.035362,-104.180107
3055451,CO,El Paso County,Golden West Wind Farm,2015.0,1700.0,80.0,103.0,8332.29,131.4,39.019135,-104.161903
3054891,CO,El Paso County,Golden West Wind Farm,2015.0,1700.0,80.0,103.0,8332.29,131.4,39.058353,-104.156013
3055299,CO,El Paso County,Golden West Wind Farm,2015.0,1700.0,80.0,103.0,8332.29,131.4,38.967113,-104.24588
3054901,CO,El Paso County,Golden West Wind Farm,2015.0,1700.0,80.0,103.0,8332.29,131.4,38.952553,-104.234467
3055303,CO,El Paso County,Golden West Wind Farm,2015.0,1700.0,80.0,103.0,8332.29,131.4,38.956825,-104.242828
3054868,CO,El Paso County,Golden West Wind Farm,2015.0,1700.0,80.0,103.0,8332.29,131.4,39.032333,-104.156403
3055271,CO,El Paso County,Golden West Wind Farm,2015.0,1700.0,80.0,103.0,8332.29,131.4,39.018883,-104.230553
3054867,CO,El Paso County,Golden West Wind Farm,2015.0,1700.0,80.0,103.0,8332.29,131.4,39.032242,-104.161041
3055268,CO,El Paso County,Golden West Wind Farm,2015.0,1700.0,80.0,103.0,8332.29,131.4,39.027275,-104.237831
3055275,CO,El Paso County,Golden West Wind Farm,2015.0,1700.0,80.0,103.0,8332.29,131.4,39.031193,-104.234802
3055130,CO,El Paso County,Golden West Wind Farm,2015.0,1700.0,80.0,103.0,8332.29,131.4,38.937714,-104.25486
3055273,CO,El Paso County,Golden West Wind Farm,2015.0,1700.0,80.0,103.0,8332.29,131.4,38.947556,-104.280098
3055050,CO,El Paso County,Golden West Wind Farm,2015.0,1700.0,80.0,103.0,8332.29,131.4,39.053944,-104.176537
3055301,CO,El Paso County,Golden West Wind Farm,2015.0,1700.0,80.0,103.0,8332.29,131.4,38.961014,-104.254066
3054670,CO,El Paso County,Golden West Wind Farm,2015.0,1700.0,80.0,103.0,8332.29,131.4,39.035534,-104.212044
3054822,CO,El Paso County,Golden West Wind Farm,2015.0,1700.0,80.0,103.0,8332.29,131.4,39.038513,-104.19812
3055783,CO,El Paso County,Golden West Wind Farm,2015.0,1700.0,80.0,103.0,8332.29,131.4,39.002872,-104.236389
3055455,CO,El Paso County,Golden West Wind Farm,2015.0,1700.0,80.0,103.0,8332.29,131.4,38.974983,-104.262901
3055801,CO,El Paso County,Golden West Wind Farm,2015.0,1700.0,80.0,103.0,8332.29,131.4,38.963753,-104.29734
3055269,CO,El Paso County,Golden West Wind Farm,2015.0,1700.0,80.0,103.0,8332.29,131.4,39.022285,-104.241974
3055796,CO,El Paso County,Golden West Wind Farm,2015.0,1700.0,80.0,103.0,8332.29,131.4,38.972595,-104.307114
3055116,CO,El Paso County,Golden West Wind Farm,2015.0,1700.0,80.0,103.0,8332.29,131.4,38.943783,-104.240051
3042904,IL,LaSalle County,Grand Ridge,2008.0,1500.0,80.0,77.0,4656.63,118.6,41.196491,-88.698792
3111300,IL,LaSalle County,Grand Ridge,2008.0,1500.0,80.0,77.0,4656.63,118.6,41.202713,-88.695534
3042887,IL,LaSalle County,Grand Ridge,2008.0,1500.0,80.0,77.0,4656.63,118.6,41.229393,-88.670692
3042861,IL,LaSalle County,Grand Ridge,2008.0,1500.0,80.0,77.0,4656.63,118.6,41.231693,-88.725197
3042859,IL,LaSalle County,Grand Ridge,2008.0,1500.0,80.0,77.0,4656.63,118.6,41.239792,-88.696693
3042897,IL,LaSalle County,Grand Ridge,2008.0,1500.0,80.0,77.0,4656.63,118.6,41.216091,-88.710495
3042891,IL,LaSalle County,Grand Ridge,2008.0,1500.0,80.0,77.0,4656.63,118.6,41.271793,-88.693291
3072591,IL,LaSalle County,Grand Ridge,2008.0,1500.0,80.0,77.0,4656.63,118.6,41.191662,-88.695892
3042892,IL,LaSalle County,Grand Ridge,2008.0,1500.0,80.0,77.0,4656.63,118.6,41.261391,-88.701591
3042855,IL,LaSalle County,Grand Ridge,2008.0,1500.0,80.0,77.0,4656.63,118.6,41.246292,-88.706696
3072590,IL,LaSalle County,Grand Ridge,2008.0,1500.0,80.0,77.0,4656.63,118.6,41.195446,-88.714027
3042901,IL,LaSalle County,Grand Ridge,2008.0,1500.0,80.0,77.0,4656.63,118.6,41.227692,-88.699493
3072593,IL,LaSalle County,Grand Ridge,2008.0,1500.0,80.0,77.0,4656.63,118.6,41.275917,-88.687271
3072589,IL,LaSalle County,Grand Ridge,2008.0,1500.0,80.0,77.0,4656.63,118.6,41.199657,-88.719986
3042871,IL,LaSalle County,Grand Ridge,2008.0,1500.0,80.0,77.0,4656.63,118.6,41.20219,-88.705795
3042865,IL,LaSalle County,Grand Ridge,2008.0,1500.0,80.0,77.0,4656.63,118.6,41.22599,-88.706291
3042876,IL,LaSalle County,Grand Ridge,2008.0,1500.0,80.0,77.0,4656.63,118.6,41.21759,-88.695892
3071131,IL,LaSalle County,Grand Ridge,2008.0,1500.0,80.0,77.0,4656.63,118.6,41.196266,-88.719986
3042880,IL,LaSalle County,Grand Ridge,2008.0,1500.0,80.0,77.0,4656.63,118.6,41.196491,-88.689491
3042893,IL,LaSalle County,Grand Ridge,2008.0,1500.0,80.0,77.0,4656.63,118.6,41.25069,-88.706696
3042866,IL,LaSalle County,Grand Ridge,2008.0,1500.0,80.0,77.0,4656.63,118.6,41.221592,-88.706696
3072592,IL,LaSalle County,Grand Ridge,2008.0,1500.0,80.0,77.0,4656.63,118.6,41.199657,-88.714096
3042884,IL,LaSalle County,Grand Ridge,2008.0,1500.0,80.0,77.0,4656.63,118.6,41.227192,-88.680496
3042911,IL,LaSalle County,Grand Ridge,2008.0,1500.0,80.0,77.0,4656.63,118.6,41.217793,-88.666496
3042908,IL,LaSalle County,Grand Ridge,2008.0,1500.0,80.0,77.0,4656.63,118.6,41.246593,-88.679794
3042898,IL,LaSalle County,Grand Ridge,2008.0,1500.0,80.0,77.0,4656.63,118.6,41.206791,-88.719994
3042888,IL,LaSalle County,Grand Ridge,2008.0,1500.0,80.0,77.0,4656.63,118.6,41.221992,-88.666397
3042907,IL,LaSalle County,Grand Ridge,2008.0,1500.0,80.0,77.0,4656.63,118.6,41.254593,-88.682396
3028277,IL,LaSalle County,Grand Ridge,2008.0,1500.0,80.0,77.0,4656.63,118.6,41.20689,-88.694695
3042903,IL,LaSalle County,Grand Ridge,2008.0,1500.0,80.0,77.0,4656.63,118.6,41.215294,-88.689995
3042867,IL,LaSalle County,Grand Ridge,2008.0,1500.0,80.0,77.0,4656.63,118.6,41.213692,-88.705498
3042909,IL,LaSalle County,Grand Ridge,2008.0,1500.0,80.0,77.0,4656.63,118.6,41.235592,-88.676094
3042854,IL,LaSalle County,Grand Ridge,2008.0,1500.0,80.0,77.0,4656.63,118.6,41.264591,-88.696091
3042868,IL,LaSalle County,Grand Ridge,2008.0,1500.0,80.0,77.0,4656.63,118.6,41.206791,-88.713097
3042894,IL,LaSalle County,Grand Ridge,2008.0,1500.0,80.0,77.0,4656.63,118.6,41.235992,-88.725098
3022025,IL,LaSalle County,Grand Ridge,2008.0,1500.0,80.0,77.0,4656.63,118.6,41.197292,-88.705292
3042873,IL,LaSalle County,Grand Ridge,2008.0,1500.0,80.0,77.0,4656.63,118.6,41.230892,-88.690598
3042875,IL,LaSalle County,Grand Ridge,2008.0,1500.0,80.0,77.0,4656.63,118.6,41.221992,-88.690796
3042858,IL,LaSalle County,Grand Ridge,2008.0,1500.0,80.0,77.0,4656.63,118.6,41.243492,-88.700493
3042879,IL,LaSalle County,Grand Ridge,2008.0,1500.0,80.0,77.0,4656.63,118.6,41.199867,-88.692154
3042872,IL,LaSalle County,Grand Ridge,2008.0,1500.0,80.0,77.0,4656.63,118.6,41.232594,-88.696297
3042857,IL,LaSalle County,Grand Ridge,2008.0,1500.0,80.0,77.0,4656.63,118.6,41.247593,-88.695892
3042900,IL,LaSalle County,Grand Ridge,2008.0,1500.0,80.0,77.0,4656.63,118.6,41.234993,-88.700691
3042860,IL,LaSalle County,Grand Ridge,2008.0,1500.0,80.0,77.0,4656.63,118.6,41.239891,-88.690697
3042862,IL,LaSalle County,Grand Ridge,2008.0,1500.0,80.0,77.0,4656.63,118.6,41.229893,-88.719597
3042882,IL,LaSalle County,Grand Ridge,2008.0,1500.0,80.0,77.0,4656.63,118.6,41.250793,-88.679596
3042895,IL,LaSalle County,Grand Ridge,2008.0,1500.0,80.0,77.0,4656.63,118.6,41.232193,-88.712997
3042912,IL,LaSalle County,Grand Ridge,2008.0,1500.0,80.0,77.0,4656.63,118.6,41.269493,-88.686996
3042899,IL,LaSalle County,Grand Ridge,2008.0,1500.0,80.0,77.0,4656.63,118.6,41.206993,-88.705795
3042905,IL,LaSalle County,Grand Ridge,2008.0,1500.0,80.0,77.0,4656.63,118.6,41.20359,-88.68589
3042896,IL,LaSalle County,Grand Ridge,2008.0,1500.0,80.0,77.0,4656.63,118.6,41.224792,-88.719795
3042883,IL,LaSalle County,Grand Ridge,2008.0,1500.0,80.0,77.0,4656.63,118.6,41.241192,-88.679596
3042914,IL,LaSalle County,Grand Ridge,2008.0,1500.0,80.0,77.0,4656.63,118.6,41.210991,-88.695694
3042863,IL,LaSalle County,Grand Ridge,2008.0,1500.0,80.0,77.0,4656.63,118.6,41.231693,-88.706795
3042890,IL,LaSalle County,Grand Ridge,2008.0,1500.0,80.0,77.0,4656.63,118.6,41.27169,-88.702293
3042856,IL,LaSalle County,Grand Ridge,2008.0,1500.0,80.0,77.0,4656.63,118.6,41.250992,-88.699097
3042885,IL,LaSalle County,Grand Ridge,2008.0,1500.0,80.0,77.0,4656.63,118.6,41.231293,-88.675995
3042874,IL,LaSalle County,Grand Ridge,2008.0,1500.0,80.0,77.0,4656.63,118.6,41.225391,-88.694191
3041670,IL,LaSalle County,Grand Ridge,2008.0,1500.0,80.0,77.0,4656.63,118.6,41.268291,-88.699394
3072601,IL,LaSalle County,Grand Ridge,2008.0,1500.0,80.0,77.0,4656.63,118.6,41.19252,-88.69989
3042864,IL,LaSalle County,Grand Ridge,2008.0,1500.0,80.0,77.0,4656.63,118.6,41.225891,-88.712791
3042910,IL,LaSalle County,Grand Ridge,2008.0,1500.0,80.0,77.0,4656.63,118.6,41.226791,-88.666794
3042902,IL,LaSalle County,Grand Ridge,2008.0,1500.0,80.0,77.0,4656.63,118.6,41.226391,-88.687195
3042853,IL,LaSalle County,Grand Ridge,2008.0,1500.0,80.0,77.0,4656.63,118.6,41.274391,-88.696693
3042886,IL,LaSalle County,Grand Ridge,2008.0,1500.0,80.0,77.0,4656.63,118.6,41.225193,-88.675194
3042877,IL,LaSalle County,Grand Ridge,2008.0,1500.0,80.0,77.0,4656.63,118.6,41.210392,-88.689796
3045856,IL,LaSalle County,Grand Ridge II,2009.0,1500.0,80.0,77.0,4656.63,118.6,41.167393,-88.673195
3042941,IL,LaSalle County,Grand Ridge II,2009.0,1500.0,80.0,77.0,4656.63,118.6,41.172691,-88.690094
3042932,IL,LaSalle County,Grand Ridge II,2009.0,1500.0,80.0,77.0,4656.63,118.6,41.161392,-88.706192
3042934,IL,LaSalle County,Grand Ridge II,2009.0,1500.0,80.0,77.0,4656.63,118.6,41.171192,-88.712196
3042945,IL,LaSalle County,Grand Ridge II,2009.0,1500.0,80.0,77.0,4656.63,118.6,41.167793,-88.680794
3042906,IL,LaSalle County,Grand Ridge II,2009.0,1500.0,80.0,77.0,4656.63,118.6,41.188591,-88.691597
3042926,IL,LaSalle County,Grand Ridge II,2009.0,1500.0,80.0,77.0,4656.63,118.6,41.187492,-88.667496
3042931,IL,LaSalle County,Grand Ridge II,2009.0,1500.0,80.0,77.0,4656.63,118.6,41.156994,-88.70919
3042958,IL,LaSalle County,Grand Ridge II,2009.0,1500.0,80.0,77.0,4656.63,118.6,41.177391,-88.688293
3042933,IL,LaSalle County,Grand Ridge II,2009.0,1500.0,80.0,77.0,4656.63,118.6,41.167393,-88.710197
3042947,IL,LaSalle County,Grand Ridge II,2009.0,1500.0,80.0,77.0,4656.63,118.6,41.191193,-88.669594
3042927,IL,LaSalle County,Grand Ridge II,2009.0,1500.0,80.0,77.0,4656.63,118.6,41.187393,-88.661392
3042956,IL,LaSalle County,Grand Ridge II,2009.0,1500.0,80.0,77.0,4656.63,118.6,41.163193,-88.709595
3042954,IL,LaSalle County,Grand Ridge II,2009.0,1500.0,80.0,77.0,4656.63,118.6,41.156292,-88.714592
3042937,IL,LaSalle County,Grand Ridge II,2009.0,1500.0,80.0,77.0,4656.63,118.6,41.174091,-88.699394
3042957,IL,LaSalle County,Grand Ridge II,2009.0,1500.0,80.0,77.0,4656.63,118.6,41.173794,-88.705795
3042924,IL,LaSalle County,Grand Ridge II,2009.0,1500.0,80.0,77.0,4656.63,118.6,41.176891,-88.676094
3042930,IL,LaSalle County,Grand Ridge II,2009.0,1500.0,80.0,77.0,4656.63,118.6,41.184391,-88.707397
3042923,IL,LaSalle County,Grand Ridge II,2009.0,1500.0,80.0,77.0,4656.63,118.6,41.172394,-88.675491
3042943,IL,LaSalle County,Grand Ridge II,2009.0,1500.0,80.0,77.0,4656.63,118.6,41.182991,-88.694893
3042938,IL,LaSalle County,Grand Ridge II,2009.0,1500.0,80.0,77.0,4656.63,118.6,41.178093,-88.694092
3042944,IL,LaSalle County,Grand Ridge II,2009.0,1500.0,80.0,77.0,4656.63,118.6,41.167492,-88.666397
3042949,IL,LaSalle County,Grand Ridge II,2009.0,1500.0,80.0,77.0,4656.63,118.6,41.19799,-88.656891
3042946,IL,LaSalle County,Grand Ridge II,2009.0,1500.0,80.0,77.0,4656.63,118.6,41.17609,-88.666397
3042942,IL,LaSalle County,Grand Ridge II,2009.0,1500.0,80.0,77.0,4656.63,118.6,41.182091,-88.692093
3042952,IL,LaSalle County,Grand Ridge II,2009.0,1500.0,80.0,77.0,4656.63,118.6,41.187691,-88.699493
3042928,IL,LaSalle County,Grand Ridge II,2009.0,1500.0,80.0,77.0,4656.63,118.6,41.189892,-88.661491
3042939,IL,LaSalle County,Grand Ridge II,2009.0,1500.0,80.0,77.0,4656.63,118.6,41.167191,-88.689697
3042948,IL,LaSalle County,Grand Ridge II,2009.0,1500.0,80.0,77.0,4656.63,118.6,41.184193,-88.659897
3042955,IL,LaSalle County,Grand Ridge II,2009.0,1500.0,80.0,77.0,4656.63,118.6,41.16349,-88.699791
3042950,IL,LaSalle County,Grand Ridge II,2009.0,1500.0,80.0,77.0,4656.63,118.6,41.185493,-88.686096
3042936,IL,LaSalle County,Grand Ridge II,2009.0,1500.0,80.0,77.0,4656.63,118.6,41.182392,-88.704994
3042925,IL,LaSalle County,Grand Ridge II,2009.0,1500.0,80.0,77.0,4656.63,118.6,41.182392,-88.666595
3042935,IL,LaSalle County,Grand Ridge II,2009.0,1500.0,80.0,77.0,4656.63,118.6,41.176891,-88.710594
3042826,IL,LaSalle County,Grand Ridge III/IV,2009.0,1500.0,80.0,77.0,4656.63,118.6,41.153393,-88.74279
3042837,IL,LaSalle County,Grand Ridge III/IV,2009.0,1500.0,80.0,77.0,4656.63,118.6,41.182293,-88.725891
3042843,IL,LaSalle County,Grand Ridge III/IV,2009.0,1500.0,80.0,77.0,4656.63,118.6,41.157692,-88.743797
3042824,IL,LaSalle County,Grand Ridge III/IV,2009.0,1500.0,80.0,77.0,4656.63,118.6,41.16069,-88.756096
3042846,IL,LaSalle County,Grand Ridge III/IV,2009.0,1500.0,80.0,77.0,4656.63,118.6,41.170292,-88.737595
3042848,IL,LaSalle County,Grand Ridge III/IV,2009.0,1500.0,80.0,77.0,4656.63,118.6,41.17749,-88.727097
3042847,IL,LaSalle County,Grand Ridge III/IV,2009.0,1500.0,80.0,77.0,4656.63,118.6,41.177193,-88.737694
3072598,IL,LaSalle County,Grand Ridge III/IV,2009.0,1500.0,80.0,77.0,4656.63,118.6,41.257656,-88.730515
3042842,IL,LaSalle County,Grand Ridge III/IV,2009.0,1500.0,80.0,77.0,4656.63,118.6,41.15649,-88.749596
3042849,IL,LaSalle County,Grand Ridge III/IV,2009.0,1500.0,80.0,77.0,4656.63,118.6,41.168991,-88.717796
3072597,IL,LaSalle County,Grand Ridge III/IV,2009.0,1500.0,80.0,77.0,4656.63,118.6,41.258247,-88.708031
3042839,IL,LaSalle County,Grand Ridge III/IV,2009.0,1500.0,80.0,77.0,4656.63,118.6,41.166691,-88.743195
3042820,IL,LaSalle County,Grand Ridge III/IV,2009.0,1500.0,80.0,77.0,4656.63,118.6,41.18729,-88.724091
3042829,IL,LaSalle County,Grand Ridge III/IV,2009.0,1500.0,80.0,77.0,4656.63,118.6,41.173492,-88.731796
3042822,IL,LaSalle County,Grand Ridge III/IV,2009.0,1500.0,80.0,77.0,4656.63,118.6,41.15229,-88.755096
3072594,IL,LaSalle County,Grand Ridge III/IV,2009.0,1500.0,80.0,77.0,4656.63,118.6,41.254726,-88.706238
3042830,IL,LaSalle County,Grand Ridge III/IV,2009.0,1500.0,80.0,77.0,4656.63,118.6,41.168793,-88.724197
3042821,IL,LaSalle County,Grand Ridge III/IV,2009.0,1500.0,80.0,77.0,4656.63,118.6,41.18169,-88.737892
3042819,IL,LaSalle County,Grand Ridge III/IV,2009.0,1500.0,80.0,77.0,4656.63,118.6,41.191391,-88.736595
3042844,IL,LaSalle County,Grand Ridge III/IV,2009.0,1500.0,80.0,77.0,4656.63,118.6,41.161694,-88.737793
3042851,IL,LaSalle County,Grand Ridge III/IV,2009.0,1500.0,80.0,77.0,4656.63,118.6,41.181992,-88.714897
3042841,IL,LaSalle County,Grand Ridge III/IV,2009.0,1500.0,80.0,77.0,4656.63,118.6,41.155891,-88.756592
3072595,IL,LaSalle County,Grand Ridge III/IV,2009.0,1500.0,80.0,77.0,4656.63,118.6,41.254204,-88.718971
3042840,IL,LaSalle County,Grand Ridge III/IV,2009.0,1500.0,80.0,77.0,4656.63,118.6,41.162292,-88.750298
3042831,IL,LaSalle County,Grand Ridge III/IV,2009.0,1500.0,80.0,77.0,4656.63,118.6,41.176292,-88.716591
3042833,IL,LaSalle County,Grand Ridge III/IV,2009.0,1500.0,80.0,77.0,4656.63,118.6,41.185192,-88.718094
3072596,IL,LaSalle County,Grand Ridge III/IV,2009.0,1500.0,80.0,77.0,4656.63,118.6,41.254013,-88.729942
3042850,IL,LaSalle County,Grand Ridge III/IV,2009.0,1500.0,80.0,77.0,4656.63,118.6,41.172394,-88.718895
3042827,IL,LaSalle County,Grand Ridge III/IV,2009.0,1500.0,80.0,77.0,4656.63,118.6,41.158993,-88.735794
3072599,IL,LaSalle County,Grand Ridge III/IV,2009.0,1500.0,80.0,77.0,4656.63,118.6,41.254177,-88.713806
3042836,IL,LaSalle County,Grand Ridge III/IV,2009.0,1500.0,80.0,77.0,4656.63,118.6,41.188492,-88.730995
3042823,IL,LaSalle County,Grand Ridge III/IV,2009.0,1500.0,80.0,77.0,4656.63,118.6,41.17049,-88.746994
3042845,IL,LaSalle County,Grand Ridge III/IV,2009.0,1500.0,80.0,77.0,4656.63,118.6,41.162693,-88.728691
3042828,IL,LaSalle County,Grand Ridge III/IV,2009.0,1500.0,80.0,77.0,4656.63,118.6,41.160892,-88.723495
3042838,IL,LaSalle County,Grand Ridge III/IV,2009.0,1500.0,80.0,77.0,4656.63,118.6,41.152393,-88.750092
3072600,IL,LaSalle County,Grand Ridge III/IV,2009.0,1500.0,80.0,77.0,4656.63,118.6,41.258072,-88.715408
3042834,IL,LaSalle County,Grand Ridge III/IV,2009.0,1500.0,80.0,77.0,4656.63,118.6,41.192192,-88.731094
3042835,IL,LaSalle County,Grand Ridge III/IV,2009.0,1500.0,80.0,77.0,4656.63,118.6,41.191792,-88.724297
3041669,IL,LaSalle County,Grand Ridge III/IV,2009.0,1500.0,80.0,77.0,4656.63,118.6,41.173893,-88.725594
3042825,IL,LaSalle County,Grand Ridge III/IV,2009.0,1500.0,80.0,77.0,4656.63,118.6,41.162491,-88.743294
3094885,IL,Whiteside County,Green River,2019.0,2625.0,84.0,126.0,12468.98,146.9,41.594933,-89.637764
3097490,IL,Lee County,Green River,2019.0,2625.0,84.0,126.0,12468.98,146.9,41.643887,-89.550667
3095383,IL,Lee County,Green River,2019.0,2625.0,84.0,126.0,12468.98,146.9,41.608391,-89.602127
3095616,IL,Lee County,Green River,2019.0,2625.0,84.0,126.0,12468.98,146.9,41.630554,-89.604347
3095924,IL,Lee County,Green River,2019.0,2625.0,84.0,126.0,12468.98,146.9,41.641251,-89.546234
3096373,IL,Lee County,Green River,2019.0,2625.0,84.0,126.0,12468.98,146.9,41.615631,-89.574661
3095100,IL,Lee County,Green River,2019.0,2625.0,84.0,126.0,12468.98,146.9,41.617661,-89.510376
3094897,IL,Lee County,Green River,2019.0,2625.0,84.0,126.0,12468.98,146.9,41.613823,-89.504784
3096510,IL,Lee County,Green River,2019.0,2625.0,84.0,126.0,12468.98,146.9,41.631779,-89.546158
3094957,IL,Lee County,Green River,2019.0,2625.0,84.0,126.0,12468.98,146.9,41.620052,-89.480125
3094494,IL,Lee County,Green River,2019.0,2625.0,84.0,126.0,12468.98,146.9,41.606781,-89.486053
3094820,IL,Lee County,Green River,2019.0,2625.0,84.0,126.0,12468.98,146.9,41.616341,-89.514137
3096405,IL,Lee County,Green River,2019.0,2625.0,84.0,126.0,12468.98,146.9,41.650322,-89.550964
3095268,IL,Lee County,Green River,2019.0,2625.0,84.0,126.0,12468.98,146.9,41.622772,-89.608093
3096312,IL,Whiteside County,Green River,2019.0,2625.0,84.0,126.0,12468.98,146.9,41.606281,-89.643944
3096311,IL,Whiteside County,Green River,2019.0,2625.0,84.0,126.0,12468.98,146.9,41.593693,-89.633965
3095379,IL,Lee County,Green River,2019.0,2625.0,84.0,126.0,12468.98,146.9,41.622353,-89.591087
3094907,IL,Lee County,Green River,2019.0,2625.0,84.0,126.0,12468.98,146.9,41.600952,-89.625313
3095804,IL,Lee County,Green River,2019.0,2625.0,84.0,126.0,12468.98,146.9,41.608303,-89.606255
3095277,IL,Lee County,Green River,2019.0,2625.0,84.0,126.0,12468.98,146.9,41.626743,-89.518593
3097569,IL,Lee County,Green River,2019.0,2625.0,84.0,126.0,12468.98,146.9,41.619659,-89.566315
3094489,IL,Lee County,Green River,2019.0,2625.0,84.0,126.0,12468.98,146.9,41.611053,-89.503166
3093890,IL,Lee County,Green River,2019.0,2625.0,84.0,126.0,12468.98,146.9,41.609863,-89.490891
3095444,IL,Lee County,Green River,2019.0,2625.0,84.0,126.0,12468.98,146.9,41.612282,-89.487381
3096357,IL,Lee County,Green River,2019.0,2625.0,84.0,126.0,12468.98,146.9,41.648014,-89.545151
3095771,IL,Lee County,Green River,2019.0,2625.0,84.0,126.0,12468.98,146.9,41.600994,-89.465866
3093511,IL,Lee County,Green River,2019.0,2625.0,84.0,126.0,12468.98,146.9,41.625553,-89.596016
3094501,IL,Lee County,Green River,2019.0,2625.0,84.0,126.0,12468.98,146.9,41.592731,-89.509712
3093268,IL,Lee County,Green River,2019.0,2625.0,84.0,126.0,12468.98,146.9,41.626221,-89.463257
3096321,IL,Lee County,Green River,2019.0,2625.0,84.0,126.0,12468.98,146.9,41.651329,-89.543915
3094496,IL,Lee County,Green River,2019.0,2625.0,84.0,126.0,12468.98,146.9,41.618233,-89.506737
3094136,IL,Lee County,Green River,2019.0,2625.0,84.0,126.0,12468.98,146.9,41.624264,-89.481903
3094805,IL,Lee County,Green River,2019.0,2625.0,84.0,126.0,12468.98,146.9,41.608212,-89.610306
3095672,IL,Lee County,Green River,2019.0,2625.0,84.0,126.0,12468.98,146.9,41.626774,-89.602592
3095913,IL,Lee County,Green River,2019.0,2625.0,84.0,126.0,12468.98,146.9,41.633804,-89.557198
3094874,IL,Lee County,Green River,2019.0,2625.0,84.0,126.0,12468.98,146.9,41.622711,-89.49472
3094288,IL,Lee County,Green River,2019.0,2625.0,84.0,126.0,12468.98,146.9,41.608704,-89.59803
3093718,IL,Lee County,Green River,2019.0,2625.0,84.0,126.0,12468.98,146.9,41.591331,-89.474861
3096023,IL,Lee County,Green River,2019.0,2625.0,84.0,126.0,12468.98,146.9,41.644653,-89.542641
3093931,IL,Lee County,Green River,2019.0,2625.0,84.0,126.0,12468.98,146.9,41.624073,-89.587646
3093908,IL,Lee County,Green River,2019.0,2625.0,84.0,126.0,12468.98,146.9,41.618622,-89.587402
3095175,IL,Lee County,Green River,2019.0,2625.0,84.0,126.0,12468.98,146.9,41.601173,-89.621201
3092978,IL,Lee County,Green River,2019.0,2625.0,84.0,126.0,12468.98,146.9,41.62336,-89.470116
3093172,IL,Lee County,Green River,2019.0,2625.0,84.0,126.0,12468.98,146.9,41.588509,-89.513855
3094751,IL,Lee County,Green River,2019.0,2625.0,84.0,126.0,12468.98,146.9,41.612274,-89.494476
3097293,IL,Lee County,Green River,2019.0,2625.0,84.0,126.0,12468.98,146.9,41.617859,-89.569695
3096181,IL,Lee County,Green River,2019.0,2625.0,84.0,126.0,12468.98,146.9,41.606369,-89.494675
3094271,IL,Lee County,Green River,2019.0,2625.0,84.0,126.0,12468.98,146.9,41.597713,-89.460777
3093202,IL,Lee County,Green River,2019.0,2625.0,84.0,126.0,12468.98,146.9,41.620205,-89.470787
3094497,IL,Lee County,Green River,2019.0,2625.0,84.0,126.0,12468.98,146.9,41.616543,-89.482162
3094599,IL,Lee County,Green River,2019.0,2625.0,84.0,126.0,12468.98,146.9,41.622913,-89.603951
3096098,IL,Lee County,Green River,2019.0,2625.0,84.0,126.0,12468.98,146.9,41.652214,-89.539192
3093868,IL,Lee County,Green River,2019.0,2625.0,84.0,126.0,12468.98,146.9,41.601273,-89.617096
3093935,IL,Lee County,Green River,2019.0,2625.0,84.0,126.0,12468.98,146.9,41.591991,-89.505707
3095357,IL,Lee County,Green River,2019.0,2625.0,84.0,126.0,12468.98,146.9,41.630653,-89.600227
3095345,IL,Lee County,Green River,2019.0,2625.0,84.0,126.0,12468.98,146.9,41.606453,-89.490196
3094499,IL,Lee County,Green River,2019.0,2625.0,84.0,126.0,12468.98,146.9,41.623123,-89.485954
3094486,IL,Lee County,Green River,2019.0,2625.0,84.0,126.0,12468.98,146.9,41.629303,-89.562843
3096492,IL,Whiteside County,Green River,2019.0,2625.0,84.0,126.0,12468.98,146.9,41.607594,-89.648209
3096161,IL,Lee County,Green River,2019.0,2625.0,84.0,126.0,12468.98,146.9,41.62281,-89.56218
3096352,IL,Lee County,Green River,2019.0,2625.0,84.0,126.0,12468.98,146.9,41.608349,-89.566803
3094883,IL,Lee County,Green River,2019.0,2625.0,84.0,126.0,12468.98,146.9,41.593712,-89.460815
3092915,IL,Lee County,Green River,2019.0,2625.0,84.0,126.0,12468.98,146.9,41.619179,-89.474007
3097128,IL,Lee County,Green River,2019.0,2625.0,84.0,126.0,12468.98,146.9,41.619545,-89.579201
3094303,IL,Lee County,Green River,2019.0,2625.0,84.0,126.0,12468.98,146.9,41.613163,-89.500626
3094498,IL,Lee County,Green River,2019.0,2625.0,84.0,126.0,12468.98,146.9,41.622852,-89.489655
3092896,IL,Lee County,Green River,2019.0,2625.0,84.0,126.0,12468.98,146.9,41.592762,-89.513855
3095115,IL,Lee County,Green River,2019.0,2625.0,84.0,126.0,12468.98,146.9,41.608334,-89.500534
3095142,IL,Lee County,Green River,2019.0,2625.0,84.0,126.0,12468.98,146.9,41.618893,-89.583305
3094493,IL,Lee County,Green River,2019.0,2625.0,84.0,126.0,12468.98,146.9,41.647163,-89.540062
3096065,IL,Lee County,Green River,2019.0,2625.0,84.0,126.0,12468.98,146.9,41.625813,-89.561363
3096511,IL,Lee County,Green River,2019.0,2625.0,84.0,126.0,12468.98,146.9,41.635735,-89.551445
3094773,IL,Lee County,Green River,2019.0,2625.0,84.0,126.0,12468.98,146.9,41.631462,-89.559868
3096082,IL,Lee County,Green River,2019.0,2625.0,84.0,126.0,12468.98,146.9,41.637928,-89.546211
3072556,NY,Suffolk County,Half Hollow Nursery,2010.0,100.0,,,,,40.969059,-72.570854
3006042,NY,Wayne County,Harbec Plastics,2002.0,250.0,40.0,29.0,660.52,55.0,43.226089,-77.36174
3042499,NY,Wayne County,Harbec Plastics,2012.0,850.0,55.0,58.0,2642.08,84.1,43.226955,-77.360138
3029741,NY,Herkimer County,Hardscrabble,2011.0,2000.0,100.0,90.0,6361.73,145.1,43.160393,-74.900795
3034275,NY,Herkimer County,Hardscrabble,2011.0,2000.0,100.0,90.0,6361.73,145.1,43.12529,-74.895798
3034277,NY,Herkimer County,Hardscrabble,2011.0,2000.0,100.0,90.0,6361.73,145.1,43.11409,-74.904594
3031441,NY,Herkimer County,Hardscrabble,2011.0,2000.0,100.0,90.0,6361.73,145.1,43.138191,-74.898895
3031442,NY,Herkimer County,Hardscrabble,2011.0,2000.0,100.0,90.0,6361.73,145.1,43.13559,-74.900696
3034262,NY,Herkimer County,Hardscrabble,2011.0,2000.0,100.0,90.0,6361.73,145.1,43.11829,-74.894096
3031446,NY,Herkimer County,Hardscrabble,2011.0,2000.0,100.0,90.0,6361.73,145.1,43.08849,-74.865799
3029739,NY,Herkimer County,Hardscrabble,2011.0,2000.0,100.0,90.0,6361.73,145.1,43.18959,-74.881798
3034272,NY,Herkimer County,Hardscrabble,2011.0,2000.0,100.0,90.0,6361.73,145.1,43.198292,-74.892097
3031451,NY,Herkimer County,Hardscrabble,2011.0,2000.0,100.0,90.0,6361.73,145.1,43.098091,-74.9039
3034266,NY,Herkimer County,Hardscrabble,2011.0,2000.0,100.0,90.0,6361.73,145.1,43.091892,-74.866295
3031437,NY,Herkimer County,Hardscrabble,2011.0,2000.0,100.0,90.0,6361.73,145.1,43.19289,-74.893501
3034273,NY,Herkimer County,Hardscrabble,2011.0,2000.0,100.0,90.0,6361.73,145.1,43.19569,-74.8936
3029742,NY,Herkimer County,Hardscrabble,2011.0,2000.0,100.0,90.0,6361.73,145.1,43.204189,-74.905296
3034260,NY,Herkimer County,Hardscrabble,2011.0,2000.0,100.0,90.0,6361.73,145.1,43.197292,-74.902
3031453,NY,Herkimer County,Hardscrabble,2011.0,2000.0,100.0,90.0,6361.73,145.1,43.104893,-74.899796
3034265,NY,Herkimer County,Hardscrabble,2011.0,2000.0,100.0,90.0,6361.73,145.1,43.122589,-74.904396
3031444,NY,Herkimer County,Hardscrabble,2011.0,2000.0,100.0,90.0,6361.73,145.1,43.091991,-74.905396
3034268,NY,Herkimer County,Hardscrabble,2011.0,2000.0,100.0,90.0,6361.73,145.1,43.077789,-74.871597
3034264,NY,Herkimer County,Hardscrabble,2011.0,2000.0,100.0,90.0,6361.73,145.1,43.154491,-74.907394
3034270,NY,Herkimer County,Hardscrabble,2011.0,2000.0,100.0,90.0,6361.73,145.1,43.142693,-74.894501
3031440,NY,Herkimer County,Hardscrabble,2011.0,2000.0,100.0,90.0,6361.73,145.1,43.15789,-74.901901
3034261,NY,Herkimer County,Hardscrabble,2011.0,2000.0,100.0,90.0,6361.73,145.1,43.111092,-74.903999
3035534,NY,Herkimer County,Hardscrabble,2011.0,2000.0,100.0,90.0,6361.73,145.1,43.192791,-74.882301
3031452,NY,Herkimer County,Hardscrabble,2011.0,2000.0,100.0,90.0,6361.73,145.1,43.09539,-74.904701
3031438,NY,Herkimer County,Hardscrabble,2011.0,2000.0,100.0,90.0,6361.73,145.1,43.189991,-74.893997
3031445,NY,Herkimer County,Hardscrabble,2011.0,2000.0,100.0,90.0,6361.73,145.1,43.088791,-74.9049
3034263,NY,Herkimer County,Hardscrabble,2011.0,2000.0,100.0,90.0,6361.73,145.1,43.162891,-74.900497
3034274,NY,Herkimer County,Hardscrabble,2011.0,2000.0,100.0,90.0,6361.73,145.1,43.128391,-74.903297
3031443,NY,Herkimer County,Hardscrabble,2011.0,2000.0,100.0,90.0,6361.73,145.1,43.122391,-74.895996
3034278,NY,Herkimer County,Hardscrabble,2011.0,2000.0,100.0,90.0,6361.73,145.1,43.08469,-74.867401
3031435,NY,Herkimer County,Hardscrabble,2011.0,2000.0,100.0,90.0,6361.73,145.1,43.199989,-74.903198
3029740,NY,Herkimer County,Hardscrabble,2011.0,2000.0,100.0,90.0,6361.73,145.1,43.11359,-74.889
3031436,NY,Herkimer County,Hardscrabble,2011.0,2000.0,100.0,90.0,6361.73,145.1,43.201092,-74.892601
3029738,NY,Herkimer County,Hardscrabble,2011.0,2000.0,100.0,90.0,6361.73,145.1,43.206791,-74.904701
3034269,NY,Herkimer County,Hardscrabble,2011.0,2000.0,100.0,90.0,6361.73,145.1,43.127491,-74.891197
3031439,NY,Herkimer County,Hardscrabble,2011.0,2000.0,100.0,90.0,6361.73,145.1,43.187191,-74.8937
3043001,IL,McLean County,Heartland Community College,2012.0,1650.0,80.0,82.0,5281.02,121.0,40.536694,-89.018791
3042736,NY,Wyoming County,High Sheldon,2009.0,1500.0,80.0,77.0,4656.63,118.6,42.750294,-78.396599
3042714,NY,Wyoming County,High Sheldon,2009.0,1500.0,80.0,77.0,4656.63,118.6,42.74229,-78.394897
3042760,NY,Wyoming County,High Sheldon,2009.0,1500.0,80.0,77.0,4656.63,118.6,42.761192,-78.356697
3042762,NY,Wyoming County,High Sheldon,2009.0,1500.0,80.0,77.0,4656.63,118.6,42.777794,-78.358498
3042735,NY,Wyoming County,High Sheldon,2009.0,1500.0,80.0,77.0,4656.63,118.6,42.744392,-78.396996
3042745,NY,Wyoming County,High Sheldon,2009.0,1500.0,80.0,77.0,4656.63,118.6,42.74649,-78.407494
3042772,NY,Wyoming County,High Sheldon,2009.0,1500.0,80.0,77.0,4656.63,118.6,42.747993,-78.3946
3042752,NY,Wyoming County,High Sheldon,2009.0,1500.0,80.0,77.0,4656.63,118.6,42.774193,-78.4076
3042785,NY,Wyoming County,High Sheldon,2009.0,1500.0,80.0,77.0,4656.63,118.6,42.772491,-78.405495
3042729,NY,Wyoming County,High Sheldon,2009.0,1500.0,80.0,77.0,4656.63,118.6,42.729591,-78.382195
3042728,NY,Wyoming County,High Sheldon,2009.0,1500.0,80.0,77.0,4656.63,118.6,42.724392,-78.383301
3042718,NY,Wyoming County,High Sheldon,2009.0,1500.0,80.0,77.0,4656.63,118.6,42.773193,-78.361298
3042716,NY,Wyoming County,High Sheldon,2009.0,1500.0,80.0,77.0,4656.63,118.6,42.765293,-78.355995
3042719,NY,Wyoming County,High Sheldon,2009.0,1500.0,80.0,77.0,4656.63,118.6,42.775791,-78.356895
3042757,NY,Wyoming County,High Sheldon,2009.0,1500.0,80.0,77.0,4656.63,118.6,42.765892,-78.425499
3042732,NY,Wyoming County,High Sheldon,2009.0,1500.0,80.0,77.0,4656.63,118.6,42.731293,-78.394196
3042780,NY,Wyoming County,High Sheldon,2009.0,1500.0,80.0,77.0,4656.63,118.6,42.751293,-78.4095
3042746,NY,Wyoming County,High Sheldon,2009.0,1500.0,80.0,77.0,4656.63,118.6,42.748791,-78.408798
3042733,NY,Wyoming County,High Sheldon,2009.0,1500.0,80.0,77.0,4656.63,118.6,42.733192,-78.394798
3042741,NY,Wyoming County,High Sheldon,2009.0,1500.0,80.0,77.0,4656.63,118.6,42.72879,-78.408997
3042750,NY,Wyoming County,High Sheldon,2009.0,1500.0,80.0,77.0,4656.63,118.6,42.767693,-78.415497
3021772,NY,Wyoming County,High Sheldon,2009.0,1500.0,80.0,77.0,4656.63,118.6,42.761692,-78.4272
3042763,NY,Wyoming County,High Sheldon,2009.0,1500.0,80.0,77.0,4656.63,118.6,42.708992,-78.360893
3042747,NY,Wyoming County,High Sheldon,2009.0,1500.0,80.0,77.0,4656.63,118.6,42.753094,-78.410797
3042770,NY,Wyoming County,High Sheldon,2009.0,1500.0,80.0,77.0,4656.63,118.6,42.727093,-78.3918
3042739,NY,Wyoming County,High Sheldon,2009.0,1500.0,80.0,77.0,4656.63,118.6,42.722492,-78.407097
3042749,NY,Wyoming County,High Sheldon,2009.0,1500.0,80.0,77.0,4656.63,118.6,42.765392,-78.414993
3042744,NY,Wyoming County,High Sheldon,2009.0,1500.0,80.0,77.0,4656.63,118.6,42.741894,-78.409294
3042724,NY,Wyoming County,High Sheldon,2009.0,1500.0,80.0,77.0,4656.63,118.6,42.708191,-78.377197
3042784,NY,Wyoming County,High Sheldon,2009.0,1500.0,80.0,77.0,4656.63,118.6,42.765694,-78.406197
3042720,NY,Wyoming County,High Sheldon,2009.0,1500.0,80.0,77.0,4656.63,118.6,42.706291,-78.359894
3042740,NY,Wyoming County,High Sheldon,2009.0,1500.0,80.0,77.0,4656.63,118.6,42.727192,-78.406998
3042764,NY,Wyoming County,High Sheldon,2009.0,1500.0,80.0,77.0,4656.63,118.6,42.718491,-78.370193
3042737,NY,Wyoming County,High Sheldon,2009.0,1500.0,80.0,77.0,4656.63,118.6,42.75259,-78.398598
3042715,NY,Wyoming County,High Sheldon,2009.0,1500.0,80.0,77.0,4656.63,118.6,42.754292,-78.3452
3042761,NY,Wyoming County,High Sheldon,2009.0,1500.0,80.0,77.0,4656.63,118.6,42.767193,-78.360596
3042730,NY,Wyoming County,High Sheldon,2009.0,1500.0,80.0,77.0,4656.63,118.6,42.731792,-78.383896
3042767,NY,Wyoming County,High Sheldon,2009.0,1500.0,80.0,77.0,4656.63,118.6,42.710491,-78.378799
3042779,NY,Wyoming County,High Sheldon,2009.0,1500.0,80.0,77.0,4656.63,118.6,42.743793,-78.411697
3042726,NY,Wyoming County,High Sheldon,2009.0,1500.0,80.0,77.0,4656.63,118.6,42.72039,-78.380798
3042781,NY,Wyoming County,High Sheldon,2009.0,1500.0,80.0,77.0,4656.63,118.6,42.754692,-78.412796
3042722,NY,Wyoming County,High Sheldon,2009.0,1500.0,80.0,77.0,4656.63,118.6,42.720493,-78.3722
3042743,NY,Wyoming County,High Sheldon,2009.0,1500.0,80.0,77.0,4656.63,118.6,42.759491,-78.413399
3042723,NY,Wyoming County,High Sheldon,2009.0,1500.0,80.0,77.0,4656.63,118.6,42.707092,-78.372696
3042721,NY,Wyoming County,High Sheldon,2009.0,1500.0,80.0,77.0,4656.63,118.6,42.710892,-78.362595
3042742,NY,Wyoming County,High Sheldon,2009.0,1500.0,80.0,77.0,4656.63,118.6,42.734894,-78.403397
3042759,NY,Wyoming County,High Sheldon,2009.0,1500.0,80.0,77.0,4656.63,118.6,42.752193,-78.343895
3042756,NY,Wyoming County,High Sheldon,2009.0,1500.0,80.0,77.0,4656.63,118.6,42.777191,-78.425797
3042731,NY,Wyoming County,High Sheldon,2009.0,1500.0,80.0,77.0,4656.63,118.6,42.729393,-78.392998
3042783,NY,Wyoming County,High Sheldon,2009.0,1500.0,80.0,77.0,4656.63,118.6,42.780891,-78.412094
3042786,NY,Wyoming County,High Sheldon,2009.0,1500.0,80.0,77.0,4656.63,118.6,42.772892,-78.422699
3042734,NY,Wyoming County,High Sheldon,2009.0,1500.0,80.0,77.0,4656.63,118.6,42.73999,-78.393494
3042753,NY,Wyoming County,High Sheldon,2009.0,1500.0,80.0,77.0,4656.63,118.6,42.776093,-78.409096
3042725,NY,Wyoming County,High Sheldon,2009.0,1500.0,80.0,77.0,4656.63,118.6,42.71339,-78.3759
3042773,NY,Wyoming County,High Sheldon,2009.0,1500.0,80.0,77.0,4656.63,118.6,42.755192,-78.397598
3042769,NY,Wyoming County,High Sheldon,2009.0,1500.0,80.0,77.0,4656.63,118.6,42.734993,-78.384094
3042758,NY,Wyoming County,High Sheldon,2009.0,1500.0,80.0,77.0,4656.63,118.6,42.758991,-78.424797
3042776,NY,Wyoming County,High Sheldon,2009.0,1500.0,80.0,77.0,4656.63,118.6,42.724491,-78.4076
3042787,NY,Wyoming County,High Sheldon,2009.0,1500.0,80.0,77.0,4656.63,118.6,42.779491,-78.426796
3042751,NY,Wyoming County,High Sheldon,2009.0,1500.0,80.0,77.0,4656.63,118.6,42.767593,-78.406799
3042748,NY,Wyoming County,High Sheldon,2009.0,1500.0,80.0,77.0,4656.63,118.6,42.757294,-78.411797
3042768,NY,Wyoming County,High Sheldon,2009.0,1500.0,80.0,77.0,4656.63,118.6,42.718193,-78.379898
3042765,NY,Wyoming County,High Sheldon,2009.0,1500.0,80.0,77.0,4656.63,118.6,42.702492,-78.370995
3042738,NY,Wyoming County,High Sheldon,2009.0,1500.0,80.0,77.0,4656.63,118.6,42.717892,-78.406395
3042774,NY,Wyoming County,High Sheldon,2009.0,1500.0,80.0,77.0,4656.63,118.6,42.714893,-78.408295
3042777,NY,Wyoming County,High Sheldon,2009.0,1500.0,80.0,77.0,4656.63,118.6,42.731491,-78.4104
3042782,NY,Wyoming County,High Sheldon,2009.0,1500.0,80.0,77.0,4656.63,118.6,42.761391,-78.4151
3042755,NY,Wyoming County,High Sheldon,2009.0,1500.0,80.0,77.0,4656.63,118.6,42.775192,-78.423798
3042754,NY,Wyoming County,High Sheldon,2009.0,1500.0,80.0,77.0,4656.63,118.6,42.777992,-78.412193
3042727,NY,Wyoming County,High Sheldon,2009.0,1500.0,80.0,77.0,4656.63,118.6,42.722294,-78.382294
3042778,NY,Wyoming County,High Sheldon,2009.0,1500.0,80.0,77.0,4656.63,118.6,42.739594,-78.406494
3042766,NY,Wyoming County,High Sheldon,2009.0,1500.0,80.0,77.0,4656.63,118.6,42.726593,-78.384796
3042771,NY,Wyoming County,High Sheldon,2009.0,1500.0,80.0,77.0,4656.63,118.6,42.735092,-78.396294
3042717,NY,Wyoming County,High Sheldon,2009.0,1500.0,80.0,77.0,4656.63,118.6,42.750492,-78.340401
3042775,NY,Wyoming County,High Sheldon,2009.0,1500.0,80.0,77.0,4656.63,118.6,42.72039,-78.406494
3088154,IL,Logan County,HillTopper,2018.0,2500.0,90.0,116.0,10568.32,148.1,39.998028,-89.378952
3087528,IL,Logan County,HillTopper,2018.0,2500.0,90.0,116.0,10568.32,148.1,39.965733,-89.334641
3087776,IL,Logan County,HillTopper,2018.0,2500.0,90.0,116.0,10568.32,148.1,39.970757,-89.275108
3087409,IL,Logan County,HillTopper,2018.0,2500.0,90.0,116.0,10568.32,148.1,39.970135,-89.284668
3087792,IL,Logan County,HillTopper,2018.0,2500.0,90.0,116.0,10568.32,148.1,39.970329,-89.313171
3089127,IL,Logan County,HillTopper,2018.0,2500.0,90.0,116.0,10568.32,148.1,39.949669,-89.286934
3087715,IL,Logan County,HillTopper,2018.0,2500.0,90.0,116.0,10568.32,148.1,39.96986,-89.324203
3088841,IL,Logan County,HillTopper,2018.0,2500.0,90.0,116.0,10568.32,148.1,40.046944,-89.36895
3089146,IL,Logan County,HillTopper,2018.0,2500.0,90.0,116.0,10568.32,148.1,40.028564,-89.412003
3088120,IL,Logan County,HillTopper,2018.0,2500.0,90.0,116.0,10568.32,148.1,39.962646,-89.298981
3088882,IL,Logan County,HillTopper,2018.0,2500.0,90.0,116.0,10568.32,148.1,40.024677,-89.380089
3089625,IL,Logan County,HillTopper,2018.0,2500.0,90.0,116.0,10568.32,148.1,40.039227,-89.374298
3087457,IL,Logan County,HillTopper,2018.0,2500.0,90.0,116.0,10568.32,148.1,39.968529,-89.289665
3088621,IL,Logan County,HillTopper,2018.0,2500.0,90.0,116.0,10568.32,148.1,40.016811,-89.386467
3089172,IL,Logan County,HillTopper,2018.0,2500.0,90.0,116.0,10568.32,148.1,40.043297,-89.378502
3088349,IL,Logan County,HillTopper,2018.0,2500.0,90.0,116.0,10568.32,148.1,39.995827,-89.343765
3089286,IL,Logan County,HillTopper,2018.0,2500.0,90.0,116.0,10568.32,148.1,40.054092,-89.399902
3089540,IL,Logan County,HillTopper,2018.0,2500.0,90.0,116.0,10568.32,148.1,40.0298,-89.406853
3088454,IL,Logan County,HillTopper,2018.0,2500.0,90.0,116.0,10568.32,148.1,40.02269,-89.353226
3088003,IL,Logan County,HillTopper,2018.0,2500.0,90.0,116.0,10568.32,148.1,39.995602,-89.381226
3088719,IL,Logan County,HillTopper,2018.0,2500.0,90.0,116.0,10568.32,148.1,40.007099,-89.385368
3087357,IL,Logan County,HillTopper,2018.0,2500.0,90.0,116.0,10568.32,148.1,39.962765,-89.342102
3089593,IL,Logan County,HillTopper,2018.0,2500.0,90.0,116.0,10568.32,148.1,40.050346,-89.42131
3088238,IL,Logan County,HillTopper,2018.0,2500.0,90.0,116.0,10568.32,148.1,39.981274,-89.356216
3089425,IL,Logan County,HillTopper,2018.0,2500.0,90.0,116.0,10568.32,148.1,40.053894,-89.414421
3087647,IL,Logan County,HillTopper,2018.0,2500.0,90.0,116.0,10568.32,148.1,39.973881,-89.337067
3089157,IL,Logan County,HillTopper,2018.0,2500.0,90.0,116.0,10568.32,148.1,40.013672,-89.380363
3088082,IL,Logan County,HillTopper,2018.0,2500.0,90.0,116.0,10568.32,148.1,40.03598,-89.382469
3088125,IL,Logan County,HillTopper,2018.0,2500.0,90.0,116.0,10568.32,148.1,39.966038,-89.294556
3087916,IL,Logan County,HillTopper,2018.0,2500.0,90.0,116.0,10568.32,148.1,39.96299,-89.286652
3089085,IL,Logan County,HillTopper,2018.0,2500.0,90.0,116.0,10568.32,148.1,40.0425,-89.409348
3087693,IL,Logan County,HillTopper,2018.0,2500.0,90.0,116.0,10568.32,148.1,39.969742,-89.318443
3088146,IL,Logan County,HillTopper,2018.0,2500.0,90.0,116.0,10568.32,148.1,40.024872,-89.344131
3089448,IL,Logan County,HillTopper,2018.0,2500.0,90.0,116.0,10568.32,148.1,40.027554,-89.373009
3087887,IL,Logan County,HillTopper,2018.0,2500.0,90.0,116.0,10568.32,148.1,39.988304,-89.336433
3087960,IL,Logan County,HillTopper,2018.0,2500.0,90.0,116.0,10568.32,148.1,39.985565,-89.341377
3088226,IL,Logan County,HillTopper,2018.0,2500.0,90.0,116.0,10568.32,148.1,40.007637,-89.371902
3089468,IL,Logan County,HillTopper,2018.0,2500.0,90.0,116.0,10568.32,148.1,40.01775,-89.369911
3088035,IL,Logan County,HillTopper,2018.0,2500.0,90.0,116.0,10568.32,148.1,39.995918,-89.362007
3089033,IL,Logan County,HillTopper,2018.0,2500.0,90.0,116.0,10568.32,148.1,40.026047,-89.364937
3088065,IL,Logan County,HillTopper,2018.0,2500.0,90.0,116.0,10568.32,148.1,40.015839,-89.347961
3087903,IL,Logan County,HillTopper,2018.0,2500.0,90.0,116.0,10568.32,148.1,40.017643,-89.338486
3087781,IL,Logan County,HillTopper,2018.0,2500.0,90.0,116.0,10568.32,148.1,39.981125,-89.323677
3087852,IL,Logan County,HillTopper,2018.0,2500.0,90.0,116.0,10568.32,148.1,39.955158,-89.315254
3087446,IL,Logan County,HillTopper,2018.0,2500.0,90.0,116.0,10568.32,148.1,39.977085,-89.270912
3088323,IL,Logan County,HillTopper,2018.0,2500.0,90.0,116.0,10568.32,148.1,40.008671,-89.331573
3087407,IL,Logan County,HillTopper,2018.0,2500.0,90.0,116.0,10568.32,148.1,39.970219,-89.34227
3089688,IL,Logan County,HillTopper,2018.0,2500.0,90.0,116.0,10568.32,148.1,40.021366,-89.383507
3088488,IL,Logan County,HillTopper,2018.0,2500.0,90.0,116.0,10568.32,148.1,40.021362,-89.331741
3087828,IL,Logan County,HillTopper,2018.0,2500.0,90.0,116.0,10568.32,148.1,39.958862,-89.277092
3088104,IL,Logan County,HillTopper,2018.0,2500.0,90.0,116.0,10568.32,148.1,40.00861,-89.365311
3087817,IL,Logan County,HillTopper,2018.0,2500.0,90.0,116.0,10568.32,148.1,39.954899,-89.283348
3088007,IL,Logan County,HillTopper,2018.0,2500.0,90.0,116.0,10568.32,148.1,40.010326,-89.38958
3088231,IL,Logan County,HillTopper,2018.0,2500.0,90.0,116.0,10568.32,148.1,40.028061,-89.336502
3089555,IL,Logan County,HillTopper,2018.0,2500.0,90.0,116.0,10568.32,148.1,40.035625,-89.402542
3087816,IL,Logan County,HillTopper,2018.0,2500.0,90.0,116.0,10568.32,148.1,40.014404,-89.396683
3089789,IL,Logan County,HillTopper,2018.0,2500.0,90.0,116.0,10568.32,148.1,40.048885,-89.402069
3088233,IL,Logan County,HillTopper,2018.0,2500.0,90.0,116.0,10568.32,148.1,40.000401,-89.34935
3088042,IL,Logan County,HillTopper,2018.0,2500.0,90.0,116.0,10568.32,148.1,40.007282,-89.356071
3088385,IL,Logan County,HillTopper,2018.0,2500.0,90.0,116.0,10568.32,148.1,39.97868,-89.344315
3087898,IL,Logan County,HillTopper,2018.0,2500.0,90.0,116.0,10568.32,148.1,40.000031,-89.355629
3087878,IL,Logan County,HillTopper,2018.0,2500.0,90.0,116.0,10568.32,148.1,39.99332,-89.371803
3088793,IL,Logan County,HillTopper,2018.0,2500.0,90.0,116.0,10568.32,148.1,40.029522,-89.397263
3088112,IL,Logan County,HillTopper,2018.0,2500.0,90.0,116.0,10568.32,148.1,39.986801,-89.353592
3088461,IL,Logan County,HillTopper,2018.0,2500.0,90.0,116.0,10568.32,148.1,40.008194,-89.345901
3088075,IL,Logan County,HillTopper,2018.0,2500.0,90.0,116.0,10568.32,148.1,39.962849,-89.305214
3087893,IL,Logan County,HillTopper,2018.0,2500.0,90.0,116.0,10568.32,148.1,40.032188,-89.369041
3087525,IL,Logan County,HillTopper,2018.0,2500.0,90.0,116.0,10568.32,148.1,39.981186,-89.31768
3089156,IL,Logan County,HillTopper,2018.0,2500.0,90.0,116.0,10568.32,148.1,40.039513,-89.415604
3087619,IL,Logan County,HillTopper,2018.0,2500.0,90.0,116.0,10568.32,148.1,39.978077,-89.332191
3087978,IL,Logan County,HillTopper,2018.0,2500.0,90.0,116.0,10568.32,148.1,40.02142,-89.360283
3087505,IL,Logan County,HillTopper,2018.0,2500.0,90.0,116.0,10568.32,148.1,39.962669,-89.32753
3088441,IL,Logan County,HillTopper,2018.0,2500.0,90.0,116.0,10568.32,148.1,40.015015,-89.328072
3088029,IL,Logan County,HillTopper,2018.0,2500.0,90.0,116.0,10568.32,148.1,39.95591,-89.307922
3049189,IL,Vermilion County,Hoopeston Wind,2015.0,2000.0,95.0,100.0,7853.98,145.1,40.382561,-87.785606
3049979,IL,Vermilion County,Hoopeston Wind,2015.0,2000.0,95.0,100.0,7853.98,145.1,40.405632,-87.721313
3049946,IL,Vermilion County,Hoopeston Wind,2015.0,2000.0,95.0,100.0,7853.98,145.1,40.406384,-87.737541
3049855,IL,Vermilion County,Hoopeston Wind,2015.0,2000.0,95.0,100.0,7853.98,145.1,40.397694,-87.800797
3049843,IL,Vermilion County,Hoopeston Wind,2015.0,2000.0,95.0,100.0,7853.98,145.1,40.406044,-87.833336
3049182,IL,Vermilion County,Hoopeston Wind,2015.0,2000.0,95.0,100.0,7853.98,145.1,40.409374,-87.805962
3049184,IL,Vermilion County,Hoopeston Wind,2015.0,2000.0,95.0,100.0,7853.98,145.1,40.369541,-87.803978
3049191,IL,Vermilion County,Hoopeston Wind,2015.0,2000.0,95.0,100.0,7853.98,145.1,40.382393,-87.720863
3049846,IL,Vermilion County,Hoopeston Wind,2015.0,2000.0,95.0,100.0,7853.98,145.1,40.403492,-87.819405
3049194,IL,Vermilion County,Hoopeston Wind,2015.0,2000.0,95.0,100.0,7853.98,145.1,40.369461,-87.791412
3049845,IL,Vermilion County,Hoopeston Wind,2015.0,2000.0,95.0,100.0,7853.98,145.1,40.381161,-87.823128
3049867,IL,Vermilion County,Hoopeston Wind,2015.0,2000.0,95.0,100.0,7853.98,145.1,40.419743,-87.773476
3049186,IL,Vermilion County,Hoopeston Wind,2015.0,2000.0,95.0,100.0,7853.98,145.1,40.419052,-87.793785
3049869,IL,Vermilion County,Hoopeston Wind,2015.0,2000.0,95.0,100.0,7853.98,145.1,40.387981,-87.768936
3049924,IL,Vermilion County,Hoopeston Wind,2015.0,2000.0,95.0,100.0,7853.98,145.1,40.367901,-87.744003
3049185,IL,Vermilion County,Hoopeston Wind,2015.0,2000.0,95.0,100.0,7853.98,145.1,40.388683,-87.796326
3049904,IL,Vermilion County,Hoopeston Wind,2015.0,2000.0,95.0,100.0,7853.98,145.1,40.391972,-87.753723
3049183,IL,Vermilion County,Hoopeston Wind,2015.0,2000.0,95.0,100.0,7853.98,145.1,40.409161,-87.800568
3049865,IL,Vermilion County,Hoopeston Wind,2015.0,2000.0,95.0,100.0,7853.98,145.1,40.399334,-87.776207
3049860,IL,Vermilion County,Hoopeston Wind,2015.0,2000.0,95.0,100.0,7853.98,145.1,40.399231,-87.789871
3049957,IL,Vermilion County,Hoopeston Wind,2015.0,2000.0,95.0,100.0,7853.98,145.1,40.383163,-87.737175
3049847,IL,Vermilion County,Hoopeston Wind,2015.0,2000.0,95.0,100.0,7853.98,145.1,40.389763,-87.815025
3049188,IL,Vermilion County,Hoopeston Wind,2015.0,2000.0,95.0,100.0,7853.98,145.1,40.385361,-87.791504
3049844,IL,Vermilion County,Hoopeston Wind,2015.0,2000.0,95.0,100.0,7853.98,145.1,40.402683,-87.829155
3049848,IL,Vermilion County,Hoopeston Wind,2015.0,2000.0,95.0,100.0,7853.98,145.1,40.396164,-87.815025
3049915,IL,Vermilion County,Hoopeston Wind,2015.0,2000.0,95.0,100.0,7853.98,145.1,40.396633,-87.746284
3049880,IL,Vermilion County,Hoopeston Wind,2015.0,2000.0,95.0,100.0,7853.98,145.1,40.384972,-87.763878
3049851,IL,Vermilion County,Hoopeston Wind,2015.0,2000.0,95.0,100.0,7853.98,145.1,40.399384,-87.805885
3049905,IL,Vermilion County,Hoopeston Wind,2015.0,2000.0,95.0,100.0,7853.98,145.1,40.383083,-87.750832
3049862,IL,Vermilion County,Hoopeston Wind,2015.0,2000.0,95.0,100.0,7853.98,145.1,40.425152,-87.784615
3049856,IL,Vermilion County,Hoopeston Wind,2015.0,2000.0,95.0,100.0,7853.98,145.1,40.397961,-87.795593
3049968,IL,Vermilion County,Hoopeston Wind,2015.0,2000.0,95.0,100.0,7853.98,145.1,40.395664,-87.734825
3049861,IL,Vermilion County,Hoopeston Wind,2015.0,2000.0,95.0,100.0,7853.98,145.1,40.404282,-87.785248
3050022,IL,Vermilion County,Hoopeston Wind,2015.0,2000.0,95.0,100.0,7853.98,145.1,40.402142,-87.716087
3049863,IL,Vermilion County,Hoopeston Wind,2015.0,2000.0,95.0,100.0,7853.98,145.1,40.411694,-87.783287
3049895,IL,Vermilion County,Hoopeston Wind,2015.0,2000.0,95.0,100.0,7853.98,145.1,40.366692,-87.752922
3049190,IL,Vermilion County,Hoopeston Wind,2015.0,2000.0,95.0,100.0,7853.98,145.1,40.409542,-87.777122
3050011,IL,Vermilion County,Hoopeston Wind,2015.0,2000.0,95.0,100.0,7853.98,145.1,40.382053,-87.715836
3049906,IL,Vermilion County,Hoopeston Wind,2015.0,2000.0,95.0,100.0,7853.98,145.1,40.388351,-87.749123
3049866,IL,Vermilion County,Hoopeston Wind,2015.0,2000.0,95.0,100.0,7853.98,145.1,40.386414,-87.775574
3049192,IL,Vermilion County,Hoopeston Wind,2015.0,2000.0,95.0,100.0,7853.98,145.1,40.403084,-87.824287
3049859,IL,Vermilion County,Hoopeston Wind,2015.0,2000.0,95.0,100.0,7853.98,145.1,40.406651,-87.791054
3049187,IL,Vermilion County,Hoopeston Wind,2015.0,2000.0,95.0,100.0,7853.98,145.1,40.375191,-87.795753
3049193,IL,Vermilion County,Hoopeston Wind,2015.0,2000.0,95.0,100.0,7853.98,145.1,40.376122,-87.753647
3049990,IL,Vermilion County,Hoopeston Wind,2015.0,2000.0,95.0,100.0,7853.98,145.1,40.393322,-87.720833
3049849,IL,Vermilion County,Hoopeston Wind,2015.0,2000.0,95.0,100.0,7853.98,145.1,40.384354,-87.813202
3049935,IL,Vermilion County,Hoopeston Wind,2015.0,2000.0,95.0,100.0,7853.98,145.1,40.402031,-87.741554
3049864,IL,Vermilion County,Hoopeston Wind,2015.0,2000.0,95.0,100.0,7853.98,145.1,40.399452,-87.781952
3049873,IL,Vermilion County,Hoopeston Wind,2015.0,2000.0,95.0,100.0,7853.98,145.1,40.397373,-87.768204
3038162,NY,Steuben County,Howard,2011.0,2050.0,78.5,92.5,6720.06,124.7,42.302666,-77.554703
3043462,NY,Steuben County,Howard,2011.0,2050.0,78.5,92.5,6720.06,124.7,42.31229,-77.552895
3017553,NY,Steuben County,Howard,2011.0,2050.0,78.5,92.5,6720.06,124.7,42.328938,-77.504112
3038163,NY,Steuben County,Howard,2011.0,2050.0,78.5,92.5,6720.06,124.7,42.319447,-77.523354
3017555,NY,Steuben County,Howard,2011.0,2050.0,78.5,92.5,6720.06,124.7,42.316692,-77.5215
3017551,NY,Steuben County,Howard,2011.0,2050.0,78.5,92.5,6720.06,124.7,42.322281,-77.55162
3017552,NY,Steuben County,Howard,2011.0,2050.0,78.5,92.5,6720.06,124.7,42.331425,-77.503113
3017548,NY,Steuben County,Howard,2011.0,2050.0,78.5,92.5,6720.06,124.7,42.33139,-77.551521
3017554,NY,Steuben County,Howard,2011.0,2050.0,78.5,92.5,6720.06,124.7,42.323994,-77.511299
3038165,NY,Steuben County,Howard,2011.0,2050.0,78.5,92.5,6720.06,124.7,42.287594,-77.521095
3034252,NY,Steuben County,Howard,2011.0,2050.0,78.5,92.5,6720.06,124.7,42.306538,-77.553024
3017558,NY,Steuben County,Howard,2011.0,2050.0,78.5,92.5,6720.06,124.7,42.303192,-77.524597
3017556,NY,Steuben County,Howard,2011.0,2050.0,80.0,92.0,6647.61,125.9,42.313557,-77.519852
3034479,NY,Steuben County,Howard,2011.0,2050.0,78.5,92.5,6720.06,124.7,42.309391,-77.552795
3017547,NY,Steuben County,Howard,2011.0,2050.0,78.5,92.5,6720.06,124.7,42.338894,-77.567497
3034442,NY,Steuben County,Howard,2011.0,2050.0,78.5,92.5,6720.06,124.7,42.295994,-77.534294
3017549,NY,Steuben County,Howard,2011.0,2050.0,78.5,92.5,6720.06,124.7,42.328388,-77.550026
3017559,NY,Steuben County,Howard,2011.0,2050.0,78.5,92.5,6720.06,124.7,42.300213,-77.523705
3038161,NY,Steuben County,Howard,2011.0,2050.0,78.5,92.5,6720.06,124.7,42.333912,-77.553535
3017557,NY,Steuben County,Howard,2011.0,2050.0,78.5,92.5,6720.06,124.7,42.306492,-77.526497
3038164,NY,Steuben County,Howard,2011.0,2050.0,78.5,92.5,6720.06,124.7,42.288151,-77.526649
3017550,NY,Steuben County,Howard,2011.0,2050.0,78.5,92.5,6720.06,124.7,42.32579,-77.550301
3017546,NY,Steuben County,Howard,2011.0,2050.0,78.5,92.5,6720.06,124.7,42.341393,-77.568596
3034253,NY,Steuben County,Howard,2011.0,2050.0,78.5,92.5,6720.06,124.7,42.283028,-77.52536
3034438,NY,Steuben County,Howard,2011.0,2050.0,78.5,92.5,6720.06,124.7,42.299294,-77.533897
3034408,NY,Steuben County,Howard,2011.0,2050.0,78.5,92.5,6720.06,124.7,42.299248,-77.55455
3017560,NY,Steuben County,Howard,2011.0,2050.0,78.5,92.5,6720.06,124.7,42.293144,-77.53743
3048463,CO,Huerfano County,Huerfano River,2013.0,2000.0,103.0,80.0,5026.55,143.0,37.772194,-104.832191
3048258,CO,Huerfano County,Huerfano River,2013.0,2000.0,103.0,80.0,5026.55,143.0,37.777992,-104.82679
3073319,CO,Huerfano County,Huerfano River,2013.0,2000.0,103.0,80.0,5026.55,143.0,37.774323,-104.831833
3048237,CO,Huerfano County,Huerfano River,2013.0,2000.0,103.0,80.0,5026.55,143.0,37.776093,-104.83149
3053538,NY,Franklin County,Jericho Rise,2016.0,2100.0,93.0,114.0,10207.03,150.0,44.879681,-74.107925
3053561,NY,Franklin County,Jericho Rise,2016.0,2100.0,93.0,114.0,10207.03,150.0,44.865524,-74.118935
3053531,NY,Franklin County,Jericho Rise,2016.0,2100.0,93.0,114.0,10207.03,150.0,44.897095,-74.092972
3053551,NY,Franklin County,Jericho Rise,2016.0,2100.0,93.0,114.0,10207.03,150.0,44.859798,-74.091888
3053533,NY,Franklin County,Jericho Rise,2016.0,2100.0,93.0,114.0,10207.03,150.0,44.896072,-74.12339
3053543,NY,Franklin County,Jericho Rise,2016.0,2100.0,93.0,114.0,10207.03,150.0,44.890213,-74.089256
3053546,NY,Franklin County,Jericho Rise,2016.0,2100.0,93.0,114.0,10207.03,150.0,44.874996,-74.0802
3053562,NY,Franklin County,Jericho Rise,2016.0,2100.0,93.0,114.0,10207.03,150.0,44.90538,-74.09845
3053549,NY,Franklin County,Jericho Rise,2016.0,2100.0,93.0,114.0,10207.03,150.0,44.864433,-74.084
3053526,NY,Franklin County,Jericho Rise,2016.0,2100.0,93.0,114.0,10207.03,150.0,44.916359,-74.126541
3053550,NY,Franklin County,Jericho Rise,2016.0,2100.0,93.0,114.0,10207.03,150.0,44.866219,-74.060173
3053558,NY,Franklin County,Jericho Rise,2016.0,2100.0,93.0,114.0,10207.03,150.0,44.856842,-74.075737
3053540,NY,Franklin County,Jericho Rise,2016.0,2100.0,93.0,114.0,10207.03,150.0,44.87505,-74.099785
3053547,NY,Franklin County,Jericho Rise,2016.0,2100.0,93.0,114.0,10207.03,150.0,44.885441,-74.099625
3053545,NY,Franklin County,Jericho Rise,2016.0,2100.0,93.0,114.0,10207.03,150.0,44.879982,-74.08287
3053560,NY,Franklin County,Jericho Rise,2016.0,2100.0,93.0,114.0,10207.03,150.0,44.869556,-74.118294
3053525,NY,Franklin County,Jericho Rise,2016.0,2100.0,93.0,114.0,10207.03,150.0,44.904667,-74.124855
3053554,NY,Franklin County,Jericho Rise,2016.0,2100.0,93.0,114.0,10207.03,150.0,44.871758,-74.072029
3053528,NY,Franklin County,Jericho Rise,2016.0,2100.0,93.0,114.0,10207.03,150.0,44.9072,-74.102348
3053537,NY,Franklin County,Jericho Rise,2016.0,2100.0,93.0,114.0,10207.03,150.0,44.870171,-74.066833
3053541,NY,Franklin County,Jericho Rise,2016.0,2100.0,93.0,114.0,10207.03,150.0,44.872025,-74.098152
3053542,NY,Franklin County,Jericho Rise,2016.0,2100.0,93.0,114.0,10207.03,150.0,44.869049,-74.096954
3053553,NY,Franklin County,Jericho Rise,2016.0,2100.0,93.0,114.0,10207.03,150.0,44.862476,-74.081497
3053559,NY,Franklin County,Jericho Rise,2016.0,2100.0,93.0,114.0,10207.03,150.0,44.87347,-74.118591
3053556,NY,Franklin County,Jericho Rise,2016.0,2100.0,93.0,114.0,10207.03,150.0,44.857021,-74.090637
3053529,NY,Franklin County,Jericho Rise,2016.0,2100.0,93.0,114.0,10207.03,150.0,44.907906,-74.125366
3053552,NY,Franklin County,Jericho Rise,2016.0,2100.0,93.0,114.0,10207.03,150.0,44.914585,-74.104767
3053544,NY,Franklin County,Jericho Rise,2016.0,2100.0,93.0,114.0,10207.03,150.0,44.886532,-74.086182
3053530,NY,Franklin County,Jericho Rise,2016.0,2100.0,93.0,114.0,10207.03,150.0,44.899189,-74.123466
3053535,NY,Franklin County,Jericho Rise,2016.0,2100.0,93.0,114.0,10207.03,150.0,44.888786,-74.103951
3053536,NY,Franklin County,Jericho Rise,2016.0,2100.0,93.0,114.0,10207.03,150.0,44.883896,-74.082771
3053539,NY,Franklin County,Jericho Rise,2016.0,2100.0,93.0,114.0,10207.03,150.0,44.919155,-74.12751
3053557,NY,Franklin County,Jericho Rise,2016.0,2100.0,93.0,114.0,10207.03,150.0,44.863804,-74.058563
3053548,NY,Franklin County,Jericho Rise,2016.0,2100.0,93.0,114.0,10207.03,150.0,44.868668,-74.084656
3053532,NY,Franklin County,Jericho Rise,2016.0,2100.0,93.0,114.0,10207.03,150.0,44.89962,-74.095161
3053555,NY,Franklin County,Jericho Rise,2016.0,2100.0,93.0,114.0,10207.03,150.0,44.859943,-74.076859
3053527,NY,Franklin County,Jericho Rise,2016.0,2100.0,93.0,114.0,10207.03,150.0,44.911491,-74.101944
3053717,IL,Ford County,Kelly Creek,2016.0,2000.0,80.0,100.0,7853.98,130.1,40.945961,-88.214325
3056673,IL,Ford County,Kelly Creek,2016.0,2000.0,80.0,100.0,7853.98,130.1,40.968433,-88.185074
3053712,IL,Ford County,Kelly Creek,2016.0,2000.0,80.0,100.0,7853.98,130.1,40.962791,-88.231125
3056679,IL,Ford County,Kelly Creek,2016.0,2000.0,80.0,100.0,7853.98,130.1,40.946461,-88.172363
3056719,IL,Kankakee County,Kelly Creek,2016.0,2000.0,80.0,100.0,7853.98,130.1,41.001041,-88.159111
3056735,IL,Ford County,Kelly Creek,2016.0,2000.0,80.0,100.0,7853.98,130.1,40.942608,-88.142296
3053714,IL,Ford County,Kelly Creek,2016.0,2000.0,80.0,100.0,7853.98,130.1,40.956833,-88.215309
3056674,IL,Ford County,Kelly Creek,2016.0,2000.0,80.0,100.0,7853.98,130.1,40.962727,-88.141769
3056665,IL,Ford County,Kelly Creek,2016.0,2000.0,80.0,100.0,7853.98,130.1,40.990307,-88.163536
3053686,IL,Kankakee County,Kelly Creek,2016.0,2000.0,80.0,100.0,7853.98,130.1,41.017513,-88.237617
3053709,IL,Ford County,Kelly Creek,2016.0,2000.0,80.0,100.0,7853.98,130.1,40.948055,-88.191032
3056666,IL,Ford County,Kelly Creek,2016.0,2000.0,80.0,100.0,7853.98,130.1,40.988342,-88.168068
3056682,IL,Ford County,Kelly Creek,2016.0,2000.0,80.0,100.0,7853.98,130.1,40.96014,-88.19989
3053707,IL,Ford County,Kelly Creek,2016.0,2000.0,80.0,100.0,7853.98,130.1,40.955574,-88.184448
3056675,IL,Ford County,Kelly Creek,2016.0,2000.0,80.0,100.0,7853.98,130.1,40.961884,-88.146423
3056883,IL,Ford County,Kelly Creek,2016.0,2000.0,80.0,100.0,7853.98,130.1,40.968433,-88.233208
3056681,IL,Ford County,Kelly Creek,2016.0,2000.0,80.0,100.0,7853.98,130.1,40.93959,-88.171021
3053688,IL,Kankakee County,Kelly Creek,2016.0,2000.0,80.0,100.0,7853.98,130.1,41.007587,-88.206009
3053720,IL,Ford County,Kelly Creek,2016.0,2000.0,80.0,100.0,7853.98,130.1,40.946125,-88.236526
3056657,IL,Kankakee County,Kelly Creek,2016.0,2000.0,80.0,100.0,7853.98,130.1,41.020004,-88.202698
3053694,IL,Ford County,Kelly Creek,2016.0,2000.0,80.0,100.0,7853.98,130.1,40.991837,-88.17717
3056659,IL,Kankakee County,Kelly Creek,2016.0,2000.0,80.0,100.0,7853.98,130.1,41.011124,-88.232628
3056811,IL,Ford County,Kelly Creek,2016.0,2000.0,80.0,100.0,7853.98,130.1,40.974236,-88.215904
3056717,IL,Ford County,Kelly Creek,2016.0,2000.0,80.0,100.0,7853.98,130.1,40.979427,-88.231316
3053716,IL,Ford County,Kelly Creek,2016.0,2000.0,80.0,100.0,7853.98,130.1,40.953964,-88.24202
3056685,IL,Ford County,Kelly Creek,2016.0,2000.0,80.0,100.0,7853.98,130.1,40.955791,-88.196999
3053710,IL,Ford County,Kelly Creek,2016.0,2000.0,80.0,100.0,7853.98,130.1,40.939407,-88.177673
3056663,IL,Ford County,Kelly Creek,2016.0,2000.0,80.0,100.0,7853.98,130.1,40.991474,-88.148621
3053718,IL,Ford County,Kelly Creek,2016.0,2000.0,80.0,100.0,7853.98,130.1,40.950291,-88.218956
3056870,IL,Ford County,Kelly Creek,2016.0,2000.0,80.0,100.0,7853.98,130.1,40.975361,-88.190697
3056678,IL,Ford County,Kelly Creek,2016.0,2000.0,80.0,100.0,7853.98,130.1,40.970024,-88.244705
3053698,IL,Ford County,Kelly Creek,2016.0,2000.0,80.0,100.0,7853.98,130.1,40.975166,-88.178871
3053705,IL,Ford County,Kelly Creek,2016.0,2000.0,80.0,100.0,7853.98,130.1,40.968636,-88.193268
3053699,IL,Ford County,Kelly Creek,2016.0,2000.0,80.0,100.0,7853.98,130.1,40.970299,-88.16227
3056720,IL,Kankakee County,Kelly Creek,2016.0,2000.0,80.0,100.0,7853.98,130.1,41.009296,-88.183487
3056715,IL,Ford County,Kelly Creek,2016.0,2000.0,80.0,100.0,7853.98,130.1,40.960453,-88.177078
3053696,IL,Ford County,Kelly Creek,2016.0,2000.0,80.0,100.0,7853.98,130.1,40.974758,-88.167236
3053697,IL,Ford County,Kelly Creek,2016.0,2000.0,80.0,100.0,7853.98,130.1,40.97559,-88.173203
3053721,IL,Ford County,Kelly Creek,2016.0,2000.0,80.0,100.0,7853.98,130.1,40.94165,-88.23494
3056714,IL,Ford County,Kelly Creek,2016.0,2000.0,80.0,100.0,7853.98,130.1,40.962086,-88.194588
3053719,IL,Ford County,Kelly Creek,2016.0,2000.0,80.0,100.0,7853.98,130.1,40.948952,-88.223976
3056718,IL,Ford County,Kelly Creek,2016.0,2000.0,80.0,100.0,7853.98,130.1,40.965084,-88.165962
3056716,IL,Ford County,Kelly Creek,2016.0,2000.0,80.0,100.0,7853.98,130.1,40.959091,-88.180809
3056660,IL,Kankakee County,Kelly Creek,2016.0,2000.0,80.0,100.0,7853.98,130.1,41.013653,-88.244217
3056684,IL,Ford County,Kelly Creek,2016.0,2000.0,80.0,100.0,7853.98,130.1,40.955814,-88.190506
3053704,IL,Ford County,Kelly Creek,2016.0,2000.0,80.0,100.0,7853.98,130.1,40.977249,-88.243378
3053682,IL,Kankakee County,Kelly Creek,2016.0,2000.0,80.0,100.0,7853.98,130.1,40.99931,-88.187584
3053679,IL,Kankakee County,Kelly Creek,2016.0,2000.0,80.0,100.0,7853.98,130.1,41.004543,-88.148712
3053690,IL,Kankakee County,Kelly Creek,2016.0,2000.0,80.0,100.0,7853.98,130.1,41.006599,-88.222412
3053687,IL,Kankakee County,Kelly Creek,2016.0,2000.0,80.0,100.0,7853.98,130.1,41.017117,-88.245781
3056884,IL,Ford County,Kelly Creek,2016.0,2000.0,80.0,100.0,7853.98,130.1,40.990494,-88.156685
3053706,IL,Ford County,Kelly Creek,2016.0,2000.0,80.0,100.0,7853.98,130.1,40.967819,-88.216751
3056321,IL,Ford County,Kelly Creek,2016.0,2000.0,80.0,100.0,7853.98,130.1,40.938839,-88.223145
3056669,IL,Ford County,Kelly Creek,2016.0,2000.0,80.0,100.0,7853.98,130.1,40.979328,-88.158417
3056680,IL,Ford County,Kelly Creek,2016.0,2000.0,80.0,100.0,7853.98,130.1,40.946209,-88.180984
3056670,IL,Ford County,Kelly Creek,2016.0,2000.0,80.0,100.0,7853.98,130.1,40.973484,-88.147636
3056769,IL,Ford County,Kelly Creek,2016.0,2000.0,80.0,100.0,7853.98,130.1,40.97361,-88.141869
3053684,IL,Kankakee County,Kelly Creek,2016.0,2000.0,80.0,100.0,7853.98,130.1,41.022697,-88.219955
3053692,IL,Kankakee County,Kelly Creek,2016.0,2000.0,80.0,100.0,7853.98,130.1,41.000427,-88.220421
3056667,IL,Ford County,Kelly Creek,2016.0,2000.0,80.0,100.0,7853.98,130.1,40.987072,-88.174057
3056671,IL,Ford County,Kelly Creek,2016.0,2000.0,80.0,100.0,7853.98,130.1,40.970875,-88.15609
3053689,IL,Kankakee County,Kelly Creek,2016.0,2000.0,80.0,100.0,7853.98,130.1,41.006466,-88.213257
3056676,IL,Ford County,Kelly Creek,2016.0,2000.0,80.0,100.0,7853.98,130.1,40.946342,-88.143394
3053715,IL,Ford County,Kelly Creek,2016.0,2000.0,80.0,100.0,7853.98,130.1,40.956871,-88.238487
3053677,IL,Kankakee County,Kelly Creek,2016.0,2000.0,80.0,100.0,7853.98,130.1,41.015202,-88.174728
3053703,IL,Ford County,Kelly Creek,2016.0,2000.0,80.0,100.0,7853.98,130.1,40.974827,-88.235863
3053695,IL,Ford County,Kelly Creek,2016.0,2000.0,80.0,100.0,7853.98,130.1,40.979939,-88.136978
3053685,IL,Kankakee County,Kelly Creek,2016.0,2000.0,80.0,100.0,7853.98,130.1,41.022255,-88.225861
3056668,IL,Ford County,Kelly Creek,2016.0,2000.0,80.0,100.0,7853.98,130.1,40.98003,-88.141785
3053702,IL,Ford County,Kelly Creek,2016.0,2000.0,80.0,100.0,7853.98,130.1,40.979538,-88.224838
3053711,IL,Ford County,Kelly Creek,2016.0,2000.0,80.0,100.0,7853.98,130.1,40.961929,-88.220573
3056683,IL,Ford County,Kelly Creek,2016.0,2000.0,80.0,100.0,7853.98,130.1,40.963184,-88.203987
3056810,IL,Ford County,Kelly Creek,2016.0,2000.0,80.0,100.0,7853.98,130.1,40.973442,-88.196365
3053680,IL,Kankakee County,Kelly Creek,2016.0,2000.0,80.0,100.0,7853.98,130.1,41.005543,-88.178169
3053678,IL,Kankakee County,Kelly Creek,2016.0,2000.0,80.0,100.0,7853.98,130.1,41.015926,-88.188156
3056686,IL,Ford County,Kelly Creek,2016.0,2000.0,80.0,100.0,7853.98,130.1,40.939686,-88.192131
3056664,IL,Ford County,Kelly Creek,2016.0,2000.0,80.0,100.0,7853.98,130.1,40.986767,-88.147385
3056770,IL,Kankakee County,Kelly Creek,2016.0,2000.0,80.0,100.0,7853.98,130.1,41.015137,-88.199951
3053713,IL,Ford County,Kelly Creek,2016.0,2000.0,80.0,100.0,7853.98,130.1,40.960342,-88.244354
3053700,IL,Ford County,Kelly Creek,2016.0,2000.0,80.0,100.0,7853.98,130.1,40.970539,-88.171516
3056677,IL,Ford County,Kelly Creek,2016.0,2000.0,80.0,100.0,7853.98,130.1,40.942139,-88.147461
3053701,IL,Ford County,Kelly Creek,2016.0,2000.0,80.0,100.0,7853.98,130.1,40.987583,-88.195427
3053691,IL,Kankakee County,Kelly Creek,2016.0,2000.0,80.0,100.0,7853.98,130.1,41.003506,-88.230522
3056672,IL,Ford County,Kelly Creek,2016.0,2000.0,80.0,100.0,7853.98,130.1,40.969269,-88.179901
3056871,IL,Ford County,Kelly Creek,2016.0,2000.0,80.0,100.0,7853.98,130.1,40.978916,-88.202293
3053693,IL,Kankakee County,Kelly Creek,2016.0,2000.0,80.0,100.0,7853.98,130.1,40.998299,-88.225746
3056820,IL,Kankakee County,Kelly Creek,2016.0,2000.0,80.0,100.0,7853.98,130.1,40.997791,-88.179184
3053708,IL,Ford County,Kelly Creek,2016.0,2000.0,80.0,100.0,7853.98,130.1,40.955757,-88.143181
3056901,IL,Kankakee County,Kelly Creek,2016.0,2000.0,80.0,100.0,7853.98,130.1,41.001221,-88.144211
3053683,IL,Kankakee County,Kelly Creek,2016.0,2000.0,80.0,100.0,7853.98,130.1,41.018089,-88.216873
3056658,IL,Kankakee County,Kelly Creek,2016.0,2000.0,80.0,100.0,7853.98,130.1,41.022305,-88.23262
3056721,IL,Kankakee County,Kelly Creek,2016.0,2000.0,80.0,100.0,7853.98,130.1,41.00209,-88.184502
3032176,CO,Kit Carson County,Kit Carson Project,2010.0,1500.0,80.0,77.0,4656.63,118.6,39.365593,-102.321289
3032161,CO,Kit Carson County,Kit Carson Project,2010.0,1500.0,80.0,77.0,4656.63,118.6,39.383293,-102.383293
3032171,CO,Kit Carson County,Kit Carson Project,2010.0,1500.0,80.0,77.0,4656.63,118.6,39.363094,-102.293289
3032149,CO,Kit Carson County,Kit Carson Project,2010.0,1500.0,80.0,77.0,4656.63,118.6,39.371994,-102.323288
3032143,CO,Kit Carson County,Kit Carson Project,2010.0,1500.0,80.0,77.0,4656.63,118.6,39.385792,-102.376793
3032164,CO,Kit Carson County,Kit Carson Project,2010.0,1500.0,80.0,77.0,4656.63,118.6,39.366795,-102.365395
3032155,CO,Kit Carson County,Kit Carson Project,2010.0,1500.0,80.0,77.0,4656.63,118.6,39.376694,-102.31279
3032148,CO,Kit Carson County,Kit Carson Project,2010.0,1500.0,80.0,77.0,4656.63,118.6,39.371693,-102.340294
3032170,CO,Kit Carson County,Kit Carson Project,2010.0,1500.0,80.0,77.0,4656.63,118.6,39.364792,-102.304489
3032166,CO,Kit Carson County,Kit Carson Project,2010.0,1500.0,80.0,77.0,4656.63,118.6,39.370392,-102.33049
3036963,CO,Kit Carson County,Kit Carson Project,2010.0,1500.0,80.0,77.0,4656.63,118.6,39.364292,-102.299889
3032172,CO,Kit Carson County,Kit Carson Project,2010.0,1500.0,80.0,77.0,4656.63,118.6,39.370892,-102.293594
3032159,CO,Kit Carson County,Kit Carson Project,2010.0,1500.0,80.0,77.0,4656.63,118.6,39.364792,-102.289688
3032163,CO,Kit Carson County,Kit Carson Project,2010.0,1500.0,80.0,77.0,4656.63,118.6,39.363094,-102.374687
3032404,CO,Kit Carson County,Kit Carson Project,2010.0,1500.0,80.0,77.0,4656.63,118.6,39.363594,-102.36129
3032158,CO,Kit Carson County,Kit Carson Project,2010.0,1500.0,80.0,77.0,4656.63,118.6,39.386494,-102.38839
3032156,CO,Kit Carson County,Kit Carson Project,2010.0,1500.0,80.0,77.0,4656.63,118.6,39.347393,-102.312988
3032160,CO,Kit Carson County,Kit Carson Project,2010.0,1500.0,80.0,77.0,4656.63,118.6,39.375591,-102.304993
3032146,CO,Kit Carson County,Kit Carson Project,2010.0,1500.0,80.0,77.0,4656.63,118.6,39.369694,-102.362389
3032145,CO,Kit Carson County,Kit Carson Project,2010.0,1500.0,80.0,77.0,4656.63,118.6,39.362392,-102.382393
3032167,CO,Kit Carson County,Kit Carson Project,2010.0,1500.0,80.0,77.0,4656.63,118.6,39.362392,-102.326591
3032168,CO,Kit Carson County,Kit Carson Project,2010.0,1500.0,80.0,77.0,4656.63,118.6,39.348694,-102.307991
3032174,CO,Kit Carson County,Kit Carson Project,2010.0,1500.0,80.0,77.0,4656.63,118.6,39.358894,-102.302689
3032153,CO,Kit Carson County,Kit Carson Project,2010.0,1500.0,80.0,77.0,4656.63,118.6,39.386093,-102.308891
3032169,CO,Kit Carson County,Kit Carson Project,2010.0,1500.0,80.0,77.0,4656.63,118.6,39.379993,-102.307388
3032141,CO,Kit Carson County,Kit Carson Project,2010.0,1500.0,80.0,77.0,4656.63,118.6,39.372093,-102.289787
3032147,CO,Kit Carson County,Kit Carson Project,2010.0,1500.0,80.0,77.0,4656.63,118.6,39.362095,-102.345894
3032175,CO,Kit Carson County,Kit Carson Project,2010.0,1500.0,80.0,77.0,4656.63,118.6,39.353992,-102.305191
3032151,CO,Kit Carson County,Kit Carson Project,2010.0,1500.0,80.0,77.0,4656.63,118.6,39.362595,-102.312691
3032157,CO,Kit Carson County,Kit Carson Project,2010.0,1500.0,80.0,77.0,4656.63,118.6,39.353294,-102.300888
3032165,CO,Kit Carson County,Kit Carson Project,2010.0,1500.0,80.0,77.0,4656.63,118.6,39.362892,-102.341087
3032144,CO,Kit Carson County,Kit Carson Project,2010.0,1500.0,80.0,77.0,4656.63,118.6,39.373692,-102.379189
3032154,CO,Kit Carson County,Kit Carson Project,2010.0,1500.0,80.0,77.0,4656.63,118.6,39.381393,-102.298988
3032150,CO,Kit Carson County,Kit Carson Project,2010.0,1500.0,80.0,77.0,4656.63,118.6,39.362694,-102.331795
3000932,IL,Coles County,LLC 1,2011.0,,,,,,39.417534,-88.387367
3008080,IL,Coles County,LLC 2,2012.0,100.0,,,,,39.417156,-88.386742
3004160,IL,Coles County,LLC 2,2012.0,100.0,,,,,39.419407,-88.38662
3014121,CO,Baca County,Lamar III,2004.0,1500.0,80.0,70.5,3903.63,115.2,37.362293,-102.650894
3014119,CO,Prowers County,Lamar Municipal,2004.0,1500.0,80.0,70.5,3903.63,115.2,38.032494,-102.532188
3014117,CO,Prowers County,Lamar Municipal,2004.0,1500.0,80.0,70.5,3903.63,115.2,38.033295,-102.537888
3014120,CO,Prowers County,Lamar Municipal,2004.0,1500.0,80.0,70.5,3903.63,115.2,38.032093,-102.528992
3069142,CO,Prowers County,Lamar Municipal,2004.0,1500.0,80.0,70.5,3903.63,115.2,38.032902,-102.535042
3030254,IL,DeKalb County,Lee/DeKalb,2009.0,1500.0,80.0,77.0,4656.63,118.6,41.881992,-88.865196
3071220,IL,DeKalb County,Lee/DeKalb,2009.0,1500.0,80.0,77.0,4656.63,118.6,41.829399,-88.820999
3031894,IL,DeKalb County,Lee/DeKalb,2009.0,1500.0,80.0,77.0,4656.63,118.6,41.799492,-88.785095
3030311,IL,Lee County,Lee/DeKalb,2009.0,1500.0,80.0,77.0,4656.63,118.6,41.80899,-88.989296
3030808,IL,DeKalb County,Lee/DeKalb,2009.0,1500.0,80.0,77.0,4656.63,118.6,41.861691,-88.932892
3030357,IL,DeKalb County,Lee/DeKalb,2009.0,1500.0,80.0,77.0,4656.63,118.6,41.751793,-88.937096
3030810,IL,DeKalb County,Lee/DeKalb,2009.0,1500.0,80.0,77.0,4656.63,118.6,41.73859,-88.914993
3031490,IL,DeKalb County,Lee/DeKalb,2009.0,1500.0,80.0,77.0,4656.63,118.6,41.814091,-88.913994
3030332,IL,DeKalb County,Lee/DeKalb,2009.0,1500.0,80.0,77.0,4656.63,118.6,41.807491,-88.829895
3030291,IL,DeKalb County,Lee/DeKalb,2009.0,1500.0,80.0,77.0,4656.63,118.6,41.825493,-88.842896
3030363,IL,Lee County,Lee/DeKalb,2009.0,1500.0,80.0,77.0,4656.63,118.6,41.741692,-88.963593
3030283,IL,DeKalb County,Lee/DeKalb,2009.0,1500.0,80.0,77.0,4656.63,118.6,41.832592,-88.918694
3030329,IL,DeKalb County,Lee/DeKalb,2009.0,1500.0,80.0,77.0,4656.63,118.6,41.813293,-88.839592
3030260,IL,DeKalb County,Lee/DeKalb,2009.0,1500.0,80.0,77.0,4656.63,118.6,41.883591,-88.928894
3030264,IL,DeKalb County,Lee/DeKalb,2009.0,1500.0,80.0,77.0,4656.63,118.6,41.872494,-88.915092
3030274,IL,DeKalb County,Lee/DeKalb,2009.0,1500.0,80.0,77.0,4656.63,118.6,41.864391,-88.919197
3030345,IL,DeKalb County,Lee/DeKalb,2009.0,1500.0,80.0,77.0,4656.63,118.6,41.768593,-88.908195
3030367,IL,Lee County,Lee/DeKalb,2009.0,1500.0,80.0,77.0,4656.63,118.6,41.741993,-88.947495
3030325,IL,DeKalb County,Lee/DeKalb,2009.0,1500.0,80.0,77.0,4656.63,118.6,41.809891,-88.859695
3031725,IL,DeKalb County,Lee/DeKalb,2009.0,1500.0,80.0,77.0,4656.63,118.6,41.810993,-88.791092
3030271,IL,DeKalb County,Lee/DeKalb,2009.0,1500.0,80.0,77.0,4656.63,118.6,41.861691,-88.929893
3030292,IL,DeKalb County,Lee/DeKalb,2009.0,1500.0,80.0,77.0,4656.63,118.6,41.825493,-88.839592
3071223,IL,DeKalb County,Lee/DeKalb,2009.0,1500.0,80.0,77.0,4656.63,118.6,41.794277,-88.896233
3030255,IL,DeKalb County,Lee/DeKalb,2009.0,1500.0,80.0,77.0,4656.63,118.6,41.881992,-88.861397
3030275,IL,DeKalb County,Lee/DeKalb,2009.0,1500.0,80.0,77.0,4656.63,118.6,41.853394,-88.93959
3030268,IL,DeKalb County,Lee/DeKalb,2009.0,1500.0,80.0,77.0,4656.63,118.6,41.872692,-88.897591
3030276,IL,DeKalb County,Lee/DeKalb,2009.0,1500.0,80.0,77.0,4656.63,118.6,41.853394,-88.934891
3030322,IL,DeKalb County,Lee/DeKalb,2009.0,1500.0,80.0,77.0,4656.63,118.6,41.81319,-88.875092
3030278,IL,DeKalb County,Lee/DeKalb,2009.0,1500.0,80.0,77.0,4656.63,118.6,41.844692,-88.933197
3030318,IL,DeKalb County,Lee/DeKalb,2009.0,1500.0,80.0,77.0,4656.63,118.6,41.81369,-88.903893
3030371,IL,DeKalb County,Lee/DeKalb,2009.0,1500.0,80.0,77.0,4656.63,118.6,41.733791,-88.933197
3030330,IL,DeKalb County,Lee/DeKalb,2009.0,1500.0,80.0,77.0,4656.63,118.6,41.807392,-88.837296
3031484,IL,DeKalb County,Lee/DeKalb,2009.0,1500.0,80.0,77.0,4656.63,118.6,41.842194,-88.921295
3030885,IL,DeKalb County,Lee/DeKalb,2009.0,1500.0,80.0,77.0,4656.63,118.6,41.795292,-88.799797
3030265,IL,DeKalb County,Lee/DeKalb,2009.0,1500.0,80.0,77.0,4656.63,118.6,41.872692,-88.909195
3030373,IL,DeKalb County,Lee/DeKalb,2009.0,1500.0,80.0,77.0,4656.63,118.6,41.737892,-88.911194
3030358,IL,DeKalb County,Lee/DeKalb,2009.0,1500.0,80.0,77.0,4656.63,118.6,41.752293,-88.933495
3030288,IL,DeKalb County,Lee/DeKalb,2009.0,1500.0,80.0,77.0,4656.63,118.6,41.825291,-88.868797
3030370,IL,DeKalb County,Lee/DeKalb,2009.0,1500.0,80.0,77.0,4656.63,118.6,41.733791,-88.936897
3030310,IL,Lee County,Lee/DeKalb,2009.0,1500.0,80.0,77.0,4656.63,118.6,41.808891,-88.992996
3030284,IL,DeKalb County,Lee/DeKalb,2009.0,1500.0,80.0,77.0,4656.63,118.6,41.827991,-88.918091
3030308,IL,DeKalb County,Lee/DeKalb,2009.0,1500.0,80.0,77.0,4656.63,118.6,41.824291,-88.763596
3030267,IL,DeKalb County,Lee/DeKalb,2009.0,1500.0,80.0,77.0,4656.63,118.6,41.872692,-88.900696
3031491,IL,Lee County,Lee/DeKalb,2009.0,1500.0,80.0,77.0,4656.63,118.6,41.752293,-88.969292
3030309,IL,DeKalb County,Lee/DeKalb,2009.0,1500.0,80.0,77.0,4656.63,118.6,41.824291,-88.759598
3071222,IL,Lee County,Lee/DeKalb,2009.0,1500.0,80.0,77.0,4656.63,118.6,41.808975,-88.97834
3030257,IL,DeKalb County,Lee/DeKalb,2009.0,1500.0,80.0,77.0,4656.63,118.6,41.881992,-88.853897
3030349,IL,DeKalb County,Lee/DeKalb,2009.0,1500.0,80.0,77.0,4656.63,118.6,41.768093,-88.893593
3030298,IL,DeKalb County,Lee/DeKalb,2009.0,1500.0,80.0,77.0,4656.63,118.6,41.82209,-88.813995
3030323,IL,DeKalb County,Lee/DeKalb,2009.0,1500.0,80.0,77.0,4656.63,118.6,41.81319,-88.871895
3071221,IL,DeKalb County,Lee/DeKalb,2009.0,1500.0,80.0,77.0,4656.63,118.6,41.830372,-88.812508
3030279,IL,DeKalb County,Lee/DeKalb,2009.0,1500.0,80.0,77.0,4656.63,118.6,41.844692,-88.928596
3030259,IL,DeKalb County,Lee/DeKalb,2009.0,1500.0,80.0,77.0,4656.63,118.6,41.883492,-88.932991
3030261,IL,DeKalb County,Lee/DeKalb,2009.0,1500.0,80.0,77.0,4656.63,118.6,41.883694,-88.920197
3031486,IL,DeKalb County,Lee/DeKalb,2009.0,1500.0,80.0,77.0,4656.63,118.6,41.841393,-88.914597
3030335,IL,DeKalb County,Lee/DeKalb,2009.0,1500.0,80.0,77.0,4656.63,118.6,41.806591,-88.810593
3030338,IL,DeKalb County,Lee/DeKalb,2009.0,1500.0,80.0,77.0,4656.63,118.6,41.794292,-88.899895
3030343,IL,DeKalb County,Lee/DeKalb,2009.0,1500.0,80.0,77.0,4656.63,118.6,41.769291,-88.922592
3030882,IL,DeKalb County,Lee/DeKalb,2009.0,1500.0,80.0,77.0,4656.63,118.6,41.797691,-88.839493
3031488,IL,DeKalb County,Lee/DeKalb,2009.0,1500.0,80.0,77.0,4656.63,118.6,41.825462,-88.862144
3030366,IL,Lee County,Lee/DeKalb,2009.0,1500.0,80.0,77.0,4656.63,118.6,41.741993,-88.951797
3030281,IL,DeKalb County,Lee/DeKalb,2009.0,1500.0,80.0,77.0,4656.63,118.6,41.832592,-88.933792
3030280,IL,DeKalb County,Lee/DeKalb,2009.0,1500.0,80.0,77.0,4656.63,118.6,41.84119,-88.909393
3030317,IL,DeKalb County,Lee/DeKalb,2009.0,1500.0,80.0,77.0,4656.63,118.6,41.814091,-88.907593
3030289,IL,DeKalb County,Lee/DeKalb,2009.0,1500.0,80.0,77.0,4656.63,118.6,41.828091,-88.854492
3030360,IL,DeKalb County,Lee/DeKalb,2009.0,1500.0,80.0,77.0,4656.63,118.6,41.750393,-88.911095
3030299,IL,DeKalb County,Lee/DeKalb,2009.0,1500.0,80.0,77.0,4656.63,118.6,41.822193,-88.80899
3071216,IL,DeKalb County,Lee/DeKalb,2009.0,1500.0,80.0,77.0,4656.63,118.6,41.886654,-88.878258
3030884,IL,DeKalb County,Lee/DeKalb,2009.0,1500.0,80.0,77.0,4656.63,118.6,41.796494,-88.829796
3030296,IL,DeKalb County,Lee/DeKalb,2009.0,1500.0,80.0,77.0,4656.63,118.6,41.829391,-88.815598
3030333,IL,DeKalb County,Lee/DeKalb,2009.0,1500.0,80.0,77.0,4656.63,118.6,41.806492,-88.820297
3030352,IL,Lee County,Lee/DeKalb,2009.0,1500.0,80.0,77.0,4656.63,118.6,41.755291,-88.954994
3030293,IL,DeKalb County,Lee/DeKalb,2009.0,1500.0,80.0,77.0,4656.63,118.6,41.825493,-88.836395
3031727,IL,Lee County,Lee/DeKalb,2009.0,1500.0,80.0,77.0,4656.63,118.6,41.809891,-88.995995
3071226,IL,DeKalb County,Lee/DeKalb,2009.0,1500.0,80.0,77.0,4656.63,118.6,41.742336,-88.931007
3030348,IL,DeKalb County,Lee/DeKalb,2009.0,1500.0,80.0,77.0,4656.63,118.6,41.768093,-88.897194
3030272,IL,DeKalb County,Lee/DeKalb,2009.0,1500.0,80.0,77.0,4656.63,118.6,41.861691,-88.926895
3030262,IL,DeKalb County,Lee/DeKalb,2009.0,1500.0,80.0,77.0,4656.63,118.6,41.883793,-88.916893
3030312,IL,Lee County,Lee/DeKalb,2009.0,1500.0,80.0,77.0,4656.63,118.6,41.80899,-88.985596
3030294,IL,DeKalb County,Lee/DeKalb,2009.0,1500.0,80.0,77.0,4656.63,118.6,41.829491,-88.826393
3030888,IL,DeKalb County,Lee/DeKalb,2009.0,1500.0,80.0,77.0,4656.63,118.6,41.791794,-88.839493
3030270,IL,DeKalb County,Lee/DeKalb,2009.0,1500.0,80.0,77.0,4656.63,118.6,41.869392,-88.859093
3030266,IL,DeKalb County,Lee/DeKalb,2009.0,1500.0,80.0,77.0,4656.63,118.6,41.872692,-88.903793
3030313,IL,Lee County,Lee/DeKalb,2009.0,1500.0,80.0,77.0,4656.63,118.6,41.80899,-88.981995
3030290,IL,DeKalb County,Lee/DeKalb,2009.0,1500.0,80.0,77.0,4656.63,118.6,41.825493,-88.846092
3030300,IL,DeKalb County,Lee/DeKalb,2009.0,1500.0,80.0,77.0,4656.63,118.6,41.82209,-88.804596
3030320,IL,DeKalb County,Lee/DeKalb,2009.0,1500.0,80.0,77.0,4656.63,118.6,41.81369,-88.896591
3030286,IL,DeKalb County,Lee/DeKalb,2009.0,1500.0,80.0,77.0,4656.63,118.6,41.828091,-88.907593
3030282,IL,DeKalb County,Lee/DeKalb,2009.0,1500.0,80.0,77.0,4656.63,118.6,41.832592,-88.930092
3030336,IL,DeKalb County,Lee/DeKalb,2009.0,1500.0,80.0,77.0,4656.63,118.6,41.807392,-88.800797
3030350,IL,Lee County,Lee/DeKalb,2009.0,1500.0,80.0,77.0,4656.63,118.6,41.752392,-88.966194
3030356,IL,DeKalb County,Lee/DeKalb,2009.0,1500.0,80.0,77.0,4656.63,118.6,41.75539,-88.936996
3071217,IL,DeKalb County,Lee/DeKalb,2009.0,1500.0,80.0,77.0,4656.63,118.6,41.882,-88.857651
3030277,IL,DeKalb County,Lee/DeKalb,2009.0,1500.0,80.0,77.0,4656.63,118.6,41.853394,-88.931091
3030287,IL,DeKalb County,Lee/DeKalb,2009.0,1500.0,80.0,77.0,4656.63,118.6,41.825394,-88.872498
3030359,IL,DeKalb County,Lee/DeKalb,2009.0,1500.0,80.0,77.0,4656.63,118.6,41.750492,-88.914192
3030340,IL,DeKalb County,Lee/DeKalb,2009.0,1500.0,80.0,77.0,4656.63,118.6,41.797691,-88.84539
3030334,IL,DeKalb County,Lee/DeKalb,2009.0,1500.0,80.0,77.0,4656.63,118.6,41.806492,-88.815895
3030364,IL,Lee County,Lee/DeKalb,2009.0,1500.0,80.0,77.0,4656.63,118.6,41.741692,-88.959396
3030346,IL,DeKalb County,Lee/DeKalb,2009.0,1500.0,80.0,77.0,4656.63,118.6,41.768093,-88.904198
3030347,IL,DeKalb County,Lee/DeKalb,2009.0,1500.0,80.0,77.0,4656.63,118.6,41.768093,-88.900795
3030302,IL,DeKalb County,Lee/DeKalb,2009.0,1500.0,80.0,77.0,4656.63,118.6,41.822392,-88.792892
3030353,IL,Lee County,Lee/DeKalb,2009.0,1500.0,80.0,77.0,4656.63,118.6,41.755291,-88.950691
3030307,IL,DeKalb County,Lee/DeKalb,2009.0,1500.0,80.0,77.0,4656.63,118.6,41.824291,-88.767593
3030354,IL,Lee County,Lee/DeKalb,2009.0,1500.0,80.0,77.0,4656.63,118.6,41.752193,-88.947395
3030351,IL,Lee County,Lee/DeKalb,2009.0,1500.0,80.0,77.0,4656.63,118.6,41.754993,-88.958992
3030315,IL,Lee County,Lee/DeKalb,2009.0,1500.0,80.0,77.0,4656.63,118.6,41.810192,-88.974693
3030327,IL,DeKalb County,Lee/DeKalb,2009.0,1500.0,80.0,77.0,4656.63,118.6,41.813591,-88.856697
3030258,IL,DeKalb County,Lee/DeKalb,2009.0,1500.0,80.0,77.0,4656.63,118.6,41.882092,-88.850098
3030305,IL,DeKalb County,Lee/DeKalb,2009.0,1500.0,80.0,77.0,4656.63,118.6,41.822392,-88.780594
3030328,IL,DeKalb County,Lee/DeKalb,2009.0,1500.0,80.0,77.0,4656.63,118.6,41.81319,-88.844391
3030306,IL,DeKalb County,Lee/DeKalb,2009.0,1500.0,80.0,77.0,4656.63,118.6,41.824291,-88.771492
3030362,IL,DeKalb County,Lee/DeKalb,2009.0,1500.0,80.0,77.0,4656.63,118.6,41.750992,-88.903694
3030337,IL,DeKalb County,Lee/DeKalb,2009.0,1500.0,80.0,77.0,4656.63,118.6,41.806992,-88.796196
3030304,IL,DeKalb County,Lee/DeKalb,2009.0,1500.0,80.0,77.0,4656.63,118.6,41.822392,-88.784996
3030342,IL,DeKalb County,Lee/DeKalb,2009.0,1500.0,80.0,77.0,4656.63,118.6,41.791691,-88.84539
3030887,IL,DeKalb County,Lee/DeKalb,2009.0,1500.0,80.0,77.0,4656.63,118.6,41.799492,-88.789093
3030269,IL,DeKalb County,Lee/DeKalb,2009.0,1500.0,80.0,77.0,4656.63,118.6,41.869392,-88.865295
3030263,IL,DeKalb County,Lee/DeKalb,2009.0,1500.0,80.0,77.0,4656.63,118.6,41.872494,-88.919792
3030273,IL,DeKalb County,Lee/DeKalb,2009.0,1500.0,80.0,77.0,4656.63,118.6,41.864292,-88.923195
3030324,IL,DeKalb County,Lee/DeKalb,2009.0,1500.0,80.0,77.0,4656.63,118.6,41.806591,-88.859695
3030321,IL,DeKalb County,Lee/DeKalb,2009.0,1500.0,80.0,77.0,4656.63,118.6,41.81369,-88.892891
3030326,IL,DeKalb County,Lee/DeKalb,2009.0,1500.0,80.0,77.0,4656.63,118.6,41.813591,-88.860397
3030316,IL,DeKalb County,Lee/DeKalb,2009.0,1500.0,80.0,77.0,4656.63,118.6,41.814194,-88.910797
3029665,IL,DeKalb County,Lee/DeKalb,2009.0,1500.0,80.0,77.0,4656.63,118.6,41.84399,-88.884598
3030355,IL,Lee County,Lee/DeKalb,2009.0,1500.0,80.0,77.0,4656.63,118.6,41.752193,-88.943398
3030285,IL,DeKalb County,Lee/DeKalb,2009.0,1500.0,80.0,77.0,4656.63,118.6,41.827991,-88.912796
3071227,IL,DeKalb County,Lee/DeKalb,2009.0,1500.0,80.0,77.0,4656.63,118.6,41.74205,-88.927391
3030303,IL,DeKalb County,Lee/DeKalb,2009.0,1500.0,80.0,77.0,4656.63,118.6,41.822392,-88.788994
3030301,IL,DeKalb County,Lee/DeKalb,2009.0,1500.0,80.0,77.0,4656.63,118.6,41.822292,-88.79689
3030365,IL,Lee County,Lee/DeKalb,2009.0,1500.0,80.0,77.0,4656.63,118.6,41.741692,-88.955894
3030252,IL,DeKalb County,Lee/DeKalb,2009.0,1500.0,80.0,77.0,4656.63,118.6,41.886692,-88.883293
3030883,IL,DeKalb County,Lee/DeKalb,2009.0,1500.0,80.0,77.0,4656.63,118.6,41.796391,-88.833595
3031489,IL,DeKalb County,Lee/DeKalb,2009.0,1500.0,80.0,77.0,4656.63,118.6,41.814194,-88.917191
3071225,IL,DeKalb County,Lee/DeKalb,2009.0,1500.0,80.0,77.0,4656.63,118.6,41.75045,-88.907822
3031485,IL,DeKalb County,Lee/DeKalb,2009.0,1500.0,80.0,77.0,4656.63,118.6,41.842194,-88.917793
3030341,IL,DeKalb County,Lee/DeKalb,2009.0,1500.0,80.0,77.0,4656.63,118.6,41.795292,-88.804497
3031487,IL,DeKalb County,Lee/DeKalb,2009.0,1500.0,80.0,77.0,4656.63,118.6,41.825394,-88.865395
3030809,IL,DeKalb County,Lee/DeKalb,2009.0,1500.0,80.0,77.0,4656.63,118.6,41.73859,-88.918892
3030331,IL,DeKalb County,Lee/DeKalb,2009.0,1500.0,80.0,77.0,4656.63,118.6,41.807491,-88.833595
3071224,IL,DeKalb County,Lee/DeKalb,2009.0,1500.0,80.0,77.0,4656.63,118.6,41.76931,-88.918297
3030319,IL,DeKalb County,Lee/DeKalb,2009.0,1500.0,80.0,77.0,4656.63,118.6,41.81369,-88.900391
3029664,IL,DeKalb County,Lee/DeKalb,2009.0,1500.0,80.0,77.0,4656.63,118.6,41.844494,-88.880997
3030372,IL,DeKalb County,Lee/DeKalb,2009.0,1500.0,80.0,77.0,4656.63,118.6,41.733791,-88.927895
3030886,IL,DeKalb County,Lee/DeKalb,2009.0,1500.0,80.0,77.0,4656.63,118.6,41.799492,-88.794891
3040147,CO,Lincoln County,Limon I,2012.0,1600.0,80.0,100.0,7853.98,130.1,39.435295,-103.628891
3040192,CO,Lincoln County,Limon I,2012.0,1600.0,80.0,100.0,7853.98,130.1,39.401394,-103.600487
3040127,CO,Elbert County,Limon I,2012.0,1600.0,80.0,100.0,7853.98,130.1,39.372494,-103.784088
3040146,CO,Lincoln County,Limon I,2012.0,1600.0,80.0,100.0,7853.98,130.1,39.432095,-103.632187
3040177,CO,Lincoln County,Limon I,2012.0,1600.0,80.0,100.0,7853.98,130.1,39.414494,-103.59079
3040197,CO,Lincoln County,Limon I,2012.0,1600.0,80.0,100.0,7853.98,130.1,39.396694,-103.572388
3040239,CO,Lincoln County,Limon I,2012.0,1600.0,80.0,100.0,7853.98,130.1,39.369194,-103.554588
3040191,CO,Lincoln County,Limon I,2012.0,1600.0,80.0,100.0,7853.98,130.1,39.399494,-103.605087
3040150,CO,Lincoln County,Limon I,2012.0,1600.0,80.0,100.0,7853.98,130.1,39.440796,-103.607788
3040241,CO,Lincoln County,Limon I,2012.0,1600.0,80.0,100.0,7853.98,130.1,39.373695,-103.54969
3040178,CO,Lincoln County,Limon I,2012.0,1600.0,80.0,100.0,7853.98,130.1,39.411095,-103.586189
3040216,CO,Lincoln County,Limon I,2012.0,1600.0,80.0,100.0,7853.98,130.1,39.372993,-103.655289
3040175,CO,Lincoln County,Limon I,2012.0,1600.0,80.0,100.0,7853.98,130.1,39.416294,-103.605591
3040180,CO,Lincoln County,Limon I,2012.0,1600.0,80.0,100.0,7853.98,130.1,39.409794,-103.577393
3040143,CO,Lincoln County,Limon I,2012.0,1600.0,80.0,100.0,7853.98,130.1,39.443993,-103.633591
3040181,CO,Lincoln County,Limon I,2012.0,1600.0,80.0,100.0,7853.98,130.1,39.408394,-103.564491
3040219,CO,Lincoln County,Limon I,2012.0,1600.0,80.0,100.0,7853.98,130.1,39.372894,-103.637993
3040137,CO,Elbert County,Limon I,2012.0,1600.0,80.0,100.0,7853.98,130.1,39.361195,-103.754791
3040124,CO,Elbert County,Limon I,2012.0,1600.0,80.0,100.0,7853.98,130.1,39.381294,-103.779694
3040208,CO,Lincoln County,Limon I,2012.0,1600.0,80.0,100.0,7853.98,130.1,39.386696,-103.64299
3040211,CO,Lincoln County,Limon I,2012.0,1600.0,80.0,100.0,7853.98,130.1,39.386696,-103.62439
3040163,CO,Lincoln County,Limon I,2012.0,1600.0,80.0,100.0,7853.98,130.1,39.423893,-103.635193
3040228,CO,Lincoln County,Limon I,2012.0,1600.0,80.0,100.0,7853.98,130.1,39.361694,-103.635292
3040151,CO,Lincoln County,Limon I,2012.0,1600.0,80.0,100.0,7853.98,130.1,39.442093,-103.605591
3040199,CO,Lincoln County,Limon I,2012.0,1600.0,80.0,100.0,7853.98,130.1,39.379395,-103.68779
3040238,CO,Lincoln County,Limon I,2012.0,1600.0,80.0,100.0,7853.98,130.1,39.383595,-103.559692
3040162,CO,Lincoln County,Limon I,2012.0,1600.0,80.0,100.0,7853.98,130.1,39.439896,-103.554489
3040196,CO,Lincoln County,Limon I,2012.0,1600.0,80.0,100.0,7853.98,130.1,39.393894,-103.575691
3040220,CO,Lincoln County,Limon I,2012.0,1600.0,80.0,100.0,7853.98,130.1,39.372894,-103.633591
3040250,CO,Lincoln County,Limon I,2012.0,1600.0,80.0,100.0,7853.98,130.1,39.364693,-103.619392
3040129,CO,Elbert County,Limon I,2012.0,1600.0,80.0,100.0,7853.98,130.1,39.372192,-103.775391
3040125,CO,Elbert County,Limon I,2012.0,1600.0,80.0,100.0,7853.98,130.1,39.384193,-103.777092
3040173,CO,Lincoln County,Limon I,2012.0,1600.0,80.0,100.0,7853.98,130.1,39.416595,-103.618591
3040209,CO,Lincoln County,Limon I,2012.0,1600.0,80.0,100.0,7853.98,130.1,39.386696,-103.637894
3040240,CO,Lincoln County,Limon I,2012.0,1600.0,80.0,100.0,7853.98,130.1,39.373695,-103.553993
3040217,CO,Lincoln County,Limon I,2012.0,1600.0,80.0,100.0,7853.98,130.1,39.372993,-103.64959
3040166,CO,Lincoln County,Limon I,2012.0,1600.0,80.0,100.0,7853.98,130.1,39.421993,-103.612694
3047248,CO,Lincoln County,Limon I,2012.0,1600.0,80.0,100.0,7853.98,130.1,39.405693,-103.649788
3040205,CO,Lincoln County,Limon I,2012.0,1600.0,80.0,100.0,7853.98,130.1,39.386696,-103.656593
3040236,CO,Lincoln County,Limon I,2012.0,1600.0,80.0,100.0,7853.98,130.1,39.372692,-103.57489
3040149,CO,Lincoln County,Limon I,2012.0,1600.0,80.0,100.0,7853.98,130.1,39.440796,-103.613091
3040176,CO,Lincoln County,Limon I,2012.0,1600.0,80.0,100.0,7853.98,130.1,39.416595,-103.600792
3040226,CO,Lincoln County,Limon I,2012.0,1600.0,80.0,100.0,7853.98,130.1,39.362495,-103.647987
3040189,CO,Lincoln County,Limon I,2012.0,1600.0,80.0,100.0,7853.98,130.1,39.394295,-103.612091
3040156,CO,Lincoln County,Limon I,2012.0,1600.0,80.0,100.0,7853.98,130.1,39.435192,-103.58799
3040145,CO,Lincoln County,Limon I,2012.0,1600.0,80.0,100.0,7853.98,130.1,39.432095,-103.636093
3040139,CO,Elbert County,Limon I,2012.0,1600.0,80.0,100.0,7853.98,130.1,39.375996,-103.740089
3040227,CO,Lincoln County,Limon I,2012.0,1600.0,80.0,100.0,7853.98,130.1,39.362392,-103.64299
3040154,CO,Lincoln County,Limon I,2012.0,1600.0,80.0,100.0,7853.98,130.1,39.445194,-103.586792
3040186,CO,Lincoln County,Limon I,2012.0,1600.0,80.0,100.0,7853.98,130.1,39.404293,-103.632393
3040128,CO,Elbert County,Limon I,2012.0,1600.0,80.0,100.0,7853.98,130.1,39.371796,-103.779587
3040144,CO,Lincoln County,Limon I,2012.0,1600.0,80.0,100.0,7853.98,130.1,39.443993,-103.629593
3047249,CO,Lincoln County,Limon I,2012.0,1600.0,80.0,100.0,7853.98,130.1,39.379395,-103.565491
3040159,CO,Lincoln County,Limon I,2012.0,1600.0,80.0,100.0,7853.98,130.1,39.441692,-103.578789
3040172,CO,Lincoln County,Limon I,2012.0,1600.0,80.0,100.0,7853.98,130.1,39.414394,-103.627586
3040201,CO,Lincoln County,Limon I,2012.0,1600.0,80.0,100.0,7853.98,130.1,39.387394,-103.679688
3040193,CO,Lincoln County,Limon I,2012.0,1600.0,80.0,100.0,7853.98,130.1,39.403194,-103.597389
3040152,CO,Lincoln County,Limon I,2012.0,1600.0,80.0,100.0,7853.98,130.1,39.442196,-103.59539
3040232,CO,Lincoln County,Limon I,2012.0,1600.0,80.0,100.0,7853.98,130.1,39.378296,-103.59079
3040225,CO,Lincoln County,Limon I,2012.0,1600.0,80.0,100.0,7853.98,130.1,39.362392,-103.65229
3040210,CO,Lincoln County,Limon I,2012.0,1600.0,80.0,100.0,7853.98,130.1,39.386696,-103.629189
3040242,CO,Lincoln County,Limon I,2012.0,1600.0,80.0,100.0,7853.98,130.1,39.416294,-103.637993
3040126,CO,Elbert County,Limon I,2012.0,1600.0,80.0,100.0,7853.98,130.1,39.384594,-103.77169
3040140,CO,Elbert County,Limon I,2012.0,1600.0,80.0,100.0,7853.98,130.1,39.378994,-103.737488
3040215,CO,Lincoln County,Limon I,2012.0,1600.0,80.0,100.0,7853.98,130.1,39.375996,-103.660988
3040155,CO,Lincoln County,Limon I,2012.0,1600.0,80.0,100.0,7853.98,130.1,39.434795,-103.59259
3040148,CO,Lincoln County,Limon I,2012.0,1600.0,80.0,100.0,7853.98,130.1,39.440796,-103.61689
3040198,CO,Lincoln County,Limon I,2012.0,1600.0,80.0,100.0,7853.98,130.1,39.399994,-103.568489
3040237,CO,Lincoln County,Limon I,2012.0,1600.0,80.0,100.0,7853.98,130.1,39.375294,-103.571693
3040234,CO,Lincoln County,Limon I,2012.0,1600.0,80.0,100.0,7853.98,130.1,39.370594,-103.582893
3040153,CO,Lincoln County,Limon I,2012.0,1600.0,80.0,100.0,7853.98,130.1,39.444695,-103.591591
3040157,CO,Lincoln County,Limon I,2012.0,1600.0,80.0,100.0,7853.98,130.1,39.434593,-103.582588
3040168,CO,Lincoln County,Limon I,2012.0,1600.0,80.0,100.0,7853.98,130.1,39.428093,-103.607094
3040204,CO,Lincoln County,Limon I,2012.0,1600.0,80.0,100.0,7853.98,130.1,39.393696,-103.662491
3040165,CO,Lincoln County,Limon I,2012.0,1600.0,80.0,100.0,7853.98,130.1,39.423893,-103.625793
3040164,CO,Lincoln County,Limon I,2012.0,1600.0,80.0,100.0,7853.98,130.1,39.423893,-103.630692
3040218,CO,Lincoln County,Limon I,2012.0,1600.0,80.0,100.0,7853.98,130.1,39.372993,-103.643791
3040122,CO,Elbert County,Limon I,2012.0,1600.0,80.0,100.0,7853.98,130.1,39.380196,-103.787987
3040141,CO,Elbert County,Limon I,2012.0,1600.0,80.0,100.0,7853.98,130.1,39.383595,-103.736794
3040169,CO,Lincoln County,Limon I,2012.0,1600.0,80.0,100.0,7853.98,130.1,39.416794,-103.648888
3040202,CO,Lincoln County,Limon I,2012.0,1600.0,80.0,100.0,7853.98,130.1,39.391895,-103.674789
3040229,CO,Lincoln County,Limon I,2012.0,1600.0,80.0,100.0,7853.98,130.1,39.362495,-103.631088
3040221,CO,Lincoln County,Limon I,2012.0,1600.0,80.0,100.0,7853.98,130.1,39.362392,-103.669487
3040136,CO,Elbert County,Limon I,2012.0,1600.0,80.0,100.0,7853.98,130.1,39.368195,-103.74659
3040184,CO,Lincoln County,Limon I,2012.0,1600.0,80.0,100.0,7853.98,130.1,39.404293,-103.64399
3040130,CO,Elbert County,Limon I,2012.0,1600.0,80.0,100.0,7853.98,130.1,39.369595,-103.770088
3040188,CO,Lincoln County,Limon I,2012.0,1600.0,80.0,100.0,7853.98,130.1,39.390896,-103.614594
3040371,CO,Lincoln County,Limon I,2012.0,1600.0,80.0,100.0,7853.98,130.1,39.385593,-103.683289
3040170,CO,Lincoln County,Limon I,2012.0,1600.0,80.0,100.0,7853.98,130.1,39.416794,-103.643089
3040233,CO,Lincoln County,Limon I,2012.0,1600.0,80.0,100.0,7853.98,130.1,39.382095,-103.587189
3040182,CO,Lincoln County,Limon I,2012.0,1600.0,80.0,100.0,7853.98,130.1,39.411392,-103.562286
3040133,CO,Elbert County,Limon I,2012.0,1600.0,80.0,100.0,7853.98,130.1,39.368195,-103.759293
3040223,CO,Lincoln County,Limon I,2012.0,1600.0,80.0,100.0,7853.98,130.1,39.362392,-103.660789
3040135,CO,Elbert County,Limon I,2012.0,1600.0,80.0,100.0,7853.98,130.1,39.369293,-103.751289
3040207,CO,Lincoln County,Limon I,2012.0,1600.0,80.0,100.0,7853.98,130.1,39.386696,-103.647186
3040212,CO,Lincoln County,Limon I,2012.0,1600.0,80.0,100.0,7853.98,130.1,39.376194,-103.674393
3040171,CO,Lincoln County,Limon I,2012.0,1600.0,80.0,100.0,7853.98,130.1,39.416294,-103.633392
3040142,CO,Lincoln County,Limon I,2012.0,1600.0,80.0,100.0,7853.98,130.1,39.440292,-103.634888
3040206,CO,Lincoln County,Limon I,2012.0,1600.0,80.0,100.0,7853.98,130.1,39.386593,-103.651993
3040160,CO,Lincoln County,Limon I,2012.0,1600.0,80.0,100.0,7853.98,130.1,39.437393,-103.562187
3040179,CO,Lincoln County,Limon I,2012.0,1600.0,80.0,100.0,7853.98,130.1,39.409393,-103.58149
3040222,CO,Lincoln County,Limon I,2012.0,1600.0,80.0,100.0,7853.98,130.1,39.362392,-103.665291
3040213,CO,Lincoln County,Limon I,2012.0,1600.0,80.0,100.0,7853.98,130.1,39.376095,-103.669388
3040194,CO,Lincoln County,Limon I,2012.0,1600.0,80.0,100.0,7853.98,130.1,39.390392,-103.58799
3040224,CO,Lincoln County,Limon I,2012.0,1600.0,80.0,100.0,7853.98,130.1,39.362392,-103.656693
3040161,CO,Lincoln County,Limon I,2012.0,1600.0,80.0,100.0,7853.98,130.1,39.439194,-103.558693
3040167,CO,Lincoln County,Limon I,2012.0,1600.0,80.0,100.0,7853.98,130.1,39.426094,-103.610191
3040183,CO,Lincoln County,Limon I,2012.0,1600.0,80.0,100.0,7853.98,130.1,39.416393,-103.560692
3040134,CO,Elbert County,Limon I,2012.0,1600.0,80.0,100.0,7853.98,130.1,39.368595,-103.755287
3040230,CO,Lincoln County,Limon I,2012.0,1600.0,80.0,100.0,7853.98,130.1,39.361893,-103.625488
3040235,CO,Lincoln County,Limon I,2012.0,1600.0,80.0,100.0,7853.98,130.1,39.373093,-103.58049
3040158,CO,Lincoln County,Limon I,2012.0,1600.0,80.0,100.0,7853.98,130.1,39.438194,-103.579987
3040203,CO,Lincoln County,Limon I,2012.0,1600.0,80.0,100.0,7853.98,130.1,39.393295,-103.671791
3040195,CO,Lincoln County,Limon I,2012.0,1600.0,80.0,100.0,7853.98,130.1,39.393494,-103.580788
3040190,CO,Lincoln County,Limon I,2012.0,1600.0,80.0,100.0,7853.98,130.1,39.397293,-103.608994
3040185,CO,Lincoln County,Limon I,2012.0,1600.0,80.0,100.0,7853.98,130.1,39.403194,-103.637589
3040132,CO,Elbert County,Limon I,2012.0,1600.0,80.0,100.0,7853.98,130.1,39.368694,-103.763786
3040121,CO,Elbert County,Limon I,2012.0,1600.0,80.0,100.0,7853.98,130.1,39.376293,-103.789291
3040187,CO,Lincoln County,Limon I,2012.0,1600.0,80.0,100.0,7853.98,130.1,39.391594,-103.619392
3040138,CO,Elbert County,Limon I,2012.0,1600.0,80.0,100.0,7853.98,130.1,39.370995,-103.743591
3040174,CO,Lincoln County,Limon I,2012.0,1600.0,80.0,100.0,7853.98,130.1,39.416794,-103.613991
3040200,CO,Lincoln County,Limon I,2012.0,1600.0,80.0,100.0,7853.98,130.1,39.383896,-103.686691
3040131,CO,Elbert County,Limon I,2012.0,1600.0,80.0,100.0,7853.98,130.1,39.364895,-103.765091
3040214,CO,Lincoln County,Limon I,2012.0,1600.0,80.0,100.0,7853.98,130.1,39.376095,-103.665092
3040123,CO,Elbert County,Limon I,2012.0,1600.0,80.0,100.0,7853.98,130.1,39.381096,-103.784088
3040350,CO,Lincoln County,Limon II,2012.0,1600.0,80.0,87.0,5944.68,123.4,39.291492,-103.57029
3040321,CO,Lincoln County,Limon II,2012.0,1600.0,80.0,87.0,5944.68,123.4,39.354694,-103.53009
3043937,CO,Lincoln County,Limon II,2012.0,1600.0,80.0,87.0,5944.68,123.4,39.323093,-103.613792
3040345,CO,Lincoln County,Limon II,2012.0,1600.0,80.0,87.0,5944.68,123.4,39.306194,-103.542686
3040334,CO,Lincoln County,Limon II,2012.0,1600.0,80.0,87.0,5944.68,123.4,39.310894,-103.568192
3040308,CO,Lincoln County,Limon II,2012.0,1600.0,80.0,87.0,5944.68,123.4,39.334496,-103.567192
3040312,CO,Lincoln County,Limon II,2012.0,1600.0,80.0,87.0,5944.68,123.4,39.327595,-103.544487
3040355,CO,Lincoln County,Limon II,2012.0,1600.0,80.0,87.0,5944.68,123.4,39.280895,-103.566391
3040255,CO,Lincoln County,Limon II,2012.0,1600.0,80.0,87.0,5944.68,123.4,39.371693,-103.600792
3040338,CO,Lincoln County,Limon II,2012.0,1600.0,80.0,87.0,5944.68,123.4,39.304394,-103.588493
3040359,CO,Lincoln County,Limon II,2012.0,1600.0,80.0,87.0,5944.68,123.4,39.289894,-103.540489
3040270,CO,Lincoln County,Limon II,2012.0,1600.0,80.0,87.0,5944.68,123.4,39.336594,-103.611992
3040317,CO,Lincoln County,Limon II,2012.0,1600.0,80.0,87.0,5944.68,123.4,39.346893,-103.542389
3040309,CO,Lincoln County,Limon II,2012.0,1600.0,80.0,87.0,5944.68,123.4,39.332993,-103.561493
3040322,CO,Lincoln County,Limon II,2012.0,1600.0,80.0,87.0,5944.68,123.4,39.357594,-103.526993
3040330,CO,Lincoln County,Limon II,2012.0,1600.0,80.0,87.0,5944.68,123.4,39.319794,-103.593193
3040292,CO,Lincoln County,Limon II,2012.0,1600.0,80.0,87.0,5944.68,123.4,39.386295,-103.507988
3040314,CO,Lincoln County,Limon II,2012.0,1600.0,80.0,87.0,5944.68,123.4,39.332993,-103.538193
3040310,CO,Lincoln County,Limon II,2012.0,1600.0,80.0,87.0,5944.68,123.4,39.331795,-103.555992
3040256,CO,Lincoln County,Limon II,2012.0,1600.0,80.0,87.0,5944.68,123.4,39.373795,-103.597893
3040332,CO,Lincoln County,Limon II,2012.0,1600.0,80.0,87.0,5944.68,123.4,39.310394,-103.600891
3040356,CO,Lincoln County,Limon II,2012.0,1600.0,80.0,87.0,5944.68,123.4,39.283592,-103.56369
3040261,CO,Lincoln County,Limon II,2012.0,1600.0,80.0,87.0,5944.68,123.4,39.352093,-103.623894
3040288,CO,Lincoln County,Limon II,2012.0,1600.0,80.0,87.0,5944.68,123.4,39.377792,-103.517891
3040307,CO,Lincoln County,Limon II,2012.0,1600.0,80.0,87.0,5944.68,123.4,39.333893,-103.571487
3040362,CO,Lincoln County,Limon II,2012.0,1600.0,80.0,87.0,5944.68,123.4,39.297493,-103.530792
3047251,CO,Lincoln County,Limon II,2012.0,1600.0,80.0,87.0,5944.68,123.4,39.349594,-103.560493
3040264,CO,Lincoln County,Limon II,2012.0,1600.0,80.0,87.0,5944.68,123.4,39.352093,-103.604187
3040331,CO,Lincoln County,Limon II,2012.0,1600.0,80.0,87.0,5944.68,123.4,39.319996,-103.588692
3037657,CO,Lincoln County,Limon II,2012.0,1600.0,80.0,87.0,5944.68,123.4,39.311092,-103.572792
3040257,CO,Lincoln County,Limon II,2012.0,1600.0,80.0,87.0,5944.68,123.4,39.351994,-103.648788
3040365,CO,Lincoln County,Limon II,2012.0,1600.0,80.0,87.0,5944.68,123.4,39.276894,-103.55439
3040275,CO,Lincoln County,Limon II,2012.0,1600.0,80.0,87.0,5944.68,123.4,39.341892,-103.580093
3040364,CO,Lincoln County,Limon II,2012.0,1600.0,80.0,87.0,5944.68,123.4,39.276493,-103.558388
3040271,CO,Lincoln County,Limon II,2012.0,1600.0,80.0,87.0,5944.68,123.4,39.335293,-103.606888
3040303,CO,Lincoln County,Limon II,2012.0,1600.0,80.0,87.0,5944.68,123.4,39.328194,-103.612289
3040366,CO,Lincoln County,Limon II,2012.0,1600.0,80.0,87.0,5944.68,123.4,39.278095,-103.550987
3040280,CO,Lincoln County,Limon II,2012.0,1600.0,80.0,87.0,5944.68,123.4,39.355694,-103.551392
3040294,CO,Lincoln County,Limon II,2012.0,1600.0,80.0,87.0,5944.68,123.4,39.384895,-103.497589
3040277,CO,Lincoln County,Limon II,2012.0,1600.0,80.0,87.0,5944.68,123.4,39.346294,-103.571289
3040354,CO,Lincoln County,Limon II,2012.0,1600.0,80.0,87.0,5944.68,123.4,39.298893,-103.554688
3040326,CO,Lincoln County,Limon II,2012.0,1600.0,80.0,87.0,5944.68,123.4,39.348095,-103.494987
3040301,CO,Lincoln County,Limon II,2012.0,1600.0,80.0,87.0,5944.68,123.4,39.367493,-103.498688
3040254,CO,Lincoln County,Limon II,2012.0,1600.0,80.0,87.0,5944.68,123.4,39.371796,-103.605293
3043938,CO,Lincoln County,Limon II,2012.0,1600.0,80.0,87.0,5944.68,123.4,39.319096,-103.609589
3040346,CO,Lincoln County,Limon II,2012.0,1600.0,80.0,87.0,5944.68,123.4,39.307995,-103.539688
3047250,CO,Lincoln County,Limon II,2012.0,1600.0,80.0,87.0,5944.68,123.4,39.340294,-103.600487
3040260,CO,Lincoln County,Limon II,2012.0,1600.0,80.0,87.0,5944.68,123.4,39.350994,-103.627792
3040343,CO,Lincoln County,Limon II,2012.0,1600.0,80.0,87.0,5944.68,123.4,39.304893,-103.550392
3040258,CO,Lincoln County,Limon II,2012.0,1600.0,80.0,87.0,5944.68,123.4,39.353092,-103.638191
3040353,CO,Lincoln County,Limon II,2012.0,1600.0,80.0,87.0,5944.68,123.4,39.299496,-103.560287
3043939,CO,Lincoln County,Limon II,2012.0,1600.0,80.0,87.0,5944.68,123.4,39.311295,-103.60569
3040344,CO,Lincoln County,Limon II,2012.0,1600.0,80.0,87.0,5944.68,123.4,39.303894,-103.545288
3040342,CO,Lincoln County,Limon II,2012.0,1600.0,80.0,87.0,5944.68,123.4,39.304493,-103.555092
3043936,CO,Lincoln County,Limon II,2012.0,1600.0,80.0,87.0,5944.68,123.4,39.352196,-103.643089
3040259,CO,Lincoln County,Limon II,2012.0,1600.0,80.0,87.0,5944.68,123.4,39.352295,-103.632889
3040296,CO,Lincoln County,Limon II,2012.0,1600.0,80.0,87.0,5944.68,123.4,39.375095,-103.504288
3040278,CO,Lincoln County,Limon II,2012.0,1600.0,80.0,87.0,5944.68,123.4,39.348495,-103.568489
3040279,CO,Lincoln County,Limon II,2012.0,1600.0,80.0,87.0,5944.68,123.4,39.352993,-103.554291
3040286,CO,Lincoln County,Limon II,2012.0,1600.0,80.0,87.0,5944.68,123.4,39.371693,-103.522392
3040267,CO,Lincoln County,Limon II,2012.0,1600.0,80.0,87.0,5944.68,123.4,39.336494,-103.624687
3040231,CO,Lincoln County,Limon II,2012.0,1600.0,80.0,87.0,5944.68,123.4,39.375095,-103.592293
3040335,CO,Lincoln County,Limon II,2012.0,1600.0,80.0,87.0,5944.68,123.4,39.305195,-103.604393
3040328,CO,Lincoln County,Limon II,2012.0,1600.0,80.0,87.0,5944.68,123.4,39.318092,-103.600693
3040324,CO,Lincoln County,Limon II,2012.0,1600.0,80.0,87.0,5944.68,123.4,39.352394,-103.506088
3040360,CO,Lincoln County,Limon II,2012.0,1600.0,80.0,87.0,5944.68,123.4,39.291695,-103.537086
3040306,CO,Lincoln County,Limon II,2012.0,1600.0,80.0,87.0,5944.68,123.4,39.328594,-103.58709
3040339,CO,Lincoln County,Limon II,2012.0,1600.0,80.0,87.0,5944.68,123.4,39.305195,-103.582092
3040284,CO,Lincoln County,Limon II,2012.0,1600.0,80.0,87.0,5944.68,123.4,39.367596,-103.529488
3040348,CO,Lincoln County,Limon II,2012.0,1600.0,80.0,87.0,5944.68,123.4,39.294193,-103.579391
3040327,CO,Lincoln County,Limon II,2012.0,1600.0,80.0,87.0,5944.68,123.4,39.318993,-103.605392
3040305,CO,Lincoln County,Limon II,2012.0,1600.0,80.0,87.0,5944.68,123.4,39.329594,-103.592087
3040295,CO,Lincoln County,Limon II,2012.0,1600.0,80.0,87.0,5944.68,123.4,39.383293,-103.488693
3040336,CO,Lincoln County,Limon II,2012.0,1600.0,80.0,87.0,5944.68,123.4,39.303295,-103.599289
3040281,CO,Lincoln County,Limon II,2012.0,1600.0,80.0,87.0,5944.68,123.4,39.361794,-103.544594
3040357,CO,Lincoln County,Limon II,2012.0,1600.0,80.0,87.0,5944.68,123.4,39.284195,-103.559486
3040341,CO,Lincoln County,Limon II,2012.0,1600.0,80.0,87.0,5944.68,123.4,39.303593,-103.570389
3040320,CO,Lincoln County,Limon II,2012.0,1600.0,80.0,87.0,5944.68,123.4,39.352993,-103.533188
3040268,CO,Lincoln County,Limon II,2012.0,1600.0,80.0,87.0,5944.68,123.4,39.334793,-103.619392
3040290,CO,Lincoln County,Limon II,2012.0,1600.0,80.0,87.0,5944.68,123.4,39.385693,-103.51619
3040323,CO,Lincoln County,Limon II,2012.0,1600.0,80.0,87.0,5944.68,123.4,39.358295,-103.521492
3040265,CO,Lincoln County,Limon II,2012.0,1600.0,80.0,87.0,5944.68,123.4,39.339195,-103.635094
3040352,CO,Lincoln County,Limon II,2012.0,1600.0,80.0,87.0,5944.68,123.4,39.296696,-103.562492
3040273,CO,Lincoln County,Limon II,2012.0,1600.0,80.0,87.0,5944.68,123.4,39.340393,-103.587593
3040262,CO,Lincoln County,Limon II,2012.0,1600.0,80.0,87.0,5944.68,123.4,39.350895,-103.61779
3040272,CO,Lincoln County,Limon II,2012.0,1600.0,80.0,87.0,5944.68,123.4,39.342396,-103.593086
3040263,CO,Lincoln County,Limon II,2012.0,1600.0,80.0,87.0,5944.68,123.4,39.350395,-103.612892
3040329,CO,Lincoln County,Limon II,2012.0,1600.0,80.0,87.0,5944.68,123.4,39.320393,-103.597992
3040283,CO,Lincoln County,Limon II,2012.0,1600.0,80.0,87.0,5944.68,123.4,39.364796,-103.531792
3040351,CO,Lincoln County,Limon II,2012.0,1600.0,80.0,87.0,5944.68,123.4,39.292194,-103.562988
3040333,CO,Lincoln County,Limon II,2012.0,1600.0,80.0,87.0,5944.68,123.4,39.310894,-103.57679
3040282,CO,Lincoln County,Limon II,2012.0,1600.0,80.0,87.0,5944.68,123.4,39.363594,-103.53569
3040337,CO,Lincoln County,Limon II,2012.0,1600.0,80.0,87.0,5944.68,123.4,39.303993,-103.593193
3040325,CO,Lincoln County,Limon II,2012.0,1600.0,80.0,87.0,5944.68,123.4,39.349495,-103.50029
3040251,CO,Lincoln County,Limon II,2012.0,1600.0,80.0,87.0,5944.68,123.4,39.363693,-103.613792
3040252,CO,Lincoln County,Limon II,2012.0,1600.0,80.0,87.0,5944.68,123.4,39.366592,-103.610893
3040361,CO,Lincoln County,Limon II,2012.0,1600.0,80.0,87.0,5944.68,123.4,39.293995,-103.533592
3040298,CO,Lincoln County,Limon II,2012.0,1600.0,80.0,87.0,5944.68,123.4,39.378296,-103.496193
3040297,CO,Lincoln County,Limon II,2012.0,1600.0,80.0,87.0,5944.68,123.4,39.375694,-103.499489
3040349,CO,Lincoln County,Limon II,2012.0,1600.0,80.0,87.0,5944.68,123.4,39.292095,-103.574593
3040313,CO,Lincoln County,Limon II,2012.0,1600.0,80.0,87.0,5944.68,123.4,39.330395,-103.540993
3040311,CO,Lincoln County,Limon II,2012.0,1600.0,80.0,87.0,5944.68,123.4,39.333294,-103.551987
3040300,CO,Lincoln County,Limon II,2012.0,1600.0,80.0,87.0,5944.68,123.4,39.367195,-103.50309
3040340,CO,Lincoln County,Limon II,2012.0,1600.0,80.0,87.0,5944.68,123.4,39.304394,-103.576187
3040315,CO,Lincoln County,Limon II,2012.0,1600.0,80.0,87.0,5944.68,123.4,39.334995,-103.535294
3040302,CO,Lincoln County,Limon II,2012.0,1600.0,80.0,87.0,5944.68,123.4,39.366093,-103.49379
3040316,CO,Lincoln County,Limon II,2012.0,1600.0,80.0,87.0,5944.68,123.4,39.344193,-103.54509
3040276,CO,Lincoln County,Limon II,2012.0,1600.0,80.0,87.0,5944.68,123.4,39.342793,-103.575989
3040347,CO,Lincoln County,Limon II,2012.0,1600.0,80.0,87.0,5944.68,123.4,39.310493,-103.537292
3040319,CO,Lincoln County,Limon II,2012.0,1600.0,80.0,87.0,5944.68,123.4,39.352894,-103.537888
3040285,CO,Lincoln County,Limon II,2012.0,1600.0,80.0,87.0,5944.68,123.4,39.370396,-103.525887
3040363,CO,Lincoln County,Limon II,2012.0,1600.0,80.0,87.0,5944.68,123.4,39.274693,-103.561188
3040304,CO,Lincoln County,Limon II,2012.0,1600.0,80.0,87.0,5944.68,123.4,39.328995,-103.597092
3040274,CO,Lincoln County,Limon II,2012.0,1600.0,80.0,87.0,5944.68,123.4,39.338696,-103.581589
3040293,CO,Lincoln County,Limon II,2012.0,1600.0,80.0,87.0,5944.68,123.4,39.385895,-103.503593
3040289,CO,Lincoln County,Limon II,2012.0,1600.0,80.0,87.0,5944.68,123.4,39.383995,-103.519386
3040266,CO,Lincoln County,Limon II,2012.0,1600.0,80.0,87.0,5944.68,123.4,39.335793,-103.62809
3040358,CO,Lincoln County,Limon II,2012.0,1600.0,80.0,87.0,5944.68,123.4,39.289192,-103.545288
3040291,CO,Lincoln County,Limon II,2012.0,1600.0,80.0,87.0,5944.68,123.4,39.386993,-103.512291
3040367,CO,Lincoln County,Limon II,2012.0,1600.0,80.0,87.0,5944.68,123.4,39.282394,-103.550194
3040299,CO,Lincoln County,Limon II,2012.0,1600.0,80.0,87.0,5944.68,123.4,39.366894,-103.50769
3040269,CO,Lincoln County,Limon II,2012.0,1600.0,80.0,87.0,5944.68,123.4,39.337193,-103.616592
3040253,CO,Lincoln County,Limon II,2012.0,1600.0,80.0,87.0,5944.68,123.4,39.370193,-103.608994
3040287,CO,Lincoln County,Limon II,2012.0,1600.0,80.0,87.0,5944.68,123.4,39.374893,-103.520187
3040318,CO,Lincoln County,Limon II,2012.0,1600.0,80.0,87.0,5944.68,123.4,39.350594,-103.540787
3050833,CO,Lincoln County,Limon III,2014.0,1700.0,85.0,100.0,7853.98,135.0,39.393734,-103.46405
3051021,CO,Lincoln County,Limon III,2014.0,1700.0,85.0,100.0,7853.98,135.0,39.293804,-103.442902
3050781,CO,Lincoln County,Limon III,2014.0,1700.0,85.0,100.0,7853.98,135.0,39.427643,-103.465172
3050861,CO,Lincoln County,Limon III,2014.0,1700.0,85.0,100.0,7853.98,135.0,39.402683,-103.442207
3051143,CO,Lincoln County,Limon III,2014.0,1700.0,85.0,100.0,7853.98,135.0,39.285595,-103.407791
3050998,CO,Lincoln County,Limon III,2014.0,1700.0,85.0,100.0,7853.98,135.0,39.352222,-103.385429
3050932,CO,Lincoln County,Limon III,2014.0,1700.0,85.0,100.0,7853.98,135.0,39.383965,-103.376282
3051133,CO,Lincoln County,Limon III,2014.0,1700.0,85.0,100.0,7853.98,135.0,39.284824,-103.414322
3051015,CO,Lincoln County,Limon III,2014.0,1700.0,85.0,100.0,7853.98,135.0,39.341545,-103.35215
3051193,CO,Lincoln County,Limon III,2014.0,1700.0,85.0,100.0,7853.98,135.0,39.319065,-103.269722
3050992,CO,Lincoln County,Limon III,2014.0,1700.0,85.0,100.0,7853.98,135.0,39.342262,-103.420158
3050783,CO,Lincoln County,Limon III,2014.0,1700.0,85.0,100.0,7853.98,135.0,39.430073,-103.452187
3050907,CO,Lincoln County,Limon III,2014.0,1700.0,85.0,100.0,7853.98,135.0,39.362675,-103.431152
3050991,CO,Lincoln County,Limon III,2014.0,1700.0,85.0,100.0,7853.98,135.0,39.343674,-103.429031
3050911,CO,Lincoln County,Limon III,2014.0,1700.0,85.0,100.0,7853.98,135.0,39.373302,-103.402832
3051162,CO,Lincoln County,Limon III,2014.0,1700.0,85.0,100.0,7853.98,135.0,39.294262,-103.356323
3051024,CO,Lincoln County,Limon III,2014.0,1700.0,85.0,100.0,7853.98,135.0,39.298473,-103.423363
3050877,CO,Lincoln County,Limon III,2014.0,1700.0,85.0,100.0,7853.98,135.0,39.420872,-103.410881
3050898,CO,Lincoln County,Limon III,2014.0,1700.0,85.0,100.0,7853.98,135.0,39.393753,-103.41346
3050888,CO,Lincoln County,Limon III,2014.0,1700.0,85.0,100.0,7853.98,135.0,39.377563,-103.437004
3051023,CO,Lincoln County,Limon III,2014.0,1700.0,85.0,100.0,7853.98,135.0,39.294483,-103.429741
3051165,CO,Lincoln County,Limon III,2014.0,1700.0,85.0,100.0,7853.98,135.0,39.299484,-103.322289
3050785,CO,Lincoln County,Limon III,2014.0,1700.0,85.0,100.0,7853.98,135.0,39.431145,-103.438522
3050884,CO,Lincoln County,Limon III,2014.0,1700.0,85.0,100.0,7853.98,135.0,39.379135,-103.463661
3051091,CO,Lincoln County,Limon III,2014.0,1700.0,85.0,100.0,7853.98,135.0,39.313435,-103.374222
3073719,CO,Lincoln County,Limon III,2014.0,1700.0,85.0,100.0,7853.98,135.0,39.35051,-103.410416
3051016,CO,Lincoln County,Limon III,2014.0,1700.0,85.0,100.0,7853.98,135.0,39.342724,-103.345909
3050910,CO,Lincoln County,Limon III,2014.0,1700.0,85.0,100.0,7853.98,135.0,39.371593,-103.410149
3051121,CO,Lincoln County,Limon III,2014.0,1700.0,85.0,100.0,7853.98,135.0,39.320484,-103.352287
3050997,CO,Lincoln County,Limon III,2014.0,1700.0,85.0,100.0,7853.98,135.0,39.353035,-103.392693
3050984,CO,Lincoln County,Limon III,2014.0,1700.0,85.0,100.0,7853.98,135.0,39.342175,-103.437408
3051008,CO,Lincoln County,Limon III,2014.0,1700.0,85.0,100.0,7853.98,135.0,39.319725,-103.406319
3051004,CO,Lincoln County,Limon III,2014.0,1700.0,85.0,100.0,7853.98,135.0,39.318314,-103.444763
3050788,CO,Lincoln County,Limon III,2014.0,1700.0,85.0,100.0,7853.98,135.0,39.439415,-103.395668
3050799,CO,Lincoln County,Limon III,2014.0,1700.0,85.0,100.0,7853.98,135.0,39.442394,-103.382248
3051081,CO,Lincoln County,Limon III,2014.0,1700.0,85.0,100.0,7853.98,135.0,39.313694,-103.381729
3051158,CO,Lincoln County,Limon III,2014.0,1700.0,85.0,100.0,7853.98,135.0,39.290142,-103.375023
3050822,CO,Lincoln County,Limon III,2014.0,1700.0,85.0,100.0,7853.98,135.0,39.393623,-103.471024
3051166,CO,Lincoln County,Limon III,2014.0,1700.0,85.0,100.0,7853.98,135.0,39.300632,-103.316391
3050883,CO,Lincoln County,Limon III,2014.0,1700.0,85.0,100.0,7853.98,135.0,39.380424,-103.470573
3051012,CO,Lincoln County,Limon III,2014.0,1700.0,85.0,100.0,7853.98,135.0,39.330994,-103.371834
3050784,CO,Lincoln County,Limon III,2014.0,1700.0,85.0,100.0,7853.98,135.0,39.428715,-103.445259
3051169,CO,Lincoln County,Limon III,2014.0,1700.0,85.0,100.0,7853.98,135.0,39.309032,-103.295494
3050943,CO,Lincoln County,Limon III,2014.0,1700.0,85.0,100.0,7853.98,135.0,39.386295,-103.369308
3050908,CO,Lincoln County,Limon III,2014.0,1700.0,85.0,100.0,7853.98,135.0,39.363365,-103.42437
3050867,CO,Lincoln County,Limon III,2014.0,1700.0,85.0,100.0,7853.98,135.0,39.407585,-103.432861
3051071,CO,Lincoln County,Limon III,2014.0,1700.0,85.0,100.0,7853.98,135.0,39.311424,-103.388382
3051003,CO,Lincoln County,Limon III,2014.0,1700.0,85.0,100.0,7853.98,135.0,39.319153,-103.451248
3050887,CO,Lincoln County,Limon III,2014.0,1700.0,85.0,100.0,7853.98,135.0,39.376225,-103.443848
3050886,CO,Lincoln County,Limon III,2014.0,1700.0,85.0,100.0,7853.98,135.0,39.379673,-103.45047
3051001,CO,Lincoln County,Limon III,2014.0,1700.0,85.0,100.0,7853.98,135.0,39.362202,-103.362427
3051163,CO,Lincoln County,Limon III,2014.0,1700.0,85.0,100.0,7853.98,135.0,39.296772,-103.337807
3050882,CO,Lincoln County,Limon III,2014.0,1700.0,85.0,100.0,7853.98,135.0,39.425362,-103.368347
3051234,CO,Lincoln County,Limon III,2014.0,1700.0,85.0,100.0,7853.98,135.0,39.422882,-103.480904
3050881,CO,Lincoln County,Limon III,2014.0,1700.0,85.0,100.0,7853.98,135.0,39.424015,-103.374573
3050902,CO,Lincoln County,Limon III,2014.0,1700.0,85.0,100.0,7853.98,135.0,39.395123,-103.406624
3051043,CO,Lincoln County,Limon III,2014.0,1700.0,85.0,100.0,7853.98,135.0,39.304504,-103.408401
3051014,CO,Lincoln County,Limon III,2014.0,1700.0,85.0,100.0,7853.98,135.0,39.339775,-103.359558
3050806,CO,Lincoln County,Limon III,2014.0,1700.0,85.0,100.0,7853.98,135.0,39.443642,-103.37632
3051155,CO,Lincoln County,Limon III,2014.0,1700.0,85.0,100.0,7853.98,135.0,39.286003,-103.394417
3051156,CO,Lincoln County,Limon III,2014.0,1700.0,85.0,100.0,7853.98,135.0,39.289093,-103.38665
3050871,CO,Lincoln County,Limon III,2014.0,1700.0,85.0,100.0,7853.98,135.0,39.411324,-103.425613
3051006,CO,Lincoln County,Limon III,2014.0,1700.0,85.0,100.0,7853.98,135.0,39.315533,-103.430679
3051020,CO,Lincoln County,Limon III,2014.0,1700.0,85.0,100.0,7853.98,135.0,39.293663,-103.45153
3051007,CO,Lincoln County,Limon III,2014.0,1700.0,85.0,100.0,7853.98,135.0,39.318962,-103.412224
3051013,CO,Lincoln County,Limon III,2014.0,1700.0,85.0,100.0,7853.98,135.0,39.337242,-103.365852
3050905,CO,Lincoln County,Limon III,2014.0,1700.0,85.0,100.0,7853.98,135.0,39.358002,-103.440659
3051000,CO,Lincoln County,Limon III,2014.0,1700.0,85.0,100.0,7853.98,135.0,39.358562,-103.369019
3050906,CO,Lincoln County,Limon III,2014.0,1700.0,85.0,100.0,7853.98,135.0,39.362183,-103.436378
3050771,CO,Lincoln County,Limon III,2014.0,1700.0,85.0,100.0,7853.98,135.0,39.421093,-103.487137
3051017,CO,Lincoln County,Limon III,2014.0,1700.0,85.0,100.0,7853.98,135.0,39.349415,-103.340088
3051157,CO,Lincoln County,Limon III,2014.0,1700.0,85.0,100.0,7853.98,135.0,39.289303,-103.381104
3050813,CO,Lincoln County,Limon III,2014.0,1700.0,85.0,100.0,7853.98,135.0,39.446373,-103.370529
3051112,CO,Lincoln County,Limon III,2014.0,1700.0,85.0,100.0,7853.98,135.0,39.320465,-103.359161
3051022,CO,Lincoln County,Limon III,2014.0,1700.0,85.0,100.0,7853.98,135.0,39.292294,-103.436401
3051152,CO,Lincoln County,Limon III,2014.0,1700.0,85.0,100.0,7853.98,135.0,39.285004,-103.400581
3051018,CO,Lincoln County,Limon III,2014.0,1700.0,85.0,100.0,7853.98,135.0,39.351303,-103.333298
3051009,CO,Lincoln County,Limon III,2014.0,1700.0,85.0,100.0,7853.98,135.0,39.320972,-103.400421
3050925,CO,Lincoln County,Limon III,2014.0,1700.0,85.0,100.0,7853.98,135.0,39.378235,-103.38105
3050909,CO,Lincoln County,Limon III,2014.0,1700.0,85.0,100.0,7853.98,135.0,39.368504,-103.418831
3051128,CO,Lincoln County,Limon III,2014.0,1700.0,85.0,100.0,7853.98,135.0,39.320492,-103.345627
3051005,CO,Lincoln County,Limon III,2014.0,1700.0,85.0,100.0,7853.98,135.0,39.318523,-103.43779
3050965,CO,Lincoln County,Limon III,2014.0,1700.0,85.0,100.0,7853.98,135.0,39.334824,-103.45208
3050793,CO,Lincoln County,Limon III,2014.0,1700.0,85.0,100.0,7853.98,135.0,39.439873,-103.389038
3051164,CO,Lincoln County,Limon III,2014.0,1700.0,85.0,100.0,7853.98,135.0,39.297134,-103.331429
3050873,CO,Lincoln County,Limon III,2014.0,1700.0,85.0,100.0,7853.98,135.0,39.414635,-103.418587
3051101,CO,Lincoln County,Limon III,2014.0,1700.0,85.0,100.0,7853.98,135.0,39.313435,-103.368271
3050976,CO,Lincoln County,Limon III,2014.0,1700.0,85.0,100.0,7853.98,135.0,39.338634,-103.444603
3051170,CO,Lincoln County,Limon III,2014.0,1700.0,85.0,100.0,7853.98,135.0,39.316402,-103.290802
3051167,CO,Lincoln County,Limon III,2014.0,1700.0,85.0,100.0,7853.98,135.0,39.304035,-103.309601
3051052,CO,Lincoln County,Limon III,2014.0,1700.0,85.0,100.0,7853.98,135.0,39.308113,-103.401627
3051032,CO,Lincoln County,Limon III,2014.0,1700.0,85.0,100.0,7853.98,135.0,39.300793,-103.415657
3051159,CO,Lincoln County,Limon III,2014.0,1700.0,85.0,100.0,7853.98,135.0,39.290844,-103.365051
3051204,CO,Lincoln County,Limon III,2014.0,1700.0,85.0,100.0,7853.98,135.0,39.365223,-103.349281
3050916,CO,Lincoln County,Limon III,2014.0,1700.0,85.0,100.0,7853.98,135.0,39.372772,-103.387932
3051019,CO,Lincoln County,Limon III,2014.0,1700.0,85.0,100.0,7853.98,135.0,39.348705,-103.326759
3050903,CO,Lincoln County,Limon III,2014.0,1700.0,85.0,100.0,7853.98,135.0,39.393883,-103.39994
3051168,CO,Lincoln County,Limon III,2014.0,1700.0,85.0,100.0,7853.98,135.0,39.305885,-103.301918
3050843,CO,Lincoln County,Limon III,2014.0,1700.0,85.0,100.0,7853.98,135.0,39.398285,-103.456863
3050481,CO,Lincoln County,Limon III,2014.0,1700.0,85.0,100.0,7853.98,135.0,39.295502,-103.348442
3050994,CO,Lincoln County,Limon III,2014.0,1700.0,85.0,100.0,7853.98,135.0,39.353714,-103.398193
3051171,CO,Lincoln County,Limon III,2014.0,1700.0,85.0,100.0,7853.98,135.0,39.318855,-103.283089
3050852,CO,Lincoln County,Limon III,2014.0,1700.0,85.0,100.0,7853.98,135.0,39.401783,-103.448273
3050904,CO,Lincoln County,Limon III,2014.0,1700.0,85.0,100.0,7853.98,135.0,39.392204,-103.393051
3051010,CO,Lincoln County,Limon III,2014.0,1700.0,85.0,100.0,7853.98,135.0,39.327522,-103.387268
3050782,CO,Lincoln County,Limon III,2014.0,1700.0,85.0,100.0,7853.98,135.0,39.431644,-103.459198
3050773,CO,Lincoln County,Limon III,2014.0,1700.0,85.0,100.0,7853.98,135.0,39.427132,-103.475037
3051182,CO,Lincoln County,Limon III,2014.0,1700.0,85.0,100.0,7853.98,135.0,39.320152,-103.277214
3051011,CO,Lincoln County,Limon III,2014.0,1700.0,85.0,100.0,7853.98,135.0,39.330185,-103.381241
3051061,CO,Lincoln County,Limon III,2014.0,1700.0,85.0,100.0,7853.98,135.0,39.309433,-103.394882
3050885,CO,Lincoln County,Limon III,2014.0,1700.0,85.0,100.0,7853.98,135.0,39.377224,-103.457283
3050912,CO,Lincoln County,Limon III,2014.0,1700.0,85.0,100.0,7853.98,135.0,39.372784,-103.395714
3050880,CO,Lincoln County,Limon III,2014.0,1700.0,85.0,100.0,7853.98,135.0,39.424324,-103.388504
3050879,CO,Lincoln County,Limon III,2014.0,1700.0,85.0,100.0,7853.98,135.0,39.424812,-103.396233
3051002,CO,Lincoln County,Limon III,2014.0,1700.0,85.0,100.0,7853.98,135.0,39.363075,-103.354584
3050954,CO,Lincoln County,Limon III,2014.0,1700.0,85.0,100.0,7853.98,135.0,39.385414,-103.362991
3050999,CO,Lincoln County,Limon III,2014.0,1700.0,85.0,100.0,7853.98,135.0,39.358753,-103.376099
3050878,CO,Lincoln County,Limon III,2014.0,1700.0,85.0,100.0,7853.98,135.0,39.422115,-103.403221
3113460,IL,Morgan County,Lincoln Land,2021.0,2820.0,114.0,127.0,12667.69,177.4,39.775753,-90.029259
3113893,IL,Morgan County,Lincoln Land,2021.0,2820.0,114.0,127.0,12667.69,177.4,39.753498,-89.987846
3114828,IL,Morgan County,Lincoln Land,2021.0,2820.0,114.0,127.0,12667.69,177.4,39.759586,-89.987823
3117304,IL,Morgan County,Lincoln Land,2021.0,2820.0,114.0,127.0,12667.69,177.4,39.630901,-90.099823
3114451,IL,Morgan County,Lincoln Land,2021.0,2820.0,114.0,127.0,12667.69,177.4,39.744091,-90.024651
3113945,IL,Morgan County,Lincoln Land,2021.0,2820.0,114.0,127.0,12667.69,177.4,39.749668,-90.067589
3114806,IL,Morgan County,Lincoln Land,2021.0,2820.0,114.0,127.0,12667.69,177.4,39.751816,-90.022301
3117218,IL,Morgan County,Lincoln Land,2021.0,2820.0,114.0,127.0,12667.69,177.4,39.667679,-90.018997
3117434,IL,Morgan County,Lincoln Land,2021.0,2820.0,114.0,127.0,12667.69,177.4,39.64645,-90.097595
3114573,IL,Morgan County,Lincoln Land,2021.0,2820.0,114.0,127.0,12667.69,177.4,39.756207,-90.092316
3116481,IL,Morgan County,Lincoln Land,2021.0,2820.0,114.0,127.0,12667.69,177.4,39.650757,-89.972466
3115000,IL,Morgan County,Lincoln Land,2021.0,2820.0,114.0,127.0,12667.69,177.4,39.660709,-90.096809
3115052,IL,Morgan County,Lincoln Land,2021.0,2820.0,114.0,127.0,12667.69,177.4,39.755138,-89.996689
3117641,IL,Morgan County,Lincoln Land,2021.0,2820.0,114.0,127.0,12667.69,177.4,39.66951,-89.990845
3117801,IL,Morgan County,Lincoln Land,2021.0,2820.0,114.0,127.0,12667.69,177.4,39.64201,-90.089622
3116827,IL,Morgan County,Lincoln Land,2021.0,2820.0,114.0,127.0,12667.69,177.4,39.664745,-90.068214
3117992,IL,Morgan County,Lincoln Land,2021.0,2820.0,114.0,127.0,12667.69,177.4,39.640999,-90.146767
3114248,IL,Morgan County,Lincoln Land,2021.0,2820.0,114.0,127.0,12667.69,177.4,39.743397,-90.009628
3113189,IL,Morgan County,Lincoln Land,2021.0,2820.0,114.0,127.0,12667.69,177.4,39.768444,-89.992302
3117293,IL,Morgan County,Lincoln Land,2021.0,2820.0,114.0,127.0,12667.69,177.4,39.65617,-90.135674
3113795,IL,Morgan County,Lincoln Land,2021.0,2820.0,114.0,127.0,12667.69,177.4,39.652412,-90.087059
3118019,IL,Morgan County,Lincoln Land,2021.0,2820.0,114.0,127.0,12667.69,177.4,39.630875,-90.085587
3113468,IL,Morgan County,Lincoln Land,2021.0,2820.0,114.0,127.0,12667.69,177.4,39.776058,-90.016411
3117526,IL,Morgan County,Lincoln Land,2021.0,2820.0,114.0,127.0,12667.69,177.4,39.602657,-90.11142
3113157,IL,Morgan County,Lincoln Land,2021.0,2820.0,114.0,127.0,12667.69,177.4,39.776279,-89.999252
3117006,IL,Morgan County,Lincoln Land,2021.0,2820.0,114.0,127.0,12667.69,177.4,39.668507,-90.062508
3114075,IL,Morgan County,Lincoln Land,2021.0,2820.0,114.0,127.0,12667.69,177.4,39.746723,-89.990341
3117497,IL,Morgan County,Lincoln Land,2021.0,2820.0,114.0,127.0,12667.69,177.4,39.624451,-90.102882
3117953,IL,Morgan County,Lincoln Land,2021.0,2820.0,114.0,127.0,12667.69,177.4,39.648987,-89.9617
3113412,IL,Morgan County,Lincoln Land,2021.0,2820.0,114.0,127.0,12667.69,177.4,39.775703,-90.023872
3117593,IL,Morgan County,Lincoln Land,2021.0,2820.0,114.0,127.0,12667.69,177.4,39.631077,-90.127548
3114214,IL,Morgan County,Lincoln Land,2021.0,2820.0,114.0,127.0,12667.69,177.4,39.719002,-90.082008
3114227,IL,Morgan County,Lincoln Land,2021.0,2820.0,114.0,127.0,12667.69,177.4,39.749165,-90.054802
3113771,IL,Morgan County,Lincoln Land,2021.0,2820.0,114.0,127.0,12667.69,177.4,39.746643,-89.995453
3115058,IL,Morgan County,Lincoln Land,2021.0,2820.0,114.0,127.0,12667.69,177.4,39.748524,-89.999344
3117660,IL,Morgan County,Lincoln Land,2021.0,2820.0,114.0,127.0,12667.69,177.4,39.666367,-90.012703
3114656,IL,Morgan County,Lincoln Land,2021.0,2820.0,114.0,127.0,12667.69,177.4,39.664959,-90.047745
3113992,IL,Morgan County,Lincoln Land,2021.0,2820.0,114.0,127.0,12667.69,177.4,39.693218,-90.081856
3113324,IL,Morgan County,Lincoln Land,2021.0,2820.0,114.0,127.0,12667.69,177.4,39.770016,-90.028008
3114465,IL,Morgan County,Lincoln Land,2021.0,2820.0,114.0,127.0,12667.69,177.4,39.734489,-90.058395
3115080,IL,Morgan County,Lincoln Land,2021.0,2820.0,114.0,127.0,12667.69,177.4,39.70686,-90.086617
3113962,IL,Morgan County,Lincoln Land,2021.0,2820.0,114.0,127.0,12667.69,177.4,39.75499,-90.099045
3114781,IL,Morgan County,Lincoln Land,2021.0,2820.0,114.0,127.0,12667.69,177.4,39.714108,-90.060684
3116985,IL,Morgan County,Lincoln Land,2021.0,2820.0,114.0,127.0,12667.69,177.4,39.649441,-90.103172
3114083,IL,Morgan County,Lincoln Land,2021.0,2820.0,114.0,127.0,12667.69,177.4,39.751457,-90.09388
3114049,IL,Morgan County,Lincoln Land,2021.0,2820.0,114.0,127.0,12667.69,177.4,39.692509,-90.121216
3114360,IL,Morgan County,Lincoln Land,2021.0,2820.0,114.0,127.0,12667.69,177.4,39.703461,-90.090576
3113500,IL,Morgan County,Lincoln Land,2021.0,2820.0,114.0,127.0,12667.69,177.4,39.769321,-90.003181
3116670,IL,Morgan County,Lincoln Land,2021.0,2820.0,114.0,127.0,12667.69,177.4,39.640919,-90.160263
3114416,IL,Morgan County,Lincoln Land,2021.0,2820.0,114.0,127.0,12667.69,177.4,39.734009,-90.072144
3113767,IL,Morgan County,Lincoln Land,2021.0,2820.0,114.0,127.0,12667.69,177.4,39.746941,-90.076874
3113426,IL,Morgan County,Lincoln Land,2021.0,2820.0,114.0,127.0,12667.69,177.4,39.771057,-89.987984
3114225,IL,Morgan County,Lincoln Land,2021.0,2820.0,114.0,127.0,12667.69,177.4,39.659218,-90.103188
3115101,IL,Morgan County,Lincoln Land,2021.0,2820.0,114.0,127.0,12667.69,177.4,39.761894,-90.095871
3115095,IL,Morgan County,Lincoln Land,2021.0,2820.0,114.0,127.0,12667.69,177.4,39.662518,-90.106979
3114190,IL,Morgan County,Lincoln Land,2021.0,2820.0,114.0,127.0,12667.69,177.4,39.696609,-90.119308
3118092,IL,Morgan County,Lincoln Land,2021.0,2820.0,114.0,127.0,12667.69,177.4,39.647484,-90.147255
3113871,IL,Morgan County,Lincoln Land,2021.0,2820.0,114.0,127.0,12667.69,177.4,39.675835,-90.109138
3113209,IL,Morgan County,Lincoln Land,2021.0,2820.0,114.0,127.0,12667.69,177.4,39.776379,-90.006447
3117241,IL,Morgan County,Lincoln Land,2021.0,2820.0,114.0,127.0,12667.69,177.4,39.655209,-89.963516
3115046,IL,Morgan County,Lincoln Land,2021.0,2820.0,114.0,127.0,12667.69,177.4,39.744389,-90.091125
3114943,IL,Morgan County,Lincoln Land,2021.0,2820.0,114.0,127.0,12667.69,177.4,39.741692,-90.049904
3117445,IL,Morgan County,Lincoln Land,2021.0,2820.0,114.0,127.0,12667.69,177.4,39.640842,-90.154747
3114327,IL,Morgan County,Lincoln Land,2021.0,2820.0,114.0,127.0,12667.69,177.4,39.757332,-90.021797
3113920,IL,Morgan County,Lincoln Land,2021.0,2820.0,114.0,127.0,12667.69,177.4,39.728359,-90.058296
3114711,IL,Morgan County,Lincoln Land,2021.0,2820.0,114.0,127.0,12667.69,177.4,39.654667,-90.092369
3113932,IL,Morgan County,Lincoln Land,2021.0,2820.0,114.0,127.0,12667.69,177.4,39.754593,-90.048523
3113435,IL,Morgan County,Lincoln Land,2021.0,2820.0,114.0,127.0,12667.69,177.4,39.776241,-89.993164
3114459,IL,Morgan County,Lincoln Land,2021.0,2820.0,114.0,127.0,12667.69,177.4,39.655396,-90.078827
3114633,IL,Morgan County,Lincoln Land,2021.0,2820.0,114.0,127.0,12667.69,177.4,39.745728,-90.044823
3117616,IL,Morgan County,Lincoln Land,2021.0,2820.0,114.0,127.0,12667.69,177.4,39.638638,-90.113289
3117246,IL,Morgan County,Lincoln Land,2021.0,2820.0,114.0,127.0,12667.69,177.4,39.617725,-90.0755
3116824,IL,Morgan County,Lincoln Land,2021.0,2820.0,114.0,127.0,12667.69,177.4,39.62323,-90.10878
3115049,IL,Morgan County,Lincoln Land,2021.0,2820.0,114.0,127.0,12667.69,177.4,39.753376,-90.028175
3114352,IL,Morgan County,Lincoln Land,2021.0,2820.0,114.0,127.0,12667.69,177.4,39.654545,-90.097679
3116501,IL,Morgan County,Lincoln Land,2021.0,2820.0,114.0,127.0,12667.69,177.4,39.666721,-90.0821
3118107,IL,Morgan County,Lincoln Land,2021.0,2820.0,114.0,127.0,12667.69,177.4,39.663624,-89.981506
3114010,IL,Morgan County,Lincoln Land,2021.0,2820.0,114.0,127.0,12667.69,177.4,39.699532,-90.123993
3118153,IL,Morgan County,Lincoln Land,2021.0,2820.0,114.0,127.0,12667.69,177.4,39.62624,-90.113281
3114064,IL,Morgan County,Lincoln Land,2021.0,2820.0,114.0,127.0,12667.69,177.4,39.750961,-89.992493
3117252,IL,Morgan County,Lincoln Land,2021.0,2820.0,114.0,127.0,12667.69,177.4,39.626625,-90.084648
3115096,IL,Morgan County,Lincoln Land,2021.0,2820.0,114.0,127.0,12667.69,177.4,39.67194,-90.108543
3117658,IL,Morgan County,Lincoln Land,2021.0,2820.0,114.0,127.0,12667.69,177.4,39.609184,-90.108528
3113806,IL,Morgan County,Lincoln Land,2021.0,2820.0,114.0,127.0,12667.69,177.4,39.751785,-90.075951
3114745,IL,Morgan County,Lincoln Land,2021.0,2820.0,114.0,127.0,12667.69,177.4,39.721714,-90.086105
3117550,IL,Morgan County,Lincoln Land,2021.0,2820.0,114.0,127.0,12667.69,177.4,39.652943,-90.07119
3116765,IL,Morgan County,Lincoln Land,2021.0,2820.0,114.0,127.0,12667.69,177.4,39.680923,-90.011871
3116605,IL,Morgan County,Lincoln Land,2021.0,2820.0,114.0,127.0,12667.69,177.4,39.622166,-90.079185
3117225,IL,Morgan County,Lincoln Land,2021.0,2820.0,114.0,127.0,12667.69,177.4,39.631229,-90.137306
3117523,IL,Morgan County,Lincoln Land,2021.0,2820.0,114.0,127.0,12667.69,177.4,39.634155,-90.103806
3116642,IL,Morgan County,Lincoln Land,2021.0,2820.0,114.0,127.0,12667.69,177.4,39.628239,-90.108894
3116955,IL,Morgan County,Lincoln Land,2021.0,2820.0,114.0,127.0,12667.69,177.4,39.646664,-90.067833
3113935,IL,Morgan County,Lincoln Land,2021.0,2820.0,114.0,127.0,12667.69,177.4,39.718552,-90.062523
3113587,IL,Morgan County,Lincoln Land,2021.0,2820.0,114.0,127.0,12667.69,177.4,39.771271,-89.998222
3113691,IL,Morgan County,Lincoln Land,2021.0,2820.0,114.0,127.0,12667.69,177.4,39.760414,-90.100479
3115016,IL,Morgan County,Lincoln Land,2021.0,2820.0,114.0,127.0,12667.69,177.4,39.751038,-90.08667
3116590,IL,Morgan County,Lincoln Land,2021.0,2820.0,114.0,127.0,12667.69,177.4,39.670326,-89.997688
3113401,IL,Morgan County,Lincoln Land,2021.0,2820.0,114.0,127.0,12667.69,177.4,39.776249,-89.987976
3118048,IL,Morgan County,Lincoln Land,2021.0,2820.0,114.0,127.0,12667.69,177.4,39.649242,-90.114006
3117601,IL,Morgan County,Lincoln Land,2021.0,2820.0,114.0,127.0,12667.69,177.4,39.641911,-90.124954
3117984,IL,Morgan County,Lincoln Land,2021.0,2820.0,114.0,127.0,12667.69,177.4,39.65453,-90.033768
3117554,IL,Morgan County,Lincoln Land,2021.0,2820.0,114.0,127.0,12667.69,177.4,39.666786,-90.075439
3116758,IL,Morgan County,Lincoln Land,2021.0,2820.0,114.0,127.0,12667.69,177.4,39.670708,-90.01281
3116803,IL,Morgan County,Lincoln Land,2021.0,2820.0,114.0,127.0,12667.69,177.4,39.653267,-90.141357
3117569,IL,Morgan County,Lincoln Land,2021.0,2820.0,114.0,127.0,12667.69,177.4,39.609631,-90.091835
3115020,IL,Morgan County,Lincoln Land,2021.0,2820.0,114.0,127.0,12667.69,177.4,39.744835,-90.002899
3113596,IL,Morgan County,Lincoln Land,2021.0,2820.0,114.0,127.0,12667.69,177.4,39.767178,-90.023483
3097637,IL,Bureau County,Lone Tree,2020.0,2800.0,89.0,127.0,12667.69,152.4,41.206108,-89.585228
3108002,IL,Bureau County,Lone Tree,2020.0,2800.0,89.0,127.0,12667.69,152.4,41.213341,-89.589478
3097295,IL,Bureau County,Lone Tree,2020.0,2800.0,89.0,127.0,12667.69,152.4,41.239231,-89.593147
3105966,IL,Bureau County,Lone Tree,2020.0,2800.0,89.0,127.0,12667.69,152.4,41.208332,-89.614265
3097787,IL,Bureau County,Lone Tree,2020.0,2800.0,89.0,127.0,12667.69,152.4,41.206364,-89.570885
3106541,IL,Bureau County,Lone Tree,2020.0,2800.0,89.0,127.0,12667.69,152.4,41.201332,-89.587402
3097097,IL,Bureau County,Lone Tree,2020.0,2300.0,90.0,116.0,10568.32,148.1,41.196918,-89.611679
3108531,IL,Bureau County,Lone Tree,2020.0,2800.0,89.0,127.0,12667.69,152.4,41.196316,-89.618622
3108004,IL,Bureau County,Lone Tree,2020.0,2800.0,89.0,127.0,12667.69,152.4,41.230129,-89.585495
3106891,IL,Bureau County,Lone Tree,2020.0,2800.0,89.0,127.0,12667.69,152.4,41.21225,-89.575478
3097401,IL,Bureau County,Lone Tree,2020.0,2300.0,90.0,116.0,10568.32,148.1,41.172333,-89.627899
3097166,IL,Bureau County,Lone Tree,2020.0,2800.0,89.0,127.0,12667.69,152.4,41.246792,-89.597473
3107151,IL,Bureau County,Lone Tree,2020.0,2800.0,89.0,127.0,12667.69,152.4,41.204899,-89.628258
3097659,IL,Bureau County,Lone Tree,2020.0,2800.0,89.0,127.0,12667.69,152.4,41.225082,-89.586884
3108003,IL,Bureau County,Lone Tree,2020.0,2800.0,89.0,127.0,12667.69,152.4,41.219261,-89.605453
3097226,IL,Bureau County,Lone Tree,2020.0,2300.0,90.0,116.0,10568.32,148.1,41.195049,-89.604622
3106455,IL,Bureau County,Lone Tree,2020.0,2800.0,89.0,127.0,12667.69,152.4,41.188423,-89.628014
3106587,IL,Bureau County,Lone Tree,2020.0,2800.0,89.0,127.0,12667.69,152.4,41.217464,-89.576424
3107122,IL,Bureau County,Lone Tree,2020.0,2800.0,89.0,127.0,12667.69,152.4,41.187954,-89.604637
3107211,IL,Bureau County,Lone Tree,2020.0,2800.0,89.0,127.0,12667.69,152.4,41.207809,-89.590714
3107470,IL,Bureau County,Lone Tree,2020.0,2800.0,89.0,127.0,12667.69,152.4,41.205109,-89.609016
3107025,IL,Bureau County,Lone Tree,2020.0,2800.0,89.0,127.0,12667.69,152.4,41.201481,-89.604584
3107889,IL,Bureau County,Lone Tree,2020.0,2800.0,89.0,127.0,12667.69,152.4,41.212093,-89.60453
3097473,IL,Bureau County,Lone Tree,2020.0,2800.0,89.0,127.0,12667.69,152.4,41.216213,-89.597916
3108431,IL,Bureau County,Lone Tree,2020.0,2800.0,89.0,127.0,12667.69,152.4,41.202202,-89.615143
3097276,IL,Bureau County,Lone Tree,2020.0,2800.0,89.0,127.0,12667.69,152.4,41.206013,-89.597816
3105743,IL,Bureau County,Lone Tree,2020.0,2800.0,89.0,127.0,12667.69,152.4,41.244698,-89.591568
3097182,IL,Bureau County,Lone Tree,2020.0,2800.0,89.0,127.0,12667.69,152.4,41.1978,-89.627136
3097275,IL,Bureau County,Lone Tree,2020.0,2800.0,89.0,127.0,12667.69,152.4,41.200668,-89.594604
3107209,IL,Bureau County,Lone Tree,2020.0,2800.0,89.0,127.0,12667.69,152.4,41.18298,-89.625938
3105689,IL,Bureau County,Lone Tree,2020.0,2800.0,89.0,127.0,12667.69,152.4,41.229465,-89.592682
3106270,IL,Bureau County,Lone Tree,2020.0,2800.0,89.0,127.0,12667.69,152.4,41.21204,-89.618698
3072608,IL,Champaign County,MUTI,2010.0,100.0,,,,,40.1502,-88.29142
3038416,IL,Kankakee County,MUTI Wind Turbine,2010.0,50.0,,,,,41.09539,-87.851395
3021743,NY,Madison County,Madison Windpower,2000.0,1650.0,67.0,66.0,3421.19,100.0,42.892891,-75.4534
3021745,NY,Madison County,Madison Windpower,2000.0,1650.0,67.0,66.0,3421.19,100.0,42.89719,-75.455399
3021746,NY,Madison County,Madison Windpower,2000.0,1650.0,67.0,66.0,3421.19,100.0,42.896893,-75.452995
3021747,NY,Madison County,Madison Windpower,2000.0,1650.0,67.0,66.0,3421.19,100.0,42.896191,-75.450096
3021749,NY,Madison County,Madison Windpower,2000.0,1650.0,67.0,66.0,3421.19,100.0,42.89259,-75.447395
3021748,NY,Madison County,Madison Windpower,2000.0,1650.0,67.0,66.0,3421.19,100.0,42.894489,-75.447495
3021744,NY,Madison County,Madison Windpower,2000.0,1650.0,67.0,66.0,3421.19,100.0,42.894192,-75.457497
3015502,NY,Lewis County,Maple Ridge,2006.0,1650.0,80.0,82.0,5281.02,121.0,43.76849,-75.552399
3063222,NY,Lewis County,Maple Ridge,2006.0,1650.0,80.0,82.0,5281.02,121.0,43.807091,-75.668396
3015551,NY,Lewis County,Maple Ridge,2006.0,1650.0,80.0,82.0,5281.02,121.0,43.721092,-75.517799
3017633,NY,Lewis County,Maple Ridge,2006.0,1650.0,80.0,82.0,5281.02,121.0,43.76609,-75.572296
3015480,NY,Lewis County,Maple Ridge,2006.0,1650.0,80.0,82.0,5281.02,121.0,43.783291,-75.566597
3015510,NY,Lewis County,Maple Ridge,2006.0,1650.0,80.0,82.0,5281.02,121.0,43.74649,-75.556801
3015500,NY,Lewis County,Maple Ridge,2006.0,1650.0,80.0,82.0,5281.02,121.0,43.758392,-75.549095
3015537,NY,Lewis County,Maple Ridge,2006.0,1650.0,80.0,82.0,5281.02,121.0,43.73769,-75.576897
3015519,NY,Lewis County,Maple Ridge,2006.0,1650.0,80.0,82.0,5281.02,121.0,43.736389,-75.554199
3015563,NY,Lewis County,Maple Ridge,2006.0,1650.0,80.0,82.0,5281.02,121.0,43.697891,-75.513695
3015560,NY,Lewis County,Maple Ridge,2006.0,1650.0,80.0,82.0,5281.02,121.0,43.70229,-75.533401
3015508,NY,Lewis County,Maple Ridge,2006.0,1650.0,80.0,82.0,5281.02,121.0,43.74939,-75.561401
3015581,NY,Lewis County,Maple Ridge,2006.0,1650.0,80.0,82.0,5281.02,121.0,43.779091,-75.572197
3015556,NY,Lewis County,Maple Ridge,2006.0,1650.0,80.0,82.0,5281.02,121.0,43.712692,-75.503494
3015557,NY,Lewis County,Maple Ridge,2006.0,1650.0,80.0,82.0,5281.02,121.0,43.71109,-75.519096
3015511,NY,Lewis County,Maple Ridge,2006.0,1650.0,80.0,82.0,5281.02,121.0,43.751591,-75.550995
3015541,NY,Lewis County,Maple Ridge,2006.0,1650.0,80.0,82.0,5281.02,121.0,43.720791,-75.560196
3015495,NY,Lewis County,Maple Ridge,2006.0,1650.0,80.0,82.0,5281.02,121.0,43.757992,-75.568794
3015497,NY,Lewis County,Maple Ridge,2006.0,1650.0,80.0,82.0,5281.02,121.0,43.762489,-75.559502
3015562,NY,Lewis County,Maple Ridge,2006.0,1650.0,80.0,82.0,5281.02,121.0,43.699593,-75.521194
3015512,NY,Lewis County,Maple Ridge,2006.0,1650.0,80.0,82.0,5281.02,121.0,43.750191,-75.548698
3015517,NY,Lewis County,Maple Ridge,2006.0,1650.0,80.0,82.0,5281.02,121.0,43.73959,-75.559998
3015629,NY,Lewis County,Maple Ridge,2006.0,1650.0,80.0,82.0,5281.02,121.0,43.77359,-75.562996
3015505,NY,Lewis County,Maple Ridge,2006.0,1650.0,80.0,82.0,5281.02,121.0,43.76099,-75.541901
3015513,NY,Lewis County,Maple Ridge,2006.0,1650.0,80.0,82.0,5281.02,121.0,43.748791,-75.546196
3015516,NY,Lewis County,Maple Ridge,2006.0,1650.0,80.0,82.0,5281.02,121.0,43.746693,-75.5308
3015628,NY,Lewis County,Maple Ridge,2006.0,1650.0,80.0,82.0,5281.02,121.0,43.772892,-75.570396
3015554,NY,Lewis County,Maple Ridge,2006.0,1650.0,80.0,82.0,5281.02,121.0,43.71629,-75.510101
3015564,NY,Lewis County,Maple Ridge,2006.0,1650.0,80.0,82.0,5281.02,121.0,43.696091,-75.511299
3015529,NY,Lewis County,Maple Ridge,2006.0,1650.0,80.0,82.0,5281.02,121.0,43.731892,-75.543396
3015514,NY,Lewis County,Maple Ridge,2006.0,1650.0,80.0,82.0,5281.02,121.0,43.750191,-75.537895
3015550,NY,Lewis County,Maple Ridge,2006.0,1650.0,80.0,82.0,5281.02,121.0,43.722893,-75.507698
3015494,NY,Lewis County,Maple Ridge,2006.0,1650.0,80.0,82.0,5281.02,121.0,43.759491,-75.576897
3015492,NY,Lewis County,Maple Ridge,2006.0,1650.0,80.0,82.0,5281.02,121.0,43.763191,-75.578995
3015580,NY,Lewis County,Maple Ridge,2006.0,1650.0,80.0,82.0,5281.02,121.0,43.724392,-75.5252
3015488,NY,Lewis County,Maple Ridge,2006.0,1650.0,80.0,82.0,5281.02,121.0,43.775692,-75.584099
3015565,NY,Lewis County,Maple Ridge,2006.0,1650.0,80.0,82.0,5281.02,121.0,43.69529,-75.507599
3015490,NY,Lewis County,Maple Ridge,2006.0,1650.0,80.0,82.0,5281.02,121.0,43.766792,-75.583595
3015578,NY,Lewis County,Maple Ridge,2006.0,1650.0,80.0,82.0,5281.02,121.0,43.69569,-75.526794
3015525,NY,Lewis County,Maple Ridge,2006.0,1650.0,80.0,82.0,5281.02,121.0,43.743591,-75.540298
3015486,NY,Lewis County,Maple Ridge,2006.0,1650.0,80.0,82.0,5281.02,121.0,43.78009,-75.5774
3015546,NY,Lewis County,Maple Ridge,2006.0,1650.0,80.0,82.0,5281.02,121.0,43.724991,-75.528999
3015499,NY,Lewis County,Maple Ridge,2006.0,1650.0,80.0,82.0,5281.02,121.0,43.759792,-75.552399
3015587,NY,Lewis County,Maple Ridge,2006.0,1650.0,80.0,82.0,5281.02,121.0,43.78479,-75.569
3015588,NY,Lewis County,Maple Ridge,2006.0,1650.0,80.0,82.0,5281.02,121.0,43.731091,-75.563095
3015555,NY,Lewis County,Maple Ridge,2006.0,1650.0,80.0,82.0,5281.02,121.0,43.715191,-75.5075
3015515,NY,Lewis County,Maple Ridge,2006.0,1650.0,80.0,82.0,5281.02,121.0,43.74799,-75.534401
3015542,NY,Lewis County,Maple Ridge,2006.0,1650.0,80.0,82.0,5281.02,121.0,43.716492,-75.554695
3015501,NY,Lewis County,Maple Ridge,2006.0,1650.0,80.0,82.0,5281.02,121.0,43.771191,-75.5588
3015593,NY,Lewis County,Maple Ridge,2006.0,1650.0,80.0,82.0,5281.02,121.0,43.795692,-75.583199
3015518,NY,Lewis County,Maple Ridge,2006.0,1650.0,80.0,82.0,5281.02,121.0,43.737789,-75.558197
3015534,NY,Lewis County,Maple Ridge,2006.0,1650.0,80.0,82.0,5281.02,121.0,43.730392,-75.537498
3015503,NY,Lewis County,Maple Ridge,2006.0,1650.0,80.0,82.0,5281.02,121.0,43.76659,-75.549194
3015584,NY,Lewis County,Maple Ridge,2006.0,1650.0,80.0,82.0,5281.02,121.0,43.77039,-75.555901
3015540,NY,Lewis County,Maple Ridge,2006.0,1650.0,80.0,82.0,5281.02,121.0,43.722191,-75.5625
3140920,NY,Lewis County,Maple Ridge,2006.0,1650.0,80.0,82.0,5281.02,121.0,43.723385,-75.549355
3015627,NY,Lewis County,Maple Ridge,2006.0,1650.0,80.0,82.0,5281.02,121.0,43.779991,-75.563797
3015552,NY,Lewis County,Maple Ridge,2006.0,1650.0,80.0,82.0,5281.02,121.0,43.719292,-75.5149
3015524,NY,Lewis County,Maple Ridge,2006.0,1650.0,80.0,82.0,5281.02,121.0,43.744892,-75.543594
3015522,NY,Lewis County,Maple Ridge,2006.0,1650.0,80.0,82.0,5281.02,121.0,43.73959,-75.548096
3015507,NY,Lewis County,Maple Ridge,2006.0,1650.0,80.0,82.0,5281.02,121.0,43.750893,-75.567001
3015547,NY,Lewis County,Maple Ridge,2006.0,1650.0,80.0,82.0,5281.02,121.0,43.723892,-75.521301
3015577,NY,Lewis County,Maple Ridge,2006.0,1650.0,80.0,82.0,5281.02,121.0,43.715591,-75.527298
3015485,NY,Lewis County,Maple Ridge,2006.0,1650.0,80.0,82.0,5281.02,121.0,43.78109,-75.579994
3015530,NY,Lewis County,Maple Ridge,2006.0,1650.0,80.0,82.0,5281.02,121.0,43.731091,-75.540497
3015549,NY,Lewis County,Maple Ridge,2006.0,1650.0,80.0,82.0,5281.02,121.0,43.724491,-75.5103
3015583,NY,Lewis County,Maple Ridge,2006.0,1650.0,80.0,82.0,5281.02,121.0,43.77919,-75.588997
3015531,NY,Lewis County,Maple Ridge,2006.0,1650.0,80.0,82.0,5281.02,121.0,43.735191,-75.533798
3015548,NY,Lewis County,Maple Ridge,2006.0,1650.0,80.0,82.0,5281.02,121.0,43.726089,-75.513802
3015535,NY,Lewis County,Maple Ridge,2006.0,1650.0,80.0,82.0,5281.02,121.0,43.740589,-75.583298
3015538,NY,Lewis County,Maple Ridge,2006.0,1650.0,80.0,82.0,5281.02,121.0,43.73679,-75.573097
3015539,NY,Lewis County,Maple Ridge,2006.0,1650.0,80.0,82.0,5281.02,121.0,43.735291,-75.570801
3075449,NY,Lewis County,Maple Ridge,2006.0,1650.0,80.0,82.0,5281.02,121.0,43.768127,-75.575317
3015576,NY,Lewis County,Maple Ridge,2006.0,1650.0,80.0,82.0,5281.02,121.0,43.772591,-75.594398
3015520,NY,Lewis County,Maple Ridge,2006.0,1650.0,80.0,82.0,5281.02,121.0,43.744091,-75.552101
3015478,NY,Lewis County,Maple Ridge,2006.0,1650.0,80.0,82.0,5281.02,121.0,43.789291,-75.576599
3015589,NY,Lewis County,Maple Ridge,2006.0,1650.0,80.0,82.0,5281.02,121.0,43.758892,-75.573601
3015553,NY,Lewis County,Maple Ridge,2006.0,1650.0,80.0,82.0,5281.02,121.0,43.71759,-75.512901
3015545,NY,Lewis County,Maple Ridge,2006.0,1650.0,80.0,82.0,5281.02,121.0,43.727291,-75.530296
3015493,NY,Lewis County,Maple Ridge,2006.0,1650.0,80.0,82.0,5281.02,121.0,43.758392,-75.583801
3015544,NY,Lewis County,Maple Ridge,2006.0,1650.0,80.0,82.0,5281.02,121.0,43.720291,-75.534599
3015479,NY,Lewis County,Maple Ridge,2006.0,1650.0,80.0,82.0,5281.02,121.0,43.788292,-75.573395
3015491,NY,Lewis County,Maple Ridge,2006.0,1650.0,80.0,82.0,5281.02,121.0,43.764393,-75.582298
3015528,NY,Lewis County,Maple Ridge,2006.0,1650.0,80.0,82.0,5281.02,121.0,43.732693,-75.546394
3015487,NY,Lewis County,Maple Ridge,2006.0,1650.0,80.0,82.0,5281.02,121.0,43.771992,-75.5914
3015594,NY,Lewis County,Maple Ridge,2006.0,1650.0,80.0,82.0,5281.02,121.0,43.794991,-75.579399
3015521,NY,Lewis County,Maple Ridge,2006.0,1650.0,80.0,82.0,5281.02,121.0,43.741291,-75.550301
3015527,NY,Lewis County,Maple Ridge,2006.0,1650.0,80.0,82.0,5281.02,121.0,43.737392,-75.536697
3015585,NY,Lewis County,Maple Ridge,2006.0,1650.0,80.0,82.0,5281.02,121.0,43.773891,-75.596901
3015592,NY,Lewis County,Maple Ridge,2006.0,1650.0,80.0,82.0,5281.02,121.0,43.79649,-75.586098
3015506,NY,Lewis County,Maple Ridge,2006.0,1650.0,80.0,82.0,5281.02,121.0,43.757992,-75.538498
3015543,NY,Lewis County,Maple Ridge,2006.0,1650.0,80.0,82.0,5281.02,121.0,43.724689,-75.538399
3015536,NY,Lewis County,Maple Ridge,2006.0,1650.0,80.0,82.0,5281.02,121.0,43.738792,-75.579994
3015532,NY,Lewis County,Maple Ridge,2006.0,1650.0,80.0,82.0,5281.02,121.0,43.733589,-75.531502
3015498,NY,Lewis County,Maple Ridge,2006.0,1650.0,80.0,82.0,5281.02,121.0,43.761089,-75.556999
3015561,NY,Lewis County,Maple Ridge,2006.0,1650.0,80.0,82.0,5281.02,121.0,43.70129,-75.523895
3015559,NY,Lewis County,Maple Ridge,2006.0,1650.0,80.0,82.0,5281.02,121.0,43.704189,-75.513
3015484,NY,Lewis County,Maple Ridge,2006.0,1650.0,80.0,82.0,5281.02,121.0,43.77689,-75.5867
3015579,NY,Lewis County,Maple Ridge,2006.0,1650.0,80.0,82.0,5281.02,121.0,43.714291,-75.524696
3015533,NY,Lewis County,Maple Ridge,2006.0,1650.0,80.0,82.0,5281.02,121.0,43.735291,-75.525696
3015523,NY,Lewis County,Maple Ridge,2006.0,1650.0,80.0,82.0,5281.02,121.0,43.737991,-75.545898
3062869,NY,Lewis County,Maple Ridge,2006.0,1650.0,80.0,82.0,5281.02,121.0,43.79179,-75.635796
3015489,NY,Lewis County,Maple Ridge,2006.0,1650.0,80.0,82.0,5281.02,121.0,43.771492,-75.578499
3015591,NY,Lewis County,Maple Ridge,2006.0,1650.0,80.0,82.0,5281.02,121.0,43.797192,-75.589096
3015582,NY,Lewis County,Maple Ridge,2006.0,1650.0,80.0,82.0,5281.02,121.0,43.774193,-75.581795
3015509,NY,Lewis County,Maple Ridge,2006.0,1650.0,80.0,82.0,5281.02,121.0,43.748093,-75.5588
3015496,NY,Lewis County,Maple Ridge,2006.0,1650.0,80.0,82.0,5281.02,121.0,43.757591,-75.565399
3015526,NY,Lewis County,Maple Ridge,2006.0,1650.0,80.0,82.0,5281.02,121.0,43.741692,-75.531601
3015504,NY,Lewis County,Maple Ridge,2006.0,1650.0,80.0,82.0,5281.02,121.0,43.76289,-75.545097
3015558,NY,Lewis County,Maple Ridge,2006.0,1650.0,80.0,82.0,5281.02,121.0,43.706291,-75.515297
3015626,NY,Lewis County,Maple Ridge,2006.0,1650.0,80.0,82.0,5281.02,121.0,43.778992,-75.561096
3015586,NY,Lewis County,Maple Ridge,2006.0,1650.0,80.0,82.0,5281.02,121.0,43.786289,-75.571297
3015622,NY,Lewis County,Maple Ridge (Lowville),2005.0,1650.0,80.0,82.0,5281.02,121.0,43.80349,-75.629997
3015618,NY,Lewis County,Maple Ridge (Lowville),2005.0,1650.0,80.0,82.0,5281.02,121.0,43.811691,-75.679199
3017640,NY,Lewis County,Maple Ridge (Lowville),2005.0,1650.0,80.0,82.0,5281.02,121.0,43.811489,-75.603798
3015610,NY,Lewis County,Maple Ridge (Lowville),2005.0,1650.0,80.0,82.0,5281.02,121.0,43.81879,-75.599701
3017647,NY,Lewis County,Maple Ridge (Lowville),2005.0,1650.0,80.0,82.0,5281.02,121.0,43.806091,-75.591896
3015567,NY,Lewis County,Maple Ridge (Lowville),2005.0,1650.0,80.0,82.0,5281.02,121.0,43.79229,-75.644402
3015613,NY,Lewis County,Maple Ridge (Lowville),2005.0,1650.0,80.0,82.0,5281.02,121.0,43.81889,-75.628296
3015611,NY,Lewis County,Maple Ridge (Lowville),2005.0,1650.0,80.0,82.0,5281.02,121.0,43.821491,-75.635597
3017630,NY,Lewis County,Maple Ridge (Lowville),2005.0,1650.0,80.0,82.0,5281.02,121.0,43.836189,-75.638
3017642,NY,Lewis County,Maple Ridge (Lowville),2005.0,1650.0,80.0,82.0,5281.02,121.0,43.808491,-75.626999
3015612,NY,Lewis County,Maple Ridge (Lowville),2005.0,1650.0,80.0,82.0,5281.02,121.0,43.82019,-75.630798
3017654,NY,Lewis County,Maple Ridge (Lowville),2005.0,1650.0,80.0,82.0,5281.02,121.0,43.80619,-75.633995
3015614,NY,Lewis County,Maple Ridge (Lowville),2005.0,1650.0,80.0,82.0,5281.02,121.0,43.81749,-75.614296
3015475,NY,Lewis County,Maple Ridge (Lowville),2005.0,1650.0,80.0,82.0,5281.02,121.0,43.79549,-75.6036
3015573,NY,Lewis County,Maple Ridge (Lowville),2005.0,1650.0,80.0,82.0,5281.02,121.0,43.779591,-75.618301
3015617,NY,Lewis County,Maple Ridge (Lowville),2005.0,1650.0,80.0,82.0,5281.02,121.0,43.816391,-75.6558
3015615,NY,Lewis County,Maple Ridge (Lowville),2005.0,1650.0,80.0,82.0,5281.02,121.0,43.816193,-75.6119
3015483,NY,Lewis County,Maple Ridge (Lowville),2005.0,1650.0,80.0,82.0,5281.02,121.0,43.78669,-75.602196
3015603,NY,Lewis County,Maple Ridge (Lowville),2005.0,1650.0,80.0,82.0,5281.02,121.0,43.82859,-75.639595
3015616,NY,Lewis County,Maple Ridge (Lowville),2005.0,1650.0,80.0,82.0,5281.02,121.0,43.81749,-75.667099
3017649,NY,Lewis County,Maple Ridge (Lowville),2005.0,1650.0,80.0,82.0,5281.02,121.0,43.831093,-75.612701
3015604,NY,Lewis County,Maple Ridge (Lowville),2005.0,1650.0,80.0,82.0,5281.02,121.0,43.827789,-75.634201
3017639,NY,Lewis County,Maple Ridge (Lowville),2005.0,1650.0,80.0,82.0,5281.02,121.0,43.81319,-75.6073
3015474,NY,Lewis County,Maple Ridge (Lowville),2005.0,1650.0,80.0,82.0,5281.02,121.0,43.797489,-75.608299
3017652,NY,Lewis County,Maple Ridge (Lowville),2005.0,1650.0,80.0,82.0,5281.02,121.0,43.806393,-75.647499
3017653,NY,Lewis County,Maple Ridge (Lowville),2005.0,1650.0,80.0,82.0,5281.02,121.0,43.807491,-75.650398
3017641,NY,Lewis County,Maple Ridge (Lowville),2005.0,1650.0,80.0,82.0,5281.02,121.0,43.81089,-75.617897
3015605,NY,Lewis County,Maple Ridge (Lowville),2005.0,1650.0,80.0,82.0,5281.02,121.0,43.822189,-75.620201
3015575,NY,Lewis County,Maple Ridge (Lowville),2005.0,1650.0,80.0,82.0,5281.02,121.0,43.775593,-75.613098
3014713,NY,Lewis County,Maple Ridge (Lowville),2005.0,1650.0,80.0,82.0,5281.02,121.0,43.809654,-75.655884
3015596,NY,Lewis County,Maple Ridge (Lowville),2005.0,1650.0,80.0,82.0,5281.02,121.0,43.79549,-75.621597
3015598,NY,Lewis County,Maple Ridge (Lowville),2005.0,1650.0,80.0,82.0,5281.02,121.0,43.808189,-75.653595
3015568,NY,Lewis County,Maple Ridge (Lowville),2005.0,1650.0,80.0,82.0,5281.02,121.0,43.780792,-75.642998
3015606,NY,Lewis County,Maple Ridge (Lowville),2005.0,1650.0,80.0,82.0,5281.02,121.0,43.820789,-75.617195
3015481,NY,Lewis County,Maple Ridge (Lowville),2005.0,1650.0,80.0,82.0,5281.02,121.0,43.790092,-75.611801
3015620,NY,Lewis County,Maple Ridge (Lowville),2005.0,1650.0,80.0,82.0,5281.02,121.0,43.810291,-75.641296
3015609,NY,Lewis County,Maple Ridge (Lowville),2005.0,1650.0,80.0,82.0,5281.02,121.0,43.82019,-75.602898
3017632,NY,Lewis County,Maple Ridge (Lowville),2005.0,1650.0,80.0,82.0,5281.02,121.0,43.805492,-75.6082
3015619,NY,Lewis County,Maple Ridge (Lowville),2005.0,1650.0,80.0,82.0,5281.02,121.0,43.80669,-75.678101
3017635,NY,Lewis County,Maple Ridge (Lowville),2005.0,1650.0,80.0,82.0,5281.02,121.0,43.809891,-75.601601
3015574,NY,Lewis County,Maple Ridge (Lowville),2005.0,1650.0,80.0,82.0,5281.02,121.0,43.77779,-75.615295
3017651,NY,Lewis County,Maple Ridge (Lowville),2005.0,1650.0,80.0,82.0,5281.02,121.0,43.80579,-75.666
3015624,NY,Lewis County,Maple Ridge (Lowville),2005.0,1650.0,80.0,82.0,5281.02,121.0,43.796989,-75.627296
3017643,NY,Lewis County,Maple Ridge (Lowville),2005.0,1650.0,80.0,82.0,5281.02,121.0,43.807392,-75.624298
3017636,NY,Lewis County,Maple Ridge (Lowville),2005.0,1650.0,80.0,82.0,5281.02,121.0,43.801792,-75.6129
3015607,NY,Lewis County,Maple Ridge (Lowville),2005.0,1650.0,80.0,82.0,5281.02,121.0,43.823692,-75.609695
3015621,NY,Lewis County,Maple Ridge (Lowville),2005.0,1650.0,80.0,82.0,5281.02,121.0,43.80909,-75.636696
3015476,NY,Lewis County,Maple Ridge (Lowville),2005.0,1650.0,80.0,82.0,5281.02,121.0,43.792992,-75.597
3015571,NY,Lewis County,Maple Ridge (Lowville),2005.0,1650.0,80.0,82.0,5281.02,121.0,43.781693,-75.625595
3017648,NY,Lewis County,Maple Ridge (Lowville),2005.0,1650.0,80.0,82.0,5281.02,121.0,43.803989,-75.588799
3062703,NY,Lewis County,Maple Ridge (Lowville),2005.0,1650.0,80.0,82.0,5281.02,121.0,43.82029,-75.590797
3015482,NY,Lewis County,Maple Ridge (Lowville),2005.0,1650.0,80.0,82.0,5281.02,121.0,43.78389,-75.610596
3017644,NY,Lewis County,Maple Ridge (Lowville),2005.0,1650.0,80.0,82.0,5281.02,121.0,43.802792,-75.6157
3015608,NY,Lewis County,Maple Ridge (Lowville),2005.0,1650.0,80.0,82.0,5281.02,121.0,43.822189,-75.606796
3015602,NY,Lewis County,Maple Ridge (Lowville),2005.0,1650.0,80.0,82.0,5281.02,121.0,43.82629,-75.596199
3015566,NY,Lewis County,Maple Ridge (Lowville),2005.0,1650.0,80.0,82.0,5281.02,121.0,43.793991,-75.648399
3062662,NY,Lewis County,Maple Ridge (Lowville),2005.0,1650.0,80.0,82.0,5281.02,121.0,43.809891,-75.588699
3015477,NY,Lewis County,Maple Ridge (Lowville),2005.0,1650.0,80.0,82.0,5281.02,121.0,43.790691,-75.594101
3017638,NY,Lewis County,Maple Ridge (Lowville),2005.0,1650.0,80.0,82.0,5281.02,121.0,43.825291,-75.627602
3015599,NY,Lewis County,Maple Ridge (Lowville),2005.0,1650.0,80.0,82.0,5281.02,121.0,43.827591,-75.603195
3015656,NY,Lewis County,Maple Ridge (Lowville),2005.0,1650.0,80.0,82.0,5281.02,121.0,43.80529,-75.621101
3017646,NY,Lewis County,Maple Ridge (Lowville),2005.0,1650.0,80.0,82.0,5281.02,121.0,43.808392,-75.599396
3015570,NY,Lewis County,Maple Ridge (Lowville),2005.0,1650.0,80.0,82.0,5281.02,121.0,43.785591,-75.629395
3010617,NY,Lewis County,Maple Ridge (Lowville),2005.0,1650.0,80.0,82.0,5281.02,121.0,43.82999,-75.610001
3015600,NY,Lewis County,Maple Ridge (Lowville),2005.0,1650.0,80.0,82.0,5281.02,121.0,43.835293,-75.6353
3015623,NY,Lewis County,Maple Ridge (Lowville),2005.0,1650.0,80.0,82.0,5281.02,121.0,43.809391,-75.614899
3015625,NY,Lewis County,Maple Ridge (Lowville),2005.0,1650.0,80.0,82.0,5281.02,121.0,43.810989,-75.658401
3015590,NY,Lewis County,Maple Ridge (Lowville),2005.0,1650.0,80.0,82.0,5281.02,121.0,43.802891,-75.605202
3015572,NY,Lewis County,Maple Ridge (Lowville),2005.0,1650.0,80.0,82.0,5281.02,121.0,43.785492,-75.617096
3015601,NY,Lewis County,Maple Ridge (Lowville),2005.0,1650.0,80.0,82.0,5281.02,121.0,43.82859,-75.606094
3017634,NY,Lewis County,Maple Ridge (Lowville),2005.0,1650.0,80.0,82.0,5281.02,121.0,43.814793,-75.609398
3017637,NY,Lewis County,Maple Ridge (Lowville),2005.0,1650.0,80.0,82.0,5281.02,121.0,43.826492,-75.630295
3015569,NY,Lewis County,Maple Ridge (Lowville),2005.0,1650.0,80.0,82.0,5281.02,121.0,43.779793,-75.640297
3017657,NY,Lewis County,Maple Ridge (Lowville),2005.0,1650.0,80.0,82.0,5281.02,121.0,43.805492,-75.643196
3017629,NY,Lewis County,Maple Ridge (Lowville),2005.0,1650.0,80.0,82.0,5281.02,121.0,43.80069,-75.594398
3017650,NY,Lewis County,Maple Ridge (Lowville),2005.0,1650.0,80.0,82.0,5281.02,121.0,43.801689,-75.601799
3015595,NY,Lewis County,Maple Ridge (Lowville),2005.0,1650.0,80.0,82.0,5281.02,121.0,43.795292,-75.568596
3017655,NY,Lewis County,Maple Ridge (Lowville),2005.0,1650.0,80.0,82.0,5281.02,121.0,43.797291,-75.637398
3062733,NY,Lewis County,Maple Ridge (Lowville),2005.0,1650.0,80.0,82.0,5281.02,121.0,43.837292,-75.6409
3017658,NY,Lewis County,Maple Ridge (Lowville),2005.0,1650.0,80.0,82.0,5281.02,121.0,43.804691,-75.6633
3017645,NY,Lewis County,Maple Ridge (Lowville),2005.0,1650.0,80.0,82.0,5281.02,121.0,43.808292,-75.612198
3100816,NY,Lewis County,Maple Ridge (Lowville),2005.0,1650.0,80.0,82.0,5281.02,121.0,43.803848,-75.618752
3124594,NY,Lewis County,Maple Ridge I,2006.0,1650.0,80.0,82.0,5281.02,121.0,43.791592,-75.627747
3035476,NY,Clinton County,Marble River,2012.0,3075.0,94.0,112.0,9852.03,150.0,44.988293,-73.913795
3035531,NY,Clinton County,Marble River,2012.0,3075.0,94.0,112.0,9852.03,150.0,44.995792,-73.903496
3035505,NY,Clinton County,Marble River,2012.0,3075.0,94.0,112.0,9852.03,150.0,44.903393,-73.951195
3035486,NY,Clinton County,Marble River,2012.0,3075.0,94.0,112.0,9852.03,150.0,44.96389,-73.929001
3035532,NY,Clinton County,Marble River,2012.0,3075.0,94.0,112.0,9852.03,150.0,44.88839,-73.941597
3035514,NY,Clinton County,Marble River,2012.0,3075.0,94.0,112.0,9852.03,150.0,44.879593,-73.958199
3035494,NY,Clinton County,Marble River,2012.0,3075.0,94.0,112.0,9852.03,150.0,44.926792,-73.9347
3035506,NY,Clinton County,Marble River,2012.0,3075.0,94.0,112.0,9852.03,150.0,44.901993,-73.919495
3035475,NY,Clinton County,Marble River,2012.0,3075.0,94.0,112.0,9852.03,150.0,44.99789,-73.922195
3035527,NY,Clinton County,Marble River,2012.0,3075.0,94.0,112.0,9852.03,150.0,44.944092,-73.921295
3035499,NY,Clinton County,Marble River,2012.0,3075.0,94.0,112.0,9852.03,150.0,44.91209,-73.929001
3035481,NY,Clinton County,Marble River,2012.0,3075.0,94.0,112.0,9852.03,150.0,44.973892,-73.940201
3035487,NY,Clinton County,Marble River,2012.0,3075.0,94.0,112.0,9852.03,150.0,44.961189,-73.971497
3042268,NY,Clinton County,Marble River,2012.0,3075.0,94.0,112.0,9852.03,150.0,44.923592,-73.923195
3035521,NY,Clinton County,Marble River,2012.0,3075.0,94.0,112.0,9852.03,150.0,44.875389,-73.989197
3035503,NY,Clinton County,Marble River,2012.0,3075.0,94.0,112.0,9852.03,150.0,44.903992,-73.942696
3035488,NY,Clinton County,Marble River,2012.0,3075.0,94.0,112.0,9852.03,150.0,44.954693,-73.965195
3042264,NY,Clinton County,Marble River,2012.0,3075.0,94.0,112.0,9852.03,150.0,44.895592,-73.913399
3035496,NY,Clinton County,Marble River,2012.0,3075.0,94.0,112.0,9852.03,150.0,44.918491,-73.9608
3035517,NY,Clinton County,Marble River,2012.0,3075.0,94.0,112.0,9852.03,150.0,44.88649,-73.9245
3035477,NY,Clinton County,Marble River,2012.0,3075.0,94.0,112.0,9852.03,150.0,44.983089,-73.925697
3035525,NY,Clinton County,Marble River,2012.0,3075.0,94.0,112.0,9852.03,150.0,44.986691,-73.923996
3035512,NY,Clinton County,Marble River,2012.0,3075.0,94.0,112.0,9852.03,150.0,44.939793,-73.957794
3035529,NY,Clinton County,Marble River,2012.0,3075.0,94.0,112.0,9852.03,150.0,44.887592,-73.950294
3035490,NY,Clinton County,Marble River,2012.0,3075.0,94.0,112.0,9852.03,150.0,44.933189,-73.9468
3034433,NY,Clinton County,Marble River,2012.0,3075.0,94.0,112.0,9852.03,150.0,44.868893,-73.940201
3042262,NY,Clinton County,Marble River,2012.0,3075.0,94.0,112.0,9852.03,150.0,44.89349,-73.940895
3035491,NY,Clinton County,Marble River,2012.0,3075.0,94.0,112.0,9852.03,150.0,44.931492,-73.962196
3035519,NY,Clinton County,Marble River,2012.0,3075.0,94.0,112.0,9852.03,150.0,44.885693,-73.978294
3035523,NY,Clinton County,Marble River,2012.0,3075.0,94.0,112.0,9852.03,150.0,44.976192,-73.929497
3035509,NY,Clinton County,Marble River,2012.0,3075.0,94.0,112.0,9852.03,150.0,44.92189,-73.963997
3035500,NY,Clinton County,Marble River,2012.0,3075.0,94.0,112.0,9852.03,150.0,44.911991,-73.958694
3035502,NY,Clinton County,Marble River,2012.0,3075.0,94.0,112.0,9852.03,150.0,44.906693,-73.920296
3035495,NY,Clinton County,Marble River,2012.0,3075.0,94.0,112.0,9852.03,150.0,44.921291,-73.924095
3035518,NY,Clinton County,Marble River,2012.0,3075.0,94.0,112.0,9852.03,150.0,44.885193,-73.971298
3035520,NY,Clinton County,Marble River,2012.0,3075.0,94.0,112.0,9852.03,150.0,44.882393,-73.978294
3035533,NY,Clinton County,Marble River,2012.0,3075.0,94.0,112.0,9852.03,150.0,44.87249,-73.922295
3035492,NY,Clinton County,Marble River,2012.0,3075.0,94.0,112.0,9852.03,150.0,44.931591,-73.936295
3035480,NY,Clinton County,Marble River,2012.0,3075.0,94.0,112.0,9852.03,150.0,44.896091,-73.907501
3042263,NY,Clinton County,Marble River,2012.0,3075.0,94.0,112.0,9852.03,150.0,44.87289,-73.939499
3035493,NY,Clinton County,Marble River,2012.0,3075.0,94.0,112.0,9852.03,150.0,44.929592,-73.922798
3035473,NY,Clinton County,Marble River,2012.0,3075.0,94.0,112.0,9852.03,150.0,44.998489,-73.912697
3035510,NY,Clinton County,Marble River,2012.0,3075.0,94.0,112.0,9852.03,150.0,44.929092,-73.9543
3035507,NY,Clinton County,Marble River,2012.0,3075.0,94.0,112.0,9852.03,150.0,44.901291,-73.9403
3035516,NY,Clinton County,Marble River,2012.0,3075.0,94.0,112.0,9852.03,150.0,44.884293,-73.940498
3035489,NY,Clinton County,Marble River,2012.0,3075.0,94.0,112.0,9852.03,150.0,44.935989,-73.952301
3035474,NY,Clinton County,Marble River,2012.0,3075.0,94.0,112.0,9852.03,150.0,44.99559,-73.911797
3035497,NY,Clinton County,Marble River,2012.0,3075.0,94.0,112.0,9852.03,150.0,44.915489,-73.959297
3035478,NY,Clinton County,Marble River,2012.0,3075.0,94.0,112.0,9852.03,150.0,44.978889,-73.917702
3034435,NY,Clinton County,Marble River,2012.0,3075.0,94.0,112.0,9852.03,150.0,44.871792,-73.946495
3035483,NY,Clinton County,Marble River,2012.0,3075.0,94.0,112.0,9852.03,150.0,44.973392,-73.968399
3035484,NY,Clinton County,Marble River,2012.0,3075.0,94.0,112.0,9852.03,150.0,44.97179,-73.925598
3042267,NY,Clinton County,Marble River,2012.0,3075.0,94.0,112.0,9852.03,150.0,44.981392,-73.9617
3034434,NY,Clinton County,Marble River,2012.0,3075.0,94.0,112.0,9852.03,150.0,44.86829,-73.946899
3035498,NY,Clinton County,Marble River,2012.0,3075.0,94.0,112.0,9852.03,150.0,44.914089,-73.935394
3035528,NY,Clinton County,Marble River,2012.0,3075.0,94.0,112.0,9852.03,150.0,44.94149,-73.919998
3035479,NY,Clinton County,Marble River,2012.0,3075.0,94.0,112.0,9852.03,150.0,44.98069,-73.941399
3035526,NY,Clinton County,Marble River,2012.0,3075.0,94.0,112.0,9852.03,150.0,44.946293,-73.926697
3035524,NY,Clinton County,Marble River,2012.0,3075.0,94.0,112.0,9852.03,150.0,44.979893,-73.927795
3035530,NY,Clinton County,Marble River,2012.0,3075.0,94.0,112.0,9852.03,150.0,44.911091,-73.938797
3035513,NY,Clinton County,Marble River,2012.0,3075.0,94.0,112.0,9852.03,150.0,44.94899,-73.946098
3035501,NY,Clinton County,Marble River,2012.0,3075.0,94.0,112.0,9852.03,150.0,44.910591,-73.950798
3042266,NY,Clinton County,Marble River,2012.0,3075.0,94.0,112.0,9852.03,150.0,44.991592,-73.903801
3035482,NY,Clinton County,Marble River,2012.0,3075.0,94.0,112.0,9852.03,150.0,44.97599,-73.941498
3035485,NY,Clinton County,Marble River,2012.0,3075.0,94.0,112.0,9852.03,150.0,44.961693,-73.938896
3035522,NY,Clinton County,Marble River,2012.0,3075.0,94.0,112.0,9852.03,150.0,44.88229,-73.925095
3035511,NY,Clinton County,Marble River,2012.0,3075.0,94.0,112.0,9852.03,150.0,44.926491,-73.923401
3035508,NY,Clinton County,Marble River,2012.0,3075.0,94.0,112.0,9852.03,150.0,44.90279,-73.932297
3035515,NY,Clinton County,Marble River,2012.0,3075.0,94.0,112.0,9852.03,150.0,44.87479,-73.922798
3035504,NY,Clinton County,Marble River,2012.0,3075.0,94.0,112.0,9852.03,150.0,44.900692,-73.948997
3049271,NY,Steuben County,Marsh Hill,2014.0,1620.0,80.0,103.0,8332.29,131.4,42.172871,-77.495827
3049227,NY,Steuben County,Marsh Hill,2014.0,1620.0,80.0,103.0,8332.29,131.4,42.179512,-77.520576
3049269,NY,Steuben County,Marsh Hill,2014.0,1620.0,80.0,103.0,8332.29,131.4,42.169941,-77.495834
3049385,NY,Steuben County,Marsh Hill,2014.0,1620.0,80.0,103.0,8332.29,131.4,42.181431,-77.49543
3049243,NY,Steuben County,Marsh Hill,2014.0,1620.0,80.0,103.0,8332.29,131.4,42.182682,-77.505524
3049388,NY,Steuben County,Marsh Hill,2014.0,1620.0,80.0,103.0,8332.29,131.4,42.172852,-77.514656
3049242,NY,Steuben County,Marsh Hill,2014.0,1620.0,80.0,103.0,8332.29,131.4,42.183773,-77.512444
3049273,NY,Steuben County,Marsh Hill,2014.0,1620.0,80.0,103.0,8332.29,131.4,42.177963,-77.499229
3049272,NY,Steuben County,Marsh Hill,2014.0,1620.0,80.0,103.0,8332.29,131.4,42.175323,-77.497574
3049387,NY,Steuben County,Marsh Hill,2014.0,1620.0,80.0,103.0,8332.29,131.4,42.17688,-77.508675
3091484,IL,Lee County,Mendota Hills Repowering,2019.0,2625.0,84.0,126.0,12468.98,146.9,41.705044,-89.055725
3091419,IL,Lee County,Mendota Hills Repowering,2019.0,2625.0,84.0,126.0,12468.98,146.9,41.71925,-89.059532
3089767,IL,Lee County,Mendota Hills Repowering,2019.0,2625.0,84.0,126.0,12468.98,146.9,41.730164,-89.044724
3089360,IL,Lee County,Mendota Hills Repowering,2019.0,2625.0,84.0,126.0,12468.98,146.9,41.719746,-89.0522
3091572,IL,Lee County,Mendota Hills Repowering,2019.0,2625.0,84.0,126.0,12468.98,146.9,41.736355,-89.05188
3091387,IL,Lee County,Mendota Hills Repowering,2019.0,2625.0,84.0,126.0,12468.98,146.9,41.705975,-89.040558
3089647,IL,Lee County,Mendota Hills Repowering,2019.0,2625.0,84.0,126.0,12468.98,146.9,41.7104,-89.077797
3091355,IL,Lee County,Mendota Hills Repowering,2019.0,2625.0,84.0,126.0,12468.98,146.9,41.737865,-89.041237
3091504,IL,Lee County,Mendota Hills Repowering,2019.0,2625.0,84.0,126.0,12468.98,146.9,41.745445,-89.02877
3091538,IL,Lee County,Mendota Hills Repowering,2019.0,2625.0,84.0,126.0,12468.98,146.9,41.751129,-89.046608
3088640,IL,Lee County,Mendota Hills Repowering,2019.0,2625.0,84.0,126.0,12468.98,146.9,41.71011,-89.070152
3089930,IL,Lee County,Mendota Hills Repowering,2019.0,2625.0,84.0,126.0,12468.98,146.9,41.714748,-89.041443
3092263,IL,Lee County,Mendota Hills Repowering,2019.0,2625.0,84.0,126.0,12468.98,146.9,41.725716,-89.036102
3091397,IL,Lee County,Mendota Hills Repowering,2019.0,2625.0,84.0,126.0,12468.98,146.9,41.711296,-89.045731
3089124,IL,Lee County,Mendota Hills Repowering,2019.0,2625.0,84.0,126.0,12468.98,146.9,41.711807,-89.060066
3089134,IL,Lee County,Mendota Hills Repowering,2019.0,2625.0,84.0,126.0,12468.98,146.9,41.698318,-89.070129
3092264,IL,Lee County,Mendota Hills Repowering,2019.0,2625.0,84.0,126.0,12468.98,146.9,41.73592,-89.060822
3091431,IL,Lee County,Mendota Hills Repowering,2019.0,2625.0,84.0,126.0,12468.98,146.9,41.74992,-89.041611
3089328,IL,Lee County,Mendota Hills Repowering,2019.0,2625.0,84.0,126.0,12468.98,146.9,41.721767,-89.041267
3090187,IL,Lee County,Mendota Hills Repowering,2019.0,2625.0,84.0,126.0,12468.98,146.9,41.729225,-89.052376
3089132,IL,Lee County,Mendota Hills Repowering,2019.0,2625.0,84.0,126.0,12468.98,146.9,41.702,-89.079216
3088608,IL,Lee County,Mendota Hills Repowering,2019.0,2625.0,84.0,126.0,12468.98,146.9,41.700886,-89.055244
3089135,IL,Lee County,Mendota Hills Repowering,2019.0,2625.0,84.0,126.0,12468.98,146.9,41.702782,-89.087761
3091441,IL,Lee County,Mendota Hills Repowering,2019.0,2625.0,84.0,126.0,12468.98,146.9,41.743385,-89.03952
3091428,IL,Lee County,Mendota Hills Repowering,2019.0,2625.0,84.0,126.0,12468.98,146.9,41.741928,-89.057205
3091390,IL,Lee County,Mendota Hills Repowering,2019.0,2625.0,84.0,126.0,12468.98,146.9,41.703705,-89.049393
3091323,IL,Lee County,Mendota Hills Repowering,2019.0,2625.0,84.0,126.0,12468.98,146.9,41.742935,-89.04641
3089126,IL,Lee County,Mendota Hills Repowering,2019.0,2625.0,84.0,126.0,12468.98,146.9,41.70657,-89.065445
3089131,IL,Lee County,Mendota Hills Repowering,2019.0,2625.0,84.0,126.0,12468.98,146.9,41.701027,-89.064766
3053439,IL,Cook County,Method Manufacturing Plant,2015.0,600.0,45.0,48.0,1809.56,68.9,41.698063,-87.601456
3127362,IL,Henry County,Midland Wind,2023.0,4300.0,105.0,150.0,17671.46,180.1,41.247105,-90.03479
3127511,IL,Henry County,Midland Wind,2023.0,4300.0,105.0,150.0,17671.46,180.1,41.337872,-89.983688
3127392,IL,Henry County,Midland Wind,2023.0,4300.0,105.0,150.0,17671.46,180.1,41.315681,-89.956345
3127496,IL,Henry County,Midland Wind,2023.0,4300.0,105.0,150.0,17671.46,180.1,41.341515,-89.976662
3127461,IL,Henry County,Midland Wind,2023.0,4300.0,105.0,150.0,17671.46,180.1,41.261639,-90.027916
3127446,IL,Henry County,Midland Wind,2023.0,4300.0,105.0,150.0,17671.46,180.1,41.222111,-90.05764
3127500,IL,Henry County,Midland Wind,2023.0,4300.0,105.0,150.0,17671.46,180.1,41.237652,-90.047508
3127348,IL,Henry County,Midland Wind,2023.0,4300.0,105.0,150.0,17671.46,180.1,41.258999,-90.01944
3127383,IL,Henry County,Midland Wind,2023.0,3800.0,105.0,136.0,14526.72,173.1,41.254189,-90.006561
3127355,IL,Henry County,Midland Wind,2023.0,4300.0,105.0,150.0,17671.46,180.1,41.319672,-89.976097
3127397,IL,Henry County,Midland Wind,2023.0,4300.0,105.0,150.0,17671.46,180.1,41.244534,-90.041985
3127313,IL,Henry County,Midland Wind,2023.0,3800.0,105.0,136.0,14526.72,173.1,41.237282,-90.027985
3129279,IL,Henry County,Midland Wind,2023.0,4300.0,105.0,150.0,17671.46,180.1,41.288349,-90.013275
3127310,IL,Henry County,Midland Wind,2023.0,4300.0,105.0,150.0,17671.46,180.1,41.234333,-90.037605
3127455,IL,Henry County,Midland Wind,2023.0,4300.0,105.0,150.0,17671.46,180.1,41.225368,-90.054115
3127422,IL,Henry County,Midland Wind,2023.0,3800.0,105.0,136.0,14526.72,173.1,41.268921,-90.008804
3127483,IL,Henry County,Midland Wind,2023.0,3800.0,105.0,136.0,14526.72,173.1,41.266396,-90.018456
3127368,IL,Henry County,Midland Wind,2023.0,4300.0,105.0,150.0,17671.46,180.1,41.326488,-89.957352
3127472,IL,Henry County,Midland Wind,2023.0,4300.0,105.0,150.0,17671.46,180.1,41.261097,-89.994095
3127346,IL,Henry County,Midland Wind,2023.0,4300.0,105.0,150.0,17671.46,180.1,41.327122,-89.978569
3127479,IL,Henry County,Midland Wind,2023.0,4300.0,105.0,150.0,17671.46,180.1,41.246685,-90.006111
3127395,IL,Henry County,Midland Wind,2023.0,4300.0,105.0,150.0,17671.46,180.1,41.315792,-89.968201
3127387,IL,Henry County,Midland Wind,2023.0,4300.0,105.0,150.0,17671.46,180.1,41.326401,-89.966507
3127366,IL,Henry County,Midland Wind,2023.0,4300.0,105.0,150.0,17671.46,180.1,41.247913,-90.018471
3127414,IL,Henry County,Midland Wind,2023.0,4300.0,105.0,150.0,17671.46,180.1,41.266552,-89.993881
3042983,IL,Woodford County,Minonk,2012.0,2000.0,100.0,90.0,6361.73,145.1,40.878391,-88.997498
3042672,IL,Woodford County,Minonk,2012.0,2000.0,100.0,90.0,6361.73,145.1,40.845093,-88.952095
3042526,IL,Woodford County,Minonk,2012.0,2000.0,100.0,90.0,6361.73,145.1,40.830994,-88.947395
3042705,IL,Woodford County,Minonk,2012.0,2000.0,100.0,90.0,6361.73,145.1,40.865391,-88.982193
3042696,IL,Woodford County,Minonk,2012.0,2000.0,100.0,90.0,6361.73,145.1,40.862591,-88.947296
3042969,IL,Woodford County,Minonk,2012.0,2000.0,100.0,90.0,6361.73,145.1,40.872593,-88.993393
3042693,IL,Woodford County,Minonk,2012.0,2000.0,100.0,90.0,6361.73,145.1,40.856892,-88.942993
3042676,IL,Woodford County,Minonk,2012.0,2000.0,100.0,90.0,6361.73,145.1,40.848591,-88.964691
3043083,IL,Woodford County,Minonk,2012.0,2000.0,100.0,90.0,6361.73,145.1,40.916893,-88.967896
3042709,IL,Woodford County,Minonk,2012.0,2000.0,100.0,90.0,6361.73,145.1,40.879494,-88.942894
3042982,IL,Woodford County,Minonk,2012.0,2000.0,100.0,90.0,6361.73,145.1,40.878891,-88.994194
3042678,IL,Woodford County,Minonk,2012.0,2000.0,100.0,90.0,6361.73,145.1,40.850292,-88.958794
3042973,IL,Woodford County,Minonk,2012.0,2000.0,100.0,90.0,6361.73,145.1,40.87759,-88.971794
3042532,IL,Woodford County,Minonk,2012.0,2000.0,100.0,90.0,6361.73,145.1,40.837494,-88.953995
3043086,IL,Woodford County,Minonk,2012.0,2000.0,100.0,90.0,6361.73,145.1,40.910992,-88.973495
3042997,IL,Woodford County,Minonk,2012.0,2000.0,100.0,90.0,6361.73,145.1,40.906391,-88.992897
3042537,IL,Livingston County,Minonk,2012.0,2000.0,100.0,90.0,6361.73,145.1,40.845692,-88.908791
3042578,IL,Livingston County,Minonk,2012.0,2000.0,100.0,90.0,6361.73,145.1,40.863693,-88.895897
3042974,IL,Woodford County,Minonk,2012.0,2000.0,100.0,90.0,6361.73,145.1,40.879993,-88.953094
3042538,IL,Livingston County,Minonk,2012.0,2000.0,100.0,90.0,6361.73,145.1,40.84679,-88.905396
3042697,IL,Woodford County,Minonk,2012.0,2000.0,100.0,90.0,6361.73,145.1,40.863892,-88.943993
3042695,IL,Woodford County,Minonk,2012.0,2000.0,100.0,90.0,6361.73,145.1,40.863392,-88.953293
3042681,IL,Woodford County,Minonk,2012.0,2000.0,100.0,90.0,6361.73,145.1,40.851494,-88.955894
3042579,IL,Livingston County,Minonk,2012.0,2000.0,100.0,90.0,6361.73,145.1,40.861992,-88.899597
3042670,IL,Woodford County,Minonk,2012.0,2000.0,100.0,90.0,6361.73,145.1,40.852493,-88.94239
3042522,IL,Woodford County,Minonk,2012.0,2000.0,100.0,90.0,6361.73,145.1,40.835293,-88.932693
3042704,IL,Woodford County,Minonk,2012.0,2000.0,100.0,90.0,6361.73,145.1,40.87199,-88.948196
3042981,IL,Woodford County,Minonk,2012.0,2000.0,100.0,90.0,6361.73,145.1,40.881092,-88.991096
3043107,IL,Woodford County,Minonk,2012.0,2000.0,100.0,90.0,6361.73,145.1,40.906693,-88.985497
3042708,IL,Livingston County,Minonk,2012.0,2000.0,100.0,90.0,6361.73,145.1,40.893093,-88.924393
3042703,IL,Woodford County,Minonk,2012.0,2000.0,100.0,90.0,6361.73,145.1,40.872791,-88.933891
3043085,IL,Woodford County,Minonk,2012.0,2000.0,100.0,90.0,6361.73,145.1,40.915592,-88.978996
3042701,IL,Livingston County,Minonk,2012.0,2000.0,100.0,90.0,6361.73,145.1,40.875092,-88.923294
3042700,IL,Livingston County,Minonk,2012.0,2000.0,100.0,90.0,6361.73,145.1,40.876591,-88.920097
3042988,IL,Woodford County,Minonk,2012.0,2000.0,100.0,90.0,6361.73,145.1,40.892292,-88.981491
3042581,IL,Livingston County,Minonk,2012.0,2000.0,100.0,90.0,6361.73,145.1,40.858494,-88.905495
3042671,IL,Woodford County,Minonk,2012.0,2000.0,100.0,90.0,6361.73,145.1,40.851593,-88.945396
3042971,IL,Woodford County,Minonk,2012.0,2000.0,100.0,90.0,6361.73,145.1,40.875492,-88.978294
3042690,IL,Woodford County,Minonk,2012.0,2000.0,100.0,90.0,6361.73,145.1,40.851093,-88.976593
3042706,IL,Woodford County,Minonk,2012.0,2000.0,100.0,90.0,6361.73,145.1,40.87989,-88.938194
3043088,IL,Woodford County,Minonk,2012.0,2000.0,100.0,90.0,6361.73,145.1,40.907993,-88.981895
3043084,IL,Woodford County,Minonk,2012.0,2000.0,100.0,90.0,6361.73,145.1,40.917591,-88.972794
3042692,IL,Woodford County,Minonk,2012.0,2000.0,100.0,90.0,6361.73,145.1,40.857391,-88.957695
3042968,IL,Woodford County,Minonk,2012.0,2000.0,100.0,90.0,6361.73,145.1,40.870491,-88.996094
3042975,IL,Livingston County,Minonk,2012.0,2000.0,100.0,90.0,6361.73,145.1,40.880383,-88.924255
3042582,IL,Livingston County,Minonk,2012.0,2000.0,100.0,90.0,6361.73,145.1,40.863293,-88.916695
3042669,IL,Woodford County,Minonk,2012.0,2000.0,100.0,90.0,6361.73,145.1,40.853092,-88.937492
3042970,IL,Woodford County,Minonk,2012.0,2000.0,100.0,90.0,6361.73,145.1,40.873894,-88.98159
3042707,IL,Livingston County,Minonk,2012.0,2000.0,100.0,90.0,6361.73,145.1,40.886593,-88.923897
3042698,IL,Woodford County,Minonk,2012.0,2000.0,100.0,90.0,6361.73,145.1,40.865494,-88.939194
3042994,IL,Woodford County,Minonk,2012.0,2000.0,100.0,90.0,6361.73,145.1,40.908592,-88.962296
3042986,IL,Woodford County,Minonk,2012.0,2000.0,100.0,90.0,6361.73,145.1,40.88879,-88.991898
3042534,IL,Livingston County,Minonk,2012.0,2000.0,100.0,90.0,6361.73,145.1,40.845291,-88.923592
3042583,IL,Livingston County,Minonk,2012.0,2000.0,100.0,90.0,6361.73,145.1,40.860992,-88.920296
3042691,IL,Woodford County,Minonk,2012.0,2000.0,100.0,90.0,6361.73,145.1,40.852692,-88.971191
3042980,IL,Woodford County,Minonk,2012.0,2000.0,100.0,90.0,6361.73,145.1,40.889191,-88.954193
3042995,IL,Woodford County,Minonk,2012.0,2000.0,100.0,90.0,6361.73,145.1,40.907291,-88.966492
3042993,IL,Woodford County,Minonk,2012.0,2000.0,100.0,90.0,6361.73,145.1,40.909691,-88.958092
3042694,IL,Woodford County,Minonk,2012.0,2000.0,100.0,90.0,6361.73,145.1,40.863693,-88.957497
3042976,IL,Woodford County,Minonk,2012.0,2000.0,100.0,90.0,6361.73,145.1,40.889091,-88.940094
3042523,IL,Woodford County,Minonk,2012.0,2000.0,100.0,90.0,6361.73,145.1,40.834991,-88.937096
3042533,IL,Livingston County,Minonk,2012.0,2000.0,100.0,90.0,6361.73,145.1,40.84399,-88.928596
3042977,IL,Woodford County,Minonk,2012.0,2000.0,100.0,90.0,6361.73,145.1,40.887093,-88.947098
3043081,IL,Woodford County,Minonk,2012.0,2000.0,100.0,90.0,6361.73,145.1,40.919594,-88.961395
3042961,IL,Livingston County,Minonk,2012.0,2000.0,100.0,90.0,6361.73,145.1,40.875294,-88.900894
3042985,IL,Woodford County,Minonk,2012.0,2000.0,100.0,90.0,6361.73,145.1,40.886791,-88.994995
3042972,IL,Woodford County,Minonk,2012.0,2000.0,100.0,90.0,6361.73,145.1,40.876591,-88.975098
3042527,IL,Woodford County,Minonk,2012.0,2000.0,100.0,90.0,6361.73,145.1,40.832092,-88.963791
3042540,IL,Livingston County,Minonk,2012.0,2000.0,100.0,90.0,6361.73,145.1,40.84959,-88.895294
3042990,IL,Woodford County,Minonk,2012.0,2000.0,100.0,90.0,6361.73,145.1,40.89299,-88.963997
3042530,IL,Woodford County,Minonk,2012.0,2000.0,100.0,90.0,6361.73,145.1,40.836292,-88.956894
3043106,IL,Woodford County,Minonk,2012.0,2000.0,100.0,90.0,6361.73,145.1,40.925491,-88.963097
3042524,IL,Woodford County,Minonk,2012.0,2000.0,100.0,90.0,6361.73,145.1,40.834393,-88.941193
3042677,IL,Woodford County,Minonk,2012.0,2000.0,100.0,90.0,6361.73,145.1,40.849693,-88.961693
3042978,IL,Woodford County,Minonk,2012.0,2000.0,100.0,90.0,6361.73,145.1,40.895493,-88.943794
3042989,IL,Woodford County,Minonk,2012.0,2000.0,100.0,90.0,6361.73,145.1,40.892094,-88.96759
3042539,IL,Livingston County,Minonk,2012.0,2000.0,100.0,90.0,6361.73,145.1,40.847992,-88.89949
3042584,IL,Livingston County,Minonk,2012.0,2000.0,100.0,90.0,6361.73,145.1,40.859592,-88.923798
3043082,IL,Woodford County,Minonk,2012.0,2000.0,100.0,90.0,6361.73,145.1,40.91769,-88.964493
3042668,IL,Woodford County,Minonk,2012.0,2000.0,100.0,90.0,6361.73,145.1,40.853191,-88.933296
3042580,IL,Livingston County,Minonk,2012.0,2000.0,100.0,90.0,6361.73,145.1,40.860394,-88.903297
3043108,IL,Woodford County,Minonk,2012.0,2000.0,100.0,90.0,6361.73,145.1,40.924492,-88.967896
3042996,IL,Woodford County,Minonk,2012.0,2000.0,100.0,90.0,6361.73,145.1,40.899593,-88.99279
3042528,IL,Woodford County,Minonk,2012.0,2000.0,100.0,90.0,6361.73,145.1,40.834393,-88.959991
3042521,IL,Livingston County,Minonk,2012.0,2000.0,100.0,90.0,6361.73,145.1,40.836891,-88.905396
3042991,IL,Woodford County,Minonk,2012.0,2000.0,100.0,90.0,6361.73,145.1,40.901993,-88.948593
3042699,IL,Woodford County,Minonk,2012.0,2000.0,100.0,90.0,6361.73,145.1,40.866993,-88.935097
3042984,IL,Woodford County,Minonk,2012.0,2000.0,100.0,90.0,6361.73,145.1,40.877792,-89.000496
3042520,IL,Livingston County,Minonk,2012.0,2000.0,100.0,90.0,6361.73,145.1,40.839191,-88.902397
3042519,IL,Livingston County,Minonk,2012.0,2000.0,100.0,90.0,6361.73,145.1,40.837193,-88.894096
3043080,IL,Woodford County,Minonk,2012.0,2000.0,100.0,90.0,6361.73,145.1,40.920994,-88.957794
3042525,IL,Woodford County,Minonk,2012.0,2000.0,100.0,90.0,6361.73,145.1,40.832493,-88.944298
3042979,IL,Woodford County,Minonk,2012.0,2000.0,100.0,90.0,6361.73,145.1,40.893291,-88.948494
3043087,IL,Woodford County,Minonk,2012.0,2000.0,100.0,90.0,6361.73,145.1,40.909592,-88.977196
3042987,IL,Woodford County,Minonk,2012.0,2000.0,100.0,90.0,6361.73,145.1,40.891792,-88.986397
3042673,IL,Woodford County,Minonk,2012.0,2000.0,100.0,90.0,6361.73,145.1,40.842693,-88.957291
3042536,IL,Livingston County,Minonk,2012.0,2000.0,100.0,90.0,6361.73,145.1,40.84399,-88.913597
3042702,IL,Livingston County,Minonk,2012.0,2000.0,100.0,90.0,6361.73,145.1,40.874191,-88.926994
3042535,IL,Livingston County,Minonk,2012.0,2000.0,100.0,90.0,6361.73,145.1,40.842991,-88.916695
3042992,IL,Woodford County,Minonk,2012.0,2000.0,100.0,90.0,6361.73,145.1,40.90369,-88.943497
3131677,IL,Mason County,Moraine Sands Wind,2023.0,4500.0,105.0,150.0,17671.46,180.1,40.183907,-89.814201
3131931,IL,Mason County,Moraine Sands Wind,2023.0,4500.0,105.0,150.0,17671.46,180.1,40.201164,-89.804863
3129648,IL,Mason County,Moraine Sands Wind,2023.0,4500.0,105.0,150.0,17671.46,180.1,40.160652,-89.768974
3131895,IL,Mason County,Moraine Sands Wind,2023.0,4500.0,105.0,150.0,17671.46,180.1,40.196579,-89.823196
3131575,IL,Mason County,Moraine Sands Wind,2023.0,4500.0,105.0,150.0,17671.46,180.1,40.213554,-89.83461
3131791,IL,Mason County,Moraine Sands Wind,2023.0,4500.0,105.0,150.0,17671.46,180.1,40.203407,-89.752014
3131723,IL,Mason County,Moraine Sands Wind,2023.0,4500.0,105.0,150.0,17671.46,180.1,40.190533,-89.878929
3132130,IL,Mason County,Moraine Sands Wind,2023.0,4500.0,105.0,150.0,17671.46,180.1,40.203159,-89.836571
3132419,IL,Mason County,Moraine Sands Wind,2023.0,4500.0,105.0,150.0,17671.46,180.1,40.204002,-89.765221
3131904,IL,Mason County,Moraine Sands Wind,2023.0,4500.0,105.0,150.0,17671.46,180.1,40.213516,-89.766998
3131898,IL,Mason County,Moraine Sands Wind,2023.0,4500.0,105.0,150.0,17671.46,180.1,40.174519,-89.79377
3131793,IL,Mason County,Moraine Sands Wind,2023.0,4500.0,105.0,150.0,17671.46,180.1,40.175137,-89.843643
3132470,IL,Mason County,Moraine Sands Wind,2023.0,4500.0,105.0,150.0,17671.46,180.1,40.190353,-89.737083
3131973,IL,Mason County,Moraine Sands Wind,2023.0,4500.0,105.0,150.0,17671.46,180.1,40.216892,-89.812241
3131900,IL,Mason County,Moraine Sands Wind,2023.0,4500.0,105.0,150.0,17671.46,180.1,40.18343,-89.797371
3131555,IL,Mason County,Moraine Sands Wind,2023.0,4500.0,105.0,150.0,17671.46,180.1,40.202286,-89.77655
3132282,IL,Mason County,Moraine Sands Wind,2023.0,4500.0,105.0,150.0,17671.46,180.1,40.175663,-89.806061
3129274,IL,Mason County,Moraine Sands Wind,2023.0,4500.0,105.0,150.0,17671.46,180.1,40.157425,-89.788757
3132225,IL,Mason County,Moraine Sands Wind,2023.0,4500.0,105.0,150.0,17671.46,180.1,40.175415,-89.88134
3131506,IL,Mason County,Moraine Sands Wind,2023.0,4500.0,105.0,150.0,17671.46,180.1,40.157841,-89.806038
3131854,IL,Mason County,Moraine Sands Wind,2023.0,4500.0,105.0,150.0,17671.46,180.1,40.201126,-89.78614
3132221,IL,Mason County,Moraine Sands Wind,2023.0,4500.0,105.0,150.0,17671.46,180.1,40.168911,-89.827011
3131584,IL,Mason County,Moraine Sands Wind,2023.0,4500.0,105.0,150.0,17671.46,180.1,40.209812,-89.818253
3130097,IL,Mason County,Moraine Sands Wind,2023.0,4500.0,105.0,150.0,17671.46,180.1,40.19413,-89.802948
3131878,IL,Mason County,Moraine Sands Wind,2023.0,4500.0,105.0,150.0,17671.46,180.1,40.172646,-89.835556
3132184,IL,Mason County,Moraine Sands Wind,2023.0,4500.0,105.0,150.0,17671.46,180.1,40.173061,-89.873566
3131782,IL,Mason County,Moraine Sands Wind,2023.0,4500.0,105.0,150.0,17671.46,180.1,40.179066,-89.851196
3131815,IL,Mason County,Moraine Sands Wind,2023.0,4500.0,105.0,150.0,17671.46,180.1,40.211811,-89.755661
3131685,IL,Mason County,Moraine Sands Wind,2023.0,4500.0,105.0,150.0,17671.46,180.1,40.219021,-89.782509
3131689,IL,Mason County,Moraine Sands Wind,2023.0,4500.0,105.0,150.0,17671.46,180.1,40.166218,-89.814674
3132202,IL,Mason County,Moraine Sands Wind,2023.0,4500.0,105.0,150.0,17671.46,180.1,40.191944,-89.763115
3132272,IL,Mason County,Moraine Sands Wind,2023.0,4500.0,105.0,150.0,17671.46,180.1,40.202335,-89.814209
3131891,IL,Mason County,Moraine Sands Wind,2023.0,4500.0,105.0,150.0,17671.46,180.1,40.154854,-89.798409
3132548,IL,Mason County,Moraine Sands Wind,2023.0,4500.0,105.0,150.0,17671.46,180.1,40.187046,-89.840919
3131530,IL,Mason County,Moraine Sands Wind,2023.0,4500.0,105.0,150.0,17671.46,180.1,40.194641,-89.748695
3131888,IL,Mason County,Moraine Sands Wind,2023.0,4500.0,105.0,150.0,17671.46,180.1,40.19463,-89.81398
3131822,IL,Mason County,Moraine Sands Wind,2023.0,4500.0,105.0,150.0,17671.46,180.1,40.174782,-89.891556
3131905,IL,Mason County,Moraine Sands Wind,2023.0,4500.0,105.0,150.0,17671.46,180.1,40.202999,-89.793777
3100943,CO,Weld County,Mountain Breeze,2020.0,2820.0,89.0,127.0,12667.69,152.4,40.949108,-103.998192
3099771,CO,Weld County,Mountain Breeze,2020.0,2820.0,89.0,127.0,12667.69,152.4,40.998398,-104.025284
3099635,CO,Weld County,Mountain Breeze,2020.0,2820.0,89.0,127.0,12667.69,152.4,40.942776,-104.015419
3101514,CO,Weld County,Mountain Breeze,2020.0,2820.0,89.0,127.0,12667.69,152.4,40.985535,-103.983704
3100666,CO,Weld County,Mountain Breeze,2020.0,2820.0,89.0,127.0,12667.69,152.4,40.926521,-104.040787
3101107,CO,Weld County,Mountain Breeze,2020.0,2820.0,89.0,127.0,12667.69,152.4,40.946663,-104.00766
3099555,CO,Weld County,Mountain Breeze,2020.0,2820.0,89.0,127.0,12667.69,152.4,40.996933,-104.036514
3100960,CO,Weld County,Mountain Breeze,2020.0,2820.0,89.0,127.0,12667.69,152.4,40.999386,-103.983154
3099984,CO,Weld County,Mountain Breeze,2020.0,2820.0,89.0,127.0,12667.69,152.4,40.931484,-104.027214
3097430,CO,Weld County,Mountain Breeze,2020.0,2300.0,89.0,116.0,10568.32,146.9,40.999866,-104.074234
3100886,CO,Weld County,Mountain Breeze,2020.0,2820.0,89.0,127.0,12667.69,152.4,40.994637,-104.002281
3099587,CO,Weld County,Mountain Breeze,2020.0,2820.0,89.0,127.0,12667.69,152.4,40.989868,-104.026909
3097706,CO,Weld County,Mountain Breeze,2020.0,2300.0,89.0,116.0,10568.32,146.9,40.985706,-104.070068
3097223,CO,Weld County,Mountain Breeze,2020.0,2300.0,89.0,116.0,10568.32,146.9,40.997238,-104.059624
3099828,CO,Weld County,Mountain Breeze,2020.0,2820.0,89.0,127.0,12667.69,152.4,40.993542,-104.061539
3100936,CO,Weld County,Mountain Breeze,2020.0,2820.0,89.0,127.0,12667.69,152.4,40.961628,-104.025116
3101914,CO,Weld County,Mountain Breeze,2020.0,2820.0,89.0,127.0,12667.69,152.4,40.952602,-103.983147
3100878,CO,Weld County,Mountain Breeze,2020.0,2820.0,89.0,127.0,12667.69,152.4,40.993046,-104.006935
3099956,CO,Weld County,Mountain Breeze,2020.0,2820.0,89.0,127.0,12667.69,152.4,40.975647,-104.062767
3099848,CO,Weld County,Mountain Breeze,2020.0,2820.0,89.0,127.0,12667.69,152.4,40.939266,-104.021683
3100889,CO,Weld County,Mountain Breeze,2020.0,2820.0,89.0,127.0,12667.69,152.4,40.942646,-103.974007
3099969,CO,Weld County,Mountain Breeze,2020.0,2820.0,89.0,127.0,12667.69,152.4,40.982731,-104.040604
3101915,CO,Weld County,Mountain Breeze,2020.0,2820.0,89.0,127.0,12667.69,152.4,40.924793,-103.995674
3101933,CO,Weld County,Mountain Breeze,2020.0,2820.0,89.0,127.0,12667.69,152.4,40.997066,-103.993057
3100679,CO,Weld County,Mountain Breeze,2020.0,2820.0,89.0,127.0,12667.69,152.4,40.950844,-103.993217
3100916,CO,Weld County,Mountain Breeze,2020.0,2820.0,89.0,127.0,12667.69,152.4,40.938877,-103.992973
3100907,CO,Weld County,Mountain Breeze,2020.0,2820.0,89.0,127.0,12667.69,152.4,40.951466,-103.988243
3100614,CO,Weld County,Mountain Breeze,2020.0,2820.0,89.0,127.0,12667.69,152.4,40.990154,-103.979004
3100307,CO,Weld County,Mountain Breeze,2020.0,2820.0,89.0,127.0,12667.69,152.4,40.986179,-104.065018
3101197,CO,Weld County,Mountain Breeze,2020.0,2300.0,89.0,116.0,10568.32,146.9,40.933224,-103.997978
3100006,CO,Weld County,Mountain Breeze,2020.0,2820.0,89.0,127.0,12667.69,152.4,40.928131,-104.035347
3100993,CO,Weld County,Mountain Breeze,2020.0,2820.0,89.0,127.0,12667.69,152.4,40.940102,-103.987129
3101168,CO,Weld County,Mountain Breeze,2020.0,2820.0,89.0,127.0,12667.69,152.4,40.918037,-104.004082
3101606,CO,Weld County,Mountain Breeze,2020.0,2820.0,89.0,127.0,12667.69,152.4,40.991543,-103.973534
3099825,CO,Weld County,Mountain Breeze,2020.0,2820.0,89.0,127.0,12667.69,152.4,40.975452,-104.026085
3100068,CO,Weld County,Mountain Breeze,2020.0,2820.0,89.0,127.0,12667.69,152.4,40.978447,-104.055565
3101167,CO,Weld County,Mountain Breeze,2020.0,2820.0,89.0,127.0,12667.69,152.4,40.980621,-103.993156
3100046,CO,Weld County,Mountain Breeze,2020.0,2820.0,89.0,127.0,12667.69,152.4,40.984268,-104.035919
3099736,CO,Weld County,Mountain Breeze,2020.0,2820.0,89.0,127.0,12667.69,152.4,40.996674,-104.083694
3099978,CO,Weld County,Mountain Breeze,2020.0,2820.0,89.0,127.0,12667.69,152.4,40.978897,-104.022331
3100826,CO,Weld County,Mountain Breeze,2020.0,2820.0,89.0,127.0,12667.69,152.4,40.966637,-104.012566
3100724,CO,Weld County,Mountain Breeze,2020.0,2820.0,89.0,127.0,12667.69,152.4,40.995766,-103.997719
3099982,CO,Weld County,Mountain Breeze,2020.0,2820.0,89.0,127.0,12667.69,152.4,40.997459,-104.031059
3100555,CO,Weld County,Mountain Breeze,2020.0,2820.0,89.0,127.0,12667.69,152.4,40.925106,-104.046394
3100946,CO,Weld County,Mountain Breeze,2020.0,2820.0,89.0,127.0,12667.69,152.4,40.947941,-104.0028
3100364,CO,Weld County,Mountain Breeze,2020.0,2820.0,89.0,127.0,12667.69,152.4,40.986027,-104.031219
3099705,CO,Weld County,Mountain Breeze,2020.0,2820.0,89.0,127.0,12667.69,152.4,40.981182,-104.045456
3100454,CO,Weld County,Mountain Breeze,2020.0,2820.0,89.0,127.0,12667.69,152.4,40.984142,-104.01223
3100082,CO,Weld County,Mountain Breeze,2020.0,2820.0,89.0,127.0,12667.69,152.4,40.989799,-104.063133
3101130,CO,Weld County,Mountain Breeze,2020.0,2820.0,89.0,127.0,12667.69,152.4,40.998196,-103.988144
3099993,CO,Weld County,Mountain Breeze,2020.0,2820.0,89.0,127.0,12667.69,152.4,40.980507,-104.015854
3099734,CO,Weld County,Mountain Breeze,2020.0,2820.0,89.0,127.0,12667.69,152.4,40.979607,-104.050102
3100657,CO,Weld County,Mountain Breeze,2020.0,2820.0,89.0,127.0,12667.69,152.4,40.941196,-103.981079
3097677,CO,Weld County,Mountain Breeze,2020.0,2300.0,89.0,116.0,10568.32,146.9,40.969543,-104.008209
3100075,CO,Weld County,Mountain Breeze,2020.0,2820.0,89.0,127.0,12667.69,152.4,40.991493,-104.021362
3101503,CO,Weld County,Mountain Breeze,2020.0,2820.0,89.0,127.0,12667.69,152.4,40.978214,-103.998268
3100847,CO,Weld County,Mountain Breeze,2020.0,2820.0,89.0,127.0,12667.69,152.4,40.982635,-103.988441
3100925,CO,Weld County,Mountain Breeze,2020.0,2820.0,89.0,127.0,12667.69,152.4,40.965717,-104.01915
3099584,CO,Weld County,Mountain Breeze,2020.0,2820.0,89.0,127.0,12667.69,152.4,40.998409,-104.078339
3099443,CO,Weld County,Mountain Breeze,2020.0,2300.0,89.0,116.0,10568.32,146.9,40.972607,-104.003372
3100051,CO,Weld County,Mountain Breeze,2020.0,2820.0,89.0,127.0,12667.69,152.4,40.935444,-104.024452
3101082,CO,Weld County,Mountain Breeze,2020.0,2820.0,89.0,127.0,12667.69,152.4,40.921532,-103.999466
3021713,NY,Madison County,Munnsville,2007.0,1500.0,80.0,77.0,4656.63,118.6,42.902493,-75.574699
3015658,NY,Madison County,Munnsville,2007.0,1500.0,80.0,77.0,4656.63,118.6,42.952991,-75.562599
3021714,NY,Madison County,Munnsville,2007.0,1500.0,80.0,77.0,4656.63,118.6,42.89999,-75.568901
3021712,NY,Madison County,Munnsville,2007.0,1500.0,80.0,77.0,4656.63,118.6,42.897491,-75.575699
3021678,NY,Oneida County,Munnsville,2007.0,1500.0,80.0,77.0,4656.63,118.6,42.947392,-75.541
3021673,NY,Madison County,Munnsville,2007.0,1500.0,80.0,77.0,4656.63,118.6,42.928192,-75.535797
3021676,NY,Madison County,Munnsville,2007.0,1500.0,80.0,77.0,4656.63,118.6,42.948589,-75.562096
3021682,NY,Madison County,Munnsville,2007.0,1500.0,80.0,77.0,4656.63,118.6,42.904591,-75.565399
3015659,NY,Madison County,Munnsville,2007.0,1500.0,80.0,77.0,4656.63,118.6,42.897491,-75.570396
3021685,NY,Madison County,Munnsville,2007.0,1500.0,80.0,77.0,4656.63,118.6,42.918991,-75.570099
3021671,NY,Madison County,Munnsville,2007.0,1500.0,80.0,77.0,4656.63,118.6,42.912689,-75.562599
3021683,NY,Madison County,Munnsville,2007.0,1500.0,80.0,77.0,4656.63,118.6,42.917992,-75.563698
3015657,NY,Oneida County,Munnsville,2007.0,1500.0,80.0,77.0,4656.63,118.6,42.953991,-75.539795
3021711,NY,Madison County,Munnsville,2007.0,1500.0,80.0,77.0,4656.63,118.6,42.915592,-75.573898
3021670,NY,Oneida County,Munnsville,2007.0,1500.0,80.0,77.0,4656.63,118.6,42.950691,-75.536995
3021684,NY,Madison County,Munnsville,2007.0,1500.0,80.0,77.0,4656.63,118.6,42.91589,-75.566696
3021677,NY,Madison County,Munnsville,2007.0,1500.0,80.0,77.0,4656.63,118.6,42.942593,-75.566895
3021680,NY,Madison County,Munnsville,2007.0,1500.0,80.0,77.0,4656.63,118.6,42.924492,-75.535599
3021679,NY,Oneida County,Munnsville,2007.0,1500.0,80.0,77.0,4656.63,118.6,42.951389,-75.542595
3021674,NY,Madison County,Munnsville,2007.0,1500.0,80.0,77.0,4656.63,118.6,42.908489,-75.569801
3021675,NY,Madison County,Munnsville,2007.0,1500.0,80.0,77.0,4656.63,118.6,42.946293,-75.566299
3021672,NY,Madison County,Munnsville,2007.0,1500.0,80.0,77.0,4656.63,118.6,42.929592,-75.5411
3021669,NY,Madison County,Munnsville,2007.0,1500.0,80.0,77.0,4656.63,118.6,42.93959,-75.5634
3002127,CO,Jefferson County,NREL - NWTC,,100.0,30.0,21.0,346.36,40.5,39.911594,-105.231789
3072850,CO,Jefferson County,NREL - NWTC,2009.0,1500.0,80.0,77.0,4656.63,118.6,39.912083,-105.220001
3002673,CO,Jefferson County,NREL - NWTC,,600.0,37.0,44.0,1520.53,59.0,39.908993,-105.222687
3074300,CO,Jefferson County,NREL - NWTC,2009.0,2300.0,80.0,101.0,8011.85,130.5,39.906052,-105.222839
3004706,CO,Jefferson County,NREL - NWTC,,600.0,37.0,44.0,1520.53,59.0,39.907795,-105.223289
3061601,CO,Jefferson County,NREL - NWTC,2011.0,2000.0,90.0,97.0,7389.81,138.4,39.905067,-105.227036
3073752,NY,Chautauqua County,New York State Thruway Authority,2015.0,275.0,32.0,29.0,660.52,46.6,42.26545,-79.740479
3074033,NY,Erie County,New York State Thruway Authority,2015.0,275.0,32.0,29.0,660.52,46.6,42.658024,-78.957428
3073750,NY,Chautauqua County,New York State Thruway Authority,2015.0,275.0,32.0,29.0,660.52,46.6,42.460438,-79.309692
3073751,NY,Chautauqua County,New York State Thruway Authority,2015.0,275.0,32.0,29.0,660.52,46.6,42.339123,-79.5868
3114685,CO,Logan County,Niyol Wind,2021.0,2820.0,90.0,127.0,12667.69,153.6,40.649471,-102.974579
3117459,CO,Logan County,Niyol Wind,2021.0,2820.0,90.0,127.0,12667.69,153.6,40.519279,-103.080612
3114341,CO,Logan County,Niyol Wind,2021.0,2820.0,90.0,127.0,12667.69,153.6,40.60231,-103.018692
3117551,CO,Logan County,Niyol Wind,2021.0,2500.0,80.0,116.0,10568.32,138.1,40.523529,-103.030319
3113974,CO,Logan County,Niyol Wind,2021.0,2820.0,90.0,127.0,12667.69,153.6,40.637035,-102.909073
3116809,CO,Logan County,Niyol Wind,2021.0,2820.0,90.0,127.0,12667.69,153.6,40.523312,-103.043465
3114696,CO,Logan County,Niyol Wind,2021.0,2500.0,80.0,116.0,10568.32,138.1,40.606453,-102.936554
3117462,CO,Logan County,Niyol Wind,2021.0,2820.0,90.0,127.0,12667.69,153.6,40.688999,-102.917648
3116946,CO,Logan County,Niyol Wind,2021.0,2820.0,90.0,127.0,12667.69,153.6,40.713463,-102.90062
3117092,CO,Logan County,Niyol Wind,2021.0,2820.0,90.0,127.0,12667.69,153.6,40.660133,-102.958778
3117157,CO,Logan County,Niyol Wind,2021.0,2820.0,90.0,127.0,12667.69,153.6,40.689507,-102.90432
3117927,CO,Logan County,Niyol Wind,2021.0,2820.0,90.0,127.0,12667.69,153.6,40.686829,-102.922874
3113686,CO,Logan County,Niyol Wind,2021.0,2820.0,90.0,127.0,12667.69,153.6,40.639732,-102.986839
3117617,CO,Logan County,Niyol Wind,2021.0,2820.0,90.0,127.0,12667.69,153.6,40.570686,-103.037636
3113683,CO,Logan County,Niyol Wind,2021.0,2820.0,90.0,127.0,12667.69,153.6,40.622879,-103.004486
3113737,CO,Logan County,Niyol Wind,2021.0,2820.0,90.0,127.0,12667.69,153.6,40.592999,-103.034737
3114029,CO,Logan County,Niyol Wind,2021.0,2820.0,90.0,127.0,12667.69,153.6,40.588406,-102.984192
3118080,CO,Logan County,Niyol Wind,2021.0,2820.0,90.0,127.0,12667.69,153.6,40.586353,-103.012436
3114989,CO,Logan County,Niyol Wind,2021.0,2820.0,90.0,127.0,12667.69,153.6,40.614361,-102.993675
3117136,CO,Logan County,Niyol Wind,2021.0,2820.0,90.0,127.0,12667.69,153.6,40.689899,-102.89753
3117485,CO,Logan County,Niyol Wind,2021.0,2820.0,90.0,127.0,12667.69,153.6,40.601711,-103.032166
3114759,CO,Logan County,Niyol Wind,2021.0,2820.0,90.0,127.0,12667.69,153.6,40.706089,-102.85807
3117096,CO,Logan County,Niyol Wind,2021.0,2820.0,90.0,127.0,12667.69,153.6,40.523418,-103.036995
3116552,CO,Logan County,Niyol Wind,2021.0,2820.0,90.0,127.0,12667.69,153.6,40.527599,-103.06356
3114899,CO,Logan County,Niyol Wind,2021.0,2820.0,90.0,127.0,12667.69,153.6,40.605221,-103.027283
3117951,CO,Logan County,Niyol Wind,2021.0,2820.0,90.0,127.0,12667.69,153.6,40.689724,-102.911125
3114669,CO,Logan County,Niyol Wind,2021.0,2820.0,90.0,127.0,12667.69,153.6,40.593479,-102.931267
3114555,CO,Logan County,Niyol Wind,2021.0,2500.0,80.0,116.0,10568.32,138.1,40.615192,-102.958847
3117244,CO,Logan County,Niyol Wind,2021.0,2820.0,90.0,127.0,12667.69,153.6,40.552757,-103.034294
3114736,CO,Logan County,Niyol Wind,2021.0,2820.0,90.0,127.0,12667.69,153.6,40.596092,-102.926247
3116426,CO,Logan County,Niyol Wind,2021.0,2820.0,90.0,127.0,12667.69,153.6,40.640682,-102.978188
3116332,CO,Logan County,Niyol Wind,2021.0,2820.0,90.0,127.0,12667.69,153.6,40.705162,-102.895088
3114747,CO,Logan County,Niyol Wind,2021.0,2820.0,90.0,127.0,12667.69,153.6,40.607197,-103.006088
3118160,CO,Logan County,Niyol Wind,2021.0,2820.0,90.0,127.0,12667.69,153.6,40.663448,-102.950386
3114009,CO,Logan County,Niyol Wind,2021.0,2820.0,90.0,127.0,12667.69,153.6,40.596428,-102.919952
3114741,CO,Logan County,Niyol Wind,2021.0,2820.0,90.0,127.0,12667.69,153.6,40.58617,-103.003151
3116781,CO,Logan County,Niyol Wind,2021.0,2820.0,90.0,127.0,12667.69,153.6,40.67379,-102.939423
3113753,CO,Logan County,Niyol Wind,2021.0,2820.0,90.0,127.0,12667.69,153.6,40.659985,-102.96524
3117663,CO,Logan County,Niyol Wind,2021.0,2500.0,80.0,116.0,10568.32,138.1,40.53632,-103.02121
3118081,CO,Logan County,Niyol Wind,2021.0,2820.0,90.0,127.0,12667.69,153.6,40.603931,-103.012802
3117204,CO,Logan County,Niyol Wind,2021.0,2820.0,90.0,127.0,12667.69,153.6,40.667892,-102.945053
3114703,CO,Logan County,Niyol Wind,2021.0,2820.0,90.0,127.0,12667.69,153.6,40.600849,-102.940773
3114764,CO,Logan County,Niyol Wind,2021.0,2820.0,90.0,127.0,12667.69,153.6,40.700485,-102.871727
3114278,CO,Logan County,Niyol Wind,2021.0,2820.0,90.0,127.0,12667.69,153.6,40.639404,-102.897659
3118104,CO,Logan County,Niyol Wind,2021.0,2820.0,90.0,127.0,12667.69,153.6,40.685322,-102.929604
3117144,CO,Logan County,Niyol Wind,2021.0,2820.0,90.0,127.0,12667.69,153.6,40.71405,-102.906517
3114458,CO,Logan County,Niyol Wind,2021.0,2500.0,80.0,116.0,10568.32,138.1,40.623592,-102.970291
3113140,CO,Logan County,Niyol Wind,2021.0,2820.0,90.0,127.0,12667.69,153.6,40.593838,-102.996422
3114543,CO,Logan County,Niyol Wind,2021.0,2500.0,80.0,116.0,10568.32,138.1,40.617496,-102.974632
3118013,CO,Logan County,Niyol Wind,2021.0,2820.0,90.0,127.0,12667.69,153.6,40.549576,-103.039963
3114698,CO,Logan County,Niyol Wind,2021.0,2500.0,80.0,116.0,10568.32,138.1,40.623947,-102.996956
3113865,CO,Logan County,Niyol Wind,2021.0,2820.0,90.0,127.0,12667.69,153.6,40.625301,-102.978897
3113822,CO,Logan County,Niyol Wind,2021.0,2820.0,90.0,127.0,12667.69,153.6,40.61552,-102.966263
3118189,CO,Logan County,Niyol Wind,2021.0,2820.0,90.0,127.0,12667.69,153.6,40.575054,-103.022308
3113797,CO,Logan County,Niyol Wind,2021.0,2820.0,90.0,127.0,12667.69,153.6,40.625408,-102.986549
3117190,CO,Logan County,Niyol Wind,2021.0,2820.0,90.0,127.0,12667.69,153.6,40.68124,-102.93676
3118163,CO,Logan County,Niyol Wind,2021.0,2820.0,90.0,127.0,12667.69,153.6,40.563034,-103.040955
3120312,CO,Logan County,Niyol Wind,2021.0,2820.0,90.0,127.0,12667.69,153.6,40.529427,-103.024895
3114174,CO,Logan County,Niyol Wind,2021.0,2820.0,90.0,127.0,12667.69,153.6,40.608227,-102.999237
3117896,CO,Logan County,Niyol Wind,2021.0,2820.0,90.0,127.0,12667.69,153.6,40.633026,-102.926498
3113855,CO,Logan County,Niyol Wind,2021.0,2820.0,90.0,127.0,12667.69,153.6,40.654884,-102.969597
3113823,CO,Logan County,Niyol Wind,2021.0,2820.0,90.0,127.0,12667.69,153.6,40.595165,-102.950119
3116631,CO,Logan County,Niyol Wind,2021.0,2820.0,90.0,127.0,12667.69,153.6,40.699253,-102.914803
3114642,CO,Logan County,Niyol Wind,2021.0,2820.0,90.0,127.0,12667.69,153.6,40.707973,-102.875496
3118032,CO,Logan County,Niyol Wind,2021.0,2820.0,90.0,127.0,12667.69,153.6,40.582073,-103.025558
3113982,CO,Logan County,Niyol Wind,2021.0,2820.0,90.0,127.0,12667.69,153.6,40.633221,-102.956215
3114761,CO,Logan County,Niyol Wind,2021.0,2820.0,90.0,127.0,12667.69,153.6,40.701691,-102.863998
3114879,CO,Logan County,Niyol Wind,2021.0,2820.0,90.0,127.0,12667.69,153.6,40.638935,-102.903473
3117591,CO,Logan County,Niyol Wind,2021.0,2820.0,90.0,127.0,12667.69,153.6,40.531921,-103.058792
3114208,CO,Logan County,Niyol Wind,2021.0,2820.0,90.0,127.0,12667.69,153.6,40.593971,-102.959023
3117325,CO,Logan County,Niyol Wind,2021.0,2820.0,90.0,127.0,12667.69,153.6,40.523464,-103.068771
3114530,CO,Logan County,Niyol Wind,2021.0,2820.0,90.0,127.0,12667.69,153.6,40.589096,-102.974586
3117643,CO,Logan County,Niyol Wind,2021.0,2820.0,90.0,127.0,12667.69,153.6,40.519554,-103.074104
3114908,CO,Logan County,Niyol Wind,2021.0,2820.0,90.0,127.0,12667.69,153.6,40.608196,-102.923134
3017466,NY,Clinton County,Noble Altona,2009.0,1500.0,80.0,77.0,4656.63,118.6,44.80669,-73.644096
3017484,NY,Clinton County,Noble Altona,2009.0,1500.0,80.0,77.0,4656.63,118.6,44.817989,-73.648399
3017442,NY,Clinton County,Noble Altona,2009.0,1500.0,80.0,77.0,4656.63,118.6,44.82729,-73.652298
3017474,NY,Clinton County,Noble Altona,2009.0,1500.0,80.0,77.0,4656.63,118.6,44.841991,-73.669701
3017469,NY,Clinton County,Noble Altona,2009.0,1500.0,80.0,77.0,4656.63,118.6,44.804092,-73.645897
3017532,NY,Clinton County,Noble Altona,2009.0,1500.0,80.0,77.0,4656.63,118.6,44.808792,-73.655701
3017486,NY,Clinton County,Noble Altona,2009.0,1500.0,80.0,77.0,4656.63,118.6,44.814091,-73.638901
3017534,NY,Clinton County,Noble Altona,2009.0,1500.0,80.0,77.0,4656.63,118.6,44.82959,-73.660698
3017465,NY,Clinton County,Noble Altona,2009.0,1500.0,80.0,77.0,4656.63,118.6,44.839592,-73.639694
3017533,NY,Clinton County,Noble Altona,2009.0,1500.0,80.0,77.0,4656.63,118.6,44.830791,-73.656898
3017475,NY,Clinton County,Noble Altona,2009.0,1500.0,80.0,77.0,4656.63,118.6,44.819893,-73.668198
3017536,NY,Clinton County,Noble Altona,2009.0,1500.0,80.0,77.0,4656.63,118.6,44.84359,-73.634697
3017460,NY,Clinton County,Noble Altona,2009.0,1500.0,80.0,77.0,4656.63,118.6,44.817989,-73.6558
3017487,NY,Clinton County,Noble Altona,2009.0,1500.0,80.0,77.0,4656.63,118.6,44.83149,-73.668297
3017459,NY,Clinton County,Noble Altona,2009.0,1500.0,80.0,77.0,4656.63,118.6,44.81049,-73.6306
3017491,NY,Clinton County,Noble Altona,2009.0,1500.0,80.0,77.0,4656.63,118.6,44.805691,-73.649696
3017457,NY,Clinton County,Noble Altona,2009.0,1500.0,80.0,77.0,4656.63,118.6,44.813492,-73.634598
3017451,NY,Clinton County,Noble Altona,2009.0,1500.0,80.0,77.0,4656.63,118.6,44.818092,-73.6437
3017464,NY,Clinton County,Noble Altona,2009.0,1500.0,80.0,77.0,4656.63,118.6,44.809391,-73.6455
3017530,NY,Clinton County,Noble Altona,2009.0,1500.0,80.0,77.0,4656.63,118.6,44.82159,-73.6464
3027736,NY,Clinton County,Noble Altona,2009.0,1500.0,80.0,77.0,4656.63,118.6,44.810791,-73.652
3017489,NY,Clinton County,Noble Altona,2009.0,1500.0,80.0,77.0,4656.63,118.6,44.828293,-73.679901
3017471,NY,Clinton County,Noble Altona,2009.0,1500.0,80.0,77.0,4656.63,118.6,44.804592,-73.630798
3026047,NY,Clinton County,Noble Altona,2009.0,1500.0,80.0,77.0,4656.63,118.6,44.83849,-73.665901
3017446,NY,Clinton County,Noble Altona,2009.0,1500.0,80.0,77.0,4656.63,118.6,44.82449,-73.651299
3017490,NY,Clinton County,Noble Altona,2009.0,1500.0,80.0,77.0,4656.63,118.6,44.828793,-73.665298
3017528,NY,Clinton County,Noble Altona,2009.0,1500.0,80.0,77.0,4656.63,118.6,44.82729,-73.647995
3017535,NY,Clinton County,Noble Altona,2009.0,1500.0,80.0,77.0,4656.63,118.6,44.842091,-73.638
3017495,NY,Clinton County,Noble Altona,2009.0,1500.0,80.0,77.0,4656.63,118.6,44.815491,-73.653801
3017481,NY,Clinton County,Noble Altona,2009.0,1500.0,80.0,77.0,4656.63,118.6,44.83799,-73.671898
3017456,NY,Clinton County,Noble Altona,2009.0,1500.0,80.0,77.0,4656.63,118.6,44.814991,-73.642799
3017450,NY,Clinton County,Noble Altona,2009.0,1500.0,80.0,77.0,4656.63,118.6,44.815392,-73.646797
3017463,NY,Clinton County,Noble Altona,2009.0,1500.0,80.0,77.0,4656.63,118.6,44.81329,-73.649498
3017480,NY,Clinton County,Noble Altona,2009.0,1500.0,80.0,77.0,4656.63,118.6,44.80769,-73.628197
3017458,NY,Clinton County,Noble Altona,2009.0,1500.0,80.0,77.0,4656.63,118.6,44.811291,-73.638695
3017453,NY,Clinton County,Noble Altona,2009.0,1500.0,80.0,77.0,4656.63,118.6,44.820789,-73.637199
3017492,NY,Clinton County,Noble Altona,2009.0,1500.0,80.0,77.0,4656.63,118.6,44.805389,-73.659401
3017455,NY,Clinton County,Noble Altona,2009.0,1500.0,80.0,77.0,4656.63,118.6,44.83939,-73.6343
3017468,NY,Clinton County,Noble Altona,2009.0,1500.0,80.0,77.0,4656.63,118.6,44.804592,-73.641396
3017447,NY,Clinton County,Noble Altona,2009.0,1500.0,80.0,77.0,4656.63,118.6,44.82769,-73.636597
3017529,NY,Clinton County,Noble Altona,2009.0,1500.0,80.0,77.0,4656.63,118.6,44.824291,-73.646996
3017476,NY,Clinton County,Noble Altona,2009.0,1500.0,80.0,77.0,4656.63,118.6,44.83749,-73.659698
3017448,NY,Clinton County,Noble Altona,2009.0,1500.0,80.0,77.0,4656.63,118.6,44.823692,-73.639397
3017488,NY,Clinton County,Noble Altona,2009.0,1500.0,80.0,77.0,4656.63,118.6,44.833591,-73.657501
3017483,NY,Clinton County,Noble Altona,2009.0,1500.0,80.0,77.0,4656.63,118.6,44.835892,-73.675598
3017485,NY,Clinton County,Noble Altona,2009.0,1500.0,80.0,77.0,4656.63,118.6,44.811192,-73.657799
3017462,NY,Clinton County,Noble Altona,2009.0,1500.0,80.0,77.0,4656.63,118.6,44.814289,-73.658501
3017482,NY,Clinton County,Noble Altona,2009.0,1500.0,80.0,77.0,4656.63,118.6,44.812592,-73.645699
3017494,NY,Clinton County,Noble Altona,2009.0,1500.0,80.0,77.0,4656.63,118.6,44.831692,-73.651901
3017470,NY,Clinton County,Noble Altona,2009.0,1500.0,80.0,77.0,4656.63,118.6,44.806492,-73.638397
3017493,NY,Clinton County,Noble Altona,2009.0,1500.0,80.0,77.0,4656.63,118.6,44.817192,-73.667099
3017444,NY,Clinton County,Noble Altona,2009.0,1500.0,80.0,77.0,4656.63,118.6,44.830891,-73.644096
3017461,NY,Clinton County,Noble Altona,2009.0,1500.0,80.0,77.0,4656.63,118.6,44.817093,-73.6595
3017473,NY,Clinton County,Noble Altona,2009.0,1500.0,80.0,77.0,4656.63,118.6,44.801689,-73.629601
3017445,NY,Clinton County,Noble Altona,2009.0,1500.0,80.0,77.0,4656.63,118.6,44.827892,-73.641899
3017443,NY,Clinton County,Noble Altona,2009.0,1500.0,80.0,77.0,4656.63,118.6,44.830391,-73.648399
3017472,NY,Clinton County,Noble Altona,2009.0,1500.0,80.0,77.0,4656.63,118.6,44.80439,-73.6269
3017477,NY,Clinton County,Noble Altona,2009.0,1500.0,80.0,77.0,4656.63,118.6,44.829391,-73.675896
3017449,NY,Clinton County,Noble Altona,2009.0,1500.0,80.0,77.0,4656.63,118.6,44.82159,-73.650902
3017452,NY,Clinton County,Noble Altona,2009.0,1500.0,80.0,77.0,4656.63,118.6,44.82169,-73.642097
3017454,NY,Clinton County,Noble Altona,2009.0,1500.0,80.0,77.0,4656.63,118.6,44.81879,-73.639801
3017467,NY,Clinton County,Noble Altona,2009.0,1500.0,80.0,77.0,4656.63,118.6,44.80899,-73.640999
3017531,NY,Clinton County,Noble Altona,2009.0,1500.0,80.0,77.0,4656.63,118.6,44.808689,-73.660698
3017478,NY,Clinton County,Noble Altona,2009.0,1500.0,80.0,77.0,4656.63,118.6,44.823792,-73.6717
3017479,NY,Clinton County,Noble Altona,2009.0,1500.0,80.0,77.0,4656.63,118.6,44.81609,-73.636101
3026078,NY,Wyoming County,Noble Bliss,2008.0,1500.0,80.0,77.0,4656.63,118.6,42.524792,-78.279999
3017689,NY,Wyoming County,Noble Bliss,2008.0,1500.0,80.0,77.0,4656.63,118.6,42.534492,-78.255699
3017520,NY,Wyoming County,Noble Bliss,2008.0,1500.0,80.0,77.0,4656.63,118.6,42.546593,-78.241196
3017667,NY,Wyoming County,Noble Bliss,2008.0,1500.0,80.0,77.0,4656.63,118.6,42.54129,-78.247299
3017700,NY,Wyoming County,Noble Bliss,2008.0,1500.0,80.0,77.0,4656.63,118.6,42.535892,-78.237999
3017663,NY,Wyoming County,Noble Bliss,2008.0,1500.0,80.0,77.0,4656.63,118.6,42.525391,-78.230698
3017681,NY,Wyoming County,Noble Bliss,2008.0,1500.0,80.0,77.0,4656.63,118.6,42.527691,-78.282898
3017686,NY,Wyoming County,Noble Bliss,2008.0,1500.0,80.0,77.0,4656.63,118.6,42.52869,-78.259598
3017685,NY,Wyoming County,Noble Bliss,2008.0,1500.0,80.0,77.0,4656.63,118.6,42.526791,-78.2771
3017675,NY,Wyoming County,Noble Bliss,2008.0,1500.0,80.0,77.0,4656.63,118.6,42.552692,-78.278999
3017659,NY,Wyoming County,Noble Bliss,2008.0,1500.0,80.0,77.0,4656.63,118.6,42.525391,-78.303398
3017519,NY,Wyoming County,Noble Bliss,2008.0,1500.0,80.0,77.0,4656.63,118.6,42.538094,-78.288895
3026073,NY,Wyoming County,Noble Bliss,2008.0,1500.0,80.0,77.0,4656.63,118.6,42.54129,-78.291595
3017676,NY,Wyoming County,Noble Bliss,2008.0,1500.0,80.0,77.0,4656.63,118.6,42.542793,-78.281395
3017694,NY,Wyoming County,Noble Bliss,2008.0,1500.0,80.0,77.0,4656.63,118.6,42.536591,-78.227997
3017697,NY,Wyoming County,Noble Bliss,2008.0,1500.0,80.0,77.0,4656.63,118.6,42.540192,-78.239098
3017668,NY,Wyoming County,Noble Bliss,2008.0,1500.0,80.0,77.0,4656.63,118.6,42.550991,-78.247093
3017688,NY,Wyoming County,Noble Bliss,2008.0,1500.0,80.0,77.0,4656.63,118.6,42.528793,-78.253197
3017690,NY,Wyoming County,Noble Bliss,2008.0,1500.0,80.0,77.0,4656.63,118.6,42.536591,-78.2584
3026077,NY,Wyoming County,Noble Bliss,2008.0,1500.0,80.0,77.0,4656.63,118.6,42.563591,-78.2547
3017680,NY,Wyoming County,Noble Bliss,2008.0,1500.0,80.0,77.0,4656.63,118.6,42.528893,-78.305397
3017669,NY,Wyoming County,Noble Bliss,2008.0,1500.0,80.0,77.0,4656.63,118.6,42.564091,-78.240997
3017695,NY,Wyoming County,Noble Bliss,2008.0,1500.0,80.0,77.0,4656.63,118.6,42.545193,-78.231796
3017670,NY,Wyoming County,Noble Bliss,2008.0,1500.0,80.0,77.0,4656.63,118.6,42.56599,-78.257698
3026054,NY,Wyoming County,Noble Bliss,2008.0,1500.0,80.0,77.0,4656.63,118.6,42.571392,-78.253494
3017702,NY,Wyoming County,Noble Bliss,2008.0,1500.0,80.0,77.0,4656.63,118.6,42.549492,-78.2826
3017692,NY,Wyoming County,Noble Bliss,2008.0,1500.0,80.0,77.0,4656.63,118.6,42.574791,-78.238098
3017682,NY,Wyoming County,Noble Bliss,2008.0,1500.0,80.0,77.0,4656.63,118.6,42.534393,-78.260796
3017703,NY,Wyoming County,Noble Bliss,2008.0,1500.0,80.0,77.0,4656.63,118.6,42.571392,-78.243095
3017660,NY,Wyoming County,Noble Bliss,2008.0,1500.0,80.0,77.0,4656.63,118.6,42.523193,-78.235397
3026072,NY,Wyoming County,Noble Bliss,2008.0,1500.0,80.0,77.0,4656.63,118.6,42.544891,-78.278793
3017518,NY,Wyoming County,Noble Bliss,2008.0,1500.0,80.0,77.0,4656.63,118.6,42.537594,-78.305099
3026074,NY,Wyoming County,Noble Bliss,2008.0,1500.0,80.0,77.0,4656.63,118.6,42.561691,-78.269096
3021681,NY,Wyoming County,Noble Bliss,2008.0,1500.0,80.0,77.0,4656.63,118.6,42.53429,-78.305
3017666,NY,Wyoming County,Noble Bliss,2008.0,1500.0,80.0,77.0,4656.63,118.6,42.564991,-78.235199
3017678,NY,Wyoming County,Noble Bliss,2008.0,1500.0,80.0,77.0,4656.63,118.6,42.54829,-78.278999
3026081,NY,Wyoming County,Noble Bliss,2008.0,1500.0,80.0,77.0,4656.63,118.6,42.561192,-78.256699
3017691,NY,Wyoming County,Noble Bliss,2008.0,1500.0,80.0,77.0,4656.63,118.6,42.556992,-78.267197
3017674,NY,Wyoming County,Noble Bliss,2008.0,1500.0,80.0,77.0,4656.63,118.6,42.556091,-78.275696
3026083,NY,Wyoming County,Noble Bliss,2008.0,1500.0,80.0,77.0,4656.63,118.6,42.558891,-78.259499
3017662,NY,Wyoming County,Noble Bliss,2008.0,1500.0,80.0,77.0,4656.63,118.6,42.574291,-78.241997
3017672,NY,Wyoming County,Noble Bliss,2008.0,1500.0,80.0,77.0,4656.63,118.6,42.525291,-78.287399
3026080,NY,Wyoming County,Noble Bliss,2008.0,1500.0,80.0,77.0,4656.63,118.6,42.522991,-78.254898
3017677,NY,Wyoming County,Noble Bliss,2008.0,1500.0,80.0,77.0,4656.63,118.6,42.544292,-78.246895
3017693,NY,Wyoming County,Noble Bliss,2008.0,1500.0,80.0,77.0,4656.63,118.6,42.566593,-78.230293
3017664,NY,Wyoming County,Noble Bliss,2008.0,1500.0,80.0,77.0,4656.63,118.6,42.540894,-78.216995
3017696,NY,Wyoming County,Noble Bliss,2008.0,1500.0,80.0,77.0,4656.63,118.6,42.547993,-78.233093
3017683,NY,Wyoming County,Noble Bliss,2008.0,1500.0,80.0,77.0,4656.63,118.6,42.524994,-78.283699
3017687,NY,Wyoming County,Noble Bliss,2008.0,1500.0,80.0,77.0,4656.63,118.6,42.536194,-78.243599
3026071,NY,Wyoming County,Noble Bliss,2008.0,1500.0,80.0,77.0,4656.63,118.6,42.562092,-78.231598
3017698,NY,Wyoming County,Noble Bliss,2008.0,1500.0,80.0,77.0,4656.63,118.6,42.560093,-78.2397
3026055,NY,Wyoming County,Noble Bliss,2008.0,1500.0,80.0,77.0,4656.63,118.6,42.550091,-78.238693
3017517,NY,Wyoming County,Noble Bliss,2008.0,1500.0,80.0,77.0,4656.63,118.6,42.559193,-78.254097
3017679,NY,Wyoming County,Noble Bliss,2008.0,1500.0,80.0,77.0,4656.63,118.6,42.54129,-78.304398
3017699,NY,Wyoming County,Noble Bliss,2008.0,1500.0,80.0,77.0,4656.63,118.6,42.537292,-78.253395
3017671,NY,Wyoming County,Noble Bliss,2008.0,1500.0,80.0,77.0,4656.63,118.6,42.540791,-78.284798
3026051,NY,Wyoming County,Noble Bliss,2008.0,1500.0,80.0,77.0,4656.63,118.6,42.572193,-78.236794
3017701,NY,Wyoming County,Noble Bliss,2008.0,1500.0,80.0,77.0,4656.63,118.6,42.541592,-78.242599
3017673,NY,Wyoming County,Noble Bliss,2008.0,1500.0,80.0,77.0,4656.63,118.6,42.563293,-78.261795
3017661,NY,Wyoming County,Noble Bliss,2008.0,1500.0,80.0,77.0,4656.63,118.6,42.531094,-78.256096
3017665,NY,Wyoming County,Noble Bliss,2008.0,1500.0,80.0,77.0,4656.63,118.6,42.528591,-78.288795
3026079,NY,Wyoming County,Noble Bliss,2008.0,1500.0,80.0,77.0,4656.63,118.6,42.529091,-78.274696
3017516,NY,Wyoming County,Noble Bliss,2008.0,1500.0,80.0,77.0,4656.63,118.6,42.56039,-78.245796
3026053,NY,Wyoming County,Noble Bliss,2008.0,1500.0,80.0,77.0,4656.63,118.6,42.551891,-78.234398
3017684,NY,Wyoming County,Noble Bliss,2008.0,1500.0,80.0,77.0,4656.63,118.6,42.529194,-78.279594
3026045,NY,Wyoming County,Noble Bliss,2008.0,1500.0,80.0,77.0,4656.63,118.6,42.537991,-78.217194
3026056,NY,Wyoming County,Noble Bliss,2008.0,1500.0,80.0,77.0,4656.63,118.6,42.540791,-78.227699
3021509,NY,Franklin County,Noble Chateaugay,2009.0,1500.0,80.0,77.0,4656.63,118.6,44.874191,-74.0121
3021496,NY,Franklin County,Noble Chateaugay,2009.0,1500.0,80.0,77.0,4656.63,118.6,44.873093,-74.042
3021463,NY,Franklin County,Noble Chateaugay,2009.0,1500.0,80.0,77.0,4656.63,118.6,44.927391,-74.025101
3021479,NY,Franklin County,Noble Chateaugay,2009.0,1500.0,80.0,77.0,4656.63,118.6,44.89809,-74.021301
3021464,NY,Franklin County,Noble Chateaugay,2009.0,1500.0,80.0,77.0,4656.63,118.6,44.92469,-74.024498
3021484,NY,Franklin County,Noble Chateaugay,2009.0,1500.0,80.0,77.0,4656.63,118.6,44.89119,-74.0439
3021474,NY,Franklin County,Noble Chateaugay,2009.0,1500.0,80.0,77.0,4656.63,118.6,44.90469,-74.015701
3021511,NY,Franklin County,Noble Chateaugay,2009.0,1500.0,80.0,77.0,4656.63,118.6,44.882992,-74.065697
3021499,NY,Franklin County,Noble Chateaugay,2009.0,1500.0,80.0,77.0,4656.63,118.6,44.87619,-74.028999
3021487,NY,Franklin County,Noble Chateaugay,2009.0,1500.0,80.0,77.0,4656.63,118.6,44.889591,-74.039795
3021498,NY,Franklin County,Noble Chateaugay,2009.0,1500.0,80.0,77.0,4656.63,118.6,44.873192,-74.025902
3021455,NY,Franklin County,Noble Chateaugay,2009.0,1500.0,80.0,77.0,4656.63,118.6,44.920292,-74.060898
3021515,NY,Franklin County,Noble Chateaugay,2009.0,1500.0,80.0,77.0,4656.63,118.6,44.915291,-74.055901
3021488,NY,Franklin County,Noble Chateaugay,2009.0,1500.0,80.0,77.0,4656.63,118.6,44.88829,-74.034096
3021470,NY,Franklin County,Noble Chateaugay,2009.0,1500.0,80.0,77.0,4656.63,118.6,44.911289,-74.020401
3021494,NY,Franklin County,Noble Chateaugay,2009.0,1500.0,80.0,77.0,4656.63,118.6,44.879192,-74.036995
3021502,NY,Franklin County,Noble Chateaugay,2009.0,1500.0,80.0,77.0,4656.63,118.6,44.881191,-74.019699
3021482,NY,Franklin County,Noble Chateaugay,2009.0,1500.0,80.0,77.0,4656.63,118.6,44.898792,-74.026497
3021453,NY,Franklin County,Noble Chateaugay,2009.0,1500.0,80.0,77.0,4656.63,118.6,44.923389,-74.061295
3021512,NY,Franklin County,Noble Chateaugay,2009.0,1500.0,80.0,77.0,4656.63,118.6,44.914291,-74.061096
3021459,NY,Franklin County,Noble Chateaugay,2009.0,1500.0,80.0,77.0,4656.63,118.6,44.91119,-74.064095
3021504,NY,Franklin County,Noble Chateaugay,2009.0,1500.0,80.0,77.0,4656.63,118.6,44.881092,-74.008896
3021517,NY,Franklin County,Noble Chateaugay,2009.0,1500.0,80.0,77.0,4656.63,118.6,44.918491,-74.045197
3021518,NY,Franklin County,Noble Chateaugay,2009.0,1500.0,80.0,77.0,4656.63,118.6,44.921989,-74.042595
3021495,NY,Franklin County,Noble Chateaugay,2009.0,1500.0,80.0,77.0,4656.63,118.6,44.87619,-74.038696
3021473,NY,Franklin County,Noble Chateaugay,2009.0,1500.0,80.0,77.0,4656.63,118.6,44.90889,-74.016296
3021770,NY,Franklin County,Noble Chateaugay,2009.0,1500.0,80.0,77.0,4656.63,118.6,44.905491,-74.055801
3021478,NY,Franklin County,Noble Chateaugay,2009.0,1500.0,80.0,77.0,4656.63,118.6,44.903393,-74.019699
3021503,NY,Franklin County,Noble Chateaugay,2009.0,1500.0,80.0,77.0,4656.63,118.6,44.88129,-74.014099
3021508,NY,Franklin County,Noble Chateaugay,2009.0,1500.0,80.0,77.0,4656.63,118.6,44.877392,-74.009201
3021491,NY,Franklin County,Noble Chateaugay,2009.0,1500.0,80.0,77.0,4656.63,118.6,44.886192,-74.036697
3021513,NY,Franklin County,Noble Chateaugay,2009.0,1500.0,80.0,77.0,4656.63,118.6,44.917492,-74.058701
3021492,NY,Franklin County,Noble Chateaugay,2009.0,1500.0,80.0,77.0,4656.63,118.6,44.881493,-74.041
3021490,NY,Franklin County,Noble Chateaugay,2009.0,1500.0,80.0,77.0,4656.63,118.6,44.888592,-74.027596
3021469,NY,Franklin County,Noble Chateaugay,2009.0,1500.0,80.0,77.0,4656.63,118.6,44.89679,-74.065399
3021505,NY,Franklin County,Noble Chateaugay,2009.0,1500.0,80.0,77.0,4656.63,118.6,44.87859,-74.016602
3021486,NY,Franklin County,Noble Chateaugay,2009.0,1500.0,80.0,77.0,4656.63,118.6,44.885391,-74.049194
3021489,NY,Franklin County,Noble Chateaugay,2009.0,1500.0,80.0,77.0,4656.63,118.6,44.891689,-74.029701
3021460,NY,Franklin County,Noble Chateaugay,2009.0,1500.0,80.0,77.0,4656.63,118.6,44.92569,-74.041801
3021514,NY,Franklin County,Noble Chateaugay,2009.0,1500.0,80.0,77.0,4656.63,118.6,44.911892,-74.057999
3021493,NY,Franklin County,Noble Chateaugay,2009.0,1500.0,80.0,77.0,4656.63,118.6,44.880192,-74.031898
3021454,NY,Franklin County,Noble Chateaugay,2009.0,1500.0,80.0,77.0,4656.63,118.6,44.921989,-74.066795
3021510,NY,Franklin County,Noble Chateaugay,2009.0,1500.0,80.0,77.0,4656.63,118.6,44.884892,-74.070198
3021507,NY,Franklin County,Noble Chateaugay,2009.0,1500.0,80.0,77.0,4656.63,118.6,44.873989,-74.019997
3021520,NY,Franklin County,Noble Chateaugay,2009.0,1500.0,80.0,77.0,4656.63,118.6,44.890091,-74.020195
3021461,NY,Franklin County,Noble Chateaugay,2009.0,1500.0,80.0,77.0,4656.63,118.6,44.92329,-74.036797
3021501,NY,Franklin County,Noble Chateaugay,2009.0,1500.0,80.0,77.0,4656.63,118.6,44.877689,-74.025398
3021476,NY,Franklin County,Noble Chateaugay,2009.0,1500.0,80.0,77.0,4656.63,118.6,44.900593,-74.016602
3021466,NY,Franklin County,Noble Chateaugay,2009.0,1500.0,80.0,77.0,4656.63,118.6,44.922791,-74.017998
3021481,NY,Franklin County,Noble Chateaugay,2009.0,1500.0,80.0,77.0,4656.63,118.6,44.903091,-74.027
3021485,NY,Franklin County,Noble Chateaugay,2009.0,1500.0,80.0,77.0,4656.63,118.6,44.886089,-74.053299
3021456,NY,Franklin County,Noble Chateaugay,2009.0,1500.0,80.0,77.0,4656.63,118.6,44.918991,-74.065895
3021457,NY,Franklin County,Noble Chateaugay,2009.0,1500.0,80.0,77.0,4656.63,118.6,44.916191,-74.064598
3021472,NY,Franklin County,Noble Chateaugay,2009.0,1500.0,80.0,77.0,4656.63,118.6,44.911892,-74.014
3021516,NY,Franklin County,Noble Chateaugay,2009.0,1500.0,80.0,77.0,4656.63,118.6,44.914791,-74.044495
3021477,NY,Franklin County,Noble Chateaugay,2009.0,1500.0,80.0,77.0,4656.63,118.6,44.897591,-74.015999
3021467,NY,Franklin County,Noble Chateaugay,2009.0,1500.0,80.0,77.0,4656.63,118.6,44.918491,-74.022896
3021468,NY,Franklin County,Noble Chateaugay,2009.0,1500.0,80.0,77.0,4656.63,118.6,44.919189,-74.018394
3021771,NY,Franklin County,Noble Chateaugay,2009.0,1500.0,80.0,77.0,4656.63,118.6,44.899792,-74.0662
3021500,NY,Franklin County,Noble Chateaugay,2009.0,1500.0,80.0,77.0,4656.63,118.6,44.880692,-74.026398
3021465,NY,Franklin County,Noble Chateaugay,2009.0,1500.0,80.0,77.0,4656.63,118.6,44.921692,-74.023796
3021483,NY,Franklin County,Noble Chateaugay,2009.0,1500.0,80.0,77.0,4656.63,118.6,44.891792,-74.052299
3021497,NY,Franklin County,Noble Chateaugay,2009.0,1500.0,80.0,77.0,4656.63,118.6,44.874992,-74.033699
3021506,NY,Franklin County,Noble Chateaugay,2009.0,1500.0,80.0,77.0,4656.63,118.6,44.877392,-74.021095
3021471,NY,Franklin County,Noble Chateaugay,2009.0,1500.0,80.0,77.0,4656.63,118.6,44.909191,-74.023499
3021462,NY,Franklin County,Noble Chateaugay,2009.0,1500.0,80.0,77.0,4656.63,118.6,44.920391,-74.035797
3021480,NY,Franklin County,Noble Chateaugay,2009.0,1500.0,80.0,77.0,4656.63,118.6,44.901093,-74.023201
3021458,NY,Franklin County,Noble Chateaugay,2009.0,1500.0,80.0,77.0,4656.63,118.6,44.912491,-74.067795
3021475,NY,Franklin County,Noble Chateaugay,2009.0,1500.0,80.0,77.0,4656.63,118.6,44.903191,-74.012001
3021519,NY,Franklin County,Noble Chateaugay,2009.0,1500.0,80.0,77.0,4656.63,118.6,44.891293,-74.024796
3061466,NY,Franklin County,Noble Chateaugay,2009.0,1500.0,80.0,77.0,4656.63,118.6,44.882301,-74.03479
3017411,NY,Clinton County,Noble Clinton,2008.0,1500.0,80.0,77.0,4656.63,118.6,44.907391,-73.997498
3017438,NY,Clinton County,Noble Clinton,2008.0,1500.0,80.0,77.0,4656.63,118.6,44.953293,-73.974602
3017432,NY,Clinton County,Noble Clinton,2008.0,1500.0,80.0,77.0,4656.63,118.6,44.951389,-73.987297
3017392,NY,Clinton County,Noble Clinton,2008.0,1500.0,80.0,77.0,4656.63,118.6,44.947891,-73.980202
3017441,NY,Clinton County,Noble Clinton,2008.0,1500.0,80.0,77.0,4656.63,118.6,44.910591,-73.985802
3017422,NY,Clinton County,Noble Clinton,2008.0,1500.0,80.0,77.0,4656.63,118.6,44.91679,-74.005096
3017402,NY,Clinton County,Noble Clinton,2008.0,1500.0,80.0,77.0,4656.63,118.6,44.913193,-73.983498
3017419,NY,Clinton County,Noble Clinton,2008.0,1500.0,80.0,77.0,4656.63,118.6,44.92889,-74.005898
3048868,NY,Clinton County,Noble Clinton,2008.0,1500.0,80.0,77.0,4656.63,118.6,44.897793,-74.005798
3017418,NY,Clinton County,Noble Clinton,2008.0,1500.0,80.0,77.0,4656.63,118.6,44.923492,-74.007797
3017440,NY,Clinton County,Noble Clinton,2008.0,1500.0,80.0,77.0,4656.63,118.6,44.927692,-74.0019
3017413,NY,Clinton County,Noble Clinton,2008.0,1500.0,80.0,77.0,4656.63,118.6,44.895493,-73.994797
3017543,NY,Clinton County,Noble Clinton,2008.0,1500.0,80.0,77.0,4656.63,118.6,44.890491,-73.998901
3017424,NY,Clinton County,Noble Clinton,2008.0,1500.0,80.0,77.0,4656.63,118.6,44.905293,-74.007301
3017399,NY,Clinton County,Noble Clinton,2008.0,1500.0,80.0,77.0,4656.63,118.6,44.943192,-73.986496
3017544,NY,Clinton County,Noble Clinton,2008.0,1500.0,80.0,77.0,4656.63,118.6,44.93779,-73.998795
3017421,NY,Clinton County,Noble Clinton,2008.0,1500.0,80.0,77.0,4656.63,118.6,44.897892,-73.9795
3017537,NY,Clinton County,Noble Clinton,2008.0,1500.0,80.0,77.0,4656.63,118.6,44.94759,-74.001595
3017409,NY,Clinton County,Noble Clinton,2008.0,1500.0,80.0,77.0,4656.63,118.6,44.903393,-73.999496
3017439,NY,Clinton County,Noble Clinton,2008.0,1500.0,80.0,77.0,4656.63,118.6,44.924892,-73.989494
3017415,NY,Clinton County,Noble Clinton,2008.0,1500.0,80.0,77.0,4656.63,118.6,44.914692,-74.008301
3017541,NY,Clinton County,Noble Clinton,2008.0,1500.0,80.0,77.0,4656.63,118.6,44.894192,-73.999199
3017407,NY,Clinton County,Noble Clinton,2008.0,1500.0,80.0,77.0,4656.63,118.6,44.902691,-74.005699
3017428,NY,Clinton County,Noble Clinton,2008.0,1500.0,80.0,77.0,4656.63,118.6,44.948193,-73.995499
3017393,NY,Clinton County,Noble Clinton,2008.0,1500.0,80.0,77.0,4656.63,118.6,44.951591,-73.993599
3017410,NY,Clinton County,Noble Clinton,2008.0,1500.0,80.0,77.0,4656.63,118.6,44.902592,-73.992798
3017408,NY,Clinton County,Noble Clinton,2008.0,1500.0,80.0,77.0,4656.63,118.6,44.908092,-74.0037
3017545,NY,Clinton County,Noble Clinton,2008.0,1500.0,80.0,77.0,4656.63,118.6,44.94289,-74.000397
3042198,NY,Clinton County,Noble Clinton,2008.0,1500.0,80.0,77.0,4656.63,118.6,44.946392,-74.005798
3017397,NY,Clinton County,Noble Clinton,2008.0,1500.0,80.0,77.0,4656.63,118.6,44.920692,-74.009895
3017405,NY,Clinton County,Noble Clinton,2008.0,1500.0,80.0,77.0,4656.63,118.6,44.893192,-73.978996
3017436,NY,Clinton County,Noble Clinton,2008.0,1500.0,80.0,77.0,4656.63,118.6,44.927891,-73.989296
3042199,NY,Clinton County,Noble Clinton,2008.0,1500.0,80.0,77.0,4656.63,118.6,44.92239,-73.998596
3017437,NY,Clinton County,Noble Clinton,2008.0,1500.0,80.0,77.0,4656.63,118.6,44.89909,-73.985497
3017430,NY,Clinton County,Noble Clinton,2008.0,1500.0,80.0,77.0,4656.63,118.6,44.92989,-73.998398
3017416,NY,Clinton County,Noble Clinton,2008.0,1500.0,80.0,77.0,4656.63,118.6,44.925091,-74.000099
3017412,NY,Clinton County,Noble Clinton,2008.0,1500.0,80.0,77.0,4656.63,118.6,44.909492,-73.994598
3017414,NY,Clinton County,Noble Clinton,2008.0,1500.0,80.0,77.0,4656.63,118.6,44.91729,-74.0103
3017538,NY,Clinton County,Noble Clinton,2008.0,1500.0,80.0,77.0,4656.63,118.6,44.950691,-73.982498
3017433,NY,Clinton County,Noble Clinton,2008.0,1500.0,80.0,77.0,4656.63,118.6,44.94849,-73.990196
3017423,NY,Clinton County,Noble Clinton,2008.0,1500.0,80.0,77.0,4656.63,118.6,44.905392,-73.994202
3017427,NY,Clinton County,Noble Clinton,2008.0,1500.0,80.0,77.0,4656.63,118.6,44.94709,-73.985001
3017417,NY,Clinton County,Noble Clinton,2008.0,1500.0,80.0,77.0,4656.63,118.6,44.92609,-74.006294
3017394,NY,Clinton County,Noble Clinton,2008.0,1500.0,80.0,77.0,4656.63,118.6,44.939091,-73.984497
3017401,NY,Clinton County,Noble Clinton,2008.0,1500.0,80.0,77.0,4656.63,118.6,44.917591,-73.983696
3017391,NY,Clinton County,Noble Clinton,2008.0,1500.0,80.0,77.0,4656.63,118.6,44.953892,-73.980301
3017539,NY,Clinton County,Noble Clinton,2008.0,1500.0,80.0,77.0,4656.63,118.6,44.90089,-74.002296
3017406,NY,Clinton County,Noble Clinton,2008.0,1500.0,80.0,77.0,4656.63,118.6,44.900791,-73.980797
3017429,NY,Clinton County,Noble Clinton,2008.0,1500.0,80.0,77.0,4656.63,118.6,44.919689,-73.998001
3017400,NY,Clinton County,Noble Clinton,2008.0,1500.0,80.0,77.0,4656.63,118.6,44.921391,-73.987396
3017395,NY,Clinton County,Noble Clinton,2008.0,1500.0,80.0,77.0,4656.63,118.6,44.931591,-73.989899
3048867,NY,Clinton County,Noble Clinton,2008.0,1500.0,80.0,77.0,4656.63,118.6,44.95269,-74.005997
3017434,NY,Clinton County,Noble Clinton,2008.0,1500.0,80.0,77.0,4656.63,118.6,44.90609,-74.000999
3017435,NY,Clinton County,Noble Clinton,2008.0,1500.0,80.0,77.0,4656.63,118.6,44.895889,-73.976295
3017396,NY,Clinton County,Noble Clinton,2008.0,1500.0,80.0,77.0,4656.63,118.6,44.930092,-73.986595
3017420,NY,Clinton County,Noble Clinton,2008.0,1500.0,80.0,77.0,4656.63,118.6,44.94059,-74.0047
3017426,NY,Clinton County,Noble Clinton,2008.0,1500.0,80.0,77.0,4656.63,118.6,44.921791,-73.981895
3017425,NY,Clinton County,Noble Clinton,2008.0,1500.0,80.0,77.0,4656.63,118.6,44.89579,-73.984299
3017540,NY,Clinton County,Noble Clinton,2008.0,1500.0,80.0,77.0,4656.63,118.6,44.894291,-74.004295
3017398,NY,Clinton County,Noble Clinton,2008.0,1500.0,80.0,77.0,4656.63,118.6,44.927292,-73.985397
3017390,NY,Clinton County,Noble Clinton,2008.0,1500.0,80.0,77.0,4656.63,118.6,44.937492,-74.003799
3048869,NY,Clinton County,Noble Clinton,2008.0,1500.0,80.0,77.0,4656.63,118.6,44.925491,-74.010696
3017404,NY,Clinton County,Noble Clinton,2008.0,1500.0,80.0,77.0,4656.63,118.6,44.894093,-73.969894
3017542,NY,Clinton County,Noble Clinton,2008.0,1500.0,80.0,77.0,4656.63,118.6,44.89069,-74.0037
3017403,NY,Clinton County,Noble Clinton,2008.0,1500.0,80.0,77.0,4656.63,118.6,44.893291,-73.974602
3017389,NY,Clinton County,Noble Clinton,2008.0,1500.0,80.0,77.0,4656.63,118.6,44.937992,-73.990196
3017431,NY,Clinton County,Noble Clinton,2008.0,1500.0,80.0,77.0,4656.63,118.6,44.944092,-73.982498
3017371,NY,Clinton County,Noble Ellenburg,2008.0,1500.0,80.0,77.0,4656.63,118.6,44.862991,-74.003899
3017384,NY,Clinton County,Noble Ellenburg,2008.0,1500.0,80.0,77.0,4656.63,118.6,44.866692,-73.952095
3017357,NY,Clinton County,Noble Ellenburg,2008.0,1500.0,80.0,77.0,4656.63,118.6,44.875893,-73.978798
3017362,NY,Clinton County,Noble Ellenburg,2008.0,1500.0,80.0,77.0,4656.63,118.6,44.86869,-73.977997
3017370,NY,Clinton County,Noble Ellenburg,2008.0,1500.0,80.0,77.0,4656.63,118.6,44.85989,-74.003098
3017374,NY,Clinton County,Noble Ellenburg,2008.0,1500.0,80.0,77.0,4656.63,118.6,44.863491,-73.9981
3017364,NY,Clinton County,Noble Ellenburg,2008.0,1500.0,80.0,77.0,4656.63,118.6,44.878693,-74.004097
3017382,NY,Clinton County,Noble Ellenburg,2008.0,1500.0,80.0,77.0,4656.63,118.6,44.869091,-73.9935
3017365,NY,Clinton County,Noble Ellenburg,2008.0,1500.0,80.0,77.0,4656.63,118.6,44.878292,-73.999802
3017527,NY,Clinton County,Noble Ellenburg,2008.0,1500.0,80.0,77.0,4656.63,118.6,44.862289,-73.984001
3017526,NY,Clinton County,Noble Ellenburg,2008.0,1500.0,80.0,77.0,4656.63,118.6,44.864693,-73.979401
3017380,NY,Clinton County,Noble Ellenburg,2008.0,1500.0,80.0,77.0,4656.63,118.6,44.87149,-73.931
3017388,NY,Clinton County,Noble Ellenburg,2008.0,1500.0,80.0,77.0,4656.63,118.6,44.881691,-73.996498
3017345,NY,Clinton County,Noble Ellenburg,2008.0,1500.0,80.0,77.0,4656.63,118.6,44.86729,-73.932999
3017385,NY,Clinton County,Noble Ellenburg,2008.0,1500.0,80.0,77.0,4656.63,118.6,44.883991,-73.993996
3017524,NY,Clinton County,Noble Ellenburg,2008.0,1500.0,80.0,77.0,4656.63,118.6,44.862392,-73.975296
3021757,NY,Clinton County,Noble Ellenburg,2008.0,1500.0,80.0,77.0,4656.63,118.6,44.861992,-73.979996
3017522,NY,Clinton County,Noble Ellenburg,2008.0,1500.0,80.0,77.0,4656.63,118.6,44.862991,-73.958298
3017376,NY,Clinton County,Noble Ellenburg,2008.0,1500.0,80.0,77.0,4656.63,118.6,44.87199,-73.962097
3017359,NY,Clinton County,Noble Ellenburg,2008.0,1500.0,80.0,77.0,4656.63,118.6,44.863792,-73.989998
3017355,NY,Clinton County,Noble Ellenburg,2008.0,1500.0,80.0,77.0,4656.63,118.6,44.879292,-73.969101
3017373,NY,Clinton County,Noble Ellenburg,2008.0,1500.0,80.0,77.0,4656.63,118.6,44.869091,-74.003601
3017351,NY,Clinton County,Noble Ellenburg,2008.0,1500.0,80.0,77.0,4656.63,118.6,44.862492,-73.952095
3017361,NY,Clinton County,Noble Ellenburg,2008.0,1500.0,80.0,77.0,4656.63,118.6,44.867592,-73.983299
3017523,NY,Clinton County,Noble Ellenburg,2008.0,1500.0,80.0,77.0,4656.63,118.6,44.862892,-73.962502
3017348,NY,Clinton County,Noble Ellenburg,2008.0,1500.0,80.0,77.0,4656.63,118.6,44.864891,-73.939201
3017346,NY,Clinton County,Noble Ellenburg,2008.0,1500.0,80.0,77.0,4656.63,118.6,44.86879,-73.929695
3017379,NY,Clinton County,Noble Ellenburg,2008.0,1500.0,80.0,77.0,4656.63,118.6,44.863392,-73.942596
3017387,NY,Clinton County,Noble Ellenburg,2008.0,1500.0,80.0,77.0,4656.63,118.6,44.881592,-74.003197
3017354,NY,Clinton County,Noble Ellenburg,2008.0,1500.0,80.0,77.0,4656.63,118.6,44.881992,-73.972099
3017353,NY,Clinton County,Noble Ellenburg,2008.0,1500.0,80.0,77.0,4656.63,118.6,44.86869,-73.961899
3017381,NY,Clinton County,Noble Ellenburg,2008.0,1500.0,80.0,77.0,4656.63,118.6,44.871693,-73.9702
3017352,NY,Clinton County,Noble Ellenburg,2008.0,1500.0,80.0,77.0,4656.63,118.6,44.866192,-73.963898
3017368,NY,Clinton County,Noble Ellenburg,2008.0,1500.0,80.0,77.0,4656.63,118.6,44.87569,-74.003799
3017349,NY,Clinton County,Noble Ellenburg,2008.0,1500.0,80.0,77.0,4656.63,118.6,44.865589,-73.945198
3017377,NY,Clinton County,Noble Ellenburg,2008.0,1500.0,80.0,77.0,4656.63,118.6,44.87149,-73.989098
3017366,NY,Clinton County,Noble Ellenburg,2008.0,1500.0,80.0,77.0,4656.63,118.6,44.878891,-73.995399
3017378,NY,Clinton County,Noble Ellenburg,2008.0,1500.0,80.0,77.0,4656.63,118.6,44.869789,-73.9655
3017347,NY,Clinton County,Noble Ellenburg,2008.0,1500.0,80.0,77.0,4656.63,118.6,44.87019,-73.934601
3017372,NY,Clinton County,Noble Ellenburg,2008.0,1500.0,80.0,77.0,4656.63,118.6,44.86599,-74.003899
3017358,NY,Clinton County,Noble Ellenburg,2008.0,1500.0,80.0,77.0,4656.63,118.6,44.86459,-73.986198
3017386,NY,Clinton County,Noble Ellenburg,2008.0,1500.0,80.0,77.0,4656.63,118.6,44.883289,-73.999802
3017375,NY,Clinton County,Noble Ellenburg,2008.0,1500.0,80.0,77.0,4656.63,118.6,44.869591,-73.986099
3017343,NY,Clinton County,Noble Ellenburg,2008.0,1500.0,80.0,77.0,4656.63,118.6,44.86499,-73.925995
3017383,NY,Clinton County,Noble Ellenburg,2008.0,1500.0,80.0,77.0,4656.63,118.6,44.88269,-73.967896
3017363,NY,Clinton County,Noble Ellenburg,2008.0,1500.0,80.0,77.0,4656.63,118.6,44.870792,-73.974297
3017369,NY,Clinton County,Noble Ellenburg,2008.0,1500.0,80.0,77.0,4656.63,118.6,44.87479,-73.999001
3017344,NY,Clinton County,Noble Ellenburg,2008.0,1500.0,80.0,77.0,4656.63,118.6,44.86459,-73.930695
3017356,NY,Clinton County,Noble Ellenburg,2008.0,1500.0,80.0,77.0,4656.63,118.6,44.877491,-73.965599
3017521,NY,Clinton County,Noble Ellenburg,2008.0,1500.0,80.0,77.0,4656.63,118.6,44.865292,-73.955894
3017525,NY,Clinton County,Noble Ellenburg,2008.0,1500.0,80.0,77.0,4656.63,118.6,44.862591,-73.971001
3017360,NY,Clinton County,Noble Ellenburg,2008.0,1500.0,80.0,77.0,4656.63,118.6,44.866592,-73.990097
3017367,NY,Clinton County,Noble Ellenburg,2008.0,1500.0,80.0,77.0,4656.63,118.6,44.876091,-73.995399
3017350,NY,Clinton County,Noble Ellenburg,2008.0,1500.0,80.0,77.0,4656.63,118.6,44.862991,-73.9478
3021537,NY,Wyoming County,Noble Wethersfield,2009.0,1500.0,80.0,77.0,4656.63,118.6,42.606991,-78.291695
3021578,NY,Wyoming County,Noble Wethersfield,2009.0,1500.0,80.0,77.0,4656.63,118.6,42.659393,-78.2584
3021531,NY,Wyoming County,Noble Wethersfield,2009.0,1500.0,80.0,77.0,4656.63,118.6,42.610592,-78.292397
3021594,NY,Wyoming County,Noble Wethersfield,2009.0,1500.0,80.0,77.0,4656.63,118.6,42.644993,-78.248795
3021535,NY,Wyoming County,Noble Wethersfield,2009.0,1500.0,80.0,77.0,4656.63,118.6,42.601593,-78.297798
3021542,NY,Wyoming County,Noble Wethersfield,2009.0,1500.0,80.0,77.0,4656.63,118.6,42.590794,-78.288597
3021581,NY,Wyoming County,Noble Wethersfield,2009.0,1500.0,80.0,77.0,4656.63,118.6,42.622391,-78.2435
3021554,NY,Wyoming County,Noble Wethersfield,2009.0,1500.0,80.0,77.0,4656.63,118.6,42.601292,-78.272995
3021528,NY,Wyoming County,Noble Wethersfield,2009.0,1500.0,80.0,77.0,4656.63,118.6,42.615791,-78.285294
3021572,NY,Wyoming County,Noble Wethersfield,2009.0,1500.0,80.0,77.0,4656.63,118.6,42.601192,-78.239799
3021600,NY,Wyoming County,Noble Wethersfield,2009.0,1500.0,80.0,77.0,4656.63,118.6,42.670094,-78.216896
3021522,NY,Wyoming County,Noble Wethersfield,2009.0,1500.0,80.0,77.0,4656.63,118.6,42.620491,-78.300697
3021527,NY,Wyoming County,Noble Wethersfield,2009.0,1500.0,80.0,77.0,4656.63,118.6,42.616692,-78.289696
3021560,NY,Wyoming County,Noble Wethersfield,2009.0,1500.0,80.0,77.0,4656.63,118.6,42.616291,-78.247894
3021569,NY,Wyoming County,Noble Wethersfield,2009.0,1500.0,80.0,77.0,4656.63,118.6,42.602192,-78.244293
3021571,NY,Wyoming County,Noble Wethersfield,2009.0,1500.0,80.0,77.0,4656.63,118.6,42.603592,-78.239998
3021596,NY,Wyoming County,Noble Wethersfield,2009.0,1500.0,80.0,77.0,4656.63,118.6,42.641193,-78.232697
3021595,NY,Wyoming County,Noble Wethersfield,2009.0,1500.0,80.0,77.0,4656.63,118.6,42.644791,-78.230293
3021544,NY,Wyoming County,Noble Wethersfield,2009.0,1500.0,80.0,77.0,4656.63,118.6,42.613693,-78.264595
3021532,NY,Wyoming County,Noble Wethersfield,2009.0,1500.0,80.0,77.0,4656.63,118.6,42.611691,-78.2873
3021530,NY,Wyoming County,Noble Wethersfield,2009.0,1500.0,80.0,77.0,4656.63,118.6,42.61359,-78.294594
3021566,NY,Wyoming County,Noble Wethersfield,2009.0,1500.0,80.0,77.0,4656.63,118.6,42.608391,-78.245094
3026060,NY,Wyoming County,Noble Wethersfield,2009.0,1500.0,80.0,77.0,4656.63,118.6,42.624092,-78.255394
3021579,NY,Wyoming County,Noble Wethersfield,2009.0,1500.0,80.0,77.0,4656.63,118.6,42.63269,-78.235298
3021561,NY,Wyoming County,Noble Wethersfield,2009.0,1500.0,80.0,77.0,4656.63,118.6,42.613892,-78.246796
3021549,NY,Wyoming County,Noble Wethersfield,2009.0,1500.0,80.0,77.0,4656.63,118.6,42.60799,-78.269997
3021555,NY,Wyoming County,Noble Wethersfield,2009.0,1500.0,80.0,77.0,4656.63,118.6,42.594994,-78.271996
3021599,NY,Wyoming County,Noble Wethersfield,2009.0,1500.0,80.0,77.0,4656.63,118.6,42.666992,-78.2248
3021592,NY,Wyoming County,Noble Wethersfield,2009.0,1500.0,80.0,77.0,4656.63,118.6,42.659893,-78.245094
3021583,NY,Wyoming County,Noble Wethersfield,2009.0,1500.0,80.0,77.0,4656.63,118.6,42.612392,-78.231697
3021526,NY,Wyoming County,Noble Wethersfield,2009.0,1500.0,80.0,77.0,4656.63,118.6,42.619591,-78.285995
3021552,NY,Wyoming County,Noble Wethersfield,2009.0,1500.0,80.0,77.0,4656.63,118.6,42.601391,-78.265198
3021529,NY,Wyoming County,Noble Wethersfield,2009.0,1500.0,80.0,77.0,4656.63,118.6,42.613892,-78.2882
3021585,NY,Wyoming County,Noble Wethersfield,2009.0,1500.0,80.0,77.0,4656.63,118.6,42.610592,-78.227997
3021567,NY,Wyoming County,Noble Wethersfield,2009.0,1500.0,80.0,77.0,4656.63,118.6,42.609192,-78.240196
3021553,NY,Wyoming County,Noble Wethersfield,2009.0,1500.0,80.0,77.0,4656.63,118.6,42.603191,-78.276695
3021575,NY,Wyoming County,Noble Wethersfield,2009.0,1500.0,80.0,77.0,4656.63,118.6,42.664993,-78.262497
3021539,NY,Wyoming County,Noble Wethersfield,2009.0,1500.0,80.0,77.0,4656.63,118.6,42.602192,-78.291901
3021590,NY,Wyoming County,Noble Wethersfield,2009.0,1500.0,80.0,77.0,4656.63,118.6,42.65649,-78.239296
3021541,NY,Wyoming County,Noble Wethersfield,2009.0,1500.0,80.0,77.0,4656.63,118.6,42.593193,-78.286194
3021536,NY,Wyoming County,Noble Wethersfield,2009.0,1500.0,80.0,77.0,4656.63,118.6,42.599693,-78.301094
3021601,NY,Wyoming County,Noble Wethersfield,2009.0,1500.0,80.0,77.0,4656.63,118.6,42.667793,-78.219795
3021597,NY,Wyoming County,Noble Wethersfield,2009.0,1500.0,80.0,77.0,4656.63,118.6,42.670193,-78.232399
3021538,NY,Wyoming County,Noble Wethersfield,2009.0,1500.0,80.0,77.0,4656.63,118.6,42.604794,-78.291
3021576,NY,Wyoming County,Noble Wethersfield,2009.0,1500.0,80.0,77.0,4656.63,118.6,42.654392,-78.2565
3021563,NY,Wyoming County,Noble Wethersfield,2009.0,1500.0,80.0,77.0,4656.63,118.6,42.609493,-78.250397
3021591,NY,Wyoming County,Noble Wethersfield,2009.0,1500.0,80.0,77.0,4656.63,118.6,42.659893,-78.240494
3021524,NY,Wyoming County,Noble Wethersfield,2009.0,1500.0,80.0,77.0,4656.63,118.6,42.616493,-78.2948
3021525,NY,Wyoming County,Noble Wethersfield,2009.0,1500.0,80.0,77.0,4656.63,118.6,42.619091,-78.294998
3021547,NY,Wyoming County,Noble Wethersfield,2009.0,1500.0,80.0,77.0,4656.63,118.6,42.611591,-78.265297
3021570,NY,Wyoming County,Noble Wethersfield,2009.0,1500.0,80.0,77.0,4656.63,118.6,42.600094,-78.244797
3021562,NY,Wyoming County,Noble Wethersfield,2009.0,1500.0,80.0,77.0,4656.63,118.6,42.611591,-78.249596
3021558,NY,Wyoming County,Noble Wethersfield,2009.0,1500.0,80.0,77.0,4656.63,118.6,42.588192,-78.272995
3021534,NY,Wyoming County,Noble Wethersfield,2009.0,1500.0,80.0,77.0,4656.63,118.6,42.60379,-78.298096
3021573,NY,Wyoming County,Noble Wethersfield,2009.0,1500.0,80.0,77.0,4656.63,118.6,42.62899,-78.278297
3026082,NY,Wyoming County,Noble Wethersfield,2009.0,1500.0,80.0,77.0,4656.63,118.6,42.662392,-78.2612
3021565,NY,Wyoming County,Noble Wethersfield,2009.0,1500.0,80.0,77.0,4656.63,118.6,42.60659,-78.239998
3021580,NY,Wyoming County,Noble Wethersfield,2009.0,1500.0,80.0,77.0,4656.63,118.6,42.630192,-78.242897
3021602,NY,Wyoming County,Noble Wethersfield,2009.0,1500.0,80.0,77.0,4656.63,118.6,42.672592,-78.214996
3021598,NY,Wyoming County,Noble Wethersfield,2009.0,1500.0,80.0,77.0,4656.63,118.6,42.657192,-78.245399
3021584,NY,Wyoming County,Noble Wethersfield,2009.0,1500.0,80.0,77.0,4656.63,118.6,42.615093,-78.225296
3021551,NY,Wyoming County,Noble Wethersfield,2009.0,1500.0,80.0,77.0,4656.63,118.6,42.603493,-78.2686
3021582,NY,Wyoming County,Noble Wethersfield,2009.0,1500.0,80.0,77.0,4656.63,118.6,42.614792,-78.230995
3021574,NY,Wyoming County,Noble Wethersfield,2009.0,1500.0,80.0,77.0,4656.63,118.6,42.632191,-78.277695
3021550,NY,Wyoming County,Noble Wethersfield,2009.0,1500.0,80.0,77.0,4656.63,118.6,42.605892,-78.267494
3021521,NY,Wyoming County,Noble Wethersfield,2009.0,1500.0,80.0,77.0,4656.63,118.6,42.62059,-78.306198
3021548,NY,Wyoming County,Noble Wethersfield,2009.0,1500.0,80.0,77.0,4656.63,118.6,42.609291,-78.264595
3021556,NY,Wyoming County,Noble Wethersfield,2009.0,1500.0,80.0,77.0,4656.63,118.6,42.592793,-78.271996
3021589,NY,Wyoming County,Noble Wethersfield,2009.0,1500.0,80.0,77.0,4656.63,118.6,42.662891,-78.234299
3021523,NY,Wyoming County,Noble Wethersfield,2009.0,1500.0,80.0,77.0,4656.63,118.6,42.615791,-78.299194
3021588,NY,Wyoming County,Noble Wethersfield,2009.0,1500.0,80.0,77.0,4656.63,118.6,42.664494,-78.238495
3021593,NY,Wyoming County,Noble Wethersfield,2009.0,1500.0,80.0,77.0,4656.63,118.6,42.64719,-78.247993
3021577,NY,Wyoming County,Noble Wethersfield,2009.0,1500.0,80.0,77.0,4656.63,118.6,42.656994,-78.256294
3021533,NY,Wyoming County,Noble Wethersfield,2009.0,1500.0,80.0,77.0,4656.63,118.6,42.609093,-78.287498
3021543,NY,Wyoming County,Noble Wethersfield,2009.0,1500.0,80.0,77.0,4656.63,118.6,42.615891,-78.265297
3021559,NY,Wyoming County,Noble Wethersfield,2009.0,1500.0,80.0,77.0,4656.63,118.6,42.617191,-78.243294
3021587,NY,Wyoming County,Noble Wethersfield,2009.0,1500.0,80.0,77.0,4656.63,118.6,42.664391,-78.244095
3021564,NY,Wyoming County,Noble Wethersfield,2009.0,1500.0,80.0,77.0,4656.63,118.6,42.615093,-78.242195
3021586,NY,Wyoming County,Noble Wethersfield,2009.0,1500.0,80.0,77.0,4656.63,118.6,42.668892,-78.237
3021545,NY,Wyoming County,Noble Wethersfield,2009.0,1500.0,80.0,77.0,4656.63,118.6,42.613392,-78.272095
3021568,NY,Wyoming County,Noble Wethersfield,2009.0,1500.0,80.0,77.0,4656.63,118.6,42.604294,-78.2453
3021546,NY,Wyoming County,Noble Wethersfield,2009.0,1500.0,80.0,77.0,4656.63,118.6,42.610893,-78.269997
3021557,NY,Wyoming County,Noble Wethersfield,2009.0,1500.0,80.0,77.0,4656.63,118.6,42.590393,-78.2733
3021540,NY,Wyoming County,Noble Wethersfield,2009.0,1500.0,80.0,77.0,4656.63,118.6,42.594692,-78.288994
3122327,CO,Logan County,Northeast Colorado Wind,2009.0,2300.0,80.0,108.0,9160.88,134.1,40.970291,-102.919594
3122306,CO,Logan County,Northeast Colorado Wind,2009.0,2300.0,80.0,108.0,9160.88,134.1,40.992092,-102.804787
3122305,CO,Logan County,Northeast Colorado Wind,2009.0,2300.0,80.0,108.0,9160.88,134.1,40.972492,-102.857391
3122304,CO,Logan County,Northeast Colorado Wind,2009.0,1600.0,80.0,91.0,6503.88,125.6,40.999893,-102.922592
3122281,CO,Logan County,Northeast Colorado Wind,2009.0,2300.0,80.0,108.0,9160.88,134.1,40.980293,-102.800888
3122290,CO,Logan County,Northeast Colorado Wind,2009.0,2300.0,80.0,108.0,9160.88,134.1,40.973793,-102.830292
3122279,CO,Logan County,Northeast Colorado Wind,2009.0,2300.0,80.0,108.0,9160.88,134.1,40.987694,-102.891586
3122283,CO,Logan County,Northeast Colorado Wind,2009.0,2300.0,80.0,108.0,9160.88,134.1,40.961292,-102.895988
3122269,CO,Logan County,Northeast Colorado Wind,2009.0,2300.0,80.0,108.0,9160.88,134.1,40.985794,-102.84359
3122343,CO,Logan County,Northeast Colorado Wind,2009.0,2300.0,80.0,108.0,9160.88,134.1,40.960194,-102.911293
3122321,CO,Logan County,Northeast Colorado Wind,2009.0,1600.0,80.0,91.0,6503.88,125.6,40.987194,-102.926292
3122271,CO,Logan County,Northeast Colorado Wind,2009.0,2300.0,80.0,108.0,9160.88,134.1,40.987793,-102.872887
3122312,CO,Logan County,Northeast Colorado Wind,2009.0,2300.0,80.0,108.0,9160.88,134.1,40.982094,-102.794693
3122319,CO,Logan County,Northeast Colorado Wind,2009.0,2300.0,80.0,108.0,9160.88,134.1,40.988293,-102.878189
3122332,CO,Logan County,Northeast Colorado Wind,2009.0,2300.0,80.0,108.0,9160.88,134.1,40.959293,-102.886391
3122311,CO,Logan County,Northeast Colorado Wind,2009.0,2300.0,80.0,108.0,9160.88,134.1,40.973194,-102.845589
3122335,CO,Logan County,Northeast Colorado Wind,2009.0,2300.0,80.0,108.0,9160.88,134.1,40.999794,-102.78569
3122307,CO,Logan County,Northeast Colorado Wind,2009.0,2300.0,80.0,108.0,9160.88,134.1,40.970993,-102.915993
3122286,CO,Logan County,Northeast Colorado Wind,2009.0,1600.0,80.0,91.0,6503.88,125.6,40.981194,-102.913788
3122284,CO,Logan County,Northeast Colorado Wind,2009.0,1600.0,80.0,91.0,6503.88,125.6,40.981194,-102.91729
3122340,CO,Logan County,Northeast Colorado Wind,2009.0,2300.0,80.0,108.0,9160.88,134.1,40.958492,-102.882889
3122328,CO,Logan County,Northeast Colorado Wind,2009.0,2300.0,80.0,108.0,9160.88,134.1,40.946194,-102.921288
3122329,CO,Logan County,Northeast Colorado Wind,2009.0,2300.0,80.0,108.0,9160.88,134.1,40.989895,-102.820091
3122288,CO,Logan County,Northeast Colorado Wind,2009.0,1600.0,80.0,91.0,6503.88,125.6,40.998592,-102.917587
3122303,CO,Logan County,Northeast Colorado Wind,2009.0,2300.0,80.0,108.0,9160.88,134.1,40.979492,-102.797188
3122295,CO,Logan County,Northeast Colorado Wind,2009.0,2300.0,80.0,108.0,9160.88,134.1,40.976494,-102.839592
3122302,CO,Logan County,Northeast Colorado Wind,2009.0,2300.0,80.0,108.0,9160.88,134.1,41.000793,-102.778191
3122282,CO,Logan County,Northeast Colorado Wind,2009.0,1600.0,80.0,91.0,6503.88,125.6,40.990494,-102.917587
3122308,CO,Logan County,Northeast Colorado Wind,2009.0,2300.0,80.0,108.0,9160.88,134.1,40.976894,-102.825188
3122276,CO,Logan County,Northeast Colorado Wind,2009.0,2300.0,80.0,108.0,9160.88,134.1,40.946095,-102.925491
3122274,CO,Logan County,Northeast Colorado Wind,2009.0,2300.0,80.0,108.0,9160.88,134.1,40.988094,-102.897087
3122297,CO,Logan County,Northeast Colorado Wind,2009.0,2300.0,80.0,108.0,9160.88,134.1,40.966293,-102.928192
3122293,CO,Logan County,Northeast Colorado Wind,2009.0,2300.0,80.0,108.0,9160.88,134.1,40.958092,-102.907387
3122296,CO,Logan County,Northeast Colorado Wind,2009.0,2300.0,80.0,108.0,9160.88,134.1,40.991592,-102.801292
3122292,CO,Logan County,Northeast Colorado Wind,2009.0,2300.0,80.0,108.0,9160.88,134.1,40.963795,-102.931488
3122333,CO,Logan County,Northeast Colorado Wind,2009.0,2300.0,80.0,108.0,9160.88,134.1,40.971092,-102.895889
3122339,CO,Logan County,Northeast Colorado Wind,2009.0,2300.0,80.0,108.0,9160.88,134.1,40.973694,-102.885292
3122275,CO,Logan County,Northeast Colorado Wind,2009.0,2300.0,80.0,108.0,9160.88,134.1,40.987892,-102.862289
3122318,CO,Logan County,Northeast Colorado Wind,2009.0,2300.0,80.0,108.0,9160.88,134.1,40.975792,-102.880089
3122278,CO,Logan County,Northeast Colorado Wind,2009.0,2300.0,80.0,108.0,9160.88,134.1,40.959991,-102.899292
3122347,CO,Logan County,Northeast Colorado Wind,2009.0,2300.0,80.0,108.0,9160.88,134.1,40.971191,-102.907494
3122322,CO,Logan County,Northeast Colorado Wind,2009.0,1600.0,80.0,91.0,6503.88,125.6,40.991692,-102.910492
3122323,CO,Logan County,Northeast Colorado Wind,2009.0,1600.0,80.0,91.0,6503.88,125.6,40.989792,-102.930389
3122301,CO,Logan County,Northeast Colorado Wind,2009.0,2300.0,80.0,108.0,9160.88,134.1,40.998493,-102.79319
3122342,CO,Logan County,Northeast Colorado Wind,2009.0,2300.0,80.0,108.0,9160.88,134.1,40.980793,-102.80439
3122291,CO,Logan County,Northeast Colorado Wind,2009.0,2300.0,80.0,108.0,9160.88,134.1,40.978893,-102.836487
3122338,CO,Logan County,Northeast Colorado Wind,2009.0,2300.0,80.0,108.0,9160.88,134.1,40.976093,-102.819893
3122334,CO,Logan County,Northeast Colorado Wind,2009.0,2300.0,80.0,108.0,9160.88,134.1,40.976791,-102.873993
3122330,CO,Logan County,Northeast Colorado Wind,2009.0,2300.0,80.0,108.0,9160.88,134.1,40.997395,-102.796494
3122316,CO,Logan County,Northeast Colorado Wind,2009.0,2300.0,80.0,108.0,9160.88,134.1,40.986195,-102.839088
3122285,CO,Logan County,Northeast Colorado Wind,2009.0,1600.0,80.0,91.0,6503.88,125.6,40.974491,-102.933289
3122320,CO,Logan County,Northeast Colorado Wind,2009.0,2300.0,80.0,108.0,9160.88,134.1,40.957592,-102.902191
3122324,CO,Logan County,Northeast Colorado Wind,2009.0,2300.0,80.0,108.0,9160.88,134.1,40.973694,-102.849487
3122344,CO,Logan County,Northeast Colorado Wind,2009.0,2300.0,80.0,108.0,9160.88,134.1,40.989292,-102.812592
3122289,CO,Logan County,Northeast Colorado Wind,2009.0,2300.0,80.0,108.0,9160.88,134.1,40.961094,-102.915993
3122346,CO,Logan County,Northeast Colorado Wind,2009.0,2300.0,80.0,108.0,9160.88,134.1,40.999393,-102.789589
3122313,CO,Logan County,Northeast Colorado Wind,2009.0,1600.0,80.0,91.0,6503.88,125.6,40.991592,-102.906487
3122314,CO,Logan County,Northeast Colorado Wind,2009.0,1600.0,80.0,91.0,6503.88,125.6,40.983292,-102.929588
3122300,CO,Logan County,Northeast Colorado Wind,2009.0,2300.0,80.0,108.0,9160.88,134.1,40.989391,-102.823593
3122267,CO,Logan County,Northeast Colorado Wind,2009.0,2300.0,80.0,108.0,9160.88,134.1,40.987095,-102.833687
3122315,CO,Logan County,Northeast Colorado Wind,2009.0,2300.0,80.0,108.0,9160.88,134.1,40.974594,-102.891792
3122299,CO,Logan County,Northeast Colorado Wind,2009.0,2300.0,80.0,108.0,9160.88,134.1,40.990494,-102.809486
3122326,CO,Logan County,Northeast Colorado Wind,2009.0,2300.0,80.0,108.0,9160.88,134.1,40.962994,-102.920792
3122345,CO,Logan County,Northeast Colorado Wind,2009.0,1600.0,80.0,91.0,6503.88,125.6,40.995293,-102.927589
3122294,CO,Logan County,Northeast Colorado Wind,2009.0,2300.0,80.0,108.0,9160.88,134.1,40.999794,-102.781593
3122331,CO,Logan County,Northeast Colorado Wind,2009.0,2300.0,80.0,108.0,9160.88,134.1,40.974491,-102.853592
3122309,CO,Logan County,Northeast Colorado Wind,2009.0,2300.0,80.0,108.0,9160.88,134.1,40.988194,-102.868088
3122272,CO,Logan County,Northeast Colorado Wind,2009.0,2300.0,80.0,108.0,9160.88,134.1,40.987194,-102.883492
3122277,CO,Logan County,Northeast Colorado Wind,2009.0,2300.0,80.0,108.0,9160.88,134.1,40.988995,-102.82959
3122280,CO,Logan County,Northeast Colorado Wind,2009.0,2300.0,80.0,108.0,9160.88,134.1,40.968391,-102.922188
3122325,CO,Logan County,Northeast Colorado Wind,2009.0,1600.0,80.0,91.0,6503.88,125.6,40.976791,-102.930489
3122336,CO,Logan County,Northeast Colorado Wind,2009.0,2300.0,80.0,108.0,9160.88,134.1,40.973492,-102.841988
3122273,CO,Logan County,Northeast Colorado Wind,2009.0,2300.0,80.0,108.0,9160.88,134.1,40.970394,-102.899292
3122298,CO,Logan County,Northeast Colorado Wind,2009.0,1600.0,80.0,91.0,6503.88,125.6,40.987293,-102.921989
3122268,CO,Logan County,Northeast Colorado Wind,2009.0,2300.0,80.0,108.0,9160.88,134.1,40.976093,-102.868393
3122287,CO,Logan County,Northeast Colorado Wind,2009.0,2300.0,80.0,108.0,9160.88,134.1,40.989292,-102.816193
3122270,CO,Logan County,Northeast Colorado Wind,2009.0,2300.0,80.0,108.0,9160.88,134.1,40.963993,-102.935791
3062697,CO,Logan County,Northeast Colorado Wind,2009.0,1500.0,80.0,82.5,5345.62,121.3,40.997795,-102.925087
3122310,CO,Logan County,Northeast Colorado Wind,2009.0,2300.0,80.0,108.0,9160.88,134.1,40.971592,-102.912392
3122317,CO,Logan County,Northeast Colorado Wind,2009.0,2300.0,80.0,108.0,9160.88,134.1,40.975494,-102.862587
3122341,CO,Logan County,Northeast Colorado Wind,2009.0,2300.0,80.0,108.0,9160.88,134.1,40.961494,-102.89119
3129323,NY,Lewis County,Number Three Wind Farm,2023.0,2300.0,110.0,116.0,10568.32,167.9,43.820625,-75.525612
3129297,NY,Lewis County,Number Three Wind Farm,2023.0,4000.0,105.0,150.0,17671.46,180.1,43.85284,-75.634071
3129891,NY,Lewis County,Number Three Wind Farm,2023.0,4000.0,105.0,150.0,17671.46,180.1,43.868484,-75.657234
3129731,NY,Lewis County,Number Three Wind Farm,2023.0,4000.0,105.0,150.0,17671.46,180.1,43.847034,-75.561928
3129774,NY,Lewis County,Number Three Wind Farm,2023.0,4000.0,105.0,150.0,17671.46,180.1,43.869141,-75.662262
3129015,NY,Lewis County,Number Three Wind Farm,2023.0,4000.0,105.0,150.0,17671.46,180.1,43.847507,-75.624443
3130117,NY,Lewis County,Number Three Wind Farm,2023.0,2300.0,110.0,116.0,10568.32,167.9,43.821468,-75.532547
3129346,NY,Lewis County,Number Three Wind Farm,2023.0,4000.0,105.0,150.0,17671.46,180.1,43.868027,-75.637436
3129797,NY,Lewis County,Number Three Wind Farm,2023.0,4000.0,105.0,150.0,17671.46,180.1,43.832108,-75.559746
3130142,NY,Lewis County,Number Three Wind Farm,2023.0,2300.0,110.0,116.0,10568.32,167.9,43.832478,-75.596725
3130206,NY,Lewis County,Number Three Wind Farm,2023.0,4000.0,105.0,150.0,17671.46,180.1,43.834316,-75.56282
3129683,NY,Lewis County,Number Three Wind Farm,2023.0,4000.0,105.0,150.0,17671.46,180.1,43.838879,-75.583656
3131492,NY,Lewis County,Number Three Wind Farm,2023.0,4000.0,105.0,150.0,17671.46,180.1,43.84351,-75.561615
3129027,NY,Lewis County,Number Three Wind Farm,2023.0,4000.0,105.0,150.0,17671.46,180.1,43.841553,-75.588493
3130187,NY,Lewis County,Number Three Wind Farm,2023.0,4000.0,105.0,150.0,17671.46,180.1,43.81213,-75.5784
3125988,NY,Lewis County,Number Three Wind Farm,2023.0,2300.0,110.0,116.0,10568.32,167.9,43.828899,-75.544289
3129063,NY,Lewis County,Number Three Wind Farm,2023.0,4000.0,105.0,150.0,17671.46,180.1,43.843964,-75.616127
3129863,NY,Lewis County,Number Three Wind Farm,2023.0,4000.0,105.0,150.0,17671.46,180.1,43.850487,-75.629204
3129150,NY,Lewis County,Number Three Wind Farm,2023.0,4000.0,105.0,150.0,17671.46,180.1,43.854366,-75.641014
3129922,NY,Lewis County,Number Three Wind Farm,2023.0,4000.0,105.0,150.0,17671.46,180.1,43.847885,-75.602005
3131182,NY,Lewis County,Number Three Wind Farm,2023.0,2300.0,110.0,116.0,10568.32,167.9,43.826145,-75.539169
3129273,NY,Lewis County,Number Three Wind Farm,2023.0,4000.0,105.0,150.0,17671.46,180.1,43.83625,-75.571434
3129438,NY,Lewis County,Number Three Wind Farm,2023.0,4000.0,105.0,150.0,17671.46,180.1,43.854118,-75.66433
3129703,NY,Lewis County,Number Three Wind Farm,2023.0,4000.0,105.0,150.0,17671.46,180.1,43.854645,-75.614372
3129898,NY,Lewis County,Number Three Wind Farm,2023.0,4000.0,105.0,150.0,17671.46,180.1,43.856735,-75.667969
3129712,NY,Lewis County,Number Three Wind Farm,2023.0,4000.0,105.0,150.0,17671.46,180.1,43.860725,-75.64856
3126077,NY,Lewis County,Number Three Wind Farm,2023.0,4000.0,105.0,150.0,17671.46,180.1,43.810726,-75.573914
3046471,NY,Wyoming County,Orangeville Wind,2013.0,1620.0,80.0,100.0,7853.98,130.1,42.76099,-78.253899
3046351,NY,Wyoming County,Orangeville Wind,2013.0,1620.0,80.0,100.0,7853.98,130.1,42.726391,-78.243996
3046442,NY,Wyoming County,Orangeville Wind,2013.0,1620.0,80.0,100.0,7853.98,130.1,42.752491,-78.224998
3046409,NY,Wyoming County,Orangeville Wind,2013.0,1620.0,80.0,100.0,7853.98,130.1,42.729992,-78.241196
3046417,NY,Wyoming County,Orangeville Wind,2013.0,1620.0,80.0,100.0,7853.98,130.1,42.773792,-78.285294
3075451,NY,Wyoming County,Orangeville Wind,2014.0,1620.0,80.0,103.0,8332.29,131.4,42.712944,-78.244385
3046413,NY,Wyoming County,Orangeville Wind,2013.0,1620.0,80.0,100.0,7853.98,130.1,42.772793,-78.231194
3046604,NY,Wyoming County,Orangeville Wind,2013.0,1620.0,80.0,100.0,7853.98,130.1,42.780193,-78.215401
3046341,NY,Wyoming County,Orangeville Wind,2014.0,1620.0,80.0,103.0,8332.29,131.4,42.734493,-78.253799
3046355,NY,Wyoming County,Orangeville Wind,2014.0,1620.0,80.0,103.0,8332.29,131.4,42.708202,-78.244087
3046330,NY,Wyoming County,Orangeville Wind,2013.0,1620.0,80.0,100.0,7853.98,130.1,42.718693,-78.222198
3046352,NY,Wyoming County,Orangeville Wind,2013.0,1620.0,80.0,100.0,7853.98,130.1,42.746891,-78.2061
3046337,NY,Wyoming County,Orangeville Wind,2013.0,1620.0,80.0,100.0,7853.98,130.1,42.741493,-78.269798
3046339,NY,Wyoming County,Orangeville Wind,2013.0,1620.0,80.0,100.0,7853.98,130.1,42.713791,-78.212296
3046517,NY,Wyoming County,Orangeville Wind,2013.0,1620.0,80.0,100.0,7853.98,130.1,42.767193,-78.205299
3046260,NY,Wyoming County,Orangeville Wind,2013.0,1620.0,80.0,100.0,7853.98,130.1,42.710892,-78.263901
3046336,NY,Wyoming County,Orangeville Wind,2013.0,1620.0,80.0,100.0,7853.98,130.1,42.746143,-78.273483
3046474,NY,Wyoming County,Orangeville Wind,2013.0,1620.0,80.0,100.0,7853.98,130.1,42.720093,-78.236198
3046416,NY,Wyoming County,Orangeville Wind,2013.0,1620.0,80.0,100.0,7853.98,130.1,42.775494,-78.284393
3046605,NY,Wyoming County,Orangeville Wind,2013.0,1620.0,80.0,100.0,7853.98,130.1,42.778294,-78.212601
3046514,NY,Wyoming County,Orangeville Wind,2013.0,1620.0,80.0,100.0,7853.98,130.1,42.763092,-78.224495
3046438,NY,Wyoming County,Orangeville Wind,2013.0,1620.0,80.0,100.0,7853.98,130.1,42.757092,-78.2379
3046333,NY,Wyoming County,Orangeville Wind,2013.0,1620.0,80.0,100.0,7853.98,130.1,42.708893,-78.261101
3046408,NY,Wyoming County,Orangeville Wind,2013.0,1620.0,80.0,100.0,7853.98,130.1,42.723892,-78.272095
3046259,NY,Wyoming County,Orangeville Wind,2013.0,1620.0,80.0,100.0,7853.98,130.1,42.713291,-78.265495
3046412,NY,Wyoming County,Orangeville Wind,2013.0,1620.0,80.0,100.0,7853.98,130.1,42.774891,-78.2369
3046354,NY,Wyoming County,Orangeville Wind,2014.0,1620.0,80.0,103.0,8332.29,131.4,42.710823,-78.243774
3046331,NY,Wyoming County,Orangeville Wind,2013.0,1620.0,80.0,100.0,7853.98,130.1,42.744263,-78.270882
3046510,NY,Wyoming County,Orangeville Wind,2013.0,1620.0,80.0,100.0,7853.98,130.1,42.712391,-78.234695
3075450,NY,Wyoming County,Orangeville Wind,2014.0,1620.0,80.0,103.0,8332.29,131.4,42.735123,-78.245377
3046340,NY,Wyoming County,Orangeville Wind,2013.0,1620.0,80.0,100.0,7853.98,130.1,42.729961,-78.270935
3046473,NY,Wyoming County,Orangeville Wind,2013.0,1620.0,80.0,100.0,7853.98,130.1,42.757992,-78.2565
3046521,NY,Wyoming County,Orangeville Wind,2013.0,1620.0,80.0,100.0,7853.98,130.1,42.749191,-78.209496
3046418,NY,Wyoming County,Orangeville Wind,2013.0,1620.0,80.0,100.0,7853.98,130.1,42.75819,-78.227394
3046515,NY,Wyoming County,Orangeville Wind,2013.0,1620.0,80.0,100.0,7853.98,130.1,42.760967,-78.226044
3046443,NY,Wyoming County,Orangeville Wind,2013.0,1620.0,80.0,100.0,7853.98,130.1,42.725193,-78.236397
3046437,NY,Wyoming County,Orangeville Wind,2013.0,1620.0,80.0,100.0,7853.98,130.1,42.763493,-78.255501
3046407,NY,Wyoming County,Orangeville Wind,2013.0,1620.0,80.0,100.0,7853.98,130.1,42.726292,-78.272095
3046513,NY,Wyoming County,Orangeville Wind,2013.0,1620.0,80.0,100.0,7853.98,130.1,42.765491,-78.223801
3046522,NY,Wyoming County,Orangeville Wind,2013.0,1620.0,80.0,100.0,7853.98,130.1,42.743793,-78.201897
3046441,NY,Wyoming County,Orangeville Wind,2013.0,1620.0,80.0,100.0,7853.98,130.1,42.755093,-78.2257
3046406,NY,Wyoming County,Orangeville Wind,2013.0,1620.0,80.0,100.0,7853.98,130.1,42.748291,-78.264496
3046338,NY,Wyoming County,Orangeville Wind,2013.0,1620.0,80.0,100.0,7853.98,130.1,42.709091,-78.273598
3046606,NY,Wyoming County,Orangeville Wind,2013.0,1620.0,80.0,100.0,7853.98,130.1,42.775993,-78.211395
3046511,NY,Wyoming County,Orangeville Wind,2013.0,1620.0,80.0,100.0,7853.98,130.1,42.751991,-78.236595
3046357,NY,Wyoming County,Orangeville Wind,2014.0,1620.0,80.0,103.0,8332.29,131.4,42.732681,-78.242485
3046516,NY,Wyoming County,Orangeville Wind,2013.0,1620.0,80.0,100.0,7853.98,130.1,42.769592,-78.206795
3046520,NY,Wyoming County,Orangeville Wind,2013.0,1620.0,80.0,100.0,7853.98,130.1,42.758492,-78.200996
3046607,NY,Wyoming County,Orangeville Wind,2013.0,1620.0,80.0,100.0,7853.98,130.1,42.772091,-78.209297
3046329,NY,Wyoming County,Orangeville Wind,2013.0,1620.0,80.0,100.0,7853.98,130.1,42.716591,-78.219498
3046415,NY,Wyoming County,Orangeville Wind,2013.0,1620.0,80.0,100.0,7853.98,130.1,42.777893,-78.283699
3046405,NY,Wyoming County,Orangeville Wind,2013.0,1620.0,80.0,100.0,7853.98,130.1,42.735394,-78.271194
3046518,NY,Wyoming County,Orangeville Wind,2013.0,1620.0,80.0,100.0,7853.98,130.1,42.782192,-78.203796
3046440,NY,Wyoming County,Orangeville Wind,2013.0,1620.0,80.0,100.0,7853.98,130.1,42.754593,-78.237198
3046414,NY,Wyoming County,Orangeville Wind,2013.0,1620.0,80.0,100.0,7853.98,130.1,42.779892,-78.282799
3046342,NY,Wyoming County,Orangeville Wind,2013.0,1620.0,80.0,100.0,7853.98,130.1,42.731564,-78.252991
3046519,NY,Wyoming County,Orangeville Wind,2013.0,1620.0,80.0,100.0,7853.98,130.1,42.779991,-78.203697
3046512,NY,Wyoming County,Orangeville Wind,2013.0,1620.0,80.0,100.0,7853.98,130.1,42.750492,-78.231499
3071218,IL,McHenry County,Other World Computing,2009.0,500.0,40.5,39.0,1194.59,60.0,42.28112,-88.417328
3098114,IL,LaSalle County,Otter Creek,2020.0,3800.0,82.0,136.0,14526.72,150.0,41.127117,-88.668571
3098004,IL,LaSalle County,Otter Creek,2020.0,3800.0,82.0,136.0,14526.72,150.0,41.131889,-88.660522
3098097,IL,LaSalle County,Otter Creek,2020.0,3800.0,82.0,136.0,14526.72,150.0,41.113098,-88.684425
3097904,IL,LaSalle County,Otter Creek,2020.0,3800.0,82.0,136.0,14526.72,150.0,41.134693,-88.650192
3100518,IL,LaSalle County,Otter Creek,2020.0,3800.0,82.0,136.0,14526.72,150.0,41.113407,-88.761925
3098480,IL,LaSalle County,Otter Creek,2020.0,3800.0,82.0,136.0,14526.72,150.0,41.112316,-88.730843
3098510,IL,LaSalle County,Otter Creek,2020.0,3800.0,82.0,136.0,14526.72,150.0,41.116447,-88.710342
3095956,IL,LaSalle County,Otter Creek,2020.0,3800.0,82.0,136.0,14526.72,150.0,41.144588,-88.690437
3099157,IL,LaSalle County,Otter Creek,2020.0,3800.0,82.0,136.0,14526.72,150.0,41.129128,-88.737022
3099102,IL,LaSalle County,Otter Creek,2020.0,3800.0,82.0,136.0,14526.72,150.0,41.126736,-88.707413
3099350,IL,LaSalle County,Otter Creek,2020.0,3800.0,82.0,136.0,14526.72,150.0,41.128365,-88.698936
3096198,IL,LaSalle County,Otter Creek,2020.0,3450.0,87.0,126.0,12468.98,150.0,41.145554,-88.654686
3095367,IL,LaSalle County,Otter Creek,2020.0,3800.0,82.0,136.0,14526.72,150.0,41.119534,-88.654427
3098817,IL,LaSalle County,Otter Creek,2020.0,3800.0,82.0,136.0,14526.72,150.0,41.134323,-88.688881
3098413,IL,LaSalle County,Otter Creek,2020.0,3800.0,82.0,136.0,14526.72,150.0,41.126232,-88.743454
3098649,IL,LaSalle County,Otter Creek,2020.0,3800.0,82.0,136.0,14526.72,150.0,41.129059,-88.748703
3098376,IL,LaSalle County,Otter Creek,2020.0,3800.0,82.0,136.0,14526.72,150.0,41.110493,-88.689583
3099503,IL,LaSalle County,Otter Creek,2020.0,3800.0,82.0,136.0,14526.72,150.0,41.128113,-88.723717
3095935,IL,LaSalle County,Otter Creek,2020.0,3800.0,82.0,136.0,14526.72,150.0,41.141991,-88.677055
3095985,IL,LaSalle County,Otter Creek,2020.0,3800.0,82.0,136.0,14526.72,150.0,41.142879,-88.666901
3097986,IL,LaSalle County,Otter Creek,2020.0,3800.0,82.0,136.0,14526.72,150.0,41.113213,-88.66835
3098854,IL,LaSalle County,Otter Creek,2020.0,3800.0,82.0,136.0,14526.72,150.0,41.118015,-88.694
3099040,IL,LaSalle County,Otter Creek,2020.0,3800.0,82.0,136.0,14526.72,150.0,41.131474,-88.731155
3098339,IL,LaSalle County,Otter Creek,2020.0,3800.0,82.0,136.0,14526.72,150.0,41.129757,-88.764519
3097906,IL,LaSalle County,Otter Creek,2020.0,3800.0,82.0,136.0,14526.72,150.0,41.114861,-88.72345
3099511,IL,LaSalle County,Otter Creek,2020.0,3800.0,82.0,136.0,14526.72,150.0,41.140877,-88.704773
3096230,IL,LaSalle County,Otter Creek,2020.0,3800.0,82.0,136.0,14526.72,150.0,41.145889,-88.648575
3098847,IL,LaSalle County,Otter Creek,2020.0,3800.0,82.0,136.0,14526.72,150.0,41.109608,-88.675346
3096085,IL,LaSalle County,Otter Creek,2020.0,3800.0,82.0,136.0,14526.72,150.0,41.144188,-88.660706
3098399,IL,LaSalle County,Otter Creek,2020.0,3800.0,82.0,136.0,14526.72,150.0,41.115658,-88.74688
3098843,IL,LaSalle County,Otter Creek,2020.0,3800.0,82.0,136.0,14526.72,150.0,41.131729,-88.672211
3098502,IL,LaSalle County,Otter Creek,2020.0,3800.0,82.0,136.0,14526.72,150.0,41.116062,-88.7173
3096493,IL,LaSalle County,Otter Creek,2020.0,3800.0,82.0,136.0,14526.72,150.0,41.14846,-88.696068
3097958,IL,LaSalle County,Otter Creek,2020.0,3800.0,82.0,136.0,14526.72,150.0,41.108955,-88.742424
3098419,IL,LaSalle County,Otter Creek,2020.0,3450.0,87.0,126.0,12468.98,150.0,41.12339,-88.756126
3098154,IL,LaSalle County,Otter Creek,2020.0,3800.0,82.0,136.0,14526.72,150.0,41.11636,-88.678207
3099437,IL,LaSalle County,Otter Creek,2020.0,3800.0,82.0,136.0,14526.72,150.0,41.131306,-88.694008
3098286,IL,LaSalle County,Otter Creek,2020.0,3800.0,82.0,136.0,14526.72,150.0,41.109444,-88.69516
3095633,IL,LaSalle County,Otter Creek,2020.0,3450.0,87.0,126.0,12468.98,150.0,41.124523,-88.656708
3094025,IL,LaSalle County,Otter Creek,2020.0,3450.0,87.0,126.0,12468.98,150.0,41.117622,-88.649994
3099194,IL,LaSalle County,Otter Creek,2020.0,3800.0,82.0,136.0,14526.72,150.0,41.125309,-88.713295
3094317,IL,LaSalle County,Otter Creek,2020.0,3800.0,82.0,136.0,14526.72,150.0,41.126442,-88.651077
3118137,CO,Weld County,Panorama Wind,2022.0,2200.0,92.0,120.0,11309.73,152.1,40.994976,-103.873886
3118940,CO,Weld County,Panorama Wind,2022.0,2200.0,92.0,120.0,11309.73,152.1,40.94862,-103.894417
3119414,CO,Weld County,Panorama Wind,2022.0,2200.0,92.0,120.0,11309.73,152.1,40.94096,-103.870163
3119663,CO,Weld County,Panorama Wind,2022.0,2200.0,92.0,120.0,11309.73,152.1,40.954372,-103.931625
3118935,CO,Weld County,Panorama Wind,2022.0,2200.0,92.0,120.0,11309.73,152.1,40.951496,-103.876968
3118017,CO,Weld County,Panorama Wind,2022.0,2200.0,92.0,120.0,11309.73,152.1,40.965614,-103.930984
3119899,CO,Weld County,Panorama Wind,2022.0,2200.0,92.0,120.0,11309.73,152.1,40.985668,-103.813042
3117964,CO,Weld County,Panorama Wind,2022.0,2200.0,92.0,120.0,11309.73,152.1,40.985432,-103.963623
3117804,CO,Weld County,Panorama Wind,2022.0,2200.0,92.0,120.0,11309.73,152.1,40.972301,-103.930946
3119109,CO,Weld County,Panorama Wind,2022.0,2200.0,92.0,120.0,11309.73,152.1,40.94775,-103.951111
3117774,CO,Weld County,Panorama Wind,2022.0,2200.0,92.0,120.0,11309.73,152.1,41.000111,-103.870705
3119595,CO,Weld County,Panorama Wind,2022.0,2200.0,92.0,120.0,11309.73,152.1,40.958805,-103.956955
3120247,CO,Weld County,Panorama Wind,2022.0,2200.0,92.0,120.0,11309.73,152.1,40.934029,-103.914009
3119446,CO,Weld County,Panorama Wind,2022.0,2200.0,92.0,120.0,11309.73,152.1,40.933407,-103.93174
3119979,CO,Weld County,Panorama Wind,2022.0,2200.0,92.0,120.0,11309.73,152.1,40.95874,-103.962326
3119515,CO,Weld County,Panorama Wind,2022.0,2200.0,92.0,120.0,11309.73,152.1,40.94894,-103.945808
3117508,CO,Weld County,Panorama Wind,2022.0,2200.0,92.0,120.0,11309.73,152.1,40.998207,-103.912384
3117553,CO,Weld County,Panorama Wind,2022.0,2200.0,92.0,120.0,11309.73,152.1,40.99971,-103.895348
3120151,CO,Weld County,Panorama Wind,2022.0,2200.0,92.0,120.0,11309.73,152.1,40.994087,-103.930717
3118889,CO,Weld County,Panorama Wind,2022.0,2200.0,92.0,120.0,11309.73,152.1,40.943611,-103.898834
3120314,CO,Weld County,Panorama Wind,2022.0,2200.0,92.0,120.0,11309.73,152.1,40.93515,-103.909164
3119474,CO,Weld County,Panorama Wind,2022.0,2200.0,92.0,120.0,11309.73,152.1,40.983051,-103.818031
3120010,CO,Weld County,Panorama Wind,2022.0,2200.0,92.0,120.0,11309.73,152.1,40.974827,-103.805428
3120310,CO,Weld County,Panorama Wind,2022.0,2200.0,92.0,120.0,11309.73,152.1,40.941132,-103.902565
3119505,CO,Weld County,Panorama Wind,2022.0,2200.0,92.0,120.0,11309.73,152.1,40.952438,-103.871513
3119215,CO,Weld County,Panorama Wind,2022.0,2200.0,92.0,120.0,11309.73,152.1,40.933823,-103.91983
3116697,CO,Weld County,Panorama Wind,2022.0,2200.0,92.0,120.0,11309.73,152.1,40.999123,-103.905357
3119782,CO,Weld County,Panorama Wind,2022.0,2200.0,92.0,120.0,11309.73,152.1,40.957523,-103.925369
3119120,CO,Weld County,Panorama Wind,2022.0,2200.0,92.0,120.0,11309.73,152.1,40.959587,-103.920883
3119915,CO,Weld County,Panorama Wind,2022.0,2200.0,92.0,120.0,11309.73,152.1,40.951954,-103.936333
3119370,CO,Weld County,Panorama Wind,2022.0,2200.0,92.0,120.0,11309.73,152.1,40.933586,-103.925728
3120159,CO,Weld County,Panorama Wind,2022.0,2200.0,92.0,120.0,11309.73,152.1,40.959866,-103.856224
3119332,CO,Weld County,Panorama Wind,2022.0,2200.0,92.0,120.0,11309.73,152.1,40.964157,-103.853615
3117586,CO,Weld County,Panorama Wind,2022.0,2200.0,92.0,120.0,11309.73,152.1,40.976513,-103.941643
3120160,CO,Weld County,Panorama Wind,2022.0,2200.0,92.0,120.0,11309.73,152.1,40.957932,-103.861572
3120156,CO,Weld County,Panorama Wind,2022.0,2200.0,92.0,120.0,11309.73,152.1,40.944061,-103.865631
3120162,CO,Weld County,Panorama Wind,2022.0,2200.0,92.0,120.0,11309.73,152.1,40.949608,-103.888672
3116468,CO,Weld County,Panorama Wind,2022.0,2200.0,92.0,120.0,11309.73,152.1,40.98896,-103.8853
3116909,CO,Weld County,Panorama Wind,2022.0,2200.0,92.0,120.0,11309.73,152.1,40.962406,-103.950783
3118970,CO,Weld County,Panorama Wind,2022.0,2200.0,92.0,120.0,11309.73,152.1,40.95826,-103.90448
3119139,CO,Weld County,Panorama Wind,2022.0,2200.0,92.0,120.0,11309.73,152.1,40.995632,-103.925255
3119771,CO,Weld County,Panorama Wind,2022.0,2200.0,92.0,120.0,11309.73,152.1,40.988594,-103.808372
3116673,CO,Weld County,Panorama Wind,2022.0,2200.0,92.0,120.0,11309.73,152.1,40.987366,-103.958794
3120155,CO,Weld County,Panorama Wind,2022.0,2200.0,92.0,120.0,11309.73,152.1,40.950386,-103.941193
3117058,CO,Weld County,Panorama Wind,2022.0,2200.0,92.0,120.0,11309.73,152.1,40.963062,-103.917267
3120161,CO,Weld County,Panorama Wind,2022.0,2200.0,92.0,120.0,11309.73,152.1,40.95055,-103.882881
3119981,CO,Weld County,Panorama Wind,2022.0,2200.0,92.0,120.0,11309.73,152.1,40.959492,-103.899872
3117170,CO,Weld County,Panorama Wind,2022.0,2200.0,92.0,120.0,11309.73,152.1,40.984207,-103.968803
3117765,CO,Weld County,Panorama Wind,2022.0,2000.0,95.0,110.0,9503.32,150.0,40.974445,-103.894371
3119532,CO,Weld County,Panorama Wind,2022.0,2200.0,92.0,120.0,11309.73,152.1,40.981586,-103.823662
3117023,CO,Weld County,Panorama Wind,2022.0,2200.0,92.0,120.0,11309.73,152.1,40.985237,-103.888718
3119489,CO,Weld County,Panorama Wind,2022.0,2200.0,92.0,120.0,11309.73,152.1,40.955914,-103.866852
3120133,CO,Weld County,Panorama Wind,2022.0,2200.0,92.0,120.0,11309.73,152.1,40.971466,-103.817101
3117296,CO,Weld County,Panorama Wind,2022.0,2200.0,92.0,120.0,11309.73,152.1,40.976257,-103.95546
3117775,CO,Weld County,Panorama Wind,2022.0,2200.0,92.0,120.0,11309.73,152.1,40.981472,-103.892258
3117056,CO,Weld County,Panorama Wind,2022.0,2200.0,92.0,120.0,11309.73,152.1,40.969891,-103.940353
3118164,CO,Weld County,Panorama Wind,2022.0,2200.0,92.0,120.0,11309.73,152.1,40.968422,-103.947693
3120149,CO,Weld County,Panorama Wind,2022.0,2200.0,92.0,120.0,11309.73,152.1,40.954464,-103.970474
3119186,CO,Weld County,Panorama Wind,2022.0,2200.0,92.0,120.0,11309.73,152.1,40.973099,-103.926216
3119685,CO,Weld County,Panorama Wind,2022.0,2200.0,92.0,120.0,11309.73,152.1,40.944286,-103.955856
3116941,CO,Weld County,Panorama Wind,2022.0,2200.0,92.0,120.0,11309.73,152.1,40.992367,-103.880409
3119994,CO,Weld County,Panorama Wind,2022.0,2200.0,92.0,120.0,11309.73,152.1,40.978184,-103.82756
3120165,CO,Weld County,Panorama Wind,2022.0,2200.0,92.0,120.0,11309.73,152.1,40.996922,-103.9198
3117919,CO,Weld County,Panorama Wind,2022.0,2200.0,92.0,120.0,11309.73,152.1,40.979679,-103.937576
3120134,CO,Weld County,Panorama Wind,2022.0,2200.0,92.0,120.0,11309.73,152.1,40.97303,-103.810974
3116638,CO,Weld County,Panorama Wind,2022.0,2200.0,92.0,120.0,11309.73,152.1,40.976513,-103.948547
3139989,IL,Pike County,Panther Creek Wind,2025.0,3400.0,117.0,140.0,15393.8,187.0,39.614559,-90.854317
3139129,IL,Pike County,Panther Creek Wind,2025.0,3400.0,117.0,140.0,15393.8,187.0,39.611874,-90.897156
3138885,IL,Pike County,Panther Creek Wind,2025.0,3400.0,117.0,140.0,15393.8,187.0,39.634243,-90.892181
3138641,IL,Pike County,Panther Creek Wind,2025.0,3400.0,117.0,140.0,15393.8,187.0,39.615952,-90.907082
3138843,IL,Pike County,Panther Creek Wind,2025.0,3400.0,117.0,140.0,15393.8,187.0,39.623257,-90.906845
3138605,IL,Pike County,Panther Creek Wind,2025.0,3400.0,117.0,140.0,15393.8,187.0,39.625854,-90.895683
3138348,IL,Pike County,Panther Creek Wind,2025.0,3400.0,117.0,140.0,15393.8,187.0,39.624168,-90.878197
3138356,IL,Pike County,Panther Creek Wind,2025.0,3400.0,117.0,140.0,15393.8,187.0,39.625626,-90.88446
3138397,IL,Pike County,Panther Creek Wind,2025.0,3400.0,117.0,140.0,15393.8,187.0,39.63512,-90.88105
3139517,IL,Pike County,Panther Creek Wind,2025.0,3400.0,117.0,140.0,15393.8,187.0,39.613991,-90.850334
3139582,IL,Pike County,Panther Creek Wind,2025.0,3400.0,117.0,140.0,15393.8,187.0,39.610207,-90.858994
3140333,IL,Pike County,Panther Creek Wind,2025.0,3400.0,117.0,140.0,15393.8,187.0,39.610352,-90.86367
3138273,IL,Pike County,Panther Creek Wind,2025.0,3400.0,117.0,140.0,15393.8,187.0,39.611412,-90.88903
3140331,IL,Pike County,Panther Creek Wind,2025.0,3400.0,117.0,140.0,15393.8,187.0,39.632309,-90.873535
3139134,IL,Pike County,Panther Creek Wind,2025.0,3400.0,117.0,140.0,15393.8,187.0,39.629166,-90.876404
3138786,IL,Pike County,Panther Creek Wind,2025.0,3400.0,117.0,140.0,15393.8,187.0,39.62949,-90.881409
3057655,CO,Huerfano County,Peak View Wind,2016.0,1790.0,80.0,100.0,7853.98,130.1,37.705257,-104.500084
3057721,CO,Las Animas County,Peak View Wind,2016.0,1790.0,80.0,100.0,7853.98,130.1,37.650852,-104.506775
3057726,CO,Las Animas County,Peak View Wind,2016.0,1790.0,80.0,100.0,7853.98,130.1,37.659512,-104.507813
3057686,CO,Las Animas County,Peak View Wind,2016.0,1790.0,80.0,100.0,7853.98,130.1,37.660412,-104.496628
3057664,CO,Huerfano County,Peak View Wind,2016.0,1790.0,80.0,100.0,7853.98,130.1,37.69791,-104.50457
3057722,CO,Las Animas County,Peak View Wind,2016.0,1790.0,80.0,100.0,7853.98,130.1,37.648018,-104.511414
3057665,CO,Huerfano County,Peak View Wind,2016.0,1790.0,80.0,100.0,7853.98,130.1,37.695553,-104.505104
3057662,CO,Huerfano County,Peak View Wind,2016.0,1790.0,80.0,100.0,7853.98,130.1,37.707794,-104.501373
3057727,CO,Huerfano County,Peak View Wind,2016.0,1790.0,80.0,100.0,7853.98,130.1,37.661465,-104.527222
3052431,CO,Huerfano County,Peak View Wind,2016.0,1790.0,80.0,100.0,7853.98,130.1,37.68832,-104.508408
3057701,CO,Las Animas County,Peak View Wind,2016.0,1790.0,80.0,100.0,7853.98,130.1,37.672245,-104.498657
3057715,CO,Huerfano County,Peak View Wind,2016.0,1790.0,80.0,100.0,7853.98,130.1,37.668266,-104.517136
3057717,CO,Las Animas County,Peak View Wind,2016.0,1790.0,80.0,100.0,7853.98,130.1,37.648884,-104.494644
3051154,CO,Las Animas County,Peak View Wind,2016.0,1790.0,80.0,100.0,7853.98,130.1,37.664375,-104.492203
3052430,CO,Huerfano County,Peak View Wind,2016.0,1790.0,80.0,100.0,7853.98,130.1,37.690849,-104.507179
3057663,CO,Huerfano County,Peak View Wind,2016.0,1790.0,80.0,100.0,7853.98,130.1,37.700081,-104.503578
3052432,CO,Huerfano County,Peak View Wind,2016.0,1790.0,80.0,100.0,7853.98,130.1,37.663757,-104.526489
3057728,CO,Huerfano County,Peak View Wind,2016.0,1790.0,80.0,100.0,7853.98,130.1,37.658802,-104.521652
3057718,CO,Las Animas County,Peak View Wind,2016.0,1790.0,80.0,100.0,7853.98,130.1,37.646538,-104.49424
3057661,CO,Huerfano County,Peak View Wind,2016.0,1790.0,80.0,100.0,7853.98,130.1,37.710453,-104.505463
3057673,CO,Huerfano County,Peak View Wind,2016.0,1790.0,80.0,100.0,7853.98,130.1,37.685863,-104.511131
3057720,CO,Las Animas County,Peak View Wind,2016.0,1790.0,80.0,100.0,7853.98,130.1,37.643368,-104.507729
3057698,CO,Huerfano County,Peak View Wind,2016.0,1790.0,80.0,100.0,7853.98,130.1,37.670959,-104.516815
3057702,CO,Las Animas County,Peak View Wind,2016.0,1790.0,80.0,100.0,7853.98,130.1,37.669655,-104.496071
3057729,CO,Huerfano County,Peak View Wind,2016.0,1790.0,80.0,100.0,7853.98,130.1,37.656197,-104.520889
3057674,CO,Huerfano County,Peak View Wind,2016.0,1790.0,80.0,100.0,7853.98,130.1,37.683319,-104.513489
3057703,CO,Las Animas County,Peak View Wind,2016.0,1790.0,80.0,100.0,7853.98,130.1,37.66687,-104.493935
3057685,CO,Las Animas County,Peak View Wind,2016.0,1790.0,80.0,100.0,7853.98,130.1,37.662247,-104.493919
3057672,CO,Huerfano County,Peak View Wind,2016.0,1790.0,80.0,100.0,7853.98,130.1,37.693138,-104.50547
3057719,CO,Las Animas County,Peak View Wind,2016.0,1790.0,80.0,100.0,7853.98,130.1,37.645218,-104.503357
3057699,CO,Huerfano County,Peak View Wind,2016.0,1790.0,80.0,100.0,7853.98,130.1,37.673462,-104.513771
3057700,CO,Huerfano County,Peak View Wind,2016.0,1790.0,80.0,100.0,7853.98,130.1,37.674583,-104.506294
3074065,CO,Huerfano County,Peak View Wind,2016.0,1790.0,80.0,100.0,7853.98,130.1,37.702988,-104.499947
3057716,CO,Huerfano County,Peak View Wind,2016.0,1790.0,80.0,100.0,7853.98,130.1,37.665855,-104.522888
3122503,CO,Logan County,Peetz Table,2007.0,1600.0,80.0,91.0,6503.88,125.6,40.972794,-103.447693
3022786,CO,Logan County,Peetz Table,2007.0,1500.0,80.0,77.0,4656.63,118.6,40.989292,-103.337692
3122441,CO,Logan County,Peetz Table,2007.0,1600.0,80.0,91.0,6503.88,125.6,40.953094,-103.330994
3122439,CO,Logan County,Peetz Table,2007.0,1600.0,80.0,91.0,6503.88,125.6,40.979294,-103.407593
3122523,CO,Logan County,Peetz Table,2007.0,1600.0,80.0,91.0,6503.88,125.6,40.998394,-103.458092
3122455,CO,Logan County,Peetz Table,2007.0,1600.0,80.0,91.0,6503.88,125.6,40.998894,-103.371193
3122508,CO,Logan County,Peetz Table,2007.0,1600.0,80.0,91.0,6503.88,125.6,40.967194,-103.36879
3122482,CO,Logan County,Peetz Table,2007.0,1600.0,80.0,91.0,6503.88,125.6,40.972092,-103.387489
3022858,CO,Logan County,Peetz Table,2007.0,1500.0,80.0,77.0,4656.63,118.6,40.942192,-103.269592
3122442,CO,Logan County,Peetz Table,2007.0,1600.0,80.0,91.0,6503.88,125.6,40.966393,-103.332687
3022822,CO,Logan County,Peetz Table,2007.0,1500.0,80.0,77.0,4656.63,118.6,40.971592,-103.262192
3122492,CO,Logan County,Peetz Table,2007.0,1600.0,80.0,91.0,6503.88,125.6,40.981094,-103.442291
3122506,CO,Logan County,Peetz Table,2007.0,1600.0,80.0,91.0,6503.88,125.6,40.929394,-103.235893
3122527,CO,Logan County,Peetz Table,2007.0,1600.0,80.0,91.0,6503.88,125.6,40.998795,-103.374992
3022795,CO,Logan County,Peetz Table,2007.0,1500.0,80.0,77.0,4656.63,118.6,40.986294,-103.268593
3022892,CO,Logan County,Peetz Table,2007.0,1500.0,80.0,77.0,4656.63,118.6,40.906792,-103.273193
3122479,CO,Logan County,Peetz Table,2007.0,1600.0,80.0,91.0,6503.88,125.6,40.971992,-103.33139
3122435,CO,Logan County,Peetz Table,2007.0,1600.0,80.0,91.0,6503.88,125.6,40.993393,-103.52919
3122438,CO,Logan County,Peetz Table,2007.0,1600.0,80.0,91.0,6503.88,125.6,40.987991,-103.469391
3122434,CO,Logan County,Peetz Table,2007.0,1600.0,80.0,91.0,6503.88,125.6,40.974293,-103.462593
3122490,CO,Logan County,Peetz Table,2007.0,1600.0,80.0,91.0,6503.88,125.6,40.979393,-103.40419
3122463,CO,Logan County,Peetz Table,2007.0,1600.0,80.0,91.0,6503.88,125.6,40.979195,-103.428886
3122500,CO,Logan County,Peetz Table,2007.0,1600.0,80.0,91.0,6503.88,125.6,40.992294,-103.517693
3122533,CO,Logan County,Peetz Table,2007.0,1600.0,80.0,91.0,6503.88,125.6,40.998295,-103.38279
3122422,CO,Logan County,Peetz Table,2007.0,1600.0,80.0,91.0,6503.88,125.6,40.968994,-103.387489
3122454,CO,Logan County,Peetz Table,2007.0,1600.0,80.0,91.0,6503.88,125.6,40.987892,-103.477188
3122449,CO,Logan County,Peetz Table,2007.0,1600.0,80.0,91.0,6503.88,125.6,40.972794,-103.307892
3122446,CO,Logan County,Peetz Table,2007.0,1600.0,80.0,91.0,6503.88,125.6,40.996094,-103.48629
3122494,CO,Logan County,Peetz Table,2007.0,1600.0,80.0,91.0,6503.88,125.6,40.976791,-103.465088
3122522,CO,Logan County,Peetz Table,2007.0,1600.0,80.0,91.0,6503.88,125.6,40.980091,-103.420288
3022875,CO,Logan County,Peetz Table,2007.0,1500.0,80.0,77.0,4656.63,118.6,40.928894,-103.244591
3022849,CO,Logan County,Peetz Table,2007.0,1500.0,80.0,77.0,4656.63,118.6,40.957294,-103.212387
3022863,CO,Logan County,Peetz Table,2007.0,1500.0,80.0,77.0,4656.63,118.6,40.942291,-103.245293
3022871,CO,Logan County,Peetz Table,2007.0,1500.0,80.0,77.0,4656.63,118.6,40.927395,-103.270691
3122478,CO,Logan County,Peetz Table,2007.0,1600.0,80.0,91.0,6503.88,125.6,40.966793,-103.349586
3022790,CO,Logan County,Peetz Table,2007.0,1500.0,80.0,77.0,4656.63,118.6,40.997993,-103.308189
3122432,CO,Logan County,Peetz Table,2007.0,1600.0,80.0,91.0,6503.88,125.6,40.995995,-103.490288
3022905,CO,Logan County,Peetz Table,2007.0,1500.0,80.0,77.0,4656.63,118.6,40.896992,-103.238586
3122458,CO,Logan County,Peetz Table,2007.0,1600.0,80.0,91.0,6503.88,125.6,40.996693,-103.481293
3122518,CO,Logan County,Peetz Table,2007.0,1600.0,80.0,91.0,6503.88,125.6,40.979195,-103.314888
3122445,CO,Logan County,Peetz Table,2007.0,1600.0,80.0,91.0,6503.88,125.6,40.976791,-103.454887
3022956,CO,Logan County,Peetz Table,2007.0,1500.0,80.0,77.0,4656.63,118.6,40.970493,-103.220589
3122444,CO,Logan County,Peetz Table,2007.0,1600.0,80.0,91.0,6503.88,125.6,40.952991,-103.324692
3122447,CO,Logan County,Peetz Table,2007.0,1600.0,80.0,91.0,6503.88,125.6,40.961693,-103.390892
3122423,CO,Logan County,Peetz Table,2007.0,1600.0,80.0,91.0,6503.88,125.6,40.969395,-103.33239
3022890,CO,Logan County,Peetz Table,2007.0,1500.0,80.0,77.0,4656.63,118.6,40.917694,-103.235588
3022831,CO,Logan County,Peetz Table,2007.0,1500.0,80.0,77.0,4656.63,118.6,40.970192,-103.203293
3022834,CO,Logan County,Peetz Table,2007.0,1500.0,80.0,77.0,4656.63,118.6,40.952892,-103.301888
3122433,CO,Logan County,Peetz Table,2007.0,1600.0,80.0,91.0,6503.88,125.6,40.974094,-103.457687
3122499,CO,Logan County,Peetz Table,2007.0,1600.0,80.0,91.0,6503.88,125.6,40.951794,-103.351692
3022883,CO,Logan County,Peetz Table,2007.0,1500.0,80.0,77.0,4656.63,118.6,40.914394,-103.276291
3022893,CO,Logan County,Peetz Table,2007.0,1500.0,80.0,77.0,4656.63,118.6,40.907093,-103.268387
3022788,CO,Logan County,Peetz Table,2007.0,1500.0,80.0,77.0,4656.63,118.6,40.994293,-103.323891
3022800,CO,Logan County,Peetz Table,2007.0,1500.0,80.0,77.0,4656.63,118.6,40.986195,-103.239388
3122405,CO,Logan County,Peetz Table,2007.0,1600.0,80.0,91.0,6503.88,125.6,40.950993,-103.354889
3022832,CO,Logan County,Peetz Table,2007.0,1500.0,80.0,77.0,4656.63,118.6,40.971493,-103.199089
3022827,CO,Logan County,Peetz Table,2007.0,1500.0,80.0,77.0,4656.63,118.6,40.972992,-103.231888
3022895,CO,Logan County,Peetz Table,2007.0,1500.0,80.0,77.0,4656.63,118.6,40.907494,-103.25869
3022828,CO,Logan County,Peetz Table,2007.0,1500.0,80.0,77.0,4656.63,118.6,40.971992,-103.225792
3022855,CO,Logan County,Peetz Table,2007.0,1500.0,80.0,77.0,4656.63,118.6,40.941193,-103.282387
3122485,CO,Logan County,Peetz Table,2007.0,1600.0,80.0,91.0,6503.88,125.6,40.967293,-103.392593
3122536,CO,Logan County,Peetz Table,2007.0,1600.0,80.0,91.0,6503.88,125.6,40.973694,-103.445091
3122443,CO,Logan County,Peetz Table,2007.0,1600.0,80.0,91.0,6503.88,125.6,40.979591,-103.424492
3022914,CO,Logan County,Peetz Table,2007.0,1500.0,80.0,77.0,4656.63,118.6,40.909492,-103.206093
3022787,CO,Logan County,Peetz Table,2007.0,1500.0,80.0,77.0,4656.63,118.6,40.991493,-103.333687
3022844,CO,Logan County,Peetz Table,2007.0,1500.0,80.0,77.0,4656.63,118.6,40.957592,-103.238388
3122497,CO,Logan County,Peetz Table,2007.0,1600.0,80.0,91.0,6503.88,125.6,40.982693,-103.320892
3122471,CO,Logan County,Peetz Table,2007.0,1600.0,80.0,91.0,6503.88,125.6,40.985191,-103.408287
3022873,CO,Logan County,Peetz Table,2007.0,1500.0,80.0,77.0,4656.63,118.6,40.928795,-103.258591
3022880,CO,Logan County,Peetz Table,2007.0,1500.0,80.0,77.0,4656.63,118.6,40.931992,-103.218391
3022884,CO,Logan County,Peetz Table,2007.0,1500.0,80.0,77.0,4656.63,118.6,40.915691,-103.272392
3122474,CO,Logan County,Peetz Table,2007.0,1600.0,80.0,91.0,6503.88,125.6,40.951992,-103.341492
3022812,CO,Logan County,Peetz Table,2007.0,1500.0,80.0,77.0,4656.63,118.6,40.981194,-103.164688
3022824,CO,Logan County,Peetz Table,2007.0,1500.0,80.0,77.0,4656.63,118.6,40.972794,-103.251488
3022807,CO,Logan County,Peetz Table,2007.0,1500.0,80.0,77.0,4656.63,118.6,40.984993,-103.194794
3022785,CO,Logan County,Peetz Table,2007.0,1500.0,80.0,77.0,4656.63,118.6,40.988194,-103.34359
3122418,CO,Logan County,Peetz Table,2007.0,1600.0,80.0,91.0,6503.88,125.6,40.987694,-103.499191
3122421,CO,Logan County,Peetz Table,2007.0,1600.0,80.0,91.0,6503.88,125.6,40.967094,-103.341187
3022909,CO,Logan County,Peetz Table,2007.0,1500.0,80.0,77.0,4656.63,118.6,40.897293,-103.224586
3022842,CO,Logan County,Peetz Table,2007.0,1500.0,80.0,77.0,4656.63,118.6,40.958591,-103.258293
3022789,CO,Logan County,Peetz Table,2007.0,1500.0,80.0,77.0,4656.63,118.6,40.996994,-103.31469
3022896,CO,Logan County,Peetz Table,2007.0,1500.0,80.0,77.0,4656.63,118.6,40.907593,-103.254692
3022804,CO,Logan County,Peetz Table,2007.0,1500.0,80.0,77.0,4656.63,118.6,40.984692,-103.213791
3122462,CO,Logan County,Peetz Table,2007.0,1600.0,80.0,91.0,6503.88,125.6,40.972893,-103.392693
3122440,CO,Logan County,Peetz Table,2007.0,1600.0,80.0,91.0,6503.88,125.6,40.975693,-103.323288
3122519,CO,Logan County,Peetz Table,2007.0,1600.0,80.0,91.0,6503.88,125.6,40.975693,-103.442787
3023311,CO,Logan County,Peetz Table,2007.0,1500.0,80.0,77.0,4656.63,118.6,40.967693,-103.36409
3122450,CO,Logan County,Peetz Table,2007.0,1600.0,80.0,91.0,6503.88,125.6,40.988194,-103.393494
3122425,CO,Logan County,Peetz Table,2007.0,1600.0,80.0,91.0,6503.88,125.6,40.928394,-103.249687
3022904,CO,Logan County,Peetz Table,2007.0,1500.0,80.0,77.0,4656.63,118.6,40.898594,-103.243492
3122460,CO,Logan County,Peetz Table,2007.0,1600.0,80.0,91.0,6503.88,125.6,40.983192,-103.418091
3122429,CO,Logan County,Peetz Table,2007.0,1600.0,80.0,91.0,6503.88,125.6,40.969994,-103.30909
3122517,CO,Logan County,Peetz Table,2007.0,1600.0,80.0,91.0,6503.88,125.6,40.982792,-103.432991
3122504,CO,Logan County,Peetz Table,2007.0,1600.0,80.0,91.0,6503.88,125.6,40.993393,-103.523689
3022798,CO,Logan County,Peetz Table,2007.0,1500.0,80.0,77.0,4656.63,118.6,40.986591,-103.25219
3122491,CO,Logan County,Peetz Table,2007.0,1600.0,80.0,91.0,6503.88,125.6,40.986694,-103.491493
3122436,CO,Logan County,Peetz Table,2007.0,1600.0,80.0,91.0,6503.88,125.6,40.984093,-103.485191
3022837,CO,Logan County,Peetz Table,2007.0,1500.0,80.0,77.0,4656.63,118.6,40.958092,-103.288689
3022900,CO,Logan County,Peetz Table,2007.0,1500.0,80.0,77.0,4656.63,118.6,40.909492,-103.235291
3122408,CO,Logan County,Peetz Table,2007.0,1600.0,80.0,91.0,6503.88,125.6,40.989693,-103.465088
3022907,CO,Logan County,Peetz Table,2007.0,1500.0,80.0,77.0,4656.63,118.6,40.901192,-103.234291
3022830,CO,Logan County,Peetz Table,2007.0,1500.0,80.0,77.0,4656.63,118.6,40.967491,-103.207291
3022845,CO,Logan County,Peetz Table,2007.0,1500.0,80.0,77.0,4656.63,118.6,40.955894,-103.233391
3122427,CO,Logan County,Peetz Table,2007.0,1600.0,80.0,91.0,6503.88,125.6,40.972694,-103.454887
3022838,CO,Logan County,Peetz Table,2007.0,1500.0,80.0,77.0,4656.63,118.6,40.958092,-103.282089
3122510,CO,Logan County,Peetz Table,2007.0,1600.0,80.0,91.0,6503.88,125.6,40.986694,-103.487488
3022891,CO,Logan County,Peetz Table,2007.0,1500.0,80.0,77.0,4656.63,118.6,40.918095,-103.231194
3022817,CO,Logan County,Peetz Table,2007.0,1500.0,80.0,77.0,4656.63,118.6,40.982693,-103.137192
3022867,CO,Logan County,Peetz Table,2007.0,1500.0,80.0,77.0,4656.63,118.6,40.943993,-103.225792
3022841,CO,Logan County,Peetz Table,2007.0,1500.0,80.0,77.0,4656.63,118.6,40.958393,-103.264793
3022819,CO,Logan County,Peetz Table,2007.0,1500.0,80.0,77.0,4656.63,118.6,40.970894,-103.283989
3022825,CO,Logan County,Peetz Table,2007.0,1500.0,80.0,77.0,4656.63,118.6,40.971992,-103.243889
3122488,CO,Logan County,Peetz Table,2007.0,1600.0,80.0,91.0,6503.88,125.6,40.986393,-103.480392
3022903,CO,Logan County,Peetz Table,2007.0,1500.0,80.0,77.0,4656.63,118.6,40.914093,-103.222389
3122414,CO,Logan County,Peetz Table,2007.0,1600.0,80.0,91.0,6503.88,125.6,40.951195,-103.361488
3022808,CO,Logan County,Peetz Table,2007.0,1500.0,80.0,77.0,4656.63,118.6,40.984795,-103.18779
3122417,CO,Logan County,Peetz Table,2007.0,1600.0,80.0,91.0,6503.88,125.6,40.984192,-103.424393
3122411,CO,Logan County,Peetz Table,2007.0,1600.0,80.0,91.0,6503.88,125.6,40.975094,-103.433792
3022843,CO,Logan County,Peetz Table,2007.0,1500.0,80.0,77.0,4656.63,118.6,40.958092,-103.242889
3022805,CO,Logan County,Peetz Table,2007.0,1500.0,80.0,77.0,4656.63,118.6,40.984692,-103.205994
3022801,CO,Logan County,Peetz Table,2007.0,1500.0,80.0,77.0,4656.63,118.6,40.985294,-103.232887
3022797,CO,Logan County,Peetz Table,2007.0,1500.0,80.0,77.0,4656.63,118.6,40.986794,-103.25769
3122419,CO,Logan County,Peetz Table,2007.0,1600.0,80.0,91.0,6503.88,125.6,40.978493,-103.399788
3122472,CO,Logan County,Peetz Table,2007.0,1600.0,80.0,91.0,6503.88,125.6,40.979794,-103.466187
3122451,CO,Logan County,Peetz Table,2007.0,1600.0,80.0,91.0,6503.88,125.6,40.969193,-103.378387
3122468,CO,Logan County,Peetz Table,2007.0,1600.0,80.0,91.0,6503.88,125.6,40.950493,-103.31929
3122489,CO,Logan County,Peetz Table,2007.0,1600.0,80.0,91.0,6503.88,125.6,40.983494,-103.42849
3122410,CO,Logan County,Peetz Table,2007.0,1600.0,80.0,91.0,6503.88,125.6,40.996494,-103.393692
3022847,CO,Logan County,Peetz Table,2007.0,1500.0,80.0,77.0,4656.63,118.6,40.954094,-103.221992
3122412,CO,Logan County,Peetz Table,2007.0,1600.0,80.0,91.0,6503.88,125.6,40.967793,-103.312691
3122534,CO,Logan County,Peetz Table,2007.0,1600.0,80.0,91.0,6503.88,125.6,40.966991,-103.34549
3122459,CO,Logan County,Peetz Table,2007.0,1600.0,80.0,91.0,6503.88,125.6,40.986195,-103.40329
3022852,CO,Logan County,Peetz Table,2007.0,1500.0,80.0,77.0,4656.63,118.6,40.940094,-103.297394
3122496,CO,Logan County,Peetz Table,2007.0,1600.0,80.0,91.0,6503.88,125.6,40.979294,-103.44519
3022869,CO,Logan County,Peetz Table,2007.0,1500.0,80.0,77.0,4656.63,118.6,40.925293,-103.28009
3022877,CO,Logan County,Peetz Table,2007.0,1500.0,80.0,77.0,4656.63,118.6,40.931194,-103.231293
3022872,CO,Logan County,Peetz Table,2007.0,1500.0,80.0,77.0,4656.63,118.6,40.928291,-103.262894
3022898,CO,Logan County,Peetz Table,2007.0,1500.0,80.0,77.0,4656.63,118.6,40.907593,-103.245293
3022810,CO,Logan County,Peetz Table,2007.0,1500.0,80.0,77.0,4656.63,118.6,40.982193,-103.174789
3022913,CO,Logan County,Peetz Table,2007.0,1500.0,80.0,77.0,4656.63,118.6,40.905094,-103.203392
3122430,CO,Logan County,Peetz Table,2007.0,1600.0,80.0,91.0,6503.88,125.6,40.955994,-103.36879
3022870,CO,Logan County,Peetz Table,2007.0,1500.0,80.0,77.0,4656.63,118.6,40.926891,-103.275589
3122521,CO,Logan County,Peetz Table,2007.0,1600.0,80.0,91.0,6503.88,125.6,40.956493,-103.331688
3122481,CO,Logan County,Peetz Table,2007.0,1600.0,80.0,91.0,6503.88,125.6,40.987194,-103.398392
3022874,CO,Logan County,Peetz Table,2007.0,1500.0,80.0,77.0,4656.63,118.6,40.928993,-103.254189
3022802,CO,Logan County,Peetz Table,2007.0,1500.0,80.0,77.0,4656.63,118.6,40.985794,-103.22509
3122466,CO,Logan County,Peetz Table,2007.0,1600.0,80.0,91.0,6503.88,125.6,40.981693,-103.437088
3022823,CO,Logan County,Peetz Table,2007.0,1500.0,80.0,77.0,4656.63,118.6,40.971992,-103.256691
3122526,CO,Logan County,Peetz Table,2007.0,1600.0,80.0,91.0,6503.88,125.6,40.952793,-103.363693
3102190,CO,Logan County,Peetz Table,2007.0,1600.0,80.0,91.0,6503.88,125.6,40.997936,-103.477119
3122461,CO,Logan County,Peetz Table,2007.0,1600.0,80.0,91.0,6503.88,125.6,40.977592,-103.319191
3122428,CO,Logan County,Peetz Table,2007.0,1600.0,80.0,91.0,6503.88,125.6,40.967995,-103.337791
3022897,CO,Logan County,Peetz Table,2007.0,1500.0,80.0,77.0,4656.63,118.6,40.907993,-103.250893
3122413,CO,Logan County,Peetz Table,2007.0,1600.0,80.0,91.0,6503.88,125.6,40.983791,-103.309593
3122530,CO,Logan County,Peetz Table,2007.0,1600.0,80.0,91.0,6503.88,125.6,40.979794,-103.308189
3122511,CO,Logan County,Peetz Table,2007.0,1600.0,80.0,91.0,6503.88,125.6,40.998093,-103.386688
3122514,CO,Logan County,Peetz Table,2007.0,1600.0,80.0,91.0,6503.88,125.6,40.990494,-103.494888
3122509,CO,Logan County,Peetz Table,2007.0,1600.0,80.0,91.0,6503.88,125.6,40.973194,-103.451591
3122424,CO,Logan County,Peetz Table,2007.0,1600.0,80.0,91.0,6503.88,125.6,40.961594,-103.335892
3022813,CO,Logan County,Peetz Table,2007.0,1500.0,80.0,77.0,4656.63,118.6,40.980293,-103.160789
3122495,CO,Logan County,Peetz Table,2007.0,1600.0,80.0,91.0,6503.88,125.6,40.975594,-103.307693
3022854,CO,Logan County,Peetz Table,2007.0,1500.0,80.0,77.0,4656.63,118.6,40.941792,-103.289192
3122420,CO,Logan County,Peetz Table,2007.0,1600.0,80.0,91.0,6503.88,125.6,40.995193,-103.401489
3022814,CO,Logan County,Peetz Table,2007.0,1500.0,80.0,77.0,4656.63,118.6,40.979992,-103.156288
3122467,CO,Logan County,Peetz Table,2007.0,1600.0,80.0,91.0,6503.88,125.6,40.953793,-103.361488
3022846,CO,Logan County,Peetz Table,2007.0,1500.0,80.0,77.0,4656.63,118.6,40.954494,-103.227188
3022862,CO,Logan County,Peetz Table,2007.0,1500.0,80.0,77.0,4656.63,118.6,40.942692,-103.250992
3022815,CO,Logan County,Peetz Table,2007.0,1500.0,80.0,77.0,4656.63,118.6,40.981495,-103.147392
3022876,CO,Logan County,Peetz Table,2007.0,1500.0,80.0,77.0,4656.63,118.6,40.929295,-103.23999
3022840,CO,Logan County,Peetz Table,2007.0,1500.0,80.0,77.0,4656.63,118.6,40.958492,-103.271294
3122473,CO,Logan County,Peetz Table,2007.0,1600.0,80.0,91.0,6503.88,125.6,40.954193,-103.366493
3122516,CO,Logan County,Peetz Table,2007.0,1600.0,80.0,91.0,6503.88,125.6,40.957394,-103.378487
3022796,CO,Logan County,Peetz Table,2007.0,1500.0,80.0,77.0,4656.63,118.6,40.986195,-103.26339
3022866,CO,Logan County,Peetz Table,2007.0,1500.0,80.0,77.0,4656.63,118.6,40.944492,-103.231293
3023312,CO,Logan County,Peetz Table,2007.0,1500.0,80.0,77.0,4656.63,118.6,40.955292,-103.37439
3122532,CO,Logan County,Peetz Table,2007.0,1600.0,80.0,91.0,6503.88,125.6,40.950191,-103.332092
3122524,CO,Logan County,Peetz Table,2007.0,1600.0,80.0,91.0,6503.88,125.6,40.989994,-103.460091
3122426,CO,Logan County,Peetz Table,2007.0,1600.0,80.0,91.0,6503.88,125.6,40.977795,-103.45079
3022868,CO,Logan County,Peetz Table,2007.0,1500.0,80.0,77.0,4656.63,118.6,40.945194,-103.219994
3022853,CO,Logan County,Peetz Table,2007.0,1500.0,80.0,77.0,4656.63,118.6,40.940891,-103.29319
3122483,CO,Logan County,Peetz Table,2007.0,1600.0,80.0,91.0,6503.88,125.6,40.972893,-103.326988
3022811,CO,Logan County,Peetz Table,2007.0,1500.0,80.0,77.0,4656.63,118.6,40.981693,-103.168892
3022792,CO,Logan County,Peetz Table,2007.0,1500.0,80.0,77.0,4656.63,118.6,40.983292,-103.283386
3022856,CO,Logan County,Peetz Table,2007.0,1500.0,80.0,77.0,4656.63,118.6,40.941494,-103.277893
3022901,CO,Logan County,Peetz Table,2007.0,1500.0,80.0,77.0,4656.63,118.6,40.910393,-103.230888
3022793,CO,Logan County,Peetz Table,2007.0,1500.0,80.0,77.0,4656.63,118.6,40.986195,-103.278893
3022818,CO,Logan County,Peetz Table,2007.0,1500.0,80.0,77.0,4656.63,118.6,40.970795,-103.289589
3022915,CO,Logan County,Peetz Table,2007.0,1500.0,80.0,77.0,4656.63,118.6,40.913692,-103.205788
3122409,CO,Logan County,Peetz Table,2007.0,1600.0,80.0,91.0,6503.88,125.6,40.955894,-103.31089
3022836,CO,Logan County,Peetz Table,2007.0,1500.0,80.0,77.0,4656.63,118.6,40.955692,-103.293091
3122480,CO,Logan County,Peetz Table,2007.0,1600.0,80.0,91.0,6503.88,125.6,40.963692,-103.389389
3122431,CO,Logan County,Peetz Table,2007.0,1600.0,80.0,91.0,6503.88,125.6,40.946995,-103.353188
3022821,CO,Logan County,Peetz Table,2007.0,1500.0,80.0,77.0,4656.63,118.6,40.971493,-103.269691
3022857,CO,Logan County,Peetz Table,2007.0,1500.0,80.0,77.0,4656.63,118.6,40.941792,-103.27359
3122476,CO,Logan County,Peetz Table,2007.0,1600.0,80.0,91.0,6503.88,125.6,40.949993,-103.32209
3122448,CO,Logan County,Peetz Table,2007.0,1600.0,80.0,91.0,6503.88,125.6,40.991493,-103.50309
3022833,CO,Logan County,Peetz Table,2007.0,1500.0,80.0,77.0,4656.63,118.6,40.974293,-103.194092
3022912,CO,Logan County,Peetz Table,2007.0,1500.0,80.0,77.0,4656.63,118.6,40.900692,-103.203789
3122406,CO,Logan County,Peetz Table,2007.0,1600.0,80.0,91.0,6503.88,125.6,40.984795,-103.470192
3022902,CO,Logan County,Peetz Table,2007.0,1500.0,80.0,77.0,4656.63,118.6,40.911991,-103.226692
3122407,CO,Logan County,Peetz Table,2007.0,1600.0,80.0,91.0,6503.88,125.6,40.951092,-103.358192
3022826,CO,Logan County,Peetz Table,2007.0,1500.0,80.0,77.0,4656.63,118.6,40.972294,-103.237991
3122493,CO,Logan County,Peetz Table,2007.0,1600.0,80.0,91.0,6503.88,125.6,40.997692,-103.390091
3122487,CO,Logan County,Peetz Table,2007.0,1600.0,80.0,91.0,6503.88,125.6,40.982895,-103.315193
3022864,CO,Logan County,Peetz Table,2007.0,1500.0,80.0,77.0,4656.63,118.6,40.942894,-103.240891
3022820,CO,Logan County,Peetz Table,2007.0,1500.0,80.0,77.0,4656.63,118.6,40.970291,-103.276489
3022791,CO,Logan County,Peetz Table,2007.0,1500.0,80.0,77.0,4656.63,118.6,40.997292,-103.297394
3022911,CO,Logan County,Peetz Table,2007.0,1500.0,80.0,77.0,4656.63,118.6,40.898994,-103.207687
3022835,CO,Logan County,Peetz Table,2007.0,1500.0,80.0,77.0,4656.63,118.6,40.953995,-103.297592
3022848,CO,Logan County,Peetz Table,2007.0,1500.0,80.0,77.0,4656.63,118.6,40.955395,-103.216988
3122465,CO,Logan County,Peetz Table,2007.0,1600.0,80.0,91.0,6503.88,125.6,40.995792,-103.495087
3122529,CO,Logan County,Peetz Table,2007.0,1600.0,80.0,91.0,6503.88,125.6,40.983395,-103.46669
3022888,CO,Logan County,Peetz Table,2007.0,1500.0,80.0,77.0,4656.63,118.6,40.917694,-103.244888
3022887,CO,Logan County,Peetz Table,2007.0,1500.0,80.0,77.0,4656.63,118.6,40.917694,-103.250092
3022899,CO,Logan County,Peetz Table,2007.0,1500.0,80.0,77.0,4656.63,118.6,40.908295,-103.240189
3022910,CO,Logan County,Peetz Table,2007.0,1500.0,80.0,77.0,4656.63,118.6,40.903492,-103.220192
3022906,CO,Logan County,Peetz Table,2007.0,1500.0,80.0,77.0,4656.63,118.6,40.900093,-103.238892
3122415,CO,Logan County,Peetz Table,2007.0,1600.0,80.0,91.0,6503.88,125.6,40.957092,-103.339394
3022879,CO,Logan County,Peetz Table,2007.0,1500.0,80.0,77.0,4656.63,118.6,40.929993,-103.221291
3022865,CO,Logan County,Peetz Table,2007.0,1500.0,80.0,77.0,4656.63,118.6,40.943192,-103.236687
3122531,CO,Logan County,Peetz Table,2007.0,1600.0,80.0,91.0,6503.88,125.6,40.956394,-103.343788
3022799,CO,Logan County,Peetz Table,2007.0,1500.0,80.0,77.0,4656.63,118.6,40.986492,-103.244591
3122528,CO,Logan County,Peetz Table,2007.0,1600.0,80.0,91.0,6503.88,125.6,40.998993,-103.367188
3122484,CO,Logan County,Peetz Table,2007.0,1600.0,80.0,91.0,6503.88,125.6,40.954994,-103.314194
3122457,CO,Logan County,Peetz Table,2007.0,1600.0,80.0,91.0,6503.88,125.6,40.966091,-103.388489
3122486,CO,Logan County,Peetz Table,2007.0,1600.0,80.0,91.0,6503.88,125.6,40.984192,-103.413193
3022885,CO,Logan County,Peetz Table,2007.0,1500.0,80.0,77.0,4656.63,118.6,40.916794,-103.268791
3022851,CO,Logan County,Peetz Table,2007.0,1500.0,80.0,77.0,4656.63,118.6,40.939693,-103.301987
3022816,CO,Logan County,Peetz Table,2007.0,1500.0,80.0,77.0,4656.63,118.6,40.981892,-103.14209
3022889,CO,Logan County,Peetz Table,2007.0,1500.0,80.0,77.0,4656.63,118.6,40.917492,-103.240189
3022809,CO,Logan County,Peetz Table,2007.0,1500.0,80.0,77.0,4656.63,118.6,40.983692,-103.180191
3022860,CO,Logan County,Peetz Table,2007.0,1500.0,80.0,77.0,4656.63,118.6,40.942692,-103.259491
3022806,CO,Logan County,Peetz Table,2007.0,1500.0,80.0,77.0,4656.63,118.6,40.985794,-103.200592
3022794,CO,Logan County,Peetz Table,2007.0,1500.0,80.0,77.0,4656.63,118.6,40.986294,-103.273491
3122452,CO,Logan County,Peetz Table,2007.0,1600.0,80.0,91.0,6503.88,125.6,40.966492,-103.373688
3122513,CO,Logan County,Peetz Table,2007.0,1600.0,80.0,91.0,6503.88,125.6,40.983593,-103.481087
3022859,CO,Logan County,Peetz Table,2007.0,1500.0,80.0,77.0,4656.63,118.6,40.942192,-103.263786
3122505,CO,Logan County,Peetz Table,2007.0,1600.0,80.0,91.0,6503.88,125.6,40.966793,-103.358887
3022803,CO,Logan County,Peetz Table,2007.0,1500.0,80.0,77.0,4656.63,118.6,40.985794,-103.218689
3022861,CO,Logan County,Peetz Table,2007.0,1500.0,80.0,77.0,4656.63,118.6,40.942692,-103.255692
3122456,CO,Logan County,Peetz Table,2007.0,1600.0,80.0,91.0,6503.88,125.6,40.953194,-103.348686
3122502,CO,Logan County,Peetz Table,2007.0,1600.0,80.0,91.0,6503.88,125.6,40.979694,-103.41169
3022878,CO,Logan County,Peetz Table,2007.0,1500.0,80.0,77.0,4656.63,118.6,40.930092,-103.226089
3022894,CO,Logan County,Peetz Table,2007.0,1500.0,80.0,77.0,4656.63,118.6,40.907291,-103.262489
3122498,CO,Logan County,Peetz Table,2007.0,1600.0,80.0,91.0,6503.88,125.6,40.957092,-103.335693
3022886,CO,Logan County,Peetz Table,2007.0,1500.0,80.0,77.0,4656.63,118.6,40.915894,-103.254692
3122535,CO,Logan County,Peetz Table,2007.0,1600.0,80.0,91.0,6503.88,125.6,40.990494,-103.520988
3022882,CO,Logan County,Peetz Table,2007.0,1500.0,80.0,77.0,4656.63,118.6,40.911892,-103.279388
3122475,CO,Logan County,Peetz Table,2007.0,1600.0,80.0,91.0,6503.88,125.6,40.986591,-103.473587
3023313,CO,Logan County,Peetz Table,2007.0,1500.0,80.0,77.0,4656.63,118.6,40.954994,-103.371391
3122453,CO,Logan County,Peetz Table,2007.0,1600.0,80.0,91.0,6503.88,125.6,40.975792,-103.430588
3022839,CO,Logan County,Peetz Table,2007.0,1500.0,80.0,77.0,4656.63,118.6,40.958195,-103.27729
3122520,CO,Logan County,Peetz Table,2007.0,1600.0,80.0,91.0,6503.88,125.6,40.975693,-103.437393
3122464,CO,Logan County,Peetz Table,2007.0,1600.0,80.0,91.0,6503.88,125.6,40.996193,-103.39769
3022829,CO,Logan County,Peetz Table,2007.0,1500.0,80.0,77.0,4656.63,118.6,40.968292,-103.213593
3122416,CO,Logan County,Peetz Table,2007.0,1600.0,80.0,91.0,6503.88,125.6,40.998093,-103.463593
3122501,CO,Logan County,Peetz Table,2007.0,1600.0,80.0,91.0,6503.88,125.6,40.953293,-103.345291
3122477,CO,Logan County,Peetz Table,2007.0,1600.0,80.0,91.0,6503.88,125.6,40.971893,-103.375389
3122470,CO,Logan County,Peetz Table,2007.0,1600.0,80.0,91.0,6503.88,125.6,40.989094,-103.519089
3122507,CO,Logan County,Peetz Table,2007.0,1600.0,80.0,91.0,6503.88,125.6,40.970093,-103.392593
3122512,CO,Logan County,Peetz Table,2007.0,1600.0,80.0,91.0,6503.88,125.6,40.946194,-103.316887
3122437,CO,Logan County,Peetz Table,2007.0,1600.0,80.0,91.0,6503.88,125.6,40.998493,-103.378891
3122469,CO,Logan County,Peetz Table,2007.0,1600.0,80.0,91.0,6503.88,125.6,40.987694,-103.495193
3122525,CO,Logan County,Peetz Table,2007.0,1600.0,80.0,91.0,6503.88,125.6,40.958694,-103.207191
3022908,CO,Logan County,Peetz Table,2007.0,1500.0,80.0,77.0,4656.63,118.6,40.900093,-103.230988
3022881,CO,Logan County,Peetz Table,2007.0,1500.0,80.0,77.0,4656.63,118.6,40.917892,-103.284988
3122515,CO,Logan County,Peetz Table,2007.0,1600.0,80.0,91.0,6503.88,125.6,40.966694,-103.354591
3074401,CO,Logan County,Peetz Table Wind Farm,2001.0,900.0,72.0,52.0,2123.72,98.1,40.939793,-103.14949
3068745,CO,Logan County,Peetz Table Wind Farm,2001.0,900.0,72.0,52.0,2123.72,98.1,40.944073,-103.189857
3068746,CO,Logan County,Peetz Table Wind Farm,2001.0,900.0,72.0,52.0,2123.72,98.1,40.935089,-103.161934
3068752,CO,Logan County,Peetz Table Wind Farm,2001.0,900.0,72.0,52.0,2123.72,98.1,40.936729,-103.160126
3068730,CO,Logan County,Peetz Table Wind Farm,2001.0,900.0,72.0,52.0,2123.72,98.1,40.955437,-103.164566
3006179,CO,Logan County,Peetz Table Wind Farm,2001.0,900.0,72.0,52.0,2123.72,98.1,40.944794,-103.164993
3064551,CO,Logan County,Peetz Table Wind Farm,2001.0,900.0,72.0,52.0,2123.72,98.1,40.938892,-103.151093
3068749,CO,Logan County,Peetz Table Wind Farm,2001.0,900.0,72.0,52.0,2123.72,98.1,40.938663,-103.14006
3068735,CO,Logan County,Peetz Table Wind Farm,2001.0,900.0,72.0,52.0,2123.72,98.1,40.954948,-103.139061
3068736,CO,Logan County,Peetz Table Wind Farm,2001.0,900.0,72.0,52.0,2123.72,98.1,40.955807,-103.135704
3068733,CO,Logan County,Peetz Table Wind Farm,2001.0,900.0,72.0,52.0,2123.72,98.1,40.943634,-103.16803
3068741,CO,Logan County,Peetz Table Wind Farm,2001.0,900.0,72.0,52.0,2123.72,98.1,40.941452,-103.135719
3068731,CO,Logan County,Peetz Table Wind Farm,2001.0,900.0,72.0,52.0,2123.72,98.1,40.950169,-103.157028
3013019,CO,Logan County,Peetz Table Wind Farm,2001.0,900.0,72.0,52.0,2123.72,98.1,40.937992,-103.15889
3068747,CO,Logan County,Peetz Table Wind Farm,2001.0,900.0,72.0,52.0,2123.72,98.1,40.952309,-103.149048
3068734,CO,Logan County,Peetz Table Wind Farm,2001.0,900.0,72.0,52.0,2123.72,98.1,40.951492,-103.171089
3068742,CO,Logan County,Peetz Table Wind Farm,2001.0,900.0,72.0,52.0,2123.72,98.1,40.942719,-103.144554
3068743,CO,Logan County,Peetz Table Wind Farm,2001.0,900.0,72.0,52.0,2123.72,98.1,40.942493,-103.147293
3068739,CO,Logan County,Peetz Table Wind Farm,2001.0,900.0,72.0,52.0,2123.72,98.1,40.95319,-103.14579
3068750,CO,Logan County,Peetz Table Wind Farm,2001.0,900.0,72.0,52.0,2123.72,98.1,40.935295,-103.189789
3013012,CO,Logan County,Peetz Table Wind Farm,2001.0,900.0,72.0,52.0,2123.72,98.1,40.936893,-103.175491
3013001,CO,Logan County,Peetz Table Wind Farm,2001.0,900.0,72.0,52.0,2123.72,98.1,40.947891,-103.181091
3068744,CO,Logan County,Peetz Table Wind Farm,2001.0,900.0,72.0,52.0,2123.72,98.1,40.93539,-103.178169
3068738,CO,Logan County,Peetz Table Wind Farm,2001.0,900.0,72.0,52.0,2123.72,98.1,40.935635,-103.182198
3064553,CO,Logan County,Peetz Table Wind Farm,2001.0,900.0,72.0,52.0,2123.72,98.1,40.953636,-103.166969
3068729,CO,Logan County,Peetz Table Wind Farm,2001.0,900.0,72.0,52.0,2123.72,98.1,40.944271,-103.173836
3013018,CO,Logan County,Peetz Table Wind Farm,2001.0,900.0,72.0,52.0,2123.72,98.1,40.945892,-103.161987
3068737,CO,Logan County,Peetz Table Wind Farm,2001.0,900.0,72.0,52.0,2123.72,98.1,40.935272,-103.185669
3109463,CO,Logan County,Peetz Table Wind Farm,2001.0,900.0,72.0,52.0,2123.72,98.1,40.945618,-103.186249
3074400,CO,Logan County,Peetz Table Wind Farm,2001.0,900.0,72.0,52.0,2123.72,98.1,40.938873,-103.155075
3068740,CO,Logan County,Peetz Table Wind Farm,2001.0,900.0,72.0,52.0,2123.72,98.1,40.954094,-103.142387
3068748,CO,Logan County,Peetz Table Wind Farm,2001.0,900.0,72.0,52.0,2123.72,98.1,40.939625,-103.138344
3068732,CO,Logan County,Peetz Table Wind Farm,2001.0,900.0,72.0,52.0,2123.72,98.1,40.948017,-103.159561
3070865,IL,Adams County,Pigeon Creek,2009.0,900.0,75.0,54.0,2290.22,102.1,39.833282,-91.192268
3053260,IL,Kankakee County,Pilot Hill,2015.0,1700.0,80.0,100.0,7853.98,130.1,41.012924,-88.030785
3053263,IL,Kankakee County,Pilot Hill,2015.0,1700.0,80.0,100.0,7853.98,130.1,41.024094,-88.054123
3050058,IL,Kankakee County,Pilot Hill,2015.0,1700.0,80.0,100.0,7853.98,130.1,41.024792,-87.993576
3052492,IL,Kankakee County,Pilot Hill,2015.0,1700.0,80.0,100.0,7853.98,130.1,41.006752,-88.032761
3046633,IL,Kankakee County,Pilot Hill,2015.0,1700.0,80.0,100.0,7853.98,130.1,41.005184,-88.009331
3049910,IL,Kankakee County,Pilot Hill,2015.0,1700.0,80.0,100.0,7853.98,130.1,41.019402,-87.974007
3052483,IL,Kankakee County,Pilot Hill,2015.0,1700.0,80.0,100.0,7853.98,130.1,41.011261,-88.067657
3053258,IL,Kankakee County,Pilot Hill,2015.0,1700.0,80.0,100.0,7853.98,130.1,41.019432,-88.009895
3053229,IL,Iroquois County,Pilot Hill,2015.0,1700.0,80.0,100.0,7853.98,130.1,40.975624,-88.066673
3052510,IL,Kankakee County,Pilot Hill,2015.0,1700.0,80.0,100.0,7853.98,130.1,40.999683,-88.122086
3053441,IL,Kankakee County,Pilot Hill,2015.0,1700.0,80.0,100.0,7853.98,130.1,41.018051,-88.043396
3052499,IL,Iroquois County,Pilot Hill,2015.0,1700.0,80.0,100.0,7853.98,130.1,40.988564,-88.090828
3050040,IL,Kankakee County,Pilot Hill,2015.0,1700.0,80.0,100.0,7853.98,130.1,41.017403,-87.990173
3050054,IL,Kankakee County,Pilot Hill,2015.0,1700.0,80.0,100.0,7853.98,130.1,41.017593,-87.995171
3052501,IL,Iroquois County,Pilot Hill,2015.0,1700.0,80.0,100.0,7853.98,130.1,40.993301,-88.086388
3046645,IL,Iroquois County,Pilot Hill,2015.0,1700.0,80.0,100.0,7853.98,130.1,40.978863,-88.052437
3053256,IL,Kankakee County,Pilot Hill,2015.0,1700.0,80.0,100.0,7853.98,130.1,41.02523,-87.957855
3053280,IL,Iroquois County,Pilot Hill,2015.0,1700.0,80.0,100.0,7853.98,130.1,40.979954,-88.121353
3046632,IL,Kankakee County,Pilot Hill,2015.0,1700.0,80.0,100.0,7853.98,130.1,41.001534,-88.008774
3052635,IL,Iroquois County,Pilot Hill,2015.0,1700.0,80.0,100.0,7853.98,130.1,40.994198,-88.052414
3053257,IL,Kankakee County,Pilot Hill,2015.0,1700.0,80.0,100.0,7853.98,130.1,41.027431,-87.976646
3053227,IL,Kankakee County,Pilot Hill,2015.0,1700.0,80.0,100.0,7853.98,130.1,41.022503,-88.045105
3053270,IL,Iroquois County,Pilot Hill,2015.0,1700.0,80.0,100.0,7853.98,130.1,40.971813,-88.079475
3046653,IL,Iroquois County,Pilot Hill,2015.0,1700.0,80.0,100.0,7853.98,130.1,40.964554,-88.105614
3053265,IL,Kankakee County,Pilot Hill,2015.0,1700.0,80.0,100.0,7853.98,130.1,41.021282,-88.073586
3046654,IL,Kankakee County,Pilot Hill,2015.0,1700.0,80.0,100.0,7853.98,130.1,41.003841,-88.126534
3053415,IL,Kankakee County,Pilot Hill,2015.0,1700.0,80.0,100.0,7853.98,130.1,41.016491,-88.010597
3046641,IL,Kankakee County,Pilot Hill,2015.0,1700.0,80.0,100.0,7853.98,130.1,41.02615,-88.030937
3053132,IL,Kankakee County,Pilot Hill,2015.0,1700.0,80.0,100.0,7853.98,130.1,41.022373,-87.990181
3053268,IL,Kankakee County,Pilot Hill,2015.0,1700.0,80.0,100.0,7853.98,130.1,41.001671,-88.116104
3046647,IL,Iroquois County,Pilot Hill,2015.0,1700.0,80.0,100.0,7853.98,130.1,40.988022,-88.062004
3052481,IL,Kankakee County,Pilot Hill,2015.0,1700.0,80.0,100.0,7853.98,130.1,41.023613,-88.065712
3053442,IL,Kankakee County,Pilot Hill,2015.0,1700.0,80.0,100.0,7853.98,130.1,41.025032,-88.024467
3052480,IL,Kankakee County,Pilot Hill,2015.0,1700.0,80.0,100.0,7853.98,130.1,41.025124,-88.047256
3053417,IL,Iroquois County,Pilot Hill,2015.0,1700.0,80.0,100.0,7853.98,130.1,40.988243,-88.034035
3053523,IL,Kankakee County,Pilot Hill,2015.0,1700.0,80.0,100.0,7853.98,130.1,41.034031,-88.048378
3053281,IL,Iroquois County,Pilot Hill,2015.0,1700.0,80.0,100.0,7853.98,130.1,40.974884,-88.120331
3053255,IL,Kankakee County,Pilot Hill,2015.0,1700.0,80.0,100.0,7853.98,130.1,41.032673,-87.956772
3053259,IL,Kankakee County,Pilot Hill,2015.0,1700.0,80.0,100.0,7853.98,130.1,41.009113,-88.011467
3052484,IL,Kankakee County,Pilot Hill,2015.0,1700.0,80.0,100.0,7853.98,130.1,41.008583,-88.073174
3050055,IL,Kankakee County,Pilot Hill,2015.0,1700.0,80.0,100.0,7853.98,130.1,41.005981,-87.990654
3046640,IL,Iroquois County,Pilot Hill,2015.0,1700.0,80.0,100.0,7853.98,130.1,40.986534,-88.025948
3046635,IL,Kankakee County,Pilot Hill,2015.0,1700.0,80.0,100.0,7853.98,130.1,41.035282,-88.020584
3053437,IL,Kankakee County,Pilot Hill,2015.0,1700.0,80.0,100.0,7853.98,130.1,41.010292,-88.050652
3049858,IL,Kankakee County,Pilot Hill,2015.0,1700.0,80.0,100.0,7853.98,130.1,41.027992,-87.953682
3053277,IL,Iroquois County,Pilot Hill,2015.0,1700.0,80.0,100.0,7853.98,130.1,40.974171,-88.102768
3046649,IL,Iroquois County,Pilot Hill,2015.0,1700.0,80.0,100.0,7853.98,130.1,40.974461,-88.096565
3049909,IL,Kankakee County,Pilot Hill,2015.0,1700.0,80.0,100.0,7853.98,130.1,41.022854,-87.974831
3046646,IL,Iroquois County,Pilot Hill,2015.0,1700.0,80.0,100.0,7853.98,130.1,40.979702,-88.057327
3046637,IL,Kankakee County,Pilot Hill,2015.0,1700.0,80.0,100.0,7853.98,130.1,41.035053,-88.024986
3053272,IL,Iroquois County,Pilot Hill,2015.0,1700.0,80.0,100.0,7853.98,130.1,40.993023,-88.104172
3046076,IL,Iroquois County,Pilot Hill,2015.0,1700.0,80.0,100.0,7853.98,130.1,40.979046,-88.047615
3053276,IL,Iroquois County,Pilot Hill,2015.0,1700.0,80.0,100.0,7853.98,130.1,40.976551,-88.107567
3049908,IL,Kankakee County,Pilot Hill,2015.0,1700.0,80.0,100.0,7853.98,130.1,41.025143,-87.971146
3050059,IL,Iroquois County,Pilot Hill,2015.0,1700.0,80.0,100.0,7853.98,130.1,40.989902,-88.107681
3046638,IL,Kankakee County,Pilot Hill,2015.0,1700.0,80.0,100.0,7853.98,130.1,41.020851,-88.026108
3053271,IL,Iroquois County,Pilot Hill,2015.0,1700.0,80.0,100.0,7853.98,130.1,40.996471,-88.112106
3046630,IL,Kankakee County,Pilot Hill,2015.0,1700.0,80.0,100.0,7853.98,130.1,41.013554,-87.992645
3046642,IL,Kankakee County,Pilot Hill,2015.0,1700.0,80.0,100.0,7853.98,130.1,41.031433,-88.033913
3046650,IL,Iroquois County,Pilot Hill,2015.0,1700.0,80.0,100.0,7853.98,130.1,40.996952,-88.097816
3053267,IL,Kankakee County,Pilot Hill,2015.0,1700.0,80.0,100.0,7853.98,130.1,41.003334,-88.076935
3053283,IL,Iroquois County,Pilot Hill,2015.0,1700.0,80.0,100.0,7853.98,130.1,40.989113,-88.129875
3052482,IL,Kankakee County,Pilot Hill,2015.0,1700.0,80.0,100.0,7853.98,130.1,41.015373,-88.069862
3046077,IL,Iroquois County,Pilot Hill,2015.0,1700.0,80.0,100.0,7853.98,130.1,40.963181,-88.095497
3053266,IL,Kankakee County,Pilot Hill,2015.0,1700.0,80.0,100.0,7853.98,130.1,41.003273,-88.082924
3052516,IL,Iroquois County,Pilot Hill,2015.0,1700.0,80.0,100.0,7853.98,130.1,40.970417,-88.105522
3053416,IL,Iroquois County,Pilot Hill,2015.0,1700.0,80.0,100.0,7853.98,130.1,40.994522,-88.018745
3053262,IL,Kankakee County,Pilot Hill,2015.0,1700.0,80.0,100.0,7853.98,130.1,41.030212,-88.048386
3050050,IL,Iroquois County,Pilot Hill,2015.0,1700.0,80.0,100.0,7853.98,130.1,40.996662,-88.034058
3046634,IL,Kankakee County,Pilot Hill,2015.0,1700.0,80.0,100.0,7853.98,130.1,41.024132,-88.018898
3046651,IL,Iroquois County,Pilot Hill,2015.0,1700.0,80.0,100.0,7853.98,130.1,40.963154,-88.100243
3046631,IL,Kankakee County,Pilot Hill,2015.0,1700.0,80.0,100.0,7853.98,130.1,41.024651,-88.007576
3053269,IL,Iroquois County,Pilot Hill,2015.0,1700.0,80.0,100.0,7853.98,130.1,40.976303,-88.072731
3053273,IL,Iroquois County,Pilot Hill,2015.0,1700.0,80.0,100.0,7853.98,130.1,40.985352,-88.102585
3046636,IL,Kankakee County,Pilot Hill,2015.0,1700.0,80.0,100.0,7853.98,130.1,41.007793,-88.020782
3050049,IL,Kankakee County,Pilot Hill,2015.0,1700.0,80.0,100.0,7853.98,130.1,41.018444,-88.033394
3052493,IL,Kankakee County,Pilot Hill,2015.0,1700.0,80.0,100.0,7853.98,130.1,41.005833,-88.026688
3050056,IL,Kankakee County,Pilot Hill,2015.0,1700.0,80.0,100.0,7853.98,130.1,41.010151,-87.989967
3050057,IL,Kankakee County,Pilot Hill,2015.0,1700.0,80.0,100.0,7853.98,130.1,41.014042,-87.976646
3052500,IL,Iroquois County,Pilot Hill,2015.0,1700.0,80.0,100.0,7853.98,130.1,40.993351,-88.079895
3053418,IL,Iroquois County,Pilot Hill,2015.0,1700.0,80.0,100.0,7853.98,130.1,40.994343,-88.030876
3053275,IL,Iroquois County,Pilot Hill,2015.0,1700.0,80.0,100.0,7853.98,130.1,40.979511,-88.102325
3046648,IL,Iroquois County,Pilot Hill,2015.0,1700.0,80.0,100.0,7853.98,130.1,40.981121,-88.068207
3046639,IL,Iroquois County,Pilot Hill,2015.0,1700.0,80.0,100.0,7853.98,130.1,40.992622,-88.025963
3046258,IL,Kankakee County,Pilot Hill,2015.0,1700.0,80.0,100.0,7853.98,130.1,41.007614,-88.115936
3046652,IL,Kankakee County,Pilot Hill,2015.0,1700.0,80.0,100.0,7853.98,130.1,41.004261,-88.101486
3050053,IL,Iroquois County,Pilot Hill,2015.0,1700.0,80.0,100.0,7853.98,130.1,40.997173,-88.076721
3050052,IL,Kankakee County,Pilot Hill,2015.0,1700.0,80.0,100.0,7853.98,130.1,41.000713,-88.050781
3046078,IL,Iroquois County,Pilot Hill,2015.0,1700.0,80.0,100.0,7853.98,130.1,40.970772,-88.091011
3052512,IL,Kankakee County,Pilot Hill,2015.0,1700.0,80.0,100.0,7853.98,130.1,41.009274,-87.995827
3053524,IL,Kankakee County,Pilot Hill,2015.0,1700.0,80.0,100.0,7853.98,130.1,41.033981,-88.042877
3053279,IL,Iroquois County,Pilot Hill,2015.0,1700.0,80.0,100.0,7853.98,130.1,40.985023,-88.129753
3053228,IL,Iroquois County,Pilot Hill,2015.0,1700.0,80.0,100.0,7853.98,130.1,40.989513,-88.047462
3053282,IL,Iroquois County,Pilot Hill,2015.0,1700.0,80.0,100.0,7853.98,130.1,40.971344,-88.120392
3053264,IL,Kankakee County,Pilot Hill,2015.0,1700.0,80.0,100.0,7853.98,130.1,41.020481,-88.058037
3046644,IL,Kankakee County,Pilot Hill,2015.0,1700.0,80.0,100.0,7853.98,130.1,41.038342,-88.048454
3052495,IL,Iroquois County,Pilot Hill,2015.0,1700.0,80.0,100.0,7853.98,130.1,40.986683,-88.075325
3053278,IL,Iroquois County,Pilot Hill,2015.0,1700.0,80.0,100.0,7853.98,130.1,40.962933,-88.110832
3053261,IL,Kankakee County,Pilot Hill,2015.0,1700.0,80.0,100.0,7853.98,130.1,41.011883,-88.026321
3049907,IL,Kankakee County,Pilot Hill,2015.0,1700.0,80.0,100.0,7853.98,130.1,41.018253,-87.969231
3050051,IL,Kankakee County,Pilot Hill,2015.0,1700.0,80.0,100.0,7853.98,130.1,41.004532,-88.048714
3053274,IL,Iroquois County,Pilot Hill,2015.0,1700.0,80.0,100.0,7853.98,130.1,40.981323,-88.106873
3053434,IL,Kankakee County,Pilot Hill,2015.0,1700.0,80.0,100.0,7853.98,130.1,41.005142,-88.039932
3038823,IL,Ford County,Pioneer Trail,2011.0,1600.0,80.0,82.5,5345.62,121.3,40.470592,-88.020493
3038855,IL,Ford County,Pioneer Trail,2011.0,1600.0,80.0,82.5,5345.62,121.3,40.456993,-88.004494
3038796,IL,Ford County,Pioneer Trail,2011.0,1600.0,80.0,82.5,5345.62,121.3,40.476292,-88.012093
3037391,IL,Iroquois County,Pioneer Trail,2011.0,1600.0,80.0,82.5,5345.62,121.3,40.508091,-88.025894
3038877,IL,Ford County,Pioneer Trail,2011.0,1600.0,80.0,82.5,5345.62,121.3,40.43589,-87.980797
3038795,IL,Ford County,Pioneer Trail,2011.0,1600.0,80.0,82.5,5345.62,121.3,40.450191,-87.965492
3038872,IL,Ford County,Pioneer Trail,2011.0,1600.0,80.0,82.5,5345.62,121.3,40.435192,-87.943497
3038814,IL,Ford County,Pioneer Trail,2011.0,1600.0,80.0,82.5,5345.62,121.3,40.455093,-88.058197
3038880,IL,Ford County,Pioneer Trail,2011.0,1600.0,80.0,82.5,5345.62,121.3,40.445293,-87.998894
3038845,IL,Ford County,Pioneer Trail,2011.0,1600.0,80.0,82.5,5345.62,121.3,40.479294,-88.039291
3038838,IL,Iroquois County,Pioneer Trail,2011.0,1600.0,80.0,82.5,5345.62,121.3,40.496292,-88.049294
3038802,IL,Iroquois County,Pioneer Trail,2011.0,1600.0,80.0,82.5,5345.62,121.3,40.489891,-88.01889
3038808,IL,Ford County,Pioneer Trail,2011.0,1600.0,80.0,82.5,5345.62,121.3,40.464394,-88.057297
3038885,IL,Ford County,Pioneer Trail,2011.0,1600.0,80.0,82.5,5345.62,121.3,40.45919,-87.978592
3038853,IL,Ford County,Pioneer Trail,2011.0,1600.0,80.0,82.5,5345.62,121.3,40.457092,-88.033897
3038813,IL,Ford County,Pioneer Trail,2011.0,1600.0,80.0,82.5,5345.62,121.3,40.477592,-88.071793
3038840,IL,Iroquois County,Pioneer Trail,2011.0,1600.0,80.0,82.5,5345.62,121.3,40.496693,-88.055496
3038847,IL,Ford County,Pioneer Trail,2011.0,1600.0,80.0,82.5,5345.62,121.3,40.467892,-88.039795
3038810,IL,Ford County,Pioneer Trail,2011.0,1600.0,80.0,82.5,5345.62,121.3,40.471092,-88.064194
3038826,IL,Ford County,Pioneer Trail,2011.0,1600.0,80.0,82.5,5345.62,121.3,40.479794,-87.987892
3038831,IL,Ford County,Pioneer Trail,2011.0,1600.0,80.0,82.5,5345.62,121.3,40.463192,-88.062592
3038797,IL,Ford County,Pioneer Trail,2011.0,1600.0,80.0,82.5,5345.62,121.3,40.484291,-88.028793
3038884,IL,Ford County,Pioneer Trail,2011.0,1600.0,80.0,82.5,5345.62,121.3,40.468292,-87.997192
3038883,IL,Ford County,Pioneer Trail,2011.0,1600.0,80.0,82.5,5345.62,121.3,40.469791,-88.007195
3038836,IL,Iroquois County,Pioneer Trail,2011.0,1600.0,80.0,82.5,5345.62,121.3,40.490192,-88.054794
3038824,IL,Ford County,Pioneer Trail,2011.0,1600.0,80.0,82.5,5345.62,121.3,40.44289,-88.029198
3038804,IL,Ford County,Pioneer Trail,2011.0,1600.0,80.0,82.5,5345.62,121.3,40.452492,-88.044693
3038871,IL,Ford County,Pioneer Trail,2011.0,1600.0,80.0,82.5,5345.62,121.3,40.415092,-87.948997
3038866,IL,Ford County,Pioneer Trail,2011.0,1600.0,80.0,82.5,5345.62,121.3,40.472691,-87.978592
3039575,IL,Ford County,Pioneer Trail,2011.0,1600.0,80.0,82.5,5345.62,121.3,40.465191,-88.069893
3038839,IL,Iroquois County,Pioneer Trail,2011.0,1600.0,80.0,82.5,5345.62,121.3,40.505093,-88.052895
3038792,IL,Ford County,Pioneer Trail,2011.0,1600.0,80.0,82.5,5345.62,121.3,40.447792,-87.993393
3038862,IL,Ford County,Pioneer Trail,2011.0,1600.0,80.0,82.5,5345.62,121.3,40.482891,-88.009598
3038857,IL,Ford County,Pioneer Trail,2011.0,1600.0,80.0,82.5,5345.62,121.3,40.482693,-88.019897
3038822,IL,Ford County,Pioneer Trail,2011.0,1600.0,80.0,82.5,5345.62,121.3,40.450592,-88.032692
3038828,IL,Ford County,Pioneer Trail,2011.0,1600.0,80.0,82.5,5345.62,121.3,40.477791,-87.993393
3038842,IL,Iroquois County,Pioneer Trail,2011.0,1600.0,80.0,82.5,5345.62,121.3,40.506191,-88.034798
3038788,IL,Ford County,Pioneer Trail,2011.0,1600.0,80.0,82.5,5345.62,121.3,40.458992,-87.966591
3038835,IL,Ford County,Pioneer Trail,2011.0,1600.0,80.0,82.5,5345.62,121.3,40.483192,-88.042793
3038818,IL,Ford County,Pioneer Trail,2011.0,1600.0,80.0,82.5,5345.62,121.3,40.452293,-88.027893
3038800,IL,Iroquois County,Pioneer Trail,2011.0,1600.0,80.0,82.5,5345.62,121.3,40.498993,-88.028793
3038798,IL,Ford County,Pioneer Trail,2011.0,1600.0,80.0,82.5,5345.62,121.3,40.47739,-88.024094
3038849,IL,Ford County,Pioneer Trail,2011.0,1600.0,80.0,82.5,5345.62,121.3,40.47039,-88.034592
3038867,IL,Ford County,Pioneer Trail,2011.0,1600.0,80.0,82.5,5345.62,121.3,40.469093,-87.988091
3038874,IL,Ford County,Pioneer Trail,2011.0,1600.0,80.0,82.5,5345.62,121.3,40.446392,-87.946198
3038856,IL,Ford County,Pioneer Trail,2011.0,1600.0,80.0,82.5,5345.62,121.3,40.475193,-88.017693
3038812,IL,Ford County,Pioneer Trail,2011.0,1600.0,80.0,82.5,5345.62,121.3,40.47879,-88.065796
3038887,IL,Ford County,Pioneer Trail,2011.0,1600.0,80.0,82.5,5345.62,121.3,40.465492,-87.984192
3038816,IL,Ford County,Pioneer Trail,2011.0,1600.0,80.0,82.5,5345.62,121.3,40.455593,-88.009598
3038873,IL,Ford County,Pioneer Trail,2011.0,1600.0,80.0,82.5,5345.62,121.3,40.433491,-87.949791
3038791,IL,Ford County,Pioneer Trail,2011.0,1600.0,80.0,82.5,5345.62,121.3,40.454193,-87.982292
3038848,IL,Ford County,Pioneer Trail,2011.0,1600.0,80.0,82.5,5345.62,121.3,40.477192,-88.029793
3038811,IL,Ford County,Pioneer Trail,2011.0,1600.0,80.0,82.5,5345.62,121.3,40.480892,-88.076691
3038858,IL,Ford County,Pioneer Trail,2011.0,1600.0,80.0,82.5,5345.62,121.3,40.484291,-88.014496
3038807,IL,Ford County,Pioneer Trail,2011.0,1600.0,80.0,82.5,5345.62,121.3,40.465191,-88.051895
3038801,IL,Iroquois County,Pioneer Trail,2011.0,1600.0,80.0,82.5,5345.62,121.3,40.49789,-88.033592
3038846,IL,Ford County,Pioneer Trail,2011.0,1600.0,80.0,82.5,5345.62,121.3,40.48579,-88.023895
3038827,IL,Ford County,Pioneer Trail,2011.0,1600.0,80.0,82.5,5345.62,121.3,40.477192,-88.005295
3038876,IL,Ford County,Pioneer Trail,2011.0,1600.0,80.0,82.5,5345.62,121.3,40.453491,-87.946396
3038787,IL,Ford County,Pioneer Trail,2011.0,1600.0,80.0,82.5,5345.62,121.3,40.45129,-87.959991
3038829,IL,Ford County,Pioneer Trail,2011.0,1600.0,80.0,82.5,5345.62,121.3,40.456993,-88.050697
3038868,IL,Ford County,Pioneer Trail,2011.0,1600.0,80.0,82.5,5345.62,121.3,40.425091,-87.954994
3038832,IL,Ford County,Pioneer Trail,2011.0,1600.0,80.0,82.5,5345.62,121.3,40.486191,-88.067093
3038837,IL,Iroquois County,Pioneer Trail,2011.0,1600.0,80.0,82.5,5345.62,121.3,40.496593,-88.044792
3038852,IL,Ford County,Pioneer Trail,2011.0,1600.0,80.0,82.5,5345.62,121.3,40.464092,-88.033791
3038859,IL,Iroquois County,Pioneer Trail,2011.0,1600.0,80.0,82.5,5345.62,121.3,40.49419,-88.014091
3038844,IL,Iroquois County,Pioneer Trail,2011.0,1600.0,80.0,82.5,5345.62,121.3,40.490593,-88.035492
3038861,IL,Iroquois County,Pioneer Trail,2011.0,1600.0,80.0,82.5,5345.62,121.3,40.500893,-88.015793
3038790,IL,Ford County,Pioneer Trail,2011.0,1600.0,80.0,82.5,5345.62,121.3,40.453091,-87.974792
3038854,IL,Ford County,Pioneer Trail,2011.0,1600.0,80.0,82.5,5345.62,121.3,40.45359,-88.019493
3038803,IL,Ford County,Pioneer Trail,2011.0,1600.0,80.0,82.5,5345.62,121.3,40.482094,-88.033997
3038793,IL,Ford County,Pioneer Trail,2011.0,1600.0,80.0,82.5,5345.62,121.3,40.447193,-87.940994
3038882,IL,Ford County,Pioneer Trail,2011.0,1600.0,80.0,82.5,5345.62,121.3,40.452991,-87.999893
3038850,IL,Ford County,Pioneer Trail,2011.0,1600.0,80.0,82.5,5345.62,121.3,40.465393,-88.028091
3038863,IL,Iroquois County,Pioneer Trail,2011.0,1600.0,80.0,82.5,5345.62,121.3,40.49139,-87.999191
3038878,IL,Ford County,Pioneer Trail,2011.0,1600.0,80.0,82.5,5345.62,121.3,40.439091,-87.984695
3038820,IL,Ford County,Pioneer Trail,2011.0,1600.0,80.0,82.5,5345.62,121.3,40.448891,-88.037796
3038794,IL,Ford County,Pioneer Trail,2011.0,1600.0,80.0,82.5,5345.62,121.3,40.452991,-87.955391
3038865,IL,Ford County,Pioneer Trail,2011.0,1600.0,80.0,82.5,5345.62,121.3,40.481194,-87.974693
3038879,IL,Ford County,Pioneer Trail,2011.0,1600.0,80.0,82.5,5345.62,121.3,40.43729,-87.975395
3038815,IL,Ford County,Pioneer Trail,2011.0,1600.0,80.0,82.5,5345.62,121.3,40.475094,-88.044891
3038817,IL,Ford County,Pioneer Trail,2011.0,1600.0,80.0,82.5,5345.62,121.3,40.454391,-88.014793
3038821,IL,Ford County,Pioneer Trail,2011.0,1600.0,80.0,82.5,5345.62,121.3,40.455391,-88.038895
3038834,IL,Iroquois County,Pioneer Trail,2011.0,1600.0,80.0,82.5,5345.62,121.3,40.490494,-88.071396
3038886,IL,Ford County,Pioneer Trail,2011.0,1600.0,80.0,82.5,5345.62,121.3,40.470592,-88.013695
3038833,IL,Iroquois County,Pioneer Trail,2011.0,1600.0,80.0,82.5,5345.62,121.3,40.489491,-88.077492
3037383,IL,Ford County,Pioneer Trail,2011.0,1600.0,80.0,82.5,5345.62,121.3,40.450092,-88.009491
3038864,IL,Ford County,Pioneer Trail,2011.0,1600.0,80.0,82.5,5345.62,121.3,40.481091,-87.981194
3038825,IL,Ford County,Pioneer Trail,2011.0,1600.0,80.0,82.5,5345.62,121.3,40.475094,-87.999191
3038805,IL,Ford County,Pioneer Trail,2011.0,1600.0,80.0,82.5,5345.62,121.3,40.448391,-88.05619
3038875,IL,Ford County,Pioneer Trail,2011.0,1600.0,80.0,82.5,5345.62,121.3,40.449192,-87.935593
3038806,IL,Ford County,Pioneer Trail,2011.0,1600.0,80.0,82.5,5345.62,121.3,40.465191,-88.045998
3038843,IL,Iroquois County,Pioneer Trail,2011.0,1600.0,80.0,82.5,5345.62,121.3,40.492393,-88.030495
3038869,IL,Ford County,Pioneer Trail,2011.0,1600.0,80.0,82.5,5345.62,121.3,40.426693,-87.947693
3071234,IL,Menard County,Porta High School,2009.0,600.0,50.0,47.0,1734.94,73.5,40.016724,-89.863617
3137995,IL,Piatt County,Prosperity Wind (Goose Creek),2025.0,6000.0,105.0,162.0,20611.99,186.0,40.147644,-88.647171
3137973,IL,Piatt County,Prosperity Wind (Goose Creek),2025.0,6000.0,105.0,162.0,20611.99,186.0,40.139652,-88.627098
3139625,IL,Piatt County,Prosperity Wind (Goose Creek),2025.0,6000.0,105.0,162.0,20611.99,186.0,40.165993,-88.598389
3137869,IL,Piatt County,Prosperity Wind (Goose Creek),2025.0,6000.0,105.0,162.0,20611.99,186.0,40.271236,-88.529236
3138834,IL,Piatt County,Prosperity Wind (Goose Creek),2025.0,6000.0,105.0,162.0,20611.99,186.0,40.255394,-88.464539
3138041,IL,Piatt County,Prosperity Wind (Goose Creek),2025.0,6000.0,105.0,162.0,20611.99,186.0,40.138245,-88.653397
3139332,IL,Piatt County,Prosperity Wind (Goose Creek),2025.0,6000.0,105.0,162.0,20611.99,186.0,40.205147,-88.604424
3138216,IL,Piatt County,Prosperity Wind (Goose Creek),2025.0,6000.0,105.0,162.0,20611.99,186.0,40.263859,-88.464539
3137872,IL,Piatt County,Prosperity Wind (Goose Creek),2025.0,6000.0,105.0,162.0,20611.99,186.0,40.129124,-88.617966
3137894,IL,Piatt County,Prosperity Wind (Goose Creek),2025.0,6000.0,105.0,162.0,20611.99,186.0,40.146854,-88.619652
3138666,IL,Piatt County,Prosperity Wind (Goose Creek),2025.0,6000.0,105.0,162.0,20611.99,186.0,40.159328,-88.582314
3137885,IL,Piatt County,Prosperity Wind (Goose Creek),2025.0,6000.0,105.0,162.0,20611.99,186.0,40.108013,-88.589989
3137895,IL,Piatt County,Prosperity Wind (Goose Creek),2025.0,6000.0,105.0,162.0,20611.99,186.0,40.15176,-88.60421
3138136,IL,Piatt County,Prosperity Wind (Goose Creek),2025.0,6000.0,105.0,162.0,20611.99,186.0,40.242199,-88.492928
3138155,IL,Piatt County,Prosperity Wind (Goose Creek),2025.0,6000.0,105.0,162.0,20611.99,186.0,40.246002,-88.569481
3138783,IL,Piatt County,Prosperity Wind (Goose Creek),2025.0,6000.0,105.0,162.0,20611.99,186.0,40.202751,-88.577751
3138437,IL,Piatt County,Prosperity Wind (Goose Creek),2025.0,6000.0,105.0,162.0,20611.99,186.0,40.18391,-88.563904
3137990,IL,Piatt County,Prosperity Wind (Goose Creek),2025.0,6000.0,105.0,162.0,20611.99,186.0,40.261791,-88.580574
3138138,IL,Piatt County,Prosperity Wind (Goose Creek),2025.0,6000.0,105.0,162.0,20611.99,186.0,40.215252,-88.577797
3139473,IL,Piatt County,Prosperity Wind (Goose Creek),2025.0,6000.0,105.0,162.0,20611.99,186.0,40.189552,-88.64064
3138124,IL,Piatt County,Prosperity Wind (Goose Creek),2025.0,6000.0,105.0,162.0,20611.99,186.0,40.131081,-88.606667
3138153,IL,Piatt County,Prosperity Wind (Goose Creek),2025.0,6000.0,105.0,162.0,20611.99,186.0,40.263729,-88.476784
3137855,IL,Piatt County,Prosperity Wind (Goose Creek),2025.0,6000.0,105.0,162.0,20611.99,186.0,40.222034,-88.587708
3138117,IL,Piatt County,Prosperity Wind (Goose Creek),2025.0,6000.0,105.0,162.0,20611.99,186.0,40.139549,-88.614922
3138137,IL,Piatt County,Prosperity Wind (Goose Creek),2025.0,6000.0,105.0,162.0,20611.99,186.0,40.117214,-88.598534
3138007,IL,Piatt County,Prosperity Wind (Goose Creek),2025.0,6000.0,105.0,162.0,20611.99,186.0,40.154411,-88.662994
3137911,IL,Piatt County,Prosperity Wind (Goose Creek),2025.0,6000.0,105.0,162.0,20611.99,186.0,40.2411,-88.483803
3138434,IL,Piatt County,Prosperity Wind (Goose Creek),2025.0,6000.0,105.0,162.0,20611.99,186.0,40.19648,-88.586945
3139381,IL,Piatt County,Prosperity Wind (Goose Creek),2025.0,6000.0,105.0,162.0,20611.99,186.0,40.195084,-88.621269
3138076,IL,Piatt County,Prosperity Wind (Goose Creek),2025.0,6000.0,105.0,162.0,20611.99,186.0,40.218861,-88.607697
3138019,IL,Piatt County,Prosperity Wind (Goose Creek),2025.0,6000.0,105.0,162.0,20611.99,186.0,40.095036,-88.603622
3139127,IL,Piatt County,Prosperity Wind (Goose Creek),2025.0,6000.0,105.0,162.0,20611.99,186.0,40.182457,-88.569984
3139412,IL,Piatt County,Prosperity Wind (Goose Creek),2025.0,6000.0,105.0,162.0,20611.99,186.0,40.188335,-88.598351
3138005,IL,Piatt County,Prosperity Wind (Goose Creek),2025.0,6000.0,105.0,162.0,20611.99,186.0,40.109547,-88.625153
3138034,IL,Piatt County,Prosperity Wind (Goose Creek),2025.0,6000.0,105.0,162.0,20611.99,186.0,40.255241,-88.530457
3138022,IL,Piatt County,Prosperity Wind (Goose Creek),2025.0,6000.0,105.0,162.0,20611.99,186.0,40.176174,-88.654823
3137952,IL,Piatt County,Prosperity Wind (Goose Creek),2025.0,6000.0,105.0,162.0,20611.99,186.0,40.122158,-88.599518
3138085,IL,Piatt County,Prosperity Wind (Goose Creek),2025.0,6000.0,105.0,162.0,20611.99,186.0,40.261253,-88.487343
3137978,IL,Piatt County,Prosperity Wind (Goose Creek),2025.0,6000.0,105.0,162.0,20611.99,186.0,40.162659,-88.634262
3137936,IL,Piatt County,Prosperity Wind (Goose Creek),2025.0,6000.0,105.0,162.0,20611.99,186.0,40.237137,-88.572121
3138064,IL,Piatt County,Prosperity Wind (Goose Creek),2025.0,6000.0,105.0,162.0,20611.99,186.0,40.132248,-88.587471
3138058,IL,Piatt County,Prosperity Wind (Goose Creek),2025.0,6000.0,105.0,162.0,20611.99,186.0,40.225727,-88.579483
3137974,IL,Piatt County,Prosperity Wind (Goose Creek),2025.0,6000.0,105.0,162.0,20611.99,186.0,40.146172,-88.626518
3139274,IL,Piatt County,Prosperity Wind (Goose Creek),2025.0,6000.0,105.0,162.0,20611.99,186.0,40.180599,-88.598808
3138260,IL,Piatt County,Prosperity Wind (Goose Creek),2025.0,6000.0,105.0,162.0,20611.99,186.0,40.270859,-88.5214
3137878,IL,Piatt County,Prosperity Wind (Goose Creek),2025.0,6000.0,105.0,162.0,20611.99,186.0,40.260593,-88.543793
3138572,IL,Piatt County,Prosperity Wind (Goose Creek),2025.0,6000.0,105.0,162.0,20611.99,186.0,40.20845,-88.577682
3138068,IL,Piatt County,Prosperity Wind (Goose Creek),2025.0,6000.0,105.0,162.0,20611.99,186.0,40.135197,-88.620323
3137959,IL,Piatt County,Prosperity Wind (Goose Creek),2025.0,6000.0,105.0,162.0,20611.99,186.0,40.21003,-88.589226
3137848,IL,Piatt County,Prosperity Wind (Goose Creek),2025.0,6000.0,105.0,162.0,20611.99,186.0,40.175213,-88.644768
3130296,IL,Bureau County,Providence Heights,2008.0,2000.0,80.0,87.0,5944.68,123.4,41.219299,-89.553009
3129195,IL,Bureau County,Providence Heights,2008.0,2000.0,80.0,87.0,5944.68,123.4,41.295525,-89.599228
3129932,IL,Bureau County,Providence Heights,2008.0,2000.0,80.0,87.0,5944.68,123.4,41.194363,-89.588684
3130124,IL,Bureau County,Providence Heights,2008.0,2000.0,80.0,87.0,5944.68,123.4,41.188461,-89.614517
3129818,IL,Bureau County,Providence Heights,2008.0,2000.0,80.0,87.0,5944.68,123.4,41.294575,-89.606285
3129928,IL,Bureau County,Providence Heights,2008.0,2000.0,80.0,87.0,5944.68,123.4,41.212193,-89.550339
3129570,IL,Bureau County,Providence Heights,2008.0,2000.0,80.0,87.0,5944.68,123.4,41.18964,-89.593552
3129442,IL,Bureau County,Providence Heights,2008.0,2000.0,80.0,87.0,5944.68,123.4,41.25333,-89.594933
3070413,IL,Bureau County,Providence Heights,2008.0,2000.0,80.0,87.0,5944.68,123.4,41.288895,-89.596771
3129415,IL,Bureau County,Providence Heights,2008.0,2000.0,80.0,87.0,5944.68,123.4,41.198185,-89.569107
3129501,IL,Bureau County,Providence Heights,2008.0,2000.0,80.0,87.0,5944.68,123.4,41.27256,-89.594627
3129277,IL,Bureau County,Providence Heights,2008.0,2000.0,80.0,87.0,5944.68,123.4,41.190712,-89.589256
3129183,IL,Bureau County,Providence Heights,2008.0,2000.0,80.0,87.0,5944.68,123.4,41.290638,-89.600487
3129389,IL,Bureau County,Providence Heights,2008.0,2000.0,80.0,87.0,5944.68,123.4,41.287296,-89.605324
3129237,IL,Bureau County,Providence Heights,2008.0,2000.0,80.0,87.0,5944.68,123.4,41.190338,-89.56852
3128933,IL,Bureau County,Providence Heights,2008.0,2000.0,80.0,87.0,5944.68,123.4,41.210133,-89.557022
3129619,IL,Bureau County,Providence Heights,2008.0,2000.0,80.0,87.0,5944.68,123.4,41.280807,-89.600235
3129949,IL,Bureau County,Providence Heights,2008.0,2000.0,80.0,87.0,5944.68,123.4,41.220165,-89.561104
3129624,IL,Bureau County,Providence Heights,2008.0,2000.0,80.0,87.0,5944.68,123.4,41.182625,-89.609932
3129799,IL,Bureau County,Providence Heights,2008.0,2000.0,80.0,87.0,5944.68,123.4,41.216579,-89.567543
3129059,IL,Bureau County,Providence Heights,2008.0,2000.0,80.0,87.0,5944.68,123.4,41.268681,-89.599144
3129924,IL,Bureau County,Providence Heights,2008.0,2000.0,80.0,87.0,5944.68,123.4,41.229454,-89.557266
3129074,IL,Bureau County,Providence Heights,2008.0,2000.0,80.0,87.0,5944.68,123.4,41.205238,-89.561447
3129841,IL,Bureau County,Providence Heights,2008.0,2000.0,80.0,87.0,5944.68,123.4,41.261406,-89.599854
3129587,IL,Bureau County,Providence Heights,2008.0,2000.0,80.0,87.0,5944.68,123.4,41.298161,-89.598549
3129459,IL,Bureau County,Providence Heights,2008.0,2000.0,80.0,87.0,5944.68,123.4,41.187534,-89.619301
3129916,IL,Bureau County,Providence Heights,2008.0,2000.0,80.0,87.0,5944.68,123.4,41.226166,-89.561218
3129269,IL,Bureau County,Providence Heights,2008.0,2000.0,80.0,87.0,5944.68,123.4,41.21373,-89.558578
3129777,IL,Bureau County,Providence Heights,2008.0,2000.0,80.0,87.0,5944.68,123.4,41.264893,-89.599091
3129768,IL,Bureau County,Providence Heights,2008.0,2000.0,80.0,87.0,5944.68,123.4,41.297348,-89.610039
3129880,IL,Bureau County,Providence Heights,2008.0,2000.0,80.0,87.0,5944.68,123.4,41.2034,-89.577065
3129306,IL,Bureau County,Providence Heights,2008.0,2000.0,80.0,87.0,5944.68,123.4,41.186432,-89.574844
3129436,IL,Bureau County,Providence Heights,2008.0,2000.0,80.0,87.0,5944.68,123.4,41.2052,-89.55706
3130139,IL,Bureau County,Providence Heights,2008.0,2000.0,80.0,87.0,5944.68,123.4,41.201164,-89.574745
3129516,IL,Bureau County,Providence Heights,2008.0,2000.0,80.0,87.0,5944.68,123.4,41.180325,-89.617546
3130122,IL,Bureau County,Providence Heights,2008.0,2000.0,80.0,87.0,5944.68,123.4,41.257568,-89.598404
3033447,CO,Pueblo County,Pueblo Towers,2010.0,1800.0,80.0,100.0,7853.98,130.1,38.163395,-104.621391
3075194,IL,Macon County,Radford's Run,2017.0,2200.0,95.0,110.0,9503.32,150.0,39.982758,-89.060242
3075207,IL,Macon County,Radford's Run,2017.0,2200.0,95.0,110.0,9503.32,150.0,39.964375,-89.08004
3075202,IL,Macon County,Radford's Run,2017.0,2200.0,95.0,110.0,9503.32,150.0,40.007568,-89.095718
3077253,IL,Macon County,Radford's Run,2017.0,2200.0,95.0,110.0,9503.32,150.0,40.043564,-89.138206
3077642,IL,Macon County,Radford's Run,2017.0,2200.0,95.0,110.0,9503.32,150.0,40.045723,-88.989708
3067099,IL,Macon County,Radford's Run,2017.0,2200.0,95.0,110.0,9503.32,150.0,40.038521,-88.987602
3065977,IL,Macon County,Radford's Run,2017.0,2200.0,95.0,110.0,9503.32,150.0,39.98996,-89.02478
3065652,IL,Macon County,Radford's Run,2017.0,2200.0,95.0,110.0,9503.32,150.0,39.998791,-88.988739
3066811,IL,Macon County,Radford's Run,2017.0,2200.0,95.0,110.0,9503.32,150.0,40.000778,-89.022705
3067184,IL,Macon County,Radford's Run,2017.0,2200.0,95.0,110.0,9503.32,150.0,39.990479,-89.008392
3076600,IL,Macon County,Radford's Run,2017.0,2200.0,95.0,110.0,9503.32,150.0,40.045429,-89.044594
3077537,IL,Macon County,Radford's Run,2017.0,2200.0,95.0,110.0,9503.32,150.0,40.045471,-89.092636
3066713,IL,Macon County,Radford's Run,2017.0,2200.0,95.0,110.0,9503.32,150.0,39.970779,-89.000908
3066619,IL,Macon County,Radford's Run,2017.0,2200.0,95.0,110.0,9503.32,150.0,39.989849,-89.033157
3066807,IL,Macon County,Radford's Run,2017.0,2200.0,95.0,110.0,9503.32,150.0,40.041004,-88.999245
3075190,IL,Macon County,Radford's Run,2017.0,2200.0,95.0,110.0,9503.32,150.0,40.044468,-89.116493
3065681,IL,Macon County,Radford's Run,2017.0,2200.0,95.0,110.0,9503.32,150.0,39.972557,-88.971703
3077679,IL,Macon County,Radford's Run,2017.0,2200.0,95.0,110.0,9503.32,150.0,40.024403,-89.102219
3075201,IL,Macon County,Radford's Run,2017.0,2200.0,95.0,110.0,9503.32,150.0,40.010456,-89.107559
3076425,IL,Macon County,Radford's Run,2017.0,2200.0,95.0,110.0,9503.32,150.0,39.958324,-89.07708
3075204,IL,Macon County,Radford's Run,2017.0,2200.0,95.0,110.0,9503.32,150.0,39.968235,-89.064751
3076066,IL,Macon County,Radford's Run,2017.0,2200.0,95.0,110.0,9503.32,150.0,39.966202,-89.000076
3066415,IL,Macon County,Radford's Run,2017.0,2200.0,95.0,110.0,9503.32,150.0,39.982029,-88.963448
3066146,IL,Macon County,Radford's Run,2017.0,2200.0,95.0,110.0,9503.32,150.0,40.019768,-89.004929
3066977,IL,Macon County,Radford's Run,2017.0,2200.0,95.0,110.0,9503.32,150.0,39.97403,-89.017502
3066441,IL,Macon County,Radford's Run,2017.0,2200.0,95.0,110.0,9503.32,150.0,39.982792,-89.04097
3066715,IL,Macon County,Radford's Run,2017.0,2200.0,95.0,110.0,9503.32,150.0,39.99057,-88.998947
3076269,IL,Macon County,Radford's Run,2017.0,2200.0,95.0,110.0,9503.32,150.0,40.042656,-88.980362
3077786,IL,Macon County,Radford's Run,2017.0,2200.0,95.0,110.0,9503.32,150.0,40.007881,-89.061501
3076560,IL,Macon County,Radford's Run,2017.0,2200.0,95.0,110.0,9503.32,150.0,39.949154,-89.078445
3066130,IL,Macon County,Radford's Run,2017.0,2200.0,95.0,110.0,9503.32,150.0,40.012627,-89.006516
3076096,IL,Macon County,Radford's Run,2017.0,2200.0,95.0,110.0,9503.32,150.0,40.025074,-89.073669
3076450,IL,Macon County,Radford's Run,2017.0,2200.0,95.0,110.0,9503.32,150.0,39.974564,-88.987595
3077563,IL,Macon County,Radford's Run,2017.0,2200.0,95.0,110.0,9503.32,150.0,40.011158,-89.07917
3064581,IL,Macon County,Radford's Run,2017.0,2200.0,95.0,110.0,9503.32,150.0,40.002972,-88.958618
3077132,IL,Macon County,Radford's Run,2017.0,2200.0,95.0,110.0,9503.32,150.0,40.001202,-89.107132
3075200,IL,Macon County,Radford's Run,2017.0,2200.0,95.0,110.0,9503.32,150.0,39.966541,-89.040993
3066456,IL,Macon County,Radford's Run,2017.0,2200.0,95.0,110.0,9503.32,150.0,39.978096,-89.024498
3076524,IL,Macon County,Radford's Run,2017.0,2200.0,95.0,110.0,9503.32,150.0,39.9524,-89.070297
3078033,IL,Macon County,Radford's Run,2017.0,2200.0,95.0,110.0,9503.32,150.0,40.011257,-89.070343
3065732,IL,Macon County,Radford's Run,2017.0,2200.0,95.0,110.0,9503.32,150.0,39.971161,-89.007851
3076900,IL,Macon County,Radford's Run,2017.0,2200.0,95.0,110.0,9503.32,150.0,40.000614,-88.972809
3075145,IL,Macon County,Radford's Run,2017.0,2200.0,95.0,110.0,9503.32,150.0,39.990723,-88.977432
3077034,IL,Macon County,Radford's Run,2017.0,2200.0,95.0,110.0,9503.32,150.0,40.015175,-89.017509
3077765,IL,Macon County,Radford's Run,2017.0,2200.0,95.0,110.0,9503.32,150.0,39.959045,-89.026596
3066974,IL,Macon County,Radford's Run,2017.0,2200.0,95.0,110.0,9503.32,150.0,39.985134,-89.019836
3075197,IL,Macon County,Radford's Run,2017.0,2200.0,95.0,110.0,9503.32,150.0,39.982456,-89.050125
3076057,IL,Macon County,Radford's Run,2017.0,2200.0,95.0,110.0,9503.32,150.0,39.996948,-89.058769
3075206,IL,Macon County,Radford's Run,2017.0,2200.0,95.0,110.0,9503.32,150.0,40.01577,-89.06459
3075199,IL,Macon County,Radford's Run,2017.0,2200.0,95.0,110.0,9503.32,150.0,40.014275,-89.099426
3076433,IL,Macon County,Radford's Run,2017.0,2200.0,95.0,110.0,9503.32,150.0,39.945457,-89.084145
3066808,IL,Macon County,Radford's Run,2017.0,2200.0,95.0,110.0,9503.32,150.0,39.984032,-89.036064
3066964,IL,Macon County,Radford's Run,2017.0,2200.0,95.0,110.0,9503.32,150.0,40.031898,-89.01049
3066929,IL,Macon County,Radford's Run,2017.0,2200.0,95.0,110.0,9503.32,150.0,39.996086,-89.032265
3067088,IL,Macon County,Radford's Run,2017.0,2200.0,95.0,110.0,9503.32,150.0,39.989868,-89.040131
3064582,IL,Macon County,Radford's Run,2017.0,2200.0,95.0,110.0,9503.32,150.0,40.000744,-88.967163
3075177,IL,Macon County,Radford's Run,2017.0,2200.0,95.0,110.0,9503.32,150.0,40.000698,-89.015984
3078093,IL,Macon County,Radford's Run,2017.0,2200.0,95.0,110.0,9503.32,150.0,39.993824,-89.072952
3066979,IL,Macon County,Radford's Run,2017.0,2200.0,95.0,110.0,9503.32,150.0,39.968849,-88.995728
3075196,IL,Macon County,Radford's Run,2017.0,2200.0,95.0,110.0,9503.32,150.0,40.023411,-89.112106
3075198,IL,Macon County,Radford's Run,2017.0,2200.0,95.0,110.0,9503.32,150.0,39.976265,-89.056885
3065670,IL,Macon County,Radford's Run,2017.0,2200.0,95.0,110.0,9503.32,150.0,40.026985,-89.007774
3075195,IL,Macon County,Radford's Run,2017.0,2200.0,95.0,110.0,9503.32,150.0,40.025452,-88.999702
3076094,IL,Macon County,Radford's Run,2017.0,2200.0,95.0,110.0,9503.32,150.0,40.033215,-89.064217
3066775,IL,Macon County,Radford's Run,2017.0,2200.0,95.0,110.0,9503.32,150.0,40.022831,-89.025749
3066869,IL,Macon County,Radford's Run,2017.0,2200.0,95.0,110.0,9503.32,150.0,39.980995,-88.97084
3077885,IL,Macon County,Radford's Run,2017.0,2200.0,95.0,110.0,9503.32,150.0,40.048443,-89.026031
3066967,IL,Macon County,Radford's Run,2017.0,2200.0,95.0,110.0,9503.32,150.0,40.003094,-89.002823
3067140,IL,Macon County,Radford's Run,2017.0,2200.0,95.0,110.0,9503.32,150.0,39.982311,-89.004387
3077216,IL,Macon County,Radford's Run,2017.0,2200.0,95.0,110.0,9503.32,150.0,39.998566,-89.096519
3076862,IL,Macon County,Radford's Run,2017.0,2200.0,95.0,110.0,9503.32,150.0,40.048965,-88.996277
3066159,IL,Macon County,Radford's Run,2017.0,2200.0,95.0,110.0,9503.32,150.0,39.980762,-89.014641
3076958,IL,Macon County,Radford's Run,2017.0,2200.0,95.0,110.0,9503.32,150.0,40.000923,-89.091278
3066965,IL,Macon County,Radford's Run,2017.0,2200.0,95.0,110.0,9503.32,150.0,40.023914,-89.015327
3077316,IL,Macon County,Radford's Run,2017.0,2200.0,95.0,110.0,9503.32,150.0,40.031105,-89.052483
3064579,IL,Macon County,Radford's Run,2017.0,2200.0,95.0,110.0,9503.32,150.0,40.050091,-88.970543
3075192,IL,Macon County,Radford's Run,2017.0,2200.0,95.0,110.0,9503.32,150.0,40.030262,-89.107101
3066139,IL,Macon County,Radford's Run,2017.0,2200.0,95.0,110.0,9503.32,150.0,40.030602,-88.99128
3076872,IL,Macon County,Radford's Run,2017.0,2200.0,95.0,110.0,9503.32,150.0,39.956367,-89.088791
3076237,IL,Macon County,Radford's Run,2017.0,2200.0,95.0,110.0,9503.32,150.0,40.041039,-89.035393
3066194,IL,Macon County,Radford's Run,2017.0,2200.0,95.0,110.0,9503.32,150.0,39.96479,-89.005035
3076026,IL,Macon County,Radford's Run,2017.0,2200.0,95.0,110.0,9503.32,150.0,40.037483,-89.057793
3066382,IL,Macon County,Radford's Run,2017.0,2200.0,95.0,110.0,9503.32,150.0,40.016106,-88.986557
3066055,IL,Macon County,Radford's Run,2017.0,2200.0,95.0,110.0,9503.32,150.0,40.031025,-88.998886
3077795,IL,Macon County,Radford's Run,2017.0,2200.0,95.0,110.0,9503.32,150.0,39.974792,-89.071831
3066781,IL,Macon County,Radford's Run,2017.0,2200.0,95.0,110.0,9503.32,150.0,40.023998,-88.971306
3064580,IL,Macon County,Radford's Run,2017.0,2200.0,95.0,110.0,9503.32,150.0,40.049858,-88.978455
3076372,IL,Macon County,Radford's Run,2017.0,2200.0,95.0,110.0,9503.32,150.0,39.976521,-88.978432
3066302,IL,Macon County,Radford's Run,2017.0,2200.0,95.0,110.0,9503.32,150.0,40.013245,-88.998955
3076796,IL,Macon County,Radford's Run,2017.0,2200.0,95.0,110.0,9503.32,150.0,40.007893,-89.054543
3076389,IL,Macon County,Radford's Run,2017.0,2200.0,95.0,110.0,9503.32,150.0,40.039898,-89.050674
3065724,IL,Macon County,Radford's Run,2017.0,2200.0,95.0,110.0,9503.32,150.0,39.998257,-88.996017
3066295,IL,Macon County,Radford's Run,2017.0,2200.0,95.0,110.0,9503.32,150.0,39.973701,-88.964417
3077291,IL,Macon County,Radford's Run,2017.0,2200.0,95.0,110.0,9503.32,150.0,40.017143,-89.090782
3065691,IL,Macon County,Radford's Run,2017.0,2200.0,95.0,110.0,9503.32,150.0,40.034416,-88.971008
3067269,IL,Macon County,Radford's Run,2017.0,2200.0,95.0,110.0,9503.32,150.0,39.999294,-89.007423
3078101,IL,Macon County,Radford's Run,2017.0,2200.0,95.0,110.0,9503.32,150.0,39.944752,-89.050316
3066976,IL,Macon County,Radford's Run,2017.0,2200.0,95.0,110.0,9503.32,150.0,39.987045,-88.986443
3066408,IL,Macon County,Radford's Run,2017.0,2200.0,95.0,110.0,9503.32,150.0,40.031704,-89.017944
3076143,IL,Macon County,Radford's Run,2017.0,2200.0,95.0,110.0,9503.32,150.0,39.997562,-89.081589
3066446,IL,Macon County,Radford's Run,2017.0,2200.0,95.0,110.0,9503.32,150.0,39.980293,-88.990723
3075193,IL,Macon County,Radford's Run,2017.0,2200.0,95.0,110.0,9503.32,150.0,40.03632,-89.11657
3065597,IL,Macon County,Radford's Run,2017.0,2200.0,95.0,110.0,9503.32,150.0,40.017387,-89.036263
3075191,IL,Macon County,Radford's Run,2017.0,2200.0,95.0,110.0,9503.32,150.0,39.993172,-89.052513
3078088,IL,Macon County,Radford's Run,2017.0,2200.0,95.0,110.0,9503.32,150.0,40.048347,-89.032021
3083414,IL,Macon County,Radford's Run,2017.0,2200.0,95.0,110.0,9503.32,150.0,40.011288,-89.087753
3066467,IL,Macon County,Radford's Run,2017.0,2200.0,95.0,110.0,9503.32,150.0,40.011818,-89.031738
3065541,IL,Macon County,Radford's Run,2017.0,2200.0,95.0,110.0,9503.32,150.0,40.000759,-89.04071
3075168,IL,Macon County,Radford's Run,2017.0,2200.0,95.0,110.0,9503.32,150.0,40.003349,-88.988617
3077325,IL,Macon County,Radford's Run,2017.0,2200.0,95.0,110.0,9503.32,150.0,40.000668,-89.119019
3076414,IL,Macon County,Radford's Run,2017.0,2200.0,95.0,110.0,9503.32,150.0,39.981468,-89.00959
3076049,IL,Macon County,Radford's Run,2017.0,2200.0,95.0,110.0,9503.32,150.0,39.959339,-89.069031
3075945,IL,Macon County,Radford's Run,2017.0,2200.0,95.0,110.0,9503.32,150.0,40.045479,-89.064659
3077408,IL,Macon County,Radford's Run,2017.0,2200.0,95.0,110.0,9503.32,150.0,39.966526,-89.098244
3075205,IL,Macon County,Radford's Run,2017.0,2200.0,95.0,110.0,9503.32,150.0,39.98045,-89.079056
3064584,IL,Macon County,Radford's Run,2017.0,2200.0,95.0,110.0,9503.32,150.0,39.986431,-88.970642
3077276,IL,Macon County,Radford's Run,2017.0,2200.0,95.0,110.0,9503.32,150.0,40.042992,-89.078903
3077228,IL,Macon County,Radford's Run,2017.0,2200.0,95.0,110.0,9503.32,150.0,39.949585,-89.063194
3077546,IL,Macon County,Radford's Run,2017.0,2200.0,95.0,110.0,9503.32,150.0,39.958649,-89.060013
3076983,IL,Macon County,Radford's Run,2017.0,2200.0,95.0,110.0,9503.32,150.0,40.02528,-89.093956
3075179,IL,Macon County,Radford's Run,2017.0,2200.0,95.0,110.0,9503.32,150.0,39.990425,-89.0159
3076286,IL,Macon County,Radford's Run,2017.0,2200.0,95.0,110.0,9503.32,150.0,39.951832,-89.055046
3076229,IL,Macon County,Radford's Run,2017.0,2200.0,95.0,110.0,9503.32,150.0,39.953953,-89.084015
3066118,IL,Macon County,Radford's Run,2017.0,2200.0,95.0,110.0,9503.32,150.0,39.969204,-88.981956
3078092,IL,Macon County,Radford's Run,2017.0,2200.0,95.0,110.0,9503.32,150.0,39.992599,-89.099342
3076767,IL,Macon County,Radford's Run,2017.0,2200.0,95.0,110.0,9503.32,150.0,39.943066,-89.067825
3078100,IL,Macon County,Radford's Run,2017.0,2200.0,95.0,110.0,9503.32,150.0,39.959721,-89.050621
3066461,IL,Macon County,Radford's Run,2017.0,2200.0,95.0,110.0,9503.32,150.0,40.001583,-89.03524
3065876,IL,Macon County,Radford's Run,2017.0,2200.0,95.0,110.0,9503.32,150.0,39.951698,-89.023201
3065726,IL,Macon County,Radford's Run,2017.0,2200.0,95.0,110.0,9503.32,150.0,40.032848,-88.984253
3076252,IL,Macon County,Radford's Run,2017.0,2200.0,95.0,110.0,9503.32,150.0,40.033653,-89.043617
3066963,IL,Macon County,Radford's Run,2017.0,2200.0,95.0,110.0,9503.32,150.0,40.01759,-88.964592
3076586,IL,Macon County,Radford's Run,2017.0,2200.0,95.0,110.0,9503.32,150.0,39.996723,-89.069023
3076962,IL,Macon County,Radford's Run,2017.0,2200.0,95.0,110.0,9503.32,150.0,39.971821,-89.10289
3076479,IL,Macon County,Radford's Run,2017.0,2200.0,95.0,110.0,9503.32,150.0,39.982037,-89.093414
3065606,IL,Macon County,Radford's Run,2017.0,2200.0,95.0,110.0,9503.32,150.0,39.9809,-88.996414
3076033,IL,Macon County,Radford's Run,2017.0,2200.0,95.0,110.0,9503.32,150.0,39.970905,-89.091492
3076992,IL,Macon County,Radford's Run,2017.0,2200.0,95.0,110.0,9503.32,150.0,40.046051,-89.072975
3077771,IL,Macon County,Radford's Run,2017.0,2200.0,95.0,110.0,9503.32,150.0,40.03006,-89.058807
3026089,IL,Tazewell County,Rail Splitter,2009.0,1500.0,80.0,77.0,4656.63,118.6,40.357292,-89.442093
3026123,IL,Logan County,Rail Splitter,2009.0,1500.0,80.0,77.0,4656.63,118.6,40.295094,-89.427292
3026092,IL,Logan County,Rail Splitter,2009.0,1500.0,80.0,77.0,4656.63,118.6,40.305492,-89.417091
3026119,IL,Logan County,Rail Splitter,2009.0,1500.0,80.0,77.0,4656.63,118.6,40.302494,-89.405693
3026176,IL,Logan County,Rail Splitter,2009.0,1500.0,80.0,77.0,4656.63,118.6,40.315193,-89.383293
3026097,IL,Tazewell County,Rail Splitter,2009.0,1500.0,80.0,77.0,4656.63,118.6,40.344193,-89.408394
3026181,IL,Logan County,Rail Splitter,2009.0,1500.0,80.0,77.0,4656.63,118.6,40.299194,-89.417297
3026127,IL,Logan County,Rail Splitter,2009.0,1500.0,80.0,77.0,4656.63,118.6,40.289494,-89.428291
3027564,IL,Logan County,Rail Splitter,2009.0,1500.0,80.0,77.0,4656.63,118.6,40.292091,-89.421196
3026175,IL,Logan County,Rail Splitter,2009.0,1500.0,80.0,77.0,4656.63,118.6,40.315193,-89.393394
3026122,IL,Logan County,Rail Splitter,2009.0,1500.0,80.0,77.0,4656.63,118.6,40.300694,-89.408791
3026121,IL,Logan County,Rail Splitter,2009.0,1500.0,80.0,77.0,4656.63,118.6,40.303795,-89.40229
3026106,IL,Logan County,Rail Splitter,2009.0,1500.0,80.0,77.0,4656.63,118.6,40.314995,-89.399796
3026169,IL,Tazewell County,Rail Splitter,2009.0,1500.0,80.0,77.0,4656.63,118.6,40.336994,-89.389091
3026086,IL,Tazewell County,Rail Splitter,2009.0,1500.0,80.0,77.0,4656.63,118.6,40.376595,-89.426193
3026148,IL,Tazewell County,Rail Splitter,2009.0,1500.0,80.0,77.0,4656.63,118.6,40.386192,-89.479797
3026161,IL,Tazewell County,Rail Splitter,2009.0,1500.0,80.0,77.0,4656.63,118.6,40.358192,-89.433594
3026099,IL,Tazewell County,Rail Splitter,2009.0,1500.0,80.0,77.0,4656.63,118.6,40.332592,-89.404396
3026163,IL,Tazewell County,Rail Splitter,2009.0,1500.0,80.0,77.0,4656.63,118.6,40.353992,-89.420097
3026155,IL,Tazewell County,Rail Splitter,2009.0,1500.0,80.0,77.0,4656.63,118.6,40.372494,-89.44239
3026151,IL,Tazewell County,Rail Splitter,2009.0,1500.0,80.0,77.0,4656.63,118.6,40.372692,-89.476494
3026159,IL,Tazewell County,Rail Splitter,2009.0,1500.0,80.0,77.0,4656.63,118.6,40.373894,-89.428192
3026172,IL,Tazewell County,Rail Splitter,2009.0,1500.0,80.0,77.0,4656.63,118.6,40.336792,-89.404396
3026084,IL,Tazewell County,Rail Splitter,2009.0,1500.0,80.0,77.0,4656.63,118.6,40.375591,-89.433693
3026095,IL,Tazewell County,Rail Splitter,2009.0,1500.0,80.0,77.0,4656.63,118.6,40.342594,-89.413895
3026147,IL,Tazewell County,Rail Splitter,2009.0,1500.0,80.0,77.0,4656.63,118.6,40.384792,-89.476196
3026167,IL,Tazewell County,Rail Splitter,2009.0,1500.0,80.0,77.0,4656.63,118.6,40.348194,-89.408691
3026154,IL,Tazewell County,Rail Splitter,2009.0,1500.0,80.0,77.0,4656.63,118.6,40.369793,-89.443398
3026196,IL,Tazewell County,Rail Splitter,2009.0,1500.0,80.0,77.0,4656.63,118.6,40.361591,-89.409195
3026166,IL,Tazewell County,Rail Splitter,2009.0,1500.0,80.0,77.0,4656.63,118.6,40.346794,-89.412895
3026149,IL,Tazewell County,Rail Splitter,2009.0,1500.0,80.0,77.0,4656.63,118.6,40.373592,-89.481194
3026117,IL,Logan County,Rail Splitter,2009.0,1500.0,80.0,77.0,4656.63,118.6,40.298393,-89.383392
3026087,IL,Tazewell County,Rail Splitter,2009.0,1500.0,80.0,77.0,4656.63,118.6,40.362892,-89.428894
3026105,IL,Logan County,Rail Splitter,2009.0,1500.0,80.0,77.0,4656.63,118.6,40.314892,-89.404694
3026162,IL,Tazewell County,Rail Splitter,2009.0,1500.0,80.0,77.0,4656.63,118.6,40.357594,-89.423592
3026171,IL,Tazewell County,Rail Splitter,2009.0,1500.0,80.0,77.0,4656.63,118.6,40.325794,-89.393593
3026107,IL,Logan County,Rail Splitter,2009.0,1500.0,80.0,77.0,4656.63,118.6,40.320293,-89.39389
3026168,IL,Tazewell County,Rail Splitter,2009.0,1500.0,80.0,77.0,4656.63,118.6,40.334091,-89.388992
3026153,IL,Tazewell County,Rail Splitter,2009.0,1500.0,80.0,77.0,4656.63,118.6,40.375591,-89.471191
3026101,IL,Tazewell County,Rail Splitter,2009.0,1500.0,80.0,77.0,4656.63,118.6,40.325191,-89.404694
3026152,IL,Tazewell County,Rail Splitter,2009.0,1500.0,80.0,77.0,4656.63,118.6,40.374794,-89.467094
3074412,IL,Tazewell County,Rail Splitter,2009.0,1500.0,80.0,77.0,4656.63,118.6,40.355049,-89.406273
3026098,IL,Tazewell County,Rail Splitter,2009.0,1500.0,80.0,77.0,4656.63,118.6,40.344193,-89.402596
3026157,IL,Logan County,Rail Splitter,2009.0,1500.0,80.0,77.0,4656.63,118.6,40.297295,-89.391792
3026158,IL,Logan County,Rail Splitter,2009.0,1500.0,80.0,77.0,4656.63,118.6,40.289093,-89.402893
3026156,IL,Tazewell County,Rail Splitter,2009.0,1500.0,80.0,77.0,4656.63,118.6,40.351093,-89.442894
3026108,IL,Logan County,Rail Splitter,2009.0,1500.0,80.0,77.0,4656.63,118.6,40.318794,-89.379196
3026133,IL,Logan County,Rail Splitter,2009.0,1500.0,80.0,77.0,4656.63,118.6,40.291695,-89.406792
3026178,IL,Logan County,Rail Splitter,2009.0,1500.0,80.0,77.0,4656.63,118.6,40.295895,-89.369293
3026100,IL,Tazewell County,Rail Splitter,2009.0,1500.0,80.0,77.0,4656.63,118.6,40.329391,-89.409096
3026091,IL,Logan County,Rail Splitter,2009.0,1500.0,80.0,77.0,4656.63,118.6,40.293392,-89.370995
3026111,IL,Logan County,Rail Splitter,2009.0,1500.0,80.0,77.0,4656.63,118.6,40.303066,-89.388092
3026085,IL,Tazewell County,Rail Splitter,2009.0,1500.0,80.0,77.0,4656.63,118.6,40.378994,-89.43029
3026150,IL,Tazewell County,Rail Splitter,2009.0,1500.0,80.0,77.0,4656.63,118.6,40.375793,-89.477493
3026160,IL,Tazewell County,Rail Splitter,2009.0,1500.0,80.0,77.0,4656.63,118.6,40.362595,-89.424492
3026165,IL,Tazewell County,Rail Splitter,2009.0,1500.0,80.0,77.0,4656.63,118.6,40.346493,-89.426193
3026128,IL,Logan County,Rail Splitter,2009.0,1500.0,80.0,77.0,4656.63,118.6,40.291492,-89.425293
3026110,IL,Logan County,Rail Splitter,2009.0,1500.0,80.0,77.0,4656.63,118.6,40.304092,-89.393692
3026179,IL,Logan County,Rail Splitter,2009.0,1500.0,80.0,77.0,4656.63,118.6,40.303493,-89.379097
3026177,IL,Logan County,Rail Splitter,2009.0,1500.0,80.0,77.0,4656.63,118.6,40.315292,-89.378998
3026170,IL,Tazewell County,Rail Splitter,2009.0,1500.0,80.0,77.0,4656.63,118.6,40.351093,-89.406197
3026182,IL,Logan County,Rail Splitter,2009.0,1500.0,80.0,77.0,4656.63,118.6,40.290592,-89.410194
3026173,IL,Tazewell County,Rail Splitter,2009.0,1500.0,80.0,77.0,4656.63,118.6,40.325294,-89.400391
3026164,IL,Tazewell County,Rail Splitter,2009.0,1500.0,80.0,77.0,4656.63,118.6,40.346493,-89.431297
3026118,IL,Logan County,Rail Splitter,2009.0,1500.0,80.0,77.0,4656.63,118.6,40.300255,-89.379524
3026180,IL,Logan County,Rail Splitter,2009.0,1500.0,80.0,77.0,4656.63,118.6,40.297894,-89.425697
3026174,IL,Logan County,Rail Splitter,2009.0,1500.0,80.0,77.0,4656.63,118.6,40.320492,-89.388893
3074414,IL,Macon County,Richland Community College,2009.0,100.0,36.7,20.0,314.16,46.7,39.88662,-88.895363
3111686,NY,Lewis County,Roaring Brook Wind,2021.0,4440.0,107.5,145.0,16513.0,180.1,43.723179,-75.635941
3111456,NY,Lewis County,Roaring Brook Wind,2021.0,2625.0,93.0,114.0,10207.03,150.0,43.691849,-75.605042
3109737,NY,Lewis County,Roaring Brook Wind,2021.0,4440.0,107.5,145.0,16513.0,180.1,43.706276,-75.609123
3108890,NY,Lewis County,Roaring Brook Wind,2021.0,4440.0,107.5,145.0,16513.0,180.1,43.732471,-75.629089
3109539,NY,Lewis County,Roaring Brook Wind,2021.0,4440.0,107.5,145.0,16513.0,180.1,43.700195,-75.591896
3111812,NY,Lewis County,Roaring Brook Wind,2021.0,4440.0,107.5,145.0,16513.0,180.1,43.712112,-75.633148
3106307,NY,Lewis County,Roaring Brook Wind,2021.0,4440.0,107.5,145.0,16513.0,180.1,43.736725,-75.632828
3108498,NY,Lewis County,Roaring Brook Wind,2021.0,4440.0,107.5,145.0,16513.0,180.1,43.689442,-75.622795
3109150,NY,Lewis County,Roaring Brook Wind,2021.0,4440.0,107.5,145.0,16513.0,180.1,43.703922,-75.604233
3112528,NY,Lewis County,Roaring Brook Wind,2021.0,4440.0,107.5,145.0,16513.0,180.1,43.721832,-75.616776
3109490,NY,Lewis County,Roaring Brook Wind,2021.0,4440.0,107.5,145.0,16513.0,180.1,43.707985,-75.629753
3112618,NY,Lewis County,Roaring Brook Wind,2021.0,4440.0,107.5,145.0,16513.0,180.1,43.717274,-75.6091
3108802,NY,Lewis County,Roaring Brook Wind,2021.0,4440.0,107.5,145.0,16513.0,180.1,43.726715,-75.623055
3106457,NY,Lewis County,Roaring Brook Wind,2021.0,4440.0,107.5,145.0,16513.0,180.1,43.681042,-75.606308
3111436,NY,Lewis County,Roaring Brook Wind,2021.0,2625.0,93.0,114.0,10207.03,150.0,43.695759,-75.587471
3108928,NY,Lewis County,Roaring Brook Wind,2021.0,2625.0,93.0,114.0,10207.03,150.0,43.700428,-75.630432
3108831,NY,Lewis County,Roaring Brook Wind,2021.0,2625.0,93.0,114.0,10207.03,150.0,43.694794,-75.62619
3109790,NY,Lewis County,Roaring Brook Wind,2021.0,4440.0,107.5,145.0,16513.0,180.1,43.7136,-75.624046
3111394,NY,Lewis County,Roaring Brook Wind,2021.0,2625.0,93.0,114.0,10207.03,150.0,43.708725,-75.615074
3107953,NY,Lewis County,Roaring Brook Wind,2021.0,4440.0,107.5,145.0,16513.0,180.1,43.68655,-75.60981
3083801,CO,Elbert County,Rush Creek I,2018.0,2000.0,80.0,110.0,9503.32,135.0,39.182838,-103.802437
3084292,CO,Elbert County,Rush Creek I,2018.0,2000.0,80.0,110.0,9503.32,135.0,39.086075,-103.999367
3083821,CO,Elbert County,Rush Creek I,2018.0,2000.0,80.0,110.0,9503.32,135.0,39.121582,-103.761131
3083569,CO,Elbert County,Rush Creek I,2018.0,2000.0,80.0,110.0,9503.32,135.0,39.209507,-103.802605
3083870,CO,Elbert County,Rush Creek I,2018.0,2000.0,80.0,110.0,9503.32,135.0,39.122974,-103.984428
3084155,CO,Elbert County,Rush Creek I,2018.0,2000.0,80.0,110.0,9503.32,135.0,39.046539,-104.029808
3084285,CO,Elbert County,Rush Creek I,2018.0,2000.0,80.0,110.0,9503.32,135.0,39.123936,-103.773972
3084057,CO,Elbert County,Rush Creek I,2018.0,2000.0,80.0,110.0,9503.32,135.0,39.118637,-103.74778
3083513,CO,Elbert County,Rush Creek I,2018.0,2000.0,80.0,110.0,9503.32,135.0,39.079292,-103.985008
3086407,CO,Elbert County,Rush Creek I,2018.0,2000.0,80.0,110.0,9503.32,135.0,39.103436,-104.002785
3083475,CO,Elbert County,Rush Creek I,2018.0,2000.0,80.0,110.0,9503.32,135.0,39.16547,-103.775154
3083796,CO,Elbert County,Rush Creek I,2018.0,2000.0,80.0,110.0,9503.32,135.0,39.097767,-104.040367
3084223,CO,Elbert County,Rush Creek I,2018.0,2000.0,80.0,110.0,9503.32,135.0,39.122021,-103.952133
3083508,CO,Elbert County,Rush Creek I,2018.0,2000.0,80.0,110.0,9503.32,135.0,39.119995,-104.016411
3083522,CO,Elbert County,Rush Creek I,2018.0,2000.0,80.0,110.0,9503.32,135.0,39.212055,-103.851646
3084787,CO,Elbert County,Rush Creek I,2018.0,2000.0,80.0,110.0,9503.32,135.0,39.226624,-103.847771
3086590,CO,Elbert County,Rush Creek I,2018.0,2000.0,80.0,110.0,9503.32,135.0,39.060604,-104.006462
3083540,CO,Elbert County,Rush Creek I,2018.0,2000.0,80.0,110.0,9503.32,135.0,39.187428,-103.77877
3084364,CO,Elbert County,Rush Creek I,2018.0,2000.0,80.0,110.0,9503.32,135.0,39.124634,-103.924332
3083715,CO,Elbert County,Rush Creek I,2018.0,2000.0,80.0,110.0,9503.32,135.0,39.211788,-103.793938
3084045,CO,Elbert County,Rush Creek I,2018.0,2000.0,80.0,110.0,9503.32,135.0,39.076912,-104.028015
3084359,CO,Elbert County,Rush Creek I,2018.0,2000.0,80.0,110.0,9503.32,135.0,39.136692,-103.770584
3086031,CO,Lincoln County,Rush Creek I,2018.0,2000.0,80.0,110.0,9503.32,135.0,39.115528,-103.232559
3083932,CO,Elbert County,Rush Creek I,2018.0,2000.0,80.0,110.0,9503.32,135.0,39.212574,-103.798393
3084122,CO,Elbert County,Rush Creek I,2018.0,2000.0,80.0,110.0,9503.32,135.0,39.188816,-103.836502
3086202,CO,Elbert County,Rush Creek I,2018.0,2000.0,80.0,110.0,9503.32,135.0,39.124683,-103.993568
3083576,CO,Elbert County,Rush Creek I,2018.0,2000.0,80.0,110.0,9503.32,135.0,39.137058,-103.846222
3083795,CO,Elbert County,Rush Creek I,2018.0,2000.0,80.0,110.0,9503.32,135.0,39.180172,-103.858337
3083822,CO,Elbert County,Rush Creek I,2018.0,2000.0,80.0,110.0,9503.32,135.0,39.162819,-103.764839
3086041,CO,Elbert County,Rush Creek I,2018.0,2000.0,80.0,110.0,9503.32,135.0,39.058132,-104.021042
3086502,CO,Elbert County,Rush Creek I,2018.0,2000.0,80.0,110.0,9503.32,135.0,39.120041,-103.969894
3083539,CO,Elbert County,Rush Creek I,2018.0,2000.0,80.0,110.0,9503.32,135.0,39.16235,-103.740723
3084281,CO,Elbert County,Rush Creek I,2018.0,2000.0,80.0,110.0,9503.32,135.0,39.139812,-103.778404
3085067,CO,Elbert County,Rush Creek I,2018.0,2000.0,80.0,110.0,9503.32,135.0,39.183784,-103.84333
3084181,CO,Elbert County,Rush Creek I,2018.0,2000.0,80.0,110.0,9503.32,135.0,39.166172,-103.821014
3084090,CO,Elbert County,Rush Creek I,2018.0,2000.0,80.0,110.0,9503.32,135.0,39.074474,-103.995529
3084241,CO,Elbert County,Rush Creek I,2018.0,2000.0,80.0,110.0,9503.32,135.0,39.121872,-103.938576
3084299,CO,Elbert County,Rush Creek I,2018.0,2000.0,80.0,110.0,9503.32,135.0,39.123058,-103.792847
3084234,CO,Elbert County,Rush Creek I,2018.0,2000.0,80.0,110.0,9503.32,135.0,39.117752,-103.972763
3083599,CO,Elbert County,Rush Creek I,2018.0,2000.0,80.0,110.0,9503.32,135.0,39.179783,-103.805336
3084256,CO,Elbert County,Rush Creek I,2018.0,2000.0,80.0,110.0,9503.32,135.0,39.16061,-103.877045
3084261,CO,Elbert County,Rush Creek I,2018.0,2000.0,80.0,110.0,9503.32,135.0,39.126244,-104.005013
3083837,CO,Elbert County,Rush Creek I,2018.0,2000.0,80.0,110.0,9503.32,135.0,39.167202,-103.780495
3086436,CO,Elbert County,Rush Creek I,2018.0,2000.0,80.0,110.0,9503.32,135.0,39.126266,-103.998283
3083502,CO,Elbert County,Rush Creek I,2018.0,2000.0,80.0,110.0,9503.32,135.0,39.135761,-103.93026
3084313,CO,Elbert County,Rush Creek I,2018.0,2000.0,80.0,110.0,9503.32,135.0,39.102833,-104.027725
3083864,CO,Elbert County,Rush Creek I,2018.0,2000.0,80.0,110.0,9503.32,135.0,39.138824,-103.782578
3083846,CO,Elbert County,Rush Creek I,2018.0,2000.0,80.0,110.0,9503.32,135.0,39.109821,-103.998322
3084362,CO,Elbert County,Rush Creek I,2018.0,2000.0,80.0,110.0,9503.32,135.0,39.168854,-103.786339
3083786,CO,Elbert County,Rush Creek I,2018.0,2000.0,80.0,110.0,9503.32,135.0,39.175201,-103.87999
3086458,CO,Elbert County,Rush Creek I,2018.0,2000.0,80.0,110.0,9503.32,135.0,39.060089,-103.986748
3084104,CO,Elbert County,Rush Creek I,2018.0,2000.0,80.0,110.0,9503.32,135.0,39.201702,-103.8545
3084031,CO,Elbert County,Rush Creek I,2018.0,2000.0,80.0,110.0,9503.32,135.0,39.13435,-103.849396
3084327,CO,Elbert County,Rush Creek I,2018.0,2000.0,80.0,110.0,9503.32,135.0,39.139629,-103.756058
3084305,CO,Elbert County,Rush Creek I,2018.0,2000.0,80.0,110.0,9503.32,135.0,39.154572,-103.862419
3084162,CO,Elbert County,Rush Creek I,2018.0,2000.0,80.0,110.0,9503.32,135.0,39.219822,-103.777313
3086448,CO,Lincoln County,Rush Creek I,2018.0,2000.0,80.0,110.0,9503.32,135.0,39.100819,-103.231216
3083591,CO,Elbert County,Rush Creek I,2018.0,2000.0,80.0,110.0,9503.32,135.0,39.154861,-103.89698
3084794,CO,Elbert County,Rush Creek I,2018.0,2000.0,80.0,110.0,9503.32,135.0,39.13224,-103.8088
3083752,CO,Elbert County,Rush Creek I,2018.0,2000.0,80.0,110.0,9503.32,135.0,39.130329,-103.931419
3084150,CO,Elbert County,Rush Creek I,2018.0,2000.0,80.0,110.0,9503.32,135.0,39.151955,-103.837883
3083811,CO,Elbert County,Rush Creek I,2018.0,2000.0,80.0,110.0,9503.32,135.0,39.12286,-103.944534
3086284,CO,Elbert County,Rush Creek I,2018.0,2000.0,80.0,110.0,9503.32,135.0,39.115372,-104.017113
3083840,CO,Elbert County,Rush Creek I,2018.0,2000.0,80.0,110.0,9503.32,135.0,39.082355,-104.040367
3084232,CO,Elbert County,Rush Creek I,2018.0,2000.0,80.0,110.0,9503.32,135.0,39.189072,-103.775002
3083570,CO,Elbert County,Rush Creek I,2018.0,2000.0,80.0,110.0,9503.32,135.0,39.192566,-103.865013
3086243,CO,Elbert County,Rush Creek I,2018.0,2000.0,80.0,110.0,9503.32,135.0,39.093655,-104.041992
3084325,CO,Elbert County,Rush Creek I,2018.0,2000.0,80.0,110.0,9503.32,135.0,39.137802,-103.786812
3083689,CO,Elbert County,Rush Creek I,2018.0,2000.0,80.0,110.0,9503.32,135.0,39.10622,-104.019875
3084344,CO,Elbert County,Rush Creek I,2018.0,2000.0,80.0,110.0,9503.32,135.0,39.21843,-103.848373
3083658,CO,Elbert County,Rush Creek I,2018.0,2000.0,80.0,110.0,9503.32,135.0,39.206573,-103.823982
3083550,CO,Elbert County,Rush Creek I,2018.0,2000.0,80.0,110.0,9503.32,135.0,39.060108,-104.037071
3086022,CO,Elbert County,Rush Creek I,2018.0,2000.0,80.0,110.0,9503.32,135.0,39.104019,-104.02272
3087790,CO,Elbert County,Rush Creek I,2018.0,2000.0,80.0,110.0,9503.32,135.0,39.156712,-103.887718
3083575,CO,Elbert County,Rush Creek I,2018.0,2000.0,80.0,110.0,9503.32,135.0,39.124279,-103.788872
3084320,CO,Elbert County,Rush Creek I,2018.0,2000.0,80.0,110.0,9503.32,135.0,39.075607,-103.991409
3086584,CO,Elbert County,Rush Creek I,2018.0,2000.0,80.0,110.0,9503.32,135.0,39.136719,-103.807846
3084152,CO,Elbert County,Rush Creek I,2018.0,2000.0,80.0,110.0,9503.32,135.0,39.122429,-103.962425
3083535,CO,Elbert County,Rush Creek I,2018.0,2000.0,80.0,110.0,9503.32,135.0,39.160202,-103.85379
3084086,CO,Elbert County,Rush Creek I,2018.0,2000.0,80.0,110.0,9503.32,135.0,39.14687,-103.861664
3083851,CO,Elbert County,Rush Creek I,2018.0,2000.0,80.0,110.0,9503.32,135.0,39.120396,-103.781281
3086261,CO,Lincoln County,Rush Creek I,2018.0,2000.0,80.0,110.0,9503.32,135.0,39.112473,-103.240868
3083560,CO,Elbert County,Rush Creek I,2018.0,2000.0,80.0,110.0,9503.32,135.0,39.193256,-103.860413
3083477,CO,Elbert County,Rush Creek I,2018.0,2000.0,80.0,110.0,9503.32,135.0,39.209488,-103.814163
3086080,CO,Elbert County,Rush Creek I,2018.0,2000.0,80.0,110.0,9503.32,135.0,39.077393,-103.987869
3084112,CO,Elbert County,Rush Creek I,2018.0,2000.0,80.0,110.0,9503.32,135.0,39.147064,-103.903366
3083496,CO,Elbert County,Rush Creek I,2018.0,2000.0,80.0,110.0,9503.32,135.0,39.180733,-103.784698
3084196,CO,Elbert County,Rush Creek I,2018.0,2000.0,80.0,110.0,9503.32,135.0,39.068565,-104.031975
3083889,CO,Elbert County,Rush Creek I,2018.0,2000.0,80.0,110.0,9503.32,135.0,39.149658,-103.896652
3084240,CO,Elbert County,Rush Creek I,2018.0,2000.0,80.0,110.0,9503.32,135.0,39.138058,-103.922943
3083968,CO,Elbert County,Rush Creek I,2018.0,2000.0,80.0,110.0,9503.32,135.0,39.112541,-104.019287
3083818,CO,Elbert County,Rush Creek I,2018.0,2000.0,80.0,110.0,9503.32,135.0,39.113873,-103.990807
3083944,CO,Elbert County,Rush Creek I,2018.0,2000.0,80.0,110.0,9503.32,135.0,39.080044,-104.022377
3083515,CO,Elbert County,Rush Creek I,2018.0,2000.0,80.0,110.0,9503.32,135.0,39.16254,-103.849747
3083706,CO,Elbert County,Rush Creek I,2018.0,2000.0,80.0,110.0,9503.32,135.0,39.060127,-104.041534
3084367,CO,Elbert County,Rush Creek I,2018.0,2000.0,80.0,110.0,9503.32,135.0,39.140335,-103.834755
3084264,CO,Elbert County,Rush Creek I,2018.0,2000.0,80.0,110.0,9503.32,135.0,39.155144,-103.731621
3083761,CO,Elbert County,Rush Creek I,2018.0,2000.0,80.0,110.0,9503.32,135.0,39.184063,-103.798279
3086042,CO,Lincoln County,Rush Creek I,2018.0,2000.0,80.0,110.0,9503.32,135.0,39.072327,-103.233231
3083573,CO,Elbert County,Rush Creek I,2018.0,2000.0,80.0,110.0,9503.32,135.0,39.185165,-103.782112
3084283,CO,Elbert County,Rush Creek I,2018.0,2000.0,80.0,110.0,9503.32,135.0,39.140003,-103.793343
3083602,CO,Elbert County,Rush Creek I,2018.0,2000.0,80.0,110.0,9503.32,135.0,39.155544,-103.720528
3083950,CO,Elbert County,Rush Creek I,2018.0,2000.0,80.0,110.0,9503.32,135.0,39.060417,-103.981071
3083848,CO,Elbert County,Rush Creek I,2018.0,2000.0,80.0,110.0,9503.32,135.0,39.204441,-103.848747
3086543,CO,Elbert County,Rush Creek I,2018.0,2000.0,80.0,110.0,9503.32,135.0,39.138947,-103.909378
3084040,CO,Elbert County,Rush Creek I,2018.0,2000.0,80.0,110.0,9503.32,135.0,39.168488,-103.79425
3083506,CO,Elbert County,Rush Creek I,2018.0,2000.0,80.0,110.0,9503.32,135.0,39.141399,-103.906334
3083901,CO,Elbert County,Rush Creek I,2018.0,2000.0,80.0,110.0,9503.32,135.0,39.186985,-103.840195
3086453,CO,Elbert County,Rush Creek I,2018.0,2000.0,80.0,110.0,9503.32,135.0,39.137852,-103.797073
3083757,CO,Elbert County,Rush Creek I,2018.0,2000.0,80.0,110.0,9503.32,135.0,39.168079,-103.804359
3083553,CO,Elbert County,Rush Creek I,2018.0,2000.0,80.0,110.0,9503.32,135.0,39.066574,-104.035347
3084024,CO,Elbert County,Rush Creek I,2018.0,2000.0,80.0,110.0,9503.32,135.0,39.225677,-103.852928
3083595,CO,Elbert County,Rush Creek I,2018.0,2000.0,80.0,110.0,9503.32,135.0,39.151474,-103.902802
3084316,CO,Elbert County,Rush Creek I,2018.0,2000.0,80.0,110.0,9503.32,135.0,39.164295,-103.824738
3084300,CO,Elbert County,Rush Creek I,2018.0,2000.0,80.0,110.0,9503.32,135.0,39.058823,-104.010498
3084358,CO,Elbert County,Rush Creek I,2018.0,2000.0,80.0,110.0,9503.32,135.0,39.183914,-103.877228
3083478,CO,Elbert County,Rush Creek I,2018.0,2000.0,80.0,110.0,9503.32,135.0,39.123016,-104.010643
3086229,CO,Elbert County,Rush Creek I,2018.0,2000.0,80.0,110.0,9503.32,135.0,39.122932,-103.948509
3083982,CO,Elbert County,Rush Creek I,2018.0,2000.0,80.0,110.0,9503.32,135.0,39.139069,-103.761673
3083983,CO,Elbert County,Rush Creek I,2018.0,2000.0,80.0,110.0,9503.32,135.0,39.141781,-103.873093
3083528,CO,Elbert County,Rush Creek I,2018.0,2000.0,80.0,110.0,9503.32,135.0,39.217545,-103.78614
3083894,CO,Elbert County,Rush Creek I,2018.0,2000.0,80.0,110.0,9503.32,135.0,39.150269,-103.831558
3083507,CO,Elbert County,Rush Creek I,2018.0,2000.0,80.0,110.0,9503.32,135.0,39.102173,-104.031647
3083572,CO,Elbert County,Rush Creek I,2018.0,2000.0,80.0,110.0,9503.32,135.0,39.192341,-103.83181
3084202,CO,Elbert County,Rush Creek I,2018.0,2000.0,80.0,110.0,9503.32,135.0,39.104324,-103.973793
3083517,CO,Elbert County,Rush Creek I,2018.0,2000.0,80.0,110.0,9503.32,135.0,39.056416,-104.030731
3083505,CO,Elbert County,Rush Creek I,2018.0,2000.0,80.0,110.0,9503.32,135.0,39.141399,-103.929672
3084338,CO,Elbert County,Rush Creek I,2018.0,2000.0,80.0,110.0,9503.32,135.0,39.163204,-103.755356
3083984,CO,Elbert County,Rush Creek I,2018.0,2000.0,80.0,110.0,9503.32,135.0,39.168747,-103.879768
3083860,CO,Elbert County,Rush Creek I,2018.0,2000.0,80.0,110.0,9503.32,135.0,39.121376,-103.956558
3083654,CO,Elbert County,Rush Creek I,2018.0,2000.0,80.0,110.0,9503.32,135.0,39.165184,-103.812157
3083574,CO,Elbert County,Rush Creek I,2018.0,2000.0,80.0,110.0,9503.32,135.0,39.13969,-103.843956
3083512,CO,Elbert County,Rush Creek I,2018.0,2000.0,80.0,110.0,9503.32,135.0,39.083378,-104.010658
3083768,CO,Elbert County,Rush Creek I,2018.0,2000.0,80.0,110.0,9503.32,135.0,39.064308,-103.999832
3084252,CO,Elbert County,Rush Creek I,2018.0,2000.0,80.0,110.0,9503.32,135.0,39.185219,-103.793167
3084093,CO,Elbert County,Rush Creek I,2018.0,2000.0,80.0,110.0,9503.32,135.0,39.139992,-103.914314
3083504,CO,Elbert County,Rush Creek I,2018.0,2000.0,80.0,110.0,9503.32,135.0,39.102425,-104.006813
3083655,CO,Elbert County,Rush Creek I,2018.0,2000.0,80.0,110.0,9503.32,135.0,39.185478,-103.874199
3084191,CO,Elbert County,Rush Creek I,2018.0,2000.0,80.0,110.0,9503.32,135.0,39.138062,-103.766434
3084017,CO,Elbert County,Rush Creek I,2018.0,2000.0,80.0,110.0,9503.32,135.0,39.161102,-103.749634
3083736,CO,Elbert County,Rush Creek I,2018.0,2000.0,80.0,110.0,9503.32,135.0,39.198467,-103.857399
3083776,CO,Elbert County,Rush Creek I,2018.0,2000.0,80.0,110.0,9503.32,135.0,39.221287,-103.838486
3083503,CO,Elbert County,Rush Creek I,2018.0,2000.0,80.0,110.0,9503.32,135.0,39.131641,-103.923981
3083511,CO,Elbert County,Rush Creek I,2018.0,2000.0,80.0,110.0,9503.32,135.0,39.083977,-104.006966
3084251,CO,Elbert County,Rush Creek I,2018.0,2000.0,80.0,110.0,9503.32,135.0,39.158974,-103.885002
3084149,CO,Elbert County,Rush Creek I,2018.0,2000.0,80.0,110.0,9503.32,135.0,39.141449,-103.880417
3084199,CO,Elbert County,Rush Creek I,2018.0,2000.0,80.0,110.0,9503.32,135.0,39.137325,-103.803726
3083710,CO,Elbert County,Rush Creek I,2018.0,2000.0,80.0,110.0,9503.32,135.0,39.164162,-103.835991
3086303,CO,Lincoln County,Rush Creek I,2018.0,2000.0,80.0,110.0,9503.32,135.0,39.103577,-103.226875
3083883,CO,Elbert County,Rush Creek I,2018.0,2000.0,80.0,110.0,9503.32,135.0,39.20858,-103.819435
3083920,CO,Elbert County,Rush Creek I,2018.0,2000.0,80.0,110.0,9503.32,135.0,39.058769,-103.990402
3084265,CO,Elbert County,Rush Creek I,2018.0,2000.0,80.0,110.0,9503.32,135.0,39.118553,-103.754379
3084105,CO,Elbert County,Rush Creek I,2018.0,2000.0,80.0,110.0,9503.32,135.0,39.082592,-104.017654
3084216,CO,Elbert County,Rush Creek I,2018.0,2000.0,80.0,110.0,9503.32,135.0,39.138878,-103.838715
3084060,CO,Elbert County,Rush Creek I,2018.0,2000.0,80.0,110.0,9503.32,135.0,39.105888,-103.970192
3084005,CO,Elbert County,Rush Creek I,2018.0,2000.0,80.0,110.0,9503.32,135.0,39.061543,-104.002724
3086026,CO,Lincoln County,Rush Creek I,2018.0,2000.0,80.0,110.0,9503.32,135.0,39.10508,-103.188118
3086479,CO,Elbert County,Rush Creek I,2018.0,2000.0,80.0,110.0,9503.32,135.0,39.120899,-103.965836
3084271,CO,Elbert County,Rush Creek I,2018.0,2000.0,80.0,110.0,9503.32,135.0,39.220661,-103.768105
3083756,CO,Elbert County,Rush Creek I,2018.0,2000.0,80.0,110.0,9503.32,135.0,39.153965,-103.890724
3084310,CO,Elbert County,Rush Creek I,2018.0,2000.0,80.0,110.0,9503.32,135.0,39.162876,-103.760063
3083601,CO,Elbert County,Rush Creek I,2018.0,2000.0,80.0,110.0,9503.32,135.0,39.179836,-103.887093
3084332,CO,Elbert County,Rush Creek I,2018.0,2000.0,80.0,110.0,9503.32,135.0,39.164371,-103.830757
3084257,CO,Elbert County,Rush Creek I,2018.0,2000.0,80.0,110.0,9503.32,135.0,39.055119,-104.043709
3083804,CO,Elbert County,Rush Creek I,2018.0,2000.0,80.0,110.0,9503.32,135.0,39.075745,-104.031799
3086127,CO,Elbert County,Rush Creek I,2018.0,2000.0,80.0,110.0,9503.32,135.0,39.044125,-104.0326
3083934,CO,Elbert County,Rush Creek I,2018.0,2000.0,80.0,110.0,9503.32,135.0,39.116211,-103.924469
3087341,CO,Kit Carson County,Rush Creek I,2018.0,2000.0,80.0,110.0,9503.32,135.0,39.059757,-103.155754
3086137,CO,Lincoln County,Rush Creek I,2018.0,2000.0,80.0,110.0,9503.32,135.0,39.078403,-103.195389
3083695,CO,Elbert County,Rush Creek I,2018.0,2000.0,80.0,110.0,9503.32,135.0,39.145744,-103.865273
3086264,CO,Lincoln County,Rush Creek I,2018.0,2000.0,80.0,110.0,9503.32,135.0,39.097816,-103.23455
3083571,CO,Elbert County,Rush Creek I,2018.0,2000.0,80.0,110.0,9503.32,135.0,39.121704,-103.732315
3083510,CO,Elbert County,Rush Creek I,2018.0,2000.0,80.0,110.0,9503.32,135.0,39.176041,-103.860153
3083494,CO,Elbert County,Rush Creek I,2018.0,2000.0,80.0,110.0,9503.32,135.0,39.123657,-103.779457
3084146,CO,Elbert County,Rush Creek I,2018.0,2000.0,80.0,110.0,9503.32,135.0,39.155331,-103.7267
3086131,CO,Elbert County,Rush Creek I,2018.0,2000.0,80.0,110.0,9503.32,135.0,39.057858,-104.026299
3086400,CO,Lincoln County,Rush Creek I,2018.0,2000.0,80.0,110.0,9503.32,135.0,39.113831,-103.235748
3084307,CO,Elbert County,Rush Creek I,2018.0,2000.0,80.0,110.0,9503.32,135.0,39.182377,-103.881424
3084018,CO,Elbert County,Rush Creek I,2018.0,2000.0,80.0,110.0,9503.32,135.0,39.088825,-104.029442
3084213,CO,Elbert County,Rush Creek I,2018.0,2000.0,80.0,110.0,9503.32,135.0,39.221169,-103.842651
3083509,CO,Elbert County,Rush Creek I,2018.0,2000.0,80.0,110.0,9503.32,135.0,39.181393,-103.853432
3083514,CO,Elbert County,Rush Creek I,2018.0,2000.0,80.0,110.0,9503.32,135.0,39.220943,-103.773483
3086234,CO,Elbert County,Rush Creek I,2018.0,2000.0,80.0,110.0,9503.32,135.0,39.122639,-104.006805
3084042,CO,Elbert County,Rush Creek I,2018.0,2000.0,80.0,110.0,9503.32,135.0,39.123337,-103.980537
3084270,CO,Elbert County,Rush Creek I,2018.0,2000.0,80.0,110.0,9503.32,135.0,39.132813,-103.853226
3083762,CO,Elbert County,Rush Creek I,2018.0,2000.0,80.0,110.0,9503.32,135.0,39.151817,-103.824242
3083955,CO,Elbert County,Rush Creek I,2018.0,2000.0,80.0,110.0,9503.32,135.0,39.091236,-104.044731
3083882,CO,Elbert County,Rush Creek I,2018.0,2000.0,80.0,110.0,9503.32,135.0,39.138973,-103.819641
3084215,CO,Elbert County,Rush Creek I,2018.0,2000.0,80.0,110.0,9503.32,135.0,39.158375,-103.85817
3084927,CO,Elbert County,Rush Creek I,2018.0,2000.0,80.0,110.0,9503.32,135.0,39.16201,-103.839874
3084062,CO,Elbert County,Rush Creek I,2018.0,2000.0,80.0,110.0,9503.32,135.0,39.137585,-103.824654
3084056,CO,Elbert County,Rush Creek I,2018.0,2000.0,80.0,110.0,9503.32,135.0,39.169258,-103.87001
3084247,CO,Elbert County,Rush Creek I,2018.0,2000.0,80.0,110.0,9503.32,135.0,39.049622,-104.043777
3084353,CO,Elbert County,Rush Creek I,2018.0,2000.0,80.0,110.0,9503.32,135.0,39.123112,-103.988983
3084132,CO,Elbert County,Rush Creek I,2018.0,2000.0,80.0,110.0,9503.32,135.0,39.181362,-103.847565
3084348,CO,Elbert County,Rush Creek I,2018.0,2000.0,80.0,110.0,9503.32,135.0,39.168491,-103.798622
3084071,CO,Elbert County,Rush Creek I,2018.0,2000.0,80.0,110.0,9503.32,135.0,39.103355,-103.998016
3082063,CO,Elbert County,Rush Creek I,2018.0,2000.0,80.0,110.0,9503.32,135.0,39.126396,-103.937614
3081786,CO,Elbert County,Rush Creek I,2018.0,2000.0,80.0,110.0,9503.32,135.0,39.128017,-103.934631
3086195,CO,Elbert County,Rush Creek I,2018.0,2000.0,80.0,110.0,9503.32,135.0,39.084641,-104.003128
3086384,CO,Lincoln County,Rush Creek II,2018.0,2000.0,80.0,110.0,9503.32,135.0,39.069721,-103.207741
3086546,CO,Kit Carson County,Rush Creek II,2018.0,2000.0,80.0,110.0,9503.32,135.0,39.099133,-103.147934
3087985,CO,Lincoln County,Rush Creek II,2018.0,2000.0,80.0,110.0,9503.32,135.0,39.091492,-103.203247
3086495,CO,Lincoln County,Rush Creek II,2018.0,2000.0,80.0,110.0,9503.32,135.0,39.098923,-103.196167
3086180,CO,Kit Carson County,Rush Creek II,2018.0,2000.0,80.0,110.0,9503.32,135.0,39.095505,-103.15625
3086111,CO,Lincoln County,Rush Creek II,2018.0,2000.0,80.0,110.0,9503.32,135.0,39.088947,-103.207817
3086591,CO,Lincoln County,Rush Creek II,2018.0,2000.0,80.0,110.0,9503.32,135.0,39.136692,-103.201233
3086201,CO,Lincoln County,Rush Creek II,2018.0,2000.0,80.0,110.0,9503.32,135.0,39.0737,-103.209938
3086387,CO,Lincoln County,Rush Creek II,2018.0,2000.0,80.0,110.0,9503.32,135.0,39.039761,-103.171669
3086044,CO,Lincoln County,Rush Creek II,2018.0,2000.0,80.0,110.0,9503.32,135.0,39.108536,-103.182816
3086178,CO,Lincoln County,Rush Creek II,2018.0,2000.0,80.0,110.0,9503.32,135.0,39.087105,-103.186989
3086191,CO,Lincoln County,Rush Creek II,2018.0,2000.0,80.0,110.0,9503.32,135.0,39.102341,-103.192139
3086186,CO,Lincoln County,Rush Creek II,2018.0,2000.0,80.0,110.0,9503.32,135.0,39.145992,-103.166656
3086463,CO,Cheyenne County,Rush Creek II,2018.0,2000.0,80.0,110.0,9503.32,135.0,39.000957,-103.148796
3086130,CO,Lincoln County,Rush Creek II,2018.0,2000.0,80.0,110.0,9503.32,135.0,39.076633,-103.19973
3086823,CO,Cheyenne County,Rush Creek II,2018.0,2000.0,80.0,110.0,9503.32,135.0,38.991459,-103.151985
3087310,CO,Kit Carson County,Rush Creek II,2018.0,2000.0,80.0,110.0,9503.32,135.0,39.062477,-103.153488
3086581,CO,Cheyenne County,Rush Creek II,2018.0,2000.0,80.0,110.0,9503.32,135.0,38.995052,-103.151764
3086564,CO,Lincoln County,Rush Creek II,2018.0,2000.0,80.0,110.0,9503.32,135.0,39.097881,-103.166382
3086128,CO,Lincoln County,Rush Creek II,2018.0,2000.0,80.0,110.0,9503.32,135.0,39.064724,-103.204536
3086481,CO,Lincoln County,Rush Creek II,2018.0,2000.0,80.0,110.0,9503.32,135.0,39.134716,-103.177177
3087298,CO,Cheyenne County,Rush Creek II,2018.0,2000.0,80.0,110.0,9503.32,135.0,39.019234,-103.148285
3086525,CO,Cheyenne County,Rush Creek II,2018.0,2000.0,80.0,110.0,9503.32,135.0,39.015034,-103.146431
3087247,CO,Kit Carson County,Rush Creek II,2018.0,2000.0,80.0,110.0,9503.32,135.0,39.041428,-103.153458
3086312,CO,Cheyenne County,Rush Creek II,2018.0,2000.0,80.0,110.0,9503.32,135.0,39.007847,-103.147911
3086394,CO,Lincoln County,Rush Creek II,2018.0,2000.0,80.0,110.0,9503.32,135.0,39.124302,-103.209518
3086254,CO,Kit Carson County,Rush Creek II,2018.0,2000.0,80.0,110.0,9503.32,135.0,39.073524,-103.154068
3086275,CO,Kit Carson County,Rush Creek II,2018.0,2000.0,80.0,110.0,9503.32,135.0,39.07946,-103.15107
3086021,CO,Lincoln County,Rush Creek II,2018.0,2000.0,80.0,110.0,9503.32,135.0,39.121086,-103.211197
3086241,CO,Lincoln County,Rush Creek II,2018.0,2000.0,80.0,110.0,9503.32,135.0,39.093403,-103.173256
3086120,CO,Kit Carson County,Rush Creek II,2018.0,2000.0,80.0,110.0,9503.32,135.0,39.076645,-103.153214
3086217,CO,Lincoln County,Rush Creek II,2018.0,2000.0,80.0,110.0,9503.32,135.0,39.145199,-103.172989
3086308,CO,Kit Carson County,Rush Creek II,2018.0,2000.0,80.0,110.0,9503.32,135.0,39.154709,-103.143356
3087010,CO,Kit Carson County,Rush Creek II,2018.0,2000.0,80.0,110.0,9503.32,135.0,39.059174,-103.160889
3086473,CO,Lincoln County,Rush Creek II,2018.0,2000.0,80.0,110.0,9503.32,135.0,39.13121,-103.205086
3086302,CO,Lincoln County,Rush Creek II,2018.0,2000.0,80.0,110.0,9503.32,135.0,39.047096,-103.176445
3086061,CO,Kit Carson County,Rush Creek II,2018.0,2000.0,80.0,110.0,9503.32,135.0,39.097549,-103.152229
3086464,CO,Lincoln County,Rush Creek II,2018.0,2000.0,80.0,110.0,9503.32,135.0,39.132057,-103.180191
3086501,CO,Kit Carson County,Rush Creek II,2018.0,2000.0,80.0,110.0,9503.32,135.0,39.103188,-103.147652
3086334,CO,Lincoln County,Rush Creek II,2018.0,2000.0,80.0,110.0,9503.32,135.0,39.117081,-103.174759
3086053,CO,Lincoln County,Rush Creek II,2018.0,2000.0,80.0,110.0,9503.32,135.0,39.092163,-103.179352
3086078,CO,Kit Carson County,Rush Creek II,2018.0,2000.0,80.0,110.0,9503.32,135.0,39.097076,-103.130234
3086119,CO,Lincoln County,Rush Creek II,2018.0,2000.0,80.0,110.0,9503.32,135.0,39.114864,-103.21505
3088295,CO,Lincoln County,Rush Creek II,2018.0,2000.0,80.0,110.0,9503.32,135.0,39.075291,-103.223122
3086059,CO,Kit Carson County,Rush Creek II,2018.0,2000.0,80.0,110.0,9503.32,135.0,39.089794,-103.136024
3086183,CO,Kit Carson County,Rush Creek II,2018.0,2000.0,80.0,110.0,9503.32,135.0,39.063736,-103.147873
3087360,CO,Cheyenne County,Rush Creek II,2018.0,2000.0,80.0,110.0,9503.32,135.0,38.99799,-103.1502
3086184,CO,Cheyenne County,Rush Creek II,2018.0,2000.0,80.0,110.0,9503.32,135.0,39.023155,-103.148773
3086033,CO,Lincoln County,Rush Creek II,2018.0,2000.0,80.0,110.0,9503.32,135.0,39.119678,-103.171852
3086519,CO,Lincoln County,Rush Creek II,2018.0,2000.0,80.0,110.0,9503.32,135.0,39.117134,-103.211914
3086450,CO,Cheyenne County,Rush Creek II,2018.0,2000.0,80.0,110.0,9503.32,135.0,39.027588,-103.150108
3086272,CO,Lincoln County,Rush Creek II,2018.0,2000.0,80.0,110.0,9503.32,135.0,39.150421,-103.157547
3086038,CO,Cheyenne County,Rush Creek II,2018.0,2000.0,80.0,110.0,9503.32,135.0,39.004601,-103.148827
3086353,CO,Lincoln County,Rush Creek II,2018.0,2000.0,80.0,110.0,9503.32,135.0,39.058319,-103.196945
3086024,CO,Kit Carson County,Rush Creek II,2018.0,2000.0,80.0,110.0,9503.32,135.0,39.152317,-103.152306
3086235,CO,Lincoln County,Rush Creek II,2018.0,2000.0,80.0,110.0,9503.32,135.0,39.14312,-103.176514
3086412,CO,Lincoln County,Rush Creek II,2018.0,2000.0,80.0,110.0,9503.32,135.0,39.080452,-103.185699
3086699,CO,Kit Carson County,Rush Creek II,2018.0,2000.0,80.0,110.0,9503.32,135.0,39.078316,-103.128181
3088299,CO,Kit Carson County,Rush Creek II,2018.0,2000.0,80.0,110.0,9503.32,135.0,39.046543,-103.156349
3086259,CO,Lincoln County,Rush Creek II,2018.0,2000.0,80.0,110.0,9503.32,135.0,39.106407,-103.222885
3088162,CO,Lincoln County,Rush Creek II,2018.0,2000.0,80.0,110.0,9503.32,135.0,39.065861,-103.172806
3086319,CO,Lincoln County,Rush Creek II,2018.0,2000.0,80.0,110.0,9503.32,135.0,39.05315,-103.166664
3086036,CO,Lincoln County,Rush Creek II,2018.0,2000.0,80.0,110.0,9503.32,135.0,39.141083,-103.181595
3086222,CO,Kit Carson County,Rush Creek II,2018.0,2000.0,80.0,110.0,9503.32,135.0,39.07616,-103.131363
3086057,CO,Lincoln County,Rush Creek II,2018.0,2000.0,80.0,110.0,9503.32,135.0,39.056664,-103.189186
3086475,CO,Kit Carson County,Rush Creek II,2018.0,2000.0,80.0,110.0,9503.32,135.0,39.071659,-103.13665
3086034,CO,Lincoln County,Rush Creek II,2018.0,2000.0,80.0,110.0,9503.32,135.0,39.13467,-103.205063
3086169,CO,Lincoln County,Rush Creek II,2018.0,2000.0,80.0,110.0,9503.32,135.0,39.052849,-103.184792
3086640,CO,Kit Carson County,Rush Creek II,2018.0,2000.0,80.0,110.0,9503.32,135.0,39.073669,-103.133934
3086052,CO,Lincoln County,Rush Creek II,2018.0,2000.0,80.0,110.0,9503.32,135.0,39.089561,-103.184052
3086214,CO,Lincoln County,Rush Creek II,2018.0,2000.0,80.0,110.0,9503.32,135.0,39.0509,-103.169586
3086359,CO,Lincoln County,Rush Creek II,2018.0,2000.0,80.0,110.0,9503.32,135.0,39.113567,-103.176598
3086076,CO,Lincoln County,Rush Creek II,2018.0,2000.0,80.0,110.0,9503.32,135.0,39.079376,-103.190674
3086051,CO,Lincoln County,Rush Creek II,2018.0,2000.0,80.0,110.0,9503.32,135.0,39.075413,-103.204628
3086392,CO,Lincoln County,Rush Creek II,2018.0,2000.0,80.0,110.0,9503.32,135.0,39.095207,-103.169426
3088292,CO,Lincoln County,Rush Creek II,2018.0,2000.0,80.0,110.0,9503.32,135.0,39.077999,-103.220657
3086058,CO,Lincoln County,Rush Creek II,2018.0,2000.0,80.0,110.0,9503.32,135.0,39.059845,-103.179344
3086470,CO,Lincoln County,Rush Creek II,2018.0,2000.0,80.0,110.0,9503.32,135.0,39.058201,-103.183601
3086260,CO,Kit Carson County,Rush Creek II,2018.0,2000.0,80.0,110.0,9503.32,135.0,39.093452,-103.132965
3086558,CO,Lincoln County,Rush Creek II,2018.0,2000.0,80.0,110.0,9503.32,135.0,39.039078,-103.164413
3086486,CO,Lincoln County,Rush Creek II,2018.0,2000.0,80.0,110.0,9503.32,135.0,39.113155,-103.220428
3086340,CO,Lincoln County,Rush Creek II,2018.0,2000.0,80.0,110.0,9503.32,135.0,39.095085,-103.199585
3086523,CO,Lincoln County,Rush Creek II,2018.0,2000.0,80.0,110.0,9503.32,135.0,39.110985,-103.179611
3086081,CO,Kit Carson County,Rush Creek II,2018.0,2000.0,80.0,110.0,9503.32,135.0,39.066902,-103.142807
3086774,CO,Kit Carson County,Rush Creek II,2018.0,2000.0,80.0,110.0,9503.32,135.0,39.05447,-103.162338
3086462,CO,Lincoln County,Rush Creek II,2018.0,2000.0,80.0,110.0,9503.32,135.0,39.048969,-103.173035
3086048,CO,Lincoln County,Rush Creek II,2018.0,2000.0,80.0,110.0,9503.32,135.0,39.085827,-103.210907
3086344,CO,Kit Carson County,Rush Creek II,2018.0,2000.0,80.0,110.0,9503.32,135.0,39.069088,-103.138695
3086040,CO,Lincoln County,Rush Creek II,2018.0,2000.0,80.0,110.0,9503.32,135.0,39.079952,-103.216843
3086397,CO,Lincoln County,Rush Creek II,2018.0,2000.0,80.0,110.0,9503.32,135.0,39.148506,-103.161964
3086310,CO,Kit Carson County,Rush Creek II,2018.0,2000.0,80.0,110.0,9503.32,135.0,39.104103,-103.131531
3086554,CO,Kit Carson County,Rush Creek II,2018.0,2000.0,80.0,110.0,9503.32,135.0,39.08654,-103.136955
3086547,CO,Lincoln County,Rush Creek II,2018.0,2000.0,80.0,110.0,9503.32,135.0,39.137142,-103.194824
3086055,CO,Cheyenne County,Rush Creek II,2018.0,2000.0,80.0,110.0,9503.32,135.0,39.011658,-103.147919
3087053,CO,Kit Carson County,Rush Creek II,2018.0,2000.0,80.0,110.0,9503.32,135.0,39.10685,-103.13031
3086456,CO,Kit Carson County,Rush Creek II,2018.0,2000.0,80.0,110.0,9503.32,135.0,39.153202,-103.14772
3087065,CO,Kit Carson County,Rush Creek II,2018.0,2000.0,80.0,110.0,9503.32,135.0,39.042534,-103.161339
3086263,CO,Lincoln County,Rush Creek II,2018.0,2000.0,80.0,110.0,9503.32,135.0,39.083111,-103.214371
3086565,CO,Lincoln County,Rush Creek II,2018.0,2000.0,80.0,110.0,9503.32,135.0,39.07338,-103.226685
3086852,CO,Kit Carson County,Rush Creek II,2018.0,2000.0,80.0,110.0,9503.32,135.0,39.081135,-103.146667
3129763,IL,McLean County,Sapphire Sky Wind Energy Center,2023.0,3600.0,105.0,136.0,14526.72,173.1,40.387314,-88.590019
3128911,IL,McLean County,Sapphire Sky Wind Energy Center,2023.0,3600.0,105.0,136.0,14526.72,173.1,40.304459,-88.67527
3127572,IL,McLean County,Sapphire Sky Wind Energy Center,2023.0,3600.0,105.0,136.0,14526.72,173.1,40.36713,-88.623695
3129510,IL,McLean County,Sapphire Sky Wind Energy Center,2023.0,3600.0,105.0,136.0,14526.72,173.1,40.384602,-88.597656
3128923,IL,McLean County,Sapphire Sky Wind Energy Center,2023.0,4300.0,105.0,150.0,17671.46,180.1,40.346912,-88.628426
3130010,IL,McLean County,Sapphire Sky Wind Energy Center,2023.0,4300.0,105.0,150.0,17671.46,180.1,40.316074,-88.549232
3128921,IL,McLean County,Sapphire Sky Wind Energy Center,2023.0,4300.0,105.0,150.0,17671.46,180.1,40.34536,-88.603645
3127451,IL,McLean County,Sapphire Sky Wind Energy Center,2023.0,4300.0,105.0,150.0,17671.46,180.1,40.287613,-88.620346
3127321,IL,McLean County,Sapphire Sky Wind Energy Center,2023.0,4300.0,105.0,150.0,17671.46,180.1,40.351845,-88.55011
3129850,IL,McLean County,Sapphire Sky Wind Energy Center,2023.0,3600.0,105.0,136.0,14526.72,173.1,40.302322,-88.548782
3129967,IL,McLean County,Sapphire Sky Wind Energy Center,2023.0,4300.0,105.0,150.0,17671.46,180.1,40.335758,-88.472404
3127394,IL,McLean County,Sapphire Sky Wind Energy Center,2023.0,3600.0,105.0,136.0,14526.72,173.1,40.313396,-88.662926
3130009,IL,McLean County,Sapphire Sky Wind Energy Center,2023.0,4300.0,105.0,150.0,17671.46,180.1,40.331287,-88.514771
3127353,IL,McLean County,Sapphire Sky Wind Energy Center,2023.0,3600.0,105.0,136.0,14526.72,173.1,40.375,-88.635155
3129486,IL,McLean County,Sapphire Sky Wind Energy Center,2023.0,4300.0,105.0,150.0,17671.46,180.1,40.329132,-88.547432
3130169,IL,McLean County,Sapphire Sky Wind Energy Center,2023.0,4300.0,105.0,150.0,17671.46,180.1,40.337891,-88.490509
3137825,IL,McLean County,Sapphire Sky Wind Energy Center,2023.0,3600.0,105.0,136.0,14526.72,173.0,40.305988,-88.656113
3129812,IL,McLean County,Sapphire Sky Wind Energy Center,2023.0,4300.0,105.0,150.0,17671.46,180.1,40.342167,-88.476112
3127460,IL,McLean County,Sapphire Sky Wind Energy Center,2023.0,4300.0,105.0,150.0,17671.46,180.1,40.316574,-88.619003
3128973,IL,McLean County,Sapphire Sky Wind Energy Center,2023.0,4300.0,105.0,150.0,17671.46,180.1,40.341713,-88.558334
3128916,IL,McLean County,Sapphire Sky Wind Energy Center,2023.0,4300.0,105.0,150.0,17671.46,180.1,40.302307,-88.634392
3130015,IL,McLean County,Sapphire Sky Wind Energy Center,2023.0,4300.0,105.0,150.0,17671.46,180.1,40.32011,-88.535263
3129969,IL,McLean County,Sapphire Sky Wind Energy Center,2023.0,3600.0,105.0,136.0,14526.72,173.1,40.365189,-88.535049
3127444,IL,McLean County,Sapphire Sky Wind Energy Center,2023.0,4300.0,105.0,150.0,17671.46,180.1,40.317059,-88.6474
3129825,IL,McLean County,Sapphire Sky Wind Energy Center,2023.0,4300.0,105.0,150.0,17671.46,180.1,40.321442,-88.541237
3127352,IL,McLean County,Sapphire Sky Wind Energy Center,2023.0,3600.0,105.0,136.0,14526.72,173.1,40.371277,-88.600349
3129762,IL,McLean County,Sapphire Sky Wind Energy Center,2023.0,4300.0,105.0,150.0,17671.46,180.1,40.330212,-88.499191
3128908,IL,McLean County,Sapphire Sky Wind Energy Center,2023.0,3600.0,105.0,136.0,14526.72,173.1,40.314621,-88.627457
3128919,IL,McLean County,Sapphire Sky Wind Energy Center,2023.0,4300.0,105.0,150.0,17671.46,180.1,40.330471,-88.597511
3128922,IL,McLean County,Sapphire Sky Wind Energy Center,2023.0,4300.0,105.0,150.0,17671.46,180.1,40.343994,-88.616966
3127393,IL,McLean County,Sapphire Sky Wind Energy Center,2023.0,4300.0,105.0,150.0,17671.46,180.1,40.357483,-88.641022
3128925,IL,McLean County,Sapphire Sky Wind Energy Center,2023.0,4300.0,105.0,150.0,17671.46,180.1,40.302288,-88.582443
3128915,IL,McLean County,Sapphire Sky Wind Energy Center,2023.0,3600.0,105.0,136.0,14526.72,173.1,40.301468,-88.653206
3127413,IL,McLean County,Sapphire Sky Wind Energy Center,2023.0,3600.0,105.0,136.0,14526.72,173.1,40.385834,-88.606277
3127349,IL,McLean County,Sapphire Sky Wind Energy Center,2023.0,3600.0,105.0,136.0,14526.72,173.1,40.305119,-88.589302
3127567,IL,McLean County,Sapphire Sky Wind Energy Center,2023.0,4300.0,105.0,150.0,17671.46,180.1,40.319855,-88.493118
3128920,IL,McLean County,Sapphire Sky Wind Energy Center,2023.0,4300.0,105.0,150.0,17671.46,180.1,40.330601,-88.590591
3128909,IL,McLean County,Sapphire Sky Wind Energy Center,2023.0,4300.0,105.0,150.0,17671.46,180.1,40.326843,-88.666748
3127506,IL,McLean County,Sapphire Sky Wind Energy Center,2023.0,3600.0,105.0,136.0,14526.72,173.1,40.379665,-88.585754
3127452,IL,McLean County,Sapphire Sky Wind Energy Center,2023.0,4300.0,105.0,150.0,17671.46,180.1,40.316067,-88.512352
3129663,IL,McLean County,Sapphire Sky Wind Energy Center,2023.0,4300.0,105.0,150.0,17671.46,180.1,40.356724,-88.518906
3127436,IL,McLean County,Sapphire Sky Wind Energy Center,2023.0,3600.0,105.0,136.0,14526.72,173.1,40.381432,-88.646225
3127538,IL,McLean County,Sapphire Sky Wind Energy Center,2023.0,4300.0,105.0,150.0,17671.46,180.1,40.362663,-88.54583
3127380,IL,McLean County,Sapphire Sky Wind Energy Center,2023.0,4300.0,105.0,150.0,17671.46,180.1,40.36639,-88.563431
3127361,IL,McLean County,Sapphire Sky Wind Energy Center,2023.0,4300.0,105.0,150.0,17671.46,180.1,40.316311,-88.672691
3127331,IL,McLean County,Sapphire Sky Wind Energy Center,2023.0,4300.0,105.0,150.0,17671.46,180.1,40.364159,-88.635536
3129192,IL,McLean County,Sapphire Sky Wind Energy Center,2023.0,3600.0,105.0,136.0,14526.72,173.1,40.312927,-88.483727
3130026,IL,McLean County,Sapphire Sky Wind Energy Center,2023.0,3600.0,105.0,136.0,14526.72,173.1,40.30843,-88.548798
3128912,IL,McLean County,Sapphire Sky Wind Energy Center,2023.0,4300.0,105.0,150.0,17671.46,180.1,40.302032,-88.667793
3128917,IL,McLean County,Sapphire Sky Wind Energy Center,2023.0,4300.0,105.0,150.0,17671.46,180.1,40.291294,-88.627144
3128913,IL,McLean County,Sapphire Sky Wind Energy Center,2023.0,3600.0,105.0,136.0,14526.72,173.1,40.314198,-88.639099
3127476,IL,McLean County,Sapphire Sky Wind Energy Center,2023.0,4300.0,105.0,150.0,17671.46,180.1,40.320633,-88.502937
3127545,IL,McLean County,Sapphire Sky Wind Energy Center,2023.0,4300.0,105.0,150.0,17671.46,180.1,40.327477,-88.491302
3128918,IL,McLean County,Sapphire Sky Wind Energy Center,2023.0,4300.0,105.0,150.0,17671.46,180.1,40.327324,-88.577583
3129719,IL,McLean County,Sapphire Sky Wind Energy Center,2023.0,4300.0,105.0,150.0,17671.46,180.1,40.359421,-88.511017
3127559,IL,McLean County,Sapphire Sky Wind Energy Center,2023.0,3600.0,105.0,136.0,14526.72,173.1,40.371342,-88.643661
3128910,IL,McLean County,Sapphire Sky Wind Energy Center,2023.0,4300.0,105.0,150.0,17671.46,180.1,40.319981,-88.662674
3129453,IL,McLean County,Sapphire Sky Wind Energy Center,2023.0,3600.0,105.0,136.0,14526.72,173.1,40.381516,-88.655975
3128924,IL,McLean County,Sapphire Sky Wind Energy Center,2023.0,4300.0,105.0,150.0,17671.46,180.1,40.337467,-88.603271
3127459,IL,McLean County,Sapphire Sky Wind Energy Center,2023.0,3600.0,105.0,136.0,14526.72,173.1,40.312916,-88.504951
3131405,IL,McLean County,Sapphire Sky Wind Energy Center,2023.0,4300.0,105.0,150.0,17671.46,180.1,40.334816,-88.505486
3127509,IL,McLean County,Sapphire Sky Wind Energy Center,2023.0,4300.0,105.0,150.0,17671.46,180.1,40.323383,-88.624611
3127482,IL,McLean County,Sapphire Sky Wind Energy Center,2023.0,4300.0,105.0,150.0,17671.46,180.1,40.322292,-88.642357
3127536,IL,McLean County,Sapphire Sky Wind Energy Center,2023.0,4300.0,105.0,150.0,17671.46,180.1,40.359119,-88.596008
3056439,NY,Erie County,Seneca Nation,2017.0,1500.0,85.0,82.3,5319.73,126.2,42.580894,-79.102692
3034719,IL,Iroquois County,Settler's Trail,2011.0,1600.0,80.0,82.5,5345.62,121.3,40.742092,-87.618095
3034684,IL,Iroquois County,Settler's Trail,2011.0,1600.0,80.0,82.5,5345.62,121.3,40.752991,-87.567497
3034732,IL,Iroquois County,Settler's Trail,2011.0,1600.0,80.0,82.5,5345.62,121.3,40.689293,-87.636497
3034714,IL,Iroquois County,Settler's Trail,2011.0,1600.0,80.0,82.5,5345.62,121.3,40.74979,-87.611092
3034709,IL,Iroquois County,Settler's Trail,2011.0,1600.0,80.0,82.5,5345.62,121.3,40.72319,-87.606293
3034722,IL,Iroquois County,Settler's Trail,2011.0,1600.0,80.0,82.5,5345.62,121.3,40.720493,-87.619896
3034731,IL,Iroquois County,Settler's Trail,2011.0,1600.0,80.0,82.5,5345.62,121.3,40.741493,-87.635292
3034727,IL,Iroquois County,Settler's Trail,2011.0,1600.0,80.0,82.5,5345.62,121.3,40.73859,-87.627792
3034720,IL,Iroquois County,Settler's Trail,2011.0,1600.0,80.0,82.5,5345.62,121.3,40.710793,-87.618095
3034694,IL,Iroquois County,Settler's Trail,2011.0,1600.0,80.0,82.5,5345.62,121.3,40.74419,-87.581093
3034702,IL,Iroquois County,Settler's Trail,2011.0,1600.0,80.0,82.5,5345.62,121.3,40.747993,-87.598396
3034670,IL,Iroquois County,Settler's Trail,2011.0,1600.0,80.0,82.5,5345.62,121.3,40.76099,-87.548393
3034696,IL,Iroquois County,Settler's Trail,2011.0,1600.0,80.0,82.5,5345.62,121.3,40.712193,-87.583992
3034419,IL,Iroquois County,Settler's Trail,2011.0,1600.0,80.0,82.5,5345.62,121.3,40.75399,-87.543198
3034650,IL,Iroquois County,Settler's Trail,2011.0,1600.0,80.0,82.5,5345.62,121.3,40.738091,-87.601097
3034653,IL,Iroquois County,Settler's Trail,2011.0,1600.0,80.0,82.5,5345.62,121.3,40.681293,-87.527992
3034713,IL,Iroquois County,Settler's Trail,2011.0,1600.0,80.0,82.5,5345.62,121.3,40.719692,-87.610497
3034717,IL,Iroquois County,Settler's Trail,2011.0,1600.0,80.0,82.5,5345.62,121.3,40.73299,-87.614693
3034725,IL,Iroquois County,Settler's Trail,2011.0,1600.0,80.0,82.5,5345.62,121.3,40.744694,-87.62429
3034699,IL,Iroquois County,Settler's Trail,2011.0,1600.0,80.0,82.5,5345.62,121.3,40.726494,-87.587692
3034697,IL,Iroquois County,Settler's Trail,2011.0,1600.0,80.0,82.5,5345.62,121.3,40.720692,-87.584396
3034665,IL,Iroquois County,Settler's Trail,2011.0,1600.0,80.0,82.5,5345.62,121.3,40.698292,-87.542397
3034716,IL,Iroquois County,Settler's Trail,2011.0,1600.0,80.0,82.5,5345.62,121.3,40.700691,-87.614098
3034652,IL,Iroquois County,Settler's Trail,2011.0,1600.0,80.0,82.5,5345.62,121.3,40.728092,-87.528191
3034672,IL,Iroquois County,Settler's Trail,2011.0,1600.0,80.0,82.5,5345.62,121.3,40.711792,-87.548897
3034655,IL,Iroquois County,Settler's Trail,2011.0,1600.0,80.0,82.5,5345.62,121.3,40.692593,-87.529396
3034690,IL,Iroquois County,Settler's Trail,2011.0,1600.0,80.0,82.5,5345.62,121.3,40.707893,-87.575096
3034686,IL,Iroquois County,Settler's Trail,2011.0,1600.0,80.0,82.5,5345.62,121.3,40.734192,-87.569397
3034669,IL,Iroquois County,Settler's Trail,2011.0,1600.0,80.0,82.5,5345.62,121.3,40.70269,-87.546196
3034678,IL,Iroquois County,Settler's Trail,2011.0,1600.0,80.0,82.5,5345.62,121.3,40.760391,-87.559097
3034681,IL,Iroquois County,Settler's Trail,2011.0,1600.0,80.0,82.5,5345.62,121.3,40.721893,-87.560196
3034667,IL,Iroquois County,Settler's Trail,2011.0,1600.0,80.0,82.5,5345.62,121.3,40.715893,-87.543694
3034675,IL,Iroquois County,Settler's Trail,2011.0,1600.0,80.0,82.5,5345.62,121.3,40.735092,-87.551292
3034723,IL,Iroquois County,Settler's Trail,2011.0,1600.0,80.0,82.5,5345.62,121.3,40.70549,-87.622391
3034715,IL,Iroquois County,Settler's Trail,2011.0,1600.0,80.0,82.5,5345.62,121.3,40.689392,-87.612892
3034688,IL,Iroquois County,Settler's Trail,2011.0,1600.0,80.0,82.5,5345.62,121.3,40.728592,-87.572296
3034674,IL,Iroquois County,Settler's Trail,2011.0,1600.0,80.0,82.5,5345.62,121.3,40.719791,-87.550392
3034666,IL,Iroquois County,Settler's Trail,2011.0,1600.0,80.0,82.5,5345.62,121.3,40.765991,-87.543694
3034420,IL,Iroquois County,Settler's Trail,2011.0,1600.0,80.0,82.5,5345.62,121.3,40.729294,-87.538795
3034718,IL,Iroquois County,Settler's Trail,2011.0,1600.0,80.0,82.5,5345.62,121.3,40.725292,-87.614594
3034676,IL,Iroquois County,Settler's Trail,2011.0,1600.0,80.0,82.5,5345.62,121.3,40.729092,-87.552391
3034673,IL,Iroquois County,Settler's Trail,2011.0,1600.0,80.0,82.5,5345.62,121.3,40.755493,-87.550194
3034706,IL,Iroquois County,Settler's Trail,2011.0,1600.0,80.0,82.5,5345.62,121.3,40.68959,-87.604095
3034663,IL,Iroquois County,Settler's Trail,2011.0,1600.0,80.0,82.5,5345.62,121.3,40.722794,-87.537292
3034728,IL,Iroquois County,Settler's Trail,2011.0,1600.0,80.0,82.5,5345.62,121.3,40.688992,-87.628395
3034649,IL,Iroquois County,Settler's Trail,2011.0,1600.0,80.0,82.5,5345.62,121.3,40.696194,-87.626495
3034687,IL,Iroquois County,Settler's Trail,2011.0,1600.0,80.0,82.5,5345.62,121.3,40.740391,-87.569992
3034730,IL,Iroquois County,Settler's Trail,2011.0,1600.0,80.0,82.5,5345.62,121.3,40.748093,-87.630493
3034689,IL,Iroquois County,Settler's Trail,2011.0,1600.0,80.0,82.5,5345.62,121.3,40.700691,-87.574898
3034651,IL,Iroquois County,Settler's Trail,2011.0,1600.0,80.0,82.5,5345.62,121.3,40.723591,-87.578094
3034711,IL,Iroquois County,Settler's Trail,2011.0,1600.0,80.0,82.5,5345.62,121.3,40.737991,-87.609993
3034660,IL,Iroquois County,Settler's Trail,2011.0,1600.0,80.0,82.5,5345.62,121.3,40.708691,-87.533195
3034708,IL,Iroquois County,Settler's Trail,2011.0,1600.0,80.0,82.5,5345.62,121.3,40.743492,-87.605492
3034724,IL,Iroquois County,Settler's Trail,2011.0,1600.0,80.0,82.5,5345.62,121.3,40.733692,-87.622696
3034661,IL,Iroquois County,Settler's Trail,2011.0,1600.0,80.0,82.5,5345.62,121.3,40.75959,-87.535095
3034418,IL,Iroquois County,Settler's Trail,2011.0,1600.0,80.0,82.5,5345.62,121.3,40.744793,-87.553993
3034712,IL,Iroquois County,Settler's Trail,2011.0,1600.0,80.0,82.5,5345.62,121.3,40.709892,-87.610191
3034704,IL,Iroquois County,Settler's Trail,2011.0,1600.0,80.0,82.5,5345.62,121.3,40.725391,-87.599197
3034656,IL,Iroquois County,Settler's Trail,2011.0,1600.0,80.0,82.5,5345.62,121.3,40.717793,-87.531097
3034659,IL,Iroquois County,Settler's Trail,2011.0,1600.0,80.0,82.5,5345.62,121.3,40.74419,-87.533295
3034691,IL,Iroquois County,Settler's Trail,2011.0,1600.0,80.0,82.5,5345.62,121.3,40.752892,-87.578697
3034677,IL,Iroquois County,Settler's Trail,2011.0,1600.0,80.0,82.5,5345.62,121.3,40.694191,-87.558395
3034654,IL,Iroquois County,Settler's Trail,2011.0,1600.0,80.0,82.5,5345.62,121.3,40.686192,-87.528694
3034668,IL,Iroquois County,Settler's Trail,2011.0,1600.0,80.0,82.5,5345.62,121.3,40.723392,-87.545692
3034693,IL,Iroquois County,Settler's Trail,2011.0,1600.0,80.0,82.5,5345.62,121.3,40.697891,-87.580696
3034415,IL,Iroquois County,Settler's Trail,2011.0,1600.0,80.0,82.5,5345.62,121.3,40.739594,-87.527893
3034703,IL,Iroquois County,Settler's Trail,2011.0,1600.0,80.0,82.5,5345.62,121.3,40.730694,-87.598297
3034726,IL,Iroquois County,Settler's Trail,2011.0,1600.0,80.0,82.5,5345.62,121.3,40.715492,-87.624794
3034417,IL,Iroquois County,Settler's Trail,2011.0,1600.0,80.0,82.5,5345.62,121.3,40.715191,-87.575394
3034729,IL,Iroquois County,Settler's Trail,2011.0,1600.0,80.0,82.5,5345.62,121.3,40.710793,-87.629097
3034705,IL,Iroquois County,Settler's Trail,2011.0,1600.0,80.0,82.5,5345.62,121.3,40.752392,-87.601395
3034682,IL,Iroquois County,Settler's Trail,2011.0,1600.0,80.0,82.5,5345.62,121.3,40.739693,-87.561195
3034658,IL,Iroquois County,Settler's Trail,2011.0,1600.0,80.0,82.5,5345.62,121.3,40.69799,-87.532692
3034695,IL,Iroquois County,Settler's Trail,2011.0,1600.0,80.0,82.5,5345.62,121.3,40.749393,-87.583595
3034679,IL,Iroquois County,Settler's Trail,2011.0,1600.0,80.0,82.5,5345.62,121.3,40.730991,-87.559395
3034414,IL,Iroquois County,Settler's Trail,2011.0,1600.0,80.0,82.5,5345.62,121.3,40.68869,-87.533791
3034662,IL,Iroquois County,Settler's Trail,2011.0,1600.0,80.0,82.5,5345.62,121.3,40.712494,-87.536896
3034733,IL,Iroquois County,Settler's Trail,2011.0,1600.0,80.0,82.5,5345.62,121.3,40.750492,-87.640495
3034710,IL,Iroquois County,Settler's Trail,2011.0,1600.0,80.0,82.5,5345.62,121.3,40.729294,-87.607292
3034683,IL,Iroquois County,Settler's Trail,2011.0,1600.0,80.0,82.5,5345.62,121.3,40.700893,-87.562195
3034680,IL,Iroquois County,Settler's Trail,2011.0,1600.0,80.0,82.5,5345.62,121.3,40.706291,-87.559998
3034664,IL,Iroquois County,Settler's Trail,2011.0,1600.0,80.0,82.5,5345.62,121.3,40.707394,-87.542694
3034721,IL,Iroquois County,Settler's Trail,2011.0,1600.0,80.0,82.5,5345.62,121.3,40.696491,-87.618591
3034692,IL,Iroquois County,Settler's Trail,2011.0,1600.0,80.0,82.5,5345.62,121.3,40.692493,-87.580093
3034657,IL,Iroquois County,Settler's Trail,2011.0,1600.0,80.0,82.5,5345.62,121.3,40.735992,-87.532494
3034700,IL,Iroquois County,Settler's Trail,2011.0,1600.0,80.0,82.5,5345.62,121.3,40.707893,-87.588097
3034701,IL,Iroquois County,Settler's Trail,2011.0,1600.0,80.0,82.5,5345.62,121.3,40.740993,-87.595993
3034671,IL,Iroquois County,Settler's Trail,2011.0,1600.0,80.0,82.5,5345.62,121.3,40.749393,-87.548592
3034412,IL,Iroquois County,Settler's Trail,2011.0,1600.0,80.0,82.5,5345.62,121.3,40.689293,-87.621094
3034413,IL,Iroquois County,Settler's Trail,2011.0,1600.0,80.0,82.5,5345.62,121.3,40.714092,-87.606796
3034698,IL,Iroquois County,Settler's Trail,2011.0,1600.0,80.0,82.5,5345.62,121.3,40.738194,-87.587494
3034707,IL,Iroquois County,Settler's Trail,2011.0,1600.0,80.0,82.5,5345.62,121.3,40.698891,-87.604294
3034416,IL,Iroquois County,Settler's Trail,2011.0,1600.0,80.0,82.5,5345.62,121.3,40.725693,-87.566994
3034685,IL,Iroquois County,Settler's Trail,2011.0,1600.0,80.0,82.5,5345.62,121.3,40.71619,-87.567696
3039047,IL,Lee County,Shady Oaks,2012.0,1500.0,85.0,82.0,5281.02,125.9,41.64439,-89.117195
3039048,IL,Lee County,Shady Oaks,2012.0,1500.0,85.0,82.0,5281.02,125.9,41.644093,-89.096291
3038940,IL,Lee County,Shady Oaks,2012.0,2500.0,100.0,100.0,7853.98,150.0,41.697193,-89.125397
3039029,IL,Lee County,Shady Oaks,2012.0,1500.0,85.0,82.0,5281.02,125.9,41.661892,-89.115196
3038943,IL,Lee County,Shady Oaks,2012.0,1500.0,85.0,82.0,5281.02,125.9,41.687191,-89.079491
3039060,IL,Lee County,Shady Oaks,2012.0,1500.0,85.0,82.0,5281.02,125.9,41.629292,-89.076294
3039062,IL,Lee County,Shady Oaks,2012.0,1500.0,85.0,82.0,5281.02,125.9,41.664791,-89.082191
3038960,IL,Lee County,Shady Oaks,2012.0,1500.0,85.0,82.0,5281.02,125.9,41.676693,-89.126892
3038942,IL,Lee County,Shady Oaks,2012.0,1500.0,85.0,82.0,5281.02,125.9,41.68959,-89.122292
3038957,IL,Lee County,Shady Oaks,2012.0,1500.0,85.0,82.0,5281.02,125.9,41.678993,-89.069595
3038993,IL,Lee County,Shady Oaks,2012.0,1500.0,85.0,82.0,5281.02,125.9,41.668694,-89.060295
3039058,IL,Lee County,Shady Oaks,2012.0,1500.0,85.0,82.0,5281.02,125.9,41.629494,-89.088394
3038992,IL,Lee County,Shady Oaks,2012.0,1500.0,85.0,82.0,5281.02,125.9,41.668991,-89.084991
3038953,IL,Lee County,Shady Oaks,2012.0,1500.0,85.0,82.0,5281.02,125.9,41.680462,-89.093094
3038958,IL,Lee County,Shady Oaks,2012.0,1500.0,85.0,82.0,5281.02,125.9,41.677593,-89.116394
3038967,IL,Lee County,Shady Oaks,2012.0,1500.0,85.0,82.0,5281.02,125.9,41.674591,-89.069595
3061423,IL,Lee County,Shady Oaks,2012.0,1500.0,85.0,82.0,5281.02,125.9,41.664787,-89.068085
3038955,IL,Lee County,Shady Oaks,2012.0,1500.0,85.0,82.0,5281.02,125.9,41.680893,-89.064095
3038995,IL,Lee County,Shady Oaks,2012.0,1500.0,85.0,82.0,5281.02,125.9,41.666092,-89.121994
3039053,IL,Lee County,Shady Oaks,2012.0,1500.0,85.0,82.0,5281.02,125.9,41.633293,-89.104195
3038964,IL,Lee County,Shady Oaks,2012.0,1500.0,85.0,82.0,5281.02,125.9,41.676891,-89.064095
3038948,IL,Lee County,Shady Oaks,2012.0,1500.0,85.0,82.0,5281.02,125.9,41.683594,-89.083092
3038954,IL,Lee County,Shady Oaks,2012.0,1500.0,85.0,82.0,5281.02,125.9,41.679993,-89.121696
3039035,IL,Lee County,Shady Oaks,2012.0,1500.0,85.0,82.0,5281.02,125.9,41.65789,-89.068695
3038949,IL,Lee County,Shady Oaks,2012.0,1500.0,85.0,82.0,5281.02,125.9,41.683594,-89.076591
3039055,IL,Lee County,Shady Oaks,2012.0,1500.0,85.0,82.0,5281.02,125.9,41.632793,-89.078896
3039056,IL,Lee County,Shady Oaks,2012.0,1500.0,85.0,82.0,5281.02,125.9,41.631992,-89.084091
3039036,IL,Lee County,Shady Oaks,2012.0,1500.0,85.0,82.0,5281.02,125.9,41.654793,-89.086098
3038965,IL,Lee County,Shady Oaks,2012.0,1500.0,85.0,82.0,5281.02,125.9,41.675892,-89.084496
3039042,IL,Lee County,Shady Oaks,2012.0,1500.0,85.0,82.0,5281.02,125.9,41.650593,-89.075691
3039050,IL,Lee County,Shady Oaks,2012.0,1500.0,85.0,82.0,5281.02,125.9,41.639893,-89.097092
3039046,IL,Lee County,Shady Oaks,2012.0,1500.0,85.0,82.0,5281.02,125.9,41.646893,-89.092796
3039279,IL,Lee County,Shady Oaks,2012.0,1500.0,85.0,82.0,5281.02,125.9,41.674393,-89.079292
3039030,IL,Lee County,Shady Oaks,2012.0,1500.0,85.0,82.0,5281.02,125.9,41.663994,-89.076393
3039054,IL,Lee County,Shady Oaks,2012.0,1500.0,85.0,82.0,5281.02,125.9,41.63269,-89.099091
3038962,IL,Lee County,Shady Oaks,2012.0,1500.0,85.0,82.0,5281.02,125.9,41.67749,-89.094994
3039026,IL,Lee County,Shady Oaks,2012.0,1500.0,85.0,82.0,5281.02,125.9,41.664494,-89.062096
3039027,IL,Lee County,Shady Oaks,2012.0,1500.0,85.0,82.0,5281.02,125.9,41.663692,-89.087593
3039031,IL,Lee County,Shady Oaks,2012.0,1500.0,85.0,82.0,5281.02,125.9,41.661491,-89.068497
3038951,IL,Lee County,Shady Oaks,2012.0,1500.0,85.0,82.0,5281.02,125.9,41.681793,-89.113991
3039037,IL,Lee County,Shady Oaks,2012.0,1500.0,85.0,82.0,5281.02,125.9,41.654491,-89.079697
3038947,IL,Lee County,Shady Oaks,2012.0,1500.0,85.0,82.0,5281.02,125.9,41.684093,-89.119293
3039057,IL,Lee County,Shady Oaks,2012.0,1500.0,85.0,82.0,5281.02,125.9,41.631691,-89.093697
3038994,IL,Lee County,Shady Oaks,2012.0,1500.0,85.0,82.0,5281.02,125.9,41.668991,-89.078697
3039051,IL,Lee County,Shady Oaks,2012.0,1500.0,85.0,82.0,5281.02,125.9,41.637791,-89.104492
3039032,IL,Lee County,Shady Oaks,2012.0,1500.0,85.0,82.0,5281.02,125.9,41.659492,-89.089294
3039024,IL,Lee County,Shady Oaks,2012.0,1500.0,85.0,82.0,5281.02,125.9,41.665394,-89.099396
3039025,IL,Lee County,Shady Oaks,2012.0,1500.0,85.0,82.0,5281.02,125.9,41.665192,-89.093094
3038938,IL,Lee County,Shady Oaks,2012.0,2500.0,100.0,100.0,7853.98,150.0,41.705193,-89.125496
3038963,IL,Lee County,Shady Oaks,2012.0,1500.0,85.0,82.0,5281.02,125.9,41.676891,-89.10659
3039044,IL,Lee County,Shady Oaks,2012.0,1500.0,85.0,82.0,5281.02,125.9,41.650093,-89.082092
3038941,IL,Lee County,Shady Oaks,2012.0,2500.0,100.0,100.0,7853.98,150.0,41.697392,-89.115097
3039061,IL,Lee County,Shady Oaks,2012.0,1500.0,85.0,82.0,5281.02,125.9,41.684292,-89.137291
3039033,IL,Lee County,Shady Oaks,2012.0,1500.0,85.0,82.0,5281.02,125.9,41.659691,-89.074394
3038991,IL,Lee County,Shady Oaks,2012.0,1500.0,85.0,82.0,5281.02,125.9,41.673092,-89.106392
3038946,IL,Lee County,Shady Oaks,2012.0,1500.0,85.0,82.0,5281.02,125.9,41.684193,-89.131996
3038952,IL,Lee County,Shady Oaks,2012.0,1500.0,85.0,82.0,5281.02,125.9,41.680893,-89.098091
3039063,IL,Lee County,Shady Oaks,2012.0,1500.0,85.0,82.0,5281.02,125.9,41.67189,-89.073494
3038990,IL,Lee County,Shady Oaks,2012.0,1500.0,85.0,82.0,5281.02,125.9,41.673492,-89.117897
3039040,IL,Lee County,Shady Oaks,2012.0,1500.0,85.0,82.0,5281.02,125.9,41.651592,-89.135094
3038959,IL,Lee County,Shady Oaks,2012.0,1500.0,85.0,82.0,5281.02,125.9,41.678291,-89.074997
3039041,IL,Lee County,Shady Oaks,2012.0,1500.0,85.0,82.0,5281.02,125.9,41.651291,-89.11219
3038966,IL,Lee County,Shady Oaks,2012.0,1500.0,85.0,82.0,5281.02,125.9,41.674591,-89.131798
3038945,IL,Lee County,Shady Oaks,2012.0,1500.0,85.0,82.0,5281.02,125.9,41.660492,-89.08139
3039045,IL,Lee County,Shady Oaks,2012.0,1500.0,85.0,82.0,5281.02,125.9,41.647591,-89.098297
3039043,IL,Lee County,Shady Oaks,2012.0,1500.0,85.0,82.0,5281.02,125.9,41.650391,-89.069397
3039039,IL,Lee County,Shady Oaks,2012.0,1500.0,85.0,82.0,5281.02,125.9,41.654491,-89.073494
3038944,IL,Lee County,Shady Oaks,2012.0,1500.0,85.0,82.0,5281.02,125.9,41.687092,-89.073997
3038956,IL,Lee County,Shady Oaks,2012.0,1500.0,85.0,82.0,5281.02,125.9,41.680256,-89.087173
3038988,IL,Lee County,Shady Oaks,2012.0,1500.0,85.0,82.0,5281.02,125.9,41.673393,-89.095291
3039052,IL,Lee County,Shady Oaks,2012.0,1500.0,85.0,82.0,5281.02,125.9,41.636292,-89.083397
3117969,IL,Lee County,Shady Oaks II,2023.0,5600.0,105.0,150.0,17671.46,180.1,41.659878,-88.999153
3134477,IL,Lee County,Shady Oaks II,2023.0,5600.0,105.0,150.0,17671.46,180.1,41.648472,-89.002052
3134488,IL,Lee County,Shady Oaks II,2023.0,5600.0,105.0,150.0,17671.46,180.1,41.668003,-89.019272
3117300,IL,Lee County,Shady Oaks II,2023.0,5600.0,105.0,150.0,17671.46,180.1,41.665192,-88.992844
3134468,IL,Lee County,Shady Oaks II,2023.0,5600.0,105.0,150.0,17671.46,180.1,41.647205,-89.007561
3134472,IL,Lee County,Shady Oaks II,2023.0,5600.0,105.0,150.0,17671.46,180.1,41.651932,-89.006584
3134486,IL,Lee County,Shady Oaks II,2023.0,5600.0,105.0,150.0,17671.46,180.1,41.670128,-89.013763
3134471,IL,Lee County,Shady Oaks II,2023.0,2600.0,80.0,114.0,10207.03,136.9,41.633617,-89.023659
3134487,IL,Lee County,Shady Oaks II,2023.0,5600.0,105.0,150.0,17671.46,180.1,41.675465,-89.029343
3134474,IL,Lee County,Shady Oaks II,2023.0,5600.0,105.0,150.0,17671.46,180.1,41.65287,-88.984863
3134476,IL,Lee County,Shady Oaks II,2023.0,5600.0,105.0,150.0,17671.46,180.1,41.659855,-88.985031
3134469,IL,Lee County,Shady Oaks II,2023.0,2600.0,80.0,114.0,10207.03,136.9,41.636627,-89.016579
3134470,IL,Lee County,Shady Oaks II,2023.0,5600.0,105.0,150.0,17671.46,180.1,41.650742,-88.989624
3123107,IL,Lee County,Shady Oaks II,2023.0,5600.0,105.0,150.0,17671.46,180.1,41.665642,-89.033737
3134492,IL,Lee County,Shady Oaks II,2023.0,5600.0,105.0,150.0,17671.46,180.1,41.67617,-89.009232
3134489,IL,Lee County,Shady Oaks II,2023.0,5600.0,105.0,150.0,17671.46,180.1,41.672127,-89.00293
3123007,IL,Lee County,Shady Oaks II,2023.0,2600.0,80.0,114.0,10207.03,136.9,41.668358,-89.043266
3117861,IL,Lee County,Shady Oaks II,2023.0,2600.0,80.0,114.0,10207.03,136.9,41.636681,-88.999626
3134485,IL,Lee County,Shady Oaks II,2023.0,5600.0,105.0,150.0,17671.46,180.1,41.666656,-89.0299
3134490,IL,Lee County,Shady Oaks II,2023.0,5600.0,105.0,150.0,17671.46,180.1,41.670052,-89.008369
3123088,IL,Lee County,Shady Oaks II,2023.0,2600.0,80.0,114.0,10207.03,136.9,41.665016,-89.039696
3134482,IL,Lee County,Shady Oaks II,2023.0,5600.0,105.0,150.0,17671.46,180.1,41.679695,-89.004623
3070438,IL,Rock Island County,Sherrard High School,2009.0,600.0,50.0,47.0,1734.94,73.5,41.344524,-90.528229
3044951,CO,Logan County,Spring Canyon,2006.0,1500.0,80.0,77.0,4656.63,118.6,40.932392,-103.044388
3044939,CO,Logan County,Spring Canyon,2006.0,1500.0,80.0,77.0,4656.63,118.6,40.982292,-102.968887
3044961,CO,Logan County,Spring Canyon,2006.0,1500.0,80.0,77.0,4656.63,118.6,40.979393,-102.987793
3044946,CO,Logan County,Spring Canyon,2006.0,1500.0,80.0,77.0,4656.63,118.6,40.983692,-103.065788
3044957,CO,Logan County,Spring Canyon,2006.0,1500.0,80.0,77.0,4656.63,118.6,40.984993,-103.059387
3044962,CO,Logan County,Spring Canyon,2006.0,1500.0,80.0,77.0,4656.63,118.6,40.978893,-102.98349
3044960,CO,Logan County,Spring Canyon,2006.0,1500.0,80.0,77.0,4656.63,118.6,40.990791,-103.048492
3044950,CO,Logan County,Spring Canyon,2006.0,1500.0,80.0,77.0,4656.63,118.6,40.929394,-103.052094
3044954,CO,Logan County,Spring Canyon,2006.0,1500.0,80.0,77.0,4656.63,118.6,40.951492,-103.04969
3044934,CO,Logan County,Spring Canyon,2006.0,1500.0,80.0,77.0,4656.63,118.6,40.942993,-103.028091
3044952,CO,Logan County,Spring Canyon,2006.0,1500.0,80.0,77.0,4656.63,118.6,40.938793,-103.032791
3044948,CO,Logan County,Spring Canyon,2006.0,1500.0,80.0,77.0,4656.63,118.6,40.926792,-103.030693
3019201,CO,Logan County,Spring Canyon,2006.0,1500.0,80.0,77.0,4656.63,118.6,40.970493,-103.032494
3044953,CO,Logan County,Spring Canyon,2006.0,1500.0,80.0,77.0,4656.63,118.6,40.939491,-103.029694
3044937,CO,Logan County,Spring Canyon,2006.0,1500.0,80.0,77.0,4656.63,118.6,40.988094,-103.052788
3044958,CO,Logan County,Spring Canyon,2006.0,1500.0,80.0,77.0,4656.63,118.6,40.987492,-103.055893
3044942,CO,Logan County,Spring Canyon,2006.0,1500.0,80.0,77.0,4656.63,118.6,40.928894,-103.055389
3044949,CO,Logan County,Spring Canyon,2006.0,1500.0,80.0,77.0,4656.63,118.6,40.926094,-103.026588
3044930,CO,Logan County,Spring Canyon,2006.0,1500.0,80.0,77.0,4656.63,118.6,40.926891,-103.03569
3044967,CO,Logan County,Spring Canyon,2006.0,1500.0,80.0,77.0,4656.63,118.6,40.984894,-102.949493
3044941,CO,Logan County,Spring Canyon,2006.0,1500.0,80.0,77.0,4656.63,118.6,40.986794,-102.945992
3044964,CO,Logan County,Spring Canyon,2006.0,1500.0,80.0,77.0,4656.63,118.6,40.981194,-102.972893
3044931,CO,Logan County,Spring Canyon,2006.0,1500.0,80.0,77.0,4656.63,118.6,40.926094,-103.021988
3044935,CO,Logan County,Spring Canyon,2006.0,1500.0,80.0,77.0,4656.63,118.6,40.955593,-103.042389
3044943,CO,Logan County,Spring Canyon,2006.0,1500.0,80.0,77.0,4656.63,118.6,40.933792,-103.04039
3044944,CO,Logan County,Spring Canyon,2006.0,1500.0,80.0,77.0,4656.63,118.6,40.947994,-103.051392
3044932,CO,Logan County,Spring Canyon,2006.0,1500.0,80.0,77.0,4656.63,118.6,40.930695,-103.048592
3044938,CO,Logan County,Spring Canyon,2006.0,1500.0,80.0,77.0,4656.63,118.6,40.992092,-103.046989
3044940,CO,Logan County,Spring Canyon,2006.0,1500.0,80.0,77.0,4656.63,118.6,40.983593,-102.955093
3019202,CO,Logan County,Spring Canyon,2006.0,1500.0,80.0,77.0,4656.63,118.6,40.980595,-102.979187
3044963,CO,Logan County,Spring Canyon,2006.0,1500.0,80.0,77.0,4656.63,118.6,40.981293,-102.976089
3044936,CO,Logan County,Spring Canyon,2006.0,1500.0,80.0,77.0,4656.63,118.6,40.975594,-103.021492
3044956,CO,Logan County,Spring Canyon,2006.0,1500.0,80.0,77.0,4656.63,118.6,40.973492,-103.025291
3044965,CO,Logan County,Spring Canyon,2006.0,1500.0,80.0,77.0,4656.63,118.6,40.982994,-102.964493
3044947,CO,Logan County,Spring Canyon,2006.0,1500.0,80.0,77.0,4656.63,118.6,40.979294,-102.992188
3044959,CO,Logan County,Spring Canyon,2006.0,1500.0,80.0,77.0,4656.63,118.6,40.989094,-103.050789
3044945,CO,Logan County,Spring Canyon,2006.0,1500.0,80.0,77.0,4656.63,118.6,40.972294,-103.030289
3044966,CO,Logan County,Spring Canyon,2006.0,1500.0,80.0,77.0,4656.63,118.6,40.983894,-102.96019
3044933,CO,Logan County,Spring Canyon,2006.0,1500.0,80.0,77.0,4656.63,118.6,40.937492,-103.035393
3044955,CO,Logan County,Spring Canyon,2006.0,1500.0,80.0,77.0,4656.63,118.6,40.954094,-103.047691
3050982,CO,Logan County,Spring Canyon Expansion,2014.0,1790.0,85.0,100.0,7853.98,135.0,40.996792,-102.948494
3052227,CO,Logan County,Spring Canyon Expansion,2014.0,1790.0,85.0,100.0,7853.98,135.0,40.957382,-103.02256
3047636,CO,Logan County,Spring Canyon Expansion,2014.0,1790.0,85.0,100.0,7853.98,135.0,40.995125,-102.963127
3052228,CO,Logan County,Spring Canyon Expansion,2014.0,1790.0,85.0,100.0,7853.98,135.0,40.954262,-103.015549
3052032,CO,Logan County,Spring Canyon Expansion,2014.0,1790.0,85.0,100.0,7853.98,135.0,40.998634,-103.07476
3050765,CO,Logan County,Spring Canyon Expansion,2014.0,1790.0,85.0,100.0,7853.98,135.0,40.992012,-103.007431
3052177,CO,Logan County,Spring Canyon Expansion,2014.0,1790.0,85.0,100.0,7853.98,135.0,40.999252,-103.045311
3050891,CO,Logan County,Spring Canyon Expansion,2014.0,1790.0,85.0,100.0,7853.98,135.0,40.997204,-102.991753
3073737,CO,Logan County,Spring Canyon Expansion,2014.0,1790.0,85.0,100.0,7853.98,135.0,40.975479,-103.053627
3050890,CO,Logan County,Spring Canyon Expansion,2014.0,1790.0,85.0,100.0,7853.98,135.0,40.997364,-102.998299
3052181,CO,Logan County,Spring Canyon Expansion,2014.0,1790.0,85.0,100.0,7853.98,135.0,40.988674,-103.082947
3052225,CO,Logan County,Spring Canyon Expansion,2014.0,1790.0,85.0,100.0,7853.98,135.0,40.952034,-103.029572
3052034,CO,Logan County,Spring Canyon Expansion,2014.0,1790.0,85.0,100.0,7853.98,135.0,41.001385,-103.025337
3050986,CO,Logan County,Spring Canyon Expansion,2014.0,1790.0,85.0,100.0,7853.98,135.0,41.000172,-102.944969
3052035,CO,Logan County,Spring Canyon Expansion,2014.0,1790.0,85.0,100.0,7853.98,135.0,40.991814,-103.031799
3052180,CO,Logan County,Spring Canyon Expansion,2014.0,1790.0,85.0,100.0,7853.98,135.0,40.984703,-103.084312
3050764,CO,Logan County,Spring Canyon Expansion,2014.0,1790.0,85.0,100.0,7853.98,135.0,40.987843,-103.017197
3050924,CO,Logan County,Spring Canyon Expansion,2014.0,1790.0,85.0,100.0,7853.98,135.0,40.997253,-102.959068
3050901,CO,Logan County,Spring Canyon Expansion,2014.0,1790.0,85.0,100.0,7853.98,135.0,40.991955,-102.977287
3050875,CO,Logan County,Spring Canyon Expansion,2014.0,1790.0,85.0,100.0,7853.98,135.0,40.998104,-103.003021
3050919,CO,Logan County,Spring Canyon Expansion,2014.0,1790.0,85.0,100.0,7853.98,135.0,40.996132,-102.967934
3050761,CO,Logan County,Spring Canyon Expansion,2014.0,1790.0,85.0,100.0,7853.98,135.0,40.980492,-103.003311
3052033,CO,Logan County,Spring Canyon Expansion,2014.0,1790.0,85.0,100.0,7853.98,135.0,40.998859,-103.069038
3052182,CO,Logan County,Spring Canyon Expansion,2014.0,1790.0,85.0,100.0,7853.98,135.0,40.988972,-103.078682
3052178,CO,Logan County,Spring Canyon Expansion,2014.0,1790.0,85.0,100.0,7853.98,135.0,41.000053,-103.034134
3050763,CO,Logan County,Spring Canyon Expansion,2014.0,1790.0,85.0,100.0,7853.98,135.0,40.984722,-103.024139
3050981,CO,Logan County,Spring Canyon Expansion,2014.0,1790.0,85.0,100.0,7853.98,135.0,40.999863,-102.954552
3052224,CO,Logan County,Spring Canyon Expansion,2014.0,1790.0,85.0,100.0,7853.98,135.0,40.976513,-103.048851
3073702,CO,Logan County,Spring Canyon Expansion,2014.0,1790.0,85.0,100.0,7853.98,135.0,40.980427,-103.007683
3052226,CO,Logan County,Spring Canyon Expansion,2014.0,1790.0,85.0,100.0,7853.98,135.0,40.954693,-103.02639
3050767,CO,Logan County,Spring Canyon Expansion,2014.0,1790.0,85.0,100.0,7853.98,135.0,40.997433,-103.015137
3050913,CO,Logan County,Spring Canyon Expansion,2014.0,1790.0,85.0,100.0,7853.98,135.0,40.994923,-102.972954
3050874,CO,Logan County,Spring Canyon Expansion,2014.0,1790.0,85.0,100.0,7853.98,135.0,40.998573,-103.00853
3048721,CO,Logan County,Spring Canyon Expansion,2014.0,1790.0,85.0,100.0,7853.98,135.0,40.991913,-103.036209
3050897,CO,Logan County,Spring Canyon Expansion,2014.0,1790.0,85.0,100.0,7853.98,135.0,41.000233,-102.988434
3136773,NY,Erie County,Steel Winds,2007.0,2500.0,80.0,116.0,10568.32,138.1,42.820293,-78.868996
3136768,NY,Erie County,Steel Winds,2007.0,2500.0,80.0,116.0,10568.32,138.1,42.81229,-78.863998
3136775,NY,Erie County,Steel Winds,2007.0,2500.0,80.0,116.0,10568.32,138.1,42.823891,-78.8713
3118028,NY,Erie County,Steel Winds,2007.0,2500.0,80.0,116.0,10568.32,138.1,42.813736,-78.864914
3136772,NY,Erie County,Steel Winds,2007.0,2500.0,80.0,116.0,10568.32,138.1,42.818592,-78.867996
3136771,NY,Erie County,Steel Winds,2007.0,2500.0,80.0,116.0,10568.32,138.1,42.817093,-78.8675
3117486,NY,Erie County,Steel Winds,2007.0,2500.0,80.0,116.0,10568.32,138.1,42.815334,-78.86599
3136774,NY,Erie County,Steel Winds,2007.0,2500.0,80.0,116.0,10568.32,138.1,42.821991,-78.870399
3136777,NY,Erie County,Steel Winds II,2012.0,2500.0,80.0,116.0,10568.32,138.1,42.801891,-78.8591
3136780,NY,Erie County,Steel Winds II,2012.0,2500.0,80.0,116.0,10568.32,138.1,42.806393,-78.861794
3136776,NY,Erie County,Steel Winds II,2012.0,2500.0,80.0,116.0,10568.32,138.1,42.80109,-78.857094
3136778,NY,Erie County,Steel Winds II,2012.0,2500.0,80.0,116.0,10568.32,138.1,42.803291,-78.8601
3136781,NY,Erie County,Steel Winds II,2012.0,2500.0,80.0,116.0,10568.32,138.1,42.825893,-78.871094
3136779,NY,Erie County,Steel Winds II,2012.0,2500.0,80.0,116.0,10568.32,138.1,42.804893,-78.861
3107961,IL,Logan County,Sugar Creek,2020.0,4200.0,105.0,150.0,17671.46,180.1,40.114223,-89.521683
3107960,IL,Logan County,Sugar Creek,2020.0,4200.0,105.0,150.0,17671.46,180.1,40.138256,-89.546249
3105351,IL,Logan County,Sugar Creek,2020.0,4200.0,105.0,150.0,17671.46,180.1,40.164036,-89.526367
3106747,IL,Logan County,Sugar Creek,2020.0,4200.0,105.0,150.0,17671.46,180.1,40.113335,-89.526207
3105837,IL,Logan County,Sugar Creek,2020.0,4200.0,105.0,150.0,17671.46,180.1,40.138088,-89.55191
3106618,IL,Logan County,Sugar Creek,2020.0,4200.0,105.0,150.0,17671.46,180.1,40.109432,-89.523651
3101264,IL,Logan County,Sugar Creek,2020.0,2000.0,120.0,110.0,9503.32,175.0,40.171051,-89.558128
3102083,IL,Logan County,Sugar Creek,2020.0,2000.0,120.0,110.0,9503.32,175.0,40.155083,-89.465019
3101765,IL,Logan County,Sugar Creek,2020.0,2000.0,120.0,110.0,9503.32,175.0,40.131931,-89.571449
3108518,IL,Logan County,Sugar Creek,2020.0,4200.0,105.0,150.0,17671.46,180.1,40.133747,-89.538101
3100699,IL,Logan County,Sugar Creek,2020.0,2000.0,120.0,110.0,9503.32,175.0,40.14806,-89.58329
3105626,IL,Logan County,Sugar Creek,2020.0,4200.0,105.0,150.0,17671.46,180.1,40.160995,-89.478348
3100776,IL,Logan County,Sugar Creek,2020.0,2000.0,120.0,110.0,9503.32,175.0,40.152725,-89.472473
3105363,IL,Logan County,Sugar Creek,2020.0,4200.0,105.0,150.0,17671.46,180.1,40.138931,-89.469086
3100861,IL,Logan County,Sugar Creek,2020.0,2000.0,120.0,110.0,9503.32,175.0,40.171474,-89.552765
3107964,IL,Logan County,Sugar Creek,2020.0,4200.0,105.0,150.0,17671.46,180.1,40.11882,-89.543076
3105387,IL,Logan County,Sugar Creek,2020.0,4200.0,105.0,150.0,17671.46,180.1,40.14666,-89.520554
3105907,IL,Logan County,Sugar Creek,2020.0,4200.0,105.0,150.0,17671.46,180.1,40.157749,-89.50692
3101174,IL,Logan County,Sugar Creek,2020.0,2000.0,120.0,110.0,9503.32,175.0,40.141197,-89.583153
3101984,IL,Logan County,Sugar Creek,2020.0,4200.0,105.0,150.0,17671.46,180.1,40.137886,-89.582893
3102057,IL,Logan County,Sugar Creek,2020.0,2000.0,120.0,110.0,9503.32,175.0,40.155685,-89.473083
3105542,IL,Logan County,Sugar Creek,2020.0,4200.0,105.0,150.0,17671.46,180.1,40.147984,-89.515663
3105269,IL,Logan County,Sugar Creek,2020.0,4200.0,105.0,150.0,17671.46,180.1,40.16061,-89.533585
3108500,IL,Logan County,Sugar Creek,2020.0,4200.0,105.0,150.0,17671.46,180.1,40.170517,-89.507111
3101038,IL,Logan County,Sugar Creek,2020.0,2000.0,120.0,110.0,9503.32,175.0,40.137215,-89.574173
3105496,IL,Logan County,Sugar Creek,2020.0,4200.0,105.0,150.0,17671.46,180.1,40.139519,-89.487701
3105992,IL,Logan County,Sugar Creek,2020.0,4200.0,105.0,150.0,17671.46,180.1,40.118416,-89.539398
3101247,IL,Logan County,Sugar Creek,2020.0,2000.0,120.0,110.0,9503.32,175.0,40.145206,-89.584862
3107963,IL,Logan County,Sugar Creek,2020.0,4200.0,105.0,150.0,17671.46,180.1,40.110039,-89.53582
3107472,IL,Logan County,Sugar Creek,2020.0,4200.0,105.0,150.0,17671.46,180.1,40.136826,-89.558533
3101177,IL,Logan County,Sugar Creek,2020.0,2000.0,120.0,110.0,9503.32,175.0,40.152802,-89.478058
3102053,IL,Logan County,Sugar Creek,2020.0,4200.0,105.0,150.0,17671.46,180.1,40.162716,-89.482986
3108097,IL,Logan County,Sugar Creek,2020.0,4200.0,105.0,150.0,17671.46,180.1,40.157013,-89.5112
3108314,IL,Logan County,Sugar Creek,2020.0,4200.0,105.0,150.0,17671.46,180.1,40.137867,-89.534927
3106751,IL,Logan County,Sugar Creek,2020.0,4200.0,105.0,150.0,17671.46,180.1,40.130936,-89.534866
3105693,IL,Logan County,Sugar Creek,2020.0,4200.0,105.0,150.0,17671.46,180.1,40.148235,-89.511337
3101110,IL,Logan County,Sugar Creek,2020.0,2000.0,120.0,110.0,9503.32,175.0,40.167027,-89.552605
3105475,IL,Logan County,Sugar Creek,2020.0,4200.0,105.0,150.0,17671.46,180.1,40.139816,-89.465179
3105344,IL,Logan County,Sugar Creek,2020.0,4200.0,105.0,150.0,17671.46,180.1,40.13871,-89.506836
3101834,IL,Logan County,Sugar Creek,2020.0,2000.0,120.0,110.0,9503.32,175.0,40.147591,-89.587898
3100667,IL,Logan County,Sugar Creek,2020.0,2000.0,120.0,110.0,9503.32,175.0,40.171082,-89.594139
3107538,IL,Logan County,Sugar Creek,2020.0,4200.0,105.0,150.0,17671.46,180.1,40.137138,-89.562965
3107962,IL,Logan County,Sugar Creek,2020.0,4200.0,105.0,150.0,17671.46,180.1,40.109493,-89.528221
3108294,IL,Logan County,Sugar Creek,2020.0,4200.0,105.0,150.0,17671.46,180.1,40.13953,-89.540779
3100538,IL,Logan County,Sugar Creek,2020.0,2000.0,120.0,110.0,9503.32,175.0,40.177044,-89.564339
3105420,IL,Logan County,Sugar Creek,2020.0,4200.0,105.0,150.0,17671.46,180.1,40.170967,-89.520256
3105731,IL,Logan County,Sugar Creek,2020.0,4200.0,105.0,150.0,17671.46,180.1,40.164459,-89.530571
3101005,IL,Logan County,Sugar Creek,2020.0,4200.0,105.0,150.0,17671.46,180.1,40.155872,-89.481133
3101998,IL,Logan County,Sugar Creek,2020.0,2000.0,120.0,110.0,9503.32,175.0,40.176952,-89.59243
3101872,IL,Logan County,Sugar Creek,2020.0,4200.0,105.0,150.0,17671.46,180.1,40.1395,-89.492149
3107494,IL,Logan County,Sugar Creek,2020.0,4200.0,105.0,150.0,17671.46,180.1,40.129745,-89.539047
3106162,IL,Logan County,Sugar Creek,2020.0,4200.0,105.0,150.0,17671.46,180.1,40.126858,-89.543747
3101779,IL,Logan County,Sugar Creek,2020.0,2000.0,120.0,110.0,9503.32,175.0,40.153454,-89.468636
3108419,IL,Logan County,Sugar Creek,2020.0,4200.0,105.0,150.0,17671.46,180.1,40.118137,-89.523773
3106191,IL,Logan County,Sugar Creek,2020.0,4200.0,105.0,150.0,17671.46,180.1,40.168739,-89.516586
3107201,IL,Logan County,Sugar Creek,2020.0,4200.0,105.0,150.0,17671.46,180.1,40.159576,-89.511208
3101073,IL,Logan County,Sugar Creek,2020.0,4200.0,105.0,150.0,17671.46,180.1,40.135429,-89.490829
3022059,IL,Lee County,Sustainable Technologies Museum (Turbine Adam),2007.0,2500.0,80.0,96.0,7238.23,128.0,41.660294,-89.249695
3056656,IL,Champaign County,TAC-Distributed Wind,2017.0,,,,,,40.088814,-88.244324
3037690,IL,Cook County,Testa Produce,2011.0,750.0,50.0,47.0,1734.94,73.5,41.810692,-87.653992
3144008,IL,Logan County,Top Hat Wind,2025.0,3400.0,117.0,140.0,15393.8,187.0,40.140797,-89.213097
3145761,IL,Logan County,Top Hat Wind,2025.0,3400.0,117.0,140.0,15393.8,187.0,39.991062,-89.1903
3145782,IL,Logan County,Top Hat Wind,2025.0,3400.0,117.0,140.0,15393.8,187.0,40.13031,-89.208977
3144822,IL,Logan County,Top Hat Wind,2025.0,3400.0,117.0,140.0,15393.8,187.0,40.052155,-89.174316
3145168,IL,Logan County,Top Hat Wind,2025.0,3400.0,117.0,140.0,15393.8,187.0,40.028564,-89.165878
3143795,IL,Logan County,Top Hat Wind,2025.0,3400.0,117.0,140.0,15393.8,187.0,40.130875,-89.148415
3143971,IL,Logan County,Top Hat Wind,2025.0,3400.0,117.0,140.0,15393.8,187.0,40.042728,-89.169373
3145781,IL,Logan County,Top Hat Wind,2025.0,3400.0,117.0,140.0,15393.8,187.0,40.13306,-89.160049
3145247,IL,Logan County,Top Hat Wind,2025.0,3400.0,117.0,140.0,15393.8,187.0,40.11694,-89.208931
3145661,IL,Logan County,Top Hat Wind,2025.0,3400.0,117.0,140.0,15393.8,187.0,40.089882,-89.15213
3144557,IL,Logan County,Top Hat Wind,2025.0,3400.0,117.0,140.0,15393.8,187.0,40.117973,-89.148407
3144707,IL,Logan County,Top Hat Wind,2025.0,3400.0,117.0,140.0,15393.8,187.0,39.981133,-89.201828
3144072,IL,Logan County,Top Hat Wind,2025.0,3400.0,117.0,140.0,15393.8,187.0,40.082127,-89.231094
3145777,IL,Logan County,Top Hat Wind,2025.0,3400.0,117.0,140.0,15393.8,187.0,40.101768,-89.208344
3144319,IL,Logan County,Top Hat Wind,2025.0,3400.0,117.0,140.0,15393.8,187.0,40.141048,-89.20517
3145762,IL,Logan County,Top Hat Wind,2025.0,3400.0,117.0,140.0,15393.8,187.0,39.987347,-89.165474
3144419,IL,Logan County,Top Hat Wind,2025.0,3400.0,117.0,140.0,15393.8,187.0,40.035591,-89.250687
3144817,IL,Logan County,Top Hat Wind,2025.0,3400.0,117.0,140.0,15393.8,187.0,40.027786,-89.147209
3144235,IL,Logan County,Top Hat Wind,2025.0,3400.0,117.0,140.0,15393.8,187.0,40.086491,-89.194916
3143668,IL,Logan County,Top Hat Wind,2025.0,3400.0,117.0,140.0,15393.8,187.0,40.125839,-89.152084
3145783,IL,Logan County,Top Hat Wind,2025.0,3400.0,117.0,140.0,15393.8,187.0,40.125778,-89.197365
3145034,IL,Logan County,Top Hat Wind,2025.0,3400.0,117.0,140.0,15393.8,187.0,40.002773,-89.146851
3144644,IL,Logan County,Top Hat Wind,2025.0,3400.0,117.0,140.0,15393.8,187.0,40.122738,-89.183746
3145518,IL,Logan County,Top Hat Wind,2025.0,3400.0,117.0,140.0,15393.8,187.0,39.998524,-89.159882
3144512,IL,Logan County,Top Hat Wind,2025.0,3400.0,117.0,140.0,15393.8,187.0,40.061291,-89.151733
3144486,IL,Logan County,Top Hat Wind,2025.0,3400.0,117.0,140.0,15393.8,187.0,40.035503,-89.173744
3143962,IL,Logan County,Top Hat Wind,2025.0,3400.0,117.0,140.0,15393.8,187.0,40.08215,-89.216393
3145408,IL,Logan County,Top Hat Wind,2025.0,3400.0,117.0,140.0,15393.8,187.0,40.017288,-89.150497
3144135,IL,Logan County,Top Hat Wind,2025.0,3400.0,117.0,140.0,15393.8,187.0,40.108276,-89.198608
3143828,IL,Logan County,Top Hat Wind,2025.0,3400.0,117.0,140.0,15393.8,187.0,40.12392,-89.2043
3145770,IL,Logan County,Top Hat Wind,2025.0,3400.0,117.0,140.0,15393.8,187.0,40.053997,-89.147484
3145775,IL,Logan County,Top Hat Wind,2025.0,3400.0,117.0,140.0,15393.8,187.0,40.133121,-89.166183
3145774,IL,Logan County,Top Hat Wind,2025.0,3400.0,117.0,140.0,15393.8,187.0,40.083881,-89.211609
3144352,IL,Logan County,Top Hat Wind,2025.0,3400.0,117.0,140.0,15393.8,187.0,40.097881,-89.202995
3144731,IL,Logan County,Top Hat Wind,2025.0,3400.0,117.0,140.0,15393.8,187.0,40.021137,-89.169716
3145856,IL,Logan County,Top Hat Wind,2025.0,3400.0,117.0,140.0,15393.8,187.0,40.021015,-89.177902
3144295,IL,Logan County,Top Hat Wind,2025.0,3400.0,117.0,140.0,15393.8,187.0,40.110897,-89.180107
3144612,IL,Logan County,Top Hat Wind,2025.0,3400.0,117.0,140.0,15393.8,187.0,40.038673,-89.266777
3145404,IL,Logan County,Top Hat Wind,2025.0,3400.0,117.0,140.0,15393.8,187.0,40.079842,-89.236221
3145773,IL,Logan County,Top Hat Wind,2025.0,3400.0,117.0,140.0,15393.8,187.0,40.086292,-89.205139
3144016,IL,Logan County,Top Hat Wind,2025.0,3400.0,117.0,140.0,15393.8,187.0,39.985409,-89.195618
3144889,IL,Logan County,Top Hat Wind,2025.0,3400.0,117.0,140.0,15393.8,187.0,40.009674,-89.184258
3144458,IL,Logan County,Top Hat Wind,2025.0,3400.0,117.0,140.0,15393.8,187.0,40.037502,-89.273079
3144165,IL,Logan County,Top Hat Wind,2025.0,3400.0,117.0,140.0,15393.8,187.0,40.075897,-89.147919
3145784,IL,Logan County,Top Hat Wind,2025.0,3400.0,117.0,140.0,15393.8,187.0,40.122566,-89.215202
3145737,IL,Logan County,Top Hat Wind,2025.0,3400.0,117.0,140.0,15393.8,187.0,40.098213,-89.194107
3145151,IL,Logan County,Top Hat Wind,2025.0,3400.0,117.0,140.0,15393.8,187.0,39.992615,-89.150124
3144183,IL,Logan County,Top Hat Wind,2025.0,3400.0,117.0,140.0,15393.8,187.0,40.039021,-89.187645
3144957,IL,Logan County,Top Hat Wind,2025.0,3400.0,117.0,140.0,15393.8,187.0,40.054359,-89.166397
3144567,IL,Logan County,Top Hat Wind,2025.0,3400.0,117.0,140.0,15393.8,187.0,39.978619,-89.184273
3145780,IL,Logan County,Top Hat Wind,2025.0,3400.0,117.0,140.0,15393.8,187.0,40.118267,-89.157097
3144839,IL,Logan County,Top Hat Wind,2025.0,3400.0,117.0,140.0,15393.8,187.0,40.04335,-89.149902
3145759,IL,Logan County,Top Hat Wind,2025.0,3400.0,117.0,140.0,15393.8,187.0,40.042072,-89.261131
3144871,IL,Logan County,Top Hat Wind,2025.0,3400.0,117.0,140.0,15393.8,187.0,40.065495,-89.177254
3144914,IL,Logan County,Top Hat Wind,2025.0,3400.0,117.0,140.0,15393.8,187.0,40.036171,-89.178314
3145172,IL,Logan County,Top Hat Wind,2025.0,3400.0,117.0,140.0,15393.8,187.0,40.083378,-89.223869
3145427,IL,Logan County,Top Hat Wind,2025.0,3400.0,117.0,140.0,15393.8,187.0,40.122765,-89.177528
3144306,IL,Logan County,Top Hat Wind,2025.0,3400.0,117.0,140.0,15393.8,187.0,40.002693,-89.15464
3143948,IL,Logan County,Top Hat Wind,2025.0,3400.0,117.0,140.0,15393.8,187.0,40.075462,-89.169868
3143749,IL,Logan County,Top Hat Wind,2025.0,3400.0,117.0,140.0,15393.8,187.0,40.017235,-89.155815
3003837,NY,Oswego County,Town of Richland,2010.0,100.0,,21.0,346.36,,43.565189,-76.036995
3062472,IL,Lee County,Turbine EVE,2012.0,2500.0,100.0,96.0,7238.23,148.1,41.637596,-89.245003
3023234,CO,Bent County,Twin Buttes,2007.0,1500.0,80.0,77.0,4656.63,118.6,37.652393,-102.87999
3023231,CO,Bent County,Twin Buttes,2007.0,1500.0,80.0,77.0,4656.63,118.6,37.673794,-102.80629
3023216,CO,Bent County,Twin Buttes,2007.0,1500.0,80.0,77.0,4656.63,118.6,37.689793,-102.845589
3023233,CO,Bent County,Twin Buttes,2007.0,1500.0,80.0,77.0,4656.63,118.6,37.674194,-102.836494
3023226,CO,Bent County,Twin Buttes,2007.0,1500.0,80.0,77.0,4656.63,118.6,37.674393,-102.832893
3023200,CO,Bent County,Twin Buttes,2007.0,1500.0,80.0,77.0,4656.63,118.6,37.671593,-102.89669
3023215,CO,Bent County,Twin Buttes,2007.0,1500.0,80.0,77.0,4656.63,118.6,37.689396,-102.848892
3023223,CO,Bent County,Twin Buttes,2007.0,1500.0,80.0,77.0,4656.63,118.6,37.668293,-102.847794
3083382,CO,Bent County,Twin Buttes,2007.0,1500.0,80.0,77.0,4656.63,118.6,37.656254,-102.914597
3023219,CO,Bent County,Twin Buttes,2007.0,1500.0,80.0,77.0,4656.63,118.6,37.695095,-102.83519
3023206,CO,Bent County,Twin Buttes,2007.0,1500.0,80.0,77.0,4656.63,118.6,37.653294,-102.904594
3023203,CO,Bent County,Twin Buttes,2007.0,1500.0,80.0,77.0,4656.63,118.6,37.671696,-102.886589
3023218,CO,Bent County,Twin Buttes,2007.0,1500.0,80.0,77.0,4656.63,118.6,37.693394,-102.839394
3023225,CO,Bent County,Twin Buttes,2007.0,1500.0,80.0,77.0,4656.63,118.6,37.668095,-102.841194
3083381,CO,Bent County,Twin Buttes,2007.0,1500.0,80.0,77.0,4656.63,118.6,37.674526,-102.827385
3023209,CO,Bent County,Twin Buttes,2007.0,1500.0,80.0,77.0,4656.63,118.6,37.671696,-102.876389
3023201,CO,Bent County,Twin Buttes,2007.0,1500.0,80.0,77.0,4656.63,118.6,37.671593,-102.893593
3023208,CO,Bent County,Twin Buttes,2007.0,1500.0,80.0,77.0,4656.63,118.6,37.671696,-102.879593
3023229,CO,Bent County,Twin Buttes,2007.0,1500.0,80.0,77.0,4656.63,118.6,37.674393,-102.813393
3023232,CO,Bent County,Twin Buttes,2007.0,1500.0,80.0,77.0,4656.63,118.6,37.666992,-102.864494
3023236,CO,Bent County,Twin Buttes,2007.0,1500.0,80.0,77.0,4656.63,118.6,37.652992,-102.901192
3023235,CO,Bent County,Twin Buttes,2007.0,1500.0,80.0,77.0,4656.63,118.6,37.655293,-102.911293
3018375,CO,Bent County,Twin Buttes,2007.0,1500.0,80.0,77.0,4656.63,118.6,37.673992,-102.802994
3018374,CO,Bent County,Twin Buttes,2007.0,1500.0,80.0,77.0,4656.63,118.6,37.698093,-102.821289
3023214,CO,Bent County,Twin Buttes,2007.0,1500.0,80.0,77.0,4656.63,118.6,37.687595,-102.851593
3023227,CO,Bent County,Twin Buttes,2007.0,1500.0,80.0,77.0,4656.63,118.6,37.674095,-102.821289
3023213,CO,Bent County,Twin Buttes,2007.0,1500.0,80.0,77.0,4656.63,118.6,37.683895,-102.857887
3070463,CO,Bent County,Twin Buttes,2007.0,1500.0,80.0,77.0,4656.63,118.6,37.652294,-102.890778
3069861,CO,Bent County,Twin Buttes,2007.0,1500.0,80.0,77.0,4656.63,118.6,37.696499,-102.823921
3023222,CO,Bent County,Twin Buttes,2007.0,1500.0,80.0,77.0,4656.63,118.6,37.668194,-102.851494
3023198,CO,Bent County,Twin Buttes,2007.0,1500.0,80.0,77.0,4656.63,118.6,37.652393,-102.876389
3023210,CO,Bent County,Twin Buttes,2007.0,1500.0,80.0,77.0,4656.63,118.6,37.681793,-102.872391
3023224,CO,Bent County,Twin Buttes,2007.0,1500.0,80.0,77.0,4656.63,118.6,37.668194,-102.844688
3069860,CO,Bent County,Twin Buttes,2007.0,1500.0,80.0,77.0,4656.63,118.6,37.695347,-102.827103
3023237,CO,Bent County,Twin Buttes,2007.0,1500.0,80.0,77.0,4656.63,118.6,37.651993,-102.896393
3023221,CO,Bent County,Twin Buttes,2007.0,1500.0,80.0,77.0,4656.63,118.6,37.666992,-102.857292
3083380,CO,Bent County,Twin Buttes,2007.0,1500.0,80.0,77.0,4656.63,118.6,37.681808,-102.860077
3023230,CO,Bent County,Twin Buttes,2007.0,1500.0,80.0,77.0,4656.63,118.6,37.673992,-102.810287
3018371,CO,Bent County,Twin Buttes,2007.0,1500.0,80.0,77.0,4656.63,118.6,37.695694,-102.830917
3023211,CO,Bent County,Twin Buttes,2007.0,1500.0,80.0,77.0,4656.63,118.6,37.681293,-102.868492
3023204,CO,Bent County,Twin Buttes,2007.0,1500.0,80.0,77.0,4656.63,118.6,37.671696,-102.883392
3023220,CO,Bent County,Twin Buttes,2007.0,1500.0,80.0,77.0,4656.63,118.6,37.666992,-102.86129
3023207,CO,Bent County,Twin Buttes,2007.0,1500.0,80.0,77.0,4656.63,118.6,37.652294,-102.887192
3023205,CO,Bent County,Twin Buttes,2007.0,1500.0,80.0,77.0,4656.63,118.6,37.654392,-102.907791
3023212,CO,Bent County,Twin Buttes,2007.0,1500.0,80.0,77.0,4656.63,118.6,37.682594,-102.863594
3023202,CO,Bent County,Twin Buttes,2007.0,1500.0,80.0,77.0,4656.63,118.6,37.671696,-102.889992
3023217,CO,Bent County,Twin Buttes,2007.0,1500.0,80.0,77.0,4656.63,118.6,37.691296,-102.84269
3023199,CO,Bent County,Twin Buttes,2007.0,1500.0,80.0,77.0,4656.63,118.6,37.671696,-102.89949
3023238,CO,Bent County,Twin Buttes,2007.0,1500.0,80.0,77.0,4656.63,118.6,37.652294,-102.883591
3023228,CO,Bent County,Twin Buttes,2007.0,1500.0,80.0,77.0,4656.63,118.6,37.674095,-102.817993
3075131,CO,Prowers County,Twin Buttes II,2017.0,2000.0,80.0,114.0,10207.03,136.9,37.772953,-102.563324
3077244,CO,Prowers County,Twin Buttes II,2017.0,2000.0,80.0,114.0,10207.03,136.9,37.78722,-102.579735
3075941,CO,Prowers County,Twin Buttes II,2017.0,2100.0,80.0,114.0,10207.03,136.9,37.772575,-102.530235
3076083,CO,Prowers County,Twin Buttes II,2017.0,2100.0,80.0,114.0,10207.03,136.9,37.776707,-102.46048
3076885,CO,Prowers County,Twin Buttes II,2017.0,2000.0,80.0,114.0,10207.03,136.9,37.759995,-102.565086
3078003,CO,Prowers County,Twin Buttes II,2017.0,2000.0,80.0,114.0,10207.03,136.9,37.776768,-102.456093
3076721,CO,Prowers County,Twin Buttes II,2017.0,2100.0,80.0,114.0,10207.03,136.9,37.77663,-102.464867
3081762,CO,Prowers County,Twin Buttes II,2017.0,2100.0,80.0,114.0,10207.03,136.9,37.772602,-102.518654
3076133,CO,Prowers County,Twin Buttes II,2017.0,2100.0,80.0,114.0,10207.03,136.9,37.772591,-102.500999
3077726,CO,Prowers County,Twin Buttes II,2017.0,2100.0,80.0,114.0,10207.03,136.9,37.771725,-102.534142
3077731,CO,Prowers County,Twin Buttes II,2017.0,2100.0,80.0,114.0,10207.03,136.9,37.77253,-102.489998
3077020,CO,Prowers County,Twin Buttes II,2017.0,2100.0,80.0,114.0,10207.03,136.9,37.772614,-102.526505
3076833,CO,Prowers County,Twin Buttes II,2017.0,2100.0,80.0,114.0,10207.03,136.9,37.777882,-102.452034
3081785,CO,Prowers County,Twin Buttes II,2017.0,2100.0,80.0,114.0,10207.03,136.9,37.787094,-102.573303
3080764,CO,Prowers County,Twin Buttes II,2017.0,2100.0,80.0,114.0,10207.03,136.9,37.759964,-102.569305
3076067,CO,Prowers County,Twin Buttes II,2017.0,2100.0,80.0,114.0,10207.03,136.9,37.782654,-102.540001
3077282,CO,Prowers County,Twin Buttes II,2017.0,2100.0,80.0,114.0,10207.03,136.9,37.78474,-102.56424
3077541,CO,Prowers County,Twin Buttes II,2017.0,2100.0,80.0,114.0,10207.03,136.9,37.774937,-102.55513
3081710,CO,Prowers County,Twin Buttes II,2017.0,2100.0,80.0,114.0,10207.03,136.9,37.772663,-102.50869
3076819,CO,Prowers County,Twin Buttes II,2017.0,2100.0,80.0,114.0,10207.03,136.9,37.772633,-102.467873
3076032,CO,Prowers County,Twin Buttes II,2017.0,2000.0,80.0,114.0,10207.03,136.9,37.77261,-102.472267
3077756,CO,Prowers County,Twin Buttes II,2017.0,2100.0,80.0,114.0,10207.03,136.9,37.772644,-102.504997
3077182,CO,Prowers County,Twin Buttes II,2017.0,2100.0,80.0,114.0,10207.03,136.9,37.77084,-102.537994
3075129,CO,Prowers County,Twin Buttes II,2017.0,2100.0,80.0,114.0,10207.03,136.9,37.770271,-102.570381
3075132,CO,Prowers County,Twin Buttes II,2017.0,2000.0,80.0,114.0,10207.03,136.9,37.774075,-102.559204
3081699,CO,Prowers County,Twin Buttes II,2017.0,2100.0,80.0,114.0,10207.03,136.9,37.781517,-102.515518
3076127,CO,Prowers County,Twin Buttes II,2017.0,2100.0,80.0,114.0,10207.03,136.9,37.784718,-102.568634
3082198,CO,Prowers County,Twin Buttes II,2017.0,2100.0,80.0,114.0,10207.03,136.9,37.772511,-102.49527
3076835,CO,Prowers County,Twin Buttes II,2017.0,2100.0,80.0,114.0,10207.03,136.9,37.772457,-102.486
3076798,CO,Prowers County,Twin Buttes II,2017.0,2100.0,80.0,114.0,10207.03,136.9,37.782959,-102.512001
3076837,CO,Prowers County,Twin Buttes II,2017.0,2100.0,80.0,114.0,10207.03,136.9,37.775703,-102.55098
3083444,CO,Prowers County,Twin Buttes II,2017.0,2100.0,80.0,114.0,10207.03,136.9,37.783203,-102.544899
3083424,CO,Prowers County,Twin Buttes II,2017.0,2100.0,80.0,114.0,10207.03,136.9,37.772671,-102.543915
3083429,CO,Prowers County,Twin Buttes II,2017.0,2100.0,80.0,114.0,10207.03,136.9,37.769722,-102.477142
3081678,CO,Prowers County,Twin Buttes II,2017.0,2100.0,80.0,114.0,10207.03,136.9,37.772633,-102.522644
3075130,CO,Prowers County,Twin Buttes II,2017.0,2100.0,80.0,114.0,10207.03,136.9,37.772194,-102.567368
3022164,IL,McLean County,Twin Groves I,2007.0,1650.0,80.0,82.0,5281.02,121.0,40.461094,-88.703293
3017893,IL,McLean County,Twin Groves I,2007.0,1650.0,80.0,82.0,5281.02,121.0,40.42944,-88.676277
3022080,IL,McLean County,Twin Groves I,2007.0,1650.0,80.0,82.0,5281.02,121.0,40.458794,-88.660995
3022081,IL,McLean County,Twin Groves I,2007.0,1650.0,80.0,82.0,5281.02,121.0,40.462692,-88.652596
3022139,IL,McLean County,Twin Groves I,2007.0,1650.0,80.0,82.0,5281.02,121.0,40.477692,-88.761894
3022085,IL,McLean County,Twin Groves I,2007.0,1650.0,80.0,82.0,5281.02,121.0,40.458191,-88.648392
3022103,IL,McLean County,Twin Groves I,2007.0,1650.0,80.0,82.0,5281.02,121.0,40.427292,-88.668892
3022182,IL,McLean County,Twin Groves I,2007.0,1650.0,80.0,82.0,5281.02,121.0,40.422092,-88.691391
3022148,IL,McLean County,Twin Groves I,2007.0,1650.0,80.0,82.0,5281.02,121.0,40.475792,-88.795494
3022142,IL,McLean County,Twin Groves I,2007.0,1650.0,80.0,82.0,5281.02,121.0,40.482193,-88.779396
3022167,IL,McLean County,Twin Groves I,2007.0,1650.0,80.0,82.0,5281.02,121.0,40.443092,-88.689995
3022087,IL,McLean County,Twin Groves I,2007.0,1650.0,80.0,82.0,5281.02,121.0,40.461094,-88.636696
3022134,IL,McLean County,Twin Groves I,2007.0,1650.0,80.0,82.0,5281.02,121.0,40.476093,-88.734497
3022084,IL,McLean County,Twin Groves I,2007.0,1650.0,80.0,82.0,5281.02,121.0,40.462791,-88.643997
3022091,IL,McLean County,Twin Groves I,2007.0,1650.0,80.0,82.0,5281.02,121.0,40.443592,-88.656296
3022082,IL,McLean County,Twin Groves I,2007.0,1650.0,80.0,82.0,5281.02,121.0,40.461594,-88.658791
3022165,IL,McLean County,Twin Groves I,2007.0,1650.0,80.0,82.0,5281.02,121.0,40.460491,-88.699097
3017726,IL,McLean County,Twin Groves I,2007.0,1650.0,80.0,82.0,5281.02,121.0,40.418163,-88.6633
3022138,IL,McLean County,Twin Groves I,2007.0,1650.0,80.0,82.0,5281.02,121.0,40.481392,-88.747795
3022168,IL,McLean County,Twin Groves I,2007.0,1650.0,80.0,82.0,5281.02,121.0,40.447594,-88.690094
3022136,IL,McLean County,Twin Groves I,2007.0,1650.0,80.0,82.0,5281.02,121.0,40.473091,-88.727295
3017891,IL,McLean County,Twin Groves I,2007.0,1650.0,80.0,82.0,5281.02,121.0,40.409492,-88.633194
3022143,IL,McLean County,Twin Groves I,2007.0,1650.0,80.0,82.0,5281.02,121.0,40.477493,-88.782692
3022104,IL,McLean County,Twin Groves I,2007.0,1650.0,80.0,82.0,5281.02,121.0,40.426392,-88.66349
3070425,IL,McLean County,Twin Groves I,2007.0,1650.0,80.0,82.0,5281.02,121.0,40.477238,-88.798058
3070427,IL,McLean County,Twin Groves I,2007.0,1650.0,80.0,82.0,5281.02,121.0,40.4585,-88.719063
3022133,IL,McLean County,Twin Groves I,2007.0,1650.0,80.0,82.0,5281.02,121.0,40.473091,-88.714897
3022141,IL,McLean County,Twin Groves I,2007.0,1650.0,80.0,82.0,5281.02,121.0,40.475491,-88.749496
3077586,IL,McLean County,Twin Groves I,2007.0,1650.0,80.0,82.0,5281.02,121.0,40.433739,-88.705856
3022072,IL,McLean County,Twin Groves I,2007.0,1650.0,80.0,82.0,5281.02,121.0,40.46899,-88.682892
3070419,IL,McLean County,Twin Groves I,2007.0,1650.0,80.0,82.0,5281.02,121.0,40.462681,-88.684288
3022166,IL,McLean County,Twin Groves I,2007.0,1650.0,80.0,82.0,5281.02,121.0,40.445091,-88.696297
3077220,IL,McLean County,Twin Groves I,2007.0,1650.0,80.0,82.0,5281.02,121.0,40.409557,-88.640213
3022129,IL,McLean County,Twin Groves I,2007.0,1650.0,80.0,82.0,5281.02,121.0,40.478291,-88.696991
3022127,IL,McLean County,Twin Groves I,2007.0,1650.0,80.0,82.0,5281.02,121.0,40.481392,-88.698196
3022066,IL,McLean County,Twin Groves I,2007.0,1650.0,80.0,82.0,5281.02,121.0,40.47319,-88.649094
3022094,IL,McLean County,Twin Groves I,2007.0,1650.0,80.0,82.0,5281.02,121.0,40.443691,-88.671295
3022128,IL,McLean County,Twin Groves I,2007.0,1650.0,80.0,82.0,5281.02,121.0,40.480091,-88.690392
3022140,IL,McLean County,Twin Groves I,2007.0,1650.0,80.0,82.0,5281.02,121.0,40.476891,-88.75769
3017727,IL,McLean County,Twin Groves I,2007.0,1650.0,80.0,82.0,5281.02,121.0,40.417522,-88.655365
3022070,IL,McLean County,Twin Groves I,2007.0,1650.0,80.0,82.0,5281.02,121.0,40.473091,-88.673691
3022130,IL,McLean County,Twin Groves I,2007.0,1650.0,80.0,82.0,5281.02,121.0,40.476494,-88.692795
3077318,IL,McLean County,Twin Groves I,2007.0,1650.0,80.0,82.0,5281.02,121.0,40.431137,-88.718567
3070428,IL,McLean County,Twin Groves I,2007.0,1650.0,80.0,82.0,5281.02,121.0,40.470341,-88.695633
3017732,IL,McLean County,Twin Groves I,2007.0,1650.0,80.0,82.0,5281.02,121.0,40.421921,-88.670181
3022067,IL,McLean County,Twin Groves I,2007.0,1650.0,80.0,82.0,5281.02,121.0,40.478893,-88.659691
3022180,IL,McLean County,Twin Groves I,2007.0,1650.0,80.0,82.0,5281.02,121.0,40.426991,-88.705292
3022131,IL,McLean County,Twin Groves I,2007.0,1650.0,80.0,82.0,5281.02,121.0,40.48019,-88.714996
3070421,IL,McLean County,Twin Groves I,2007.0,1650.0,80.0,82.0,5281.02,121.0,40.445175,-88.659607
3077595,IL,McLean County,Twin Groves I,2007.0,1650.0,80.0,82.0,5281.02,121.0,40.427277,-88.673721
3022152,IL,McLean County,Twin Groves I,2007.0,1650.0,80.0,82.0,5281.02,121.0,40.468094,-88.755592
3022151,IL,McLean County,Twin Groves I,2007.0,1650.0,80.0,82.0,5281.02,121.0,40.469891,-88.758492
3017735,IL,McLean County,Twin Groves I,2007.0,1650.0,80.0,82.0,5281.02,121.0,40.429462,-88.728828
3022095,IL,McLean County,Twin Groves I,2007.0,1650.0,80.0,82.0,5281.02,121.0,40.438591,-88.679291
3022069,IL,McLean County,Twin Groves I,2007.0,1650.0,80.0,82.0,5281.02,121.0,40.476494,-88.675995
3022156,IL,McLean County,Twin Groves I,2007.0,1650.0,80.0,82.0,5281.02,121.0,40.468094,-88.727997
3070418,IL,McLean County,Twin Groves I,2007.0,1650.0,80.0,82.0,5281.02,121.0,40.468388,-88.679207
3017894,IL,McLean County,Twin Groves I,2007.0,1650.0,80.0,82.0,5281.02,121.0,40.430229,-88.692886
3022068,IL,McLean County,Twin Groves I,2007.0,1650.0,80.0,82.0,5281.02,121.0,40.476692,-88.656998
3022150,IL,McLean County,Twin Groves I,2007.0,1650.0,80.0,82.0,5281.02,121.0,40.467793,-88.766991
3022093,IL,McLean County,Twin Groves I,2007.0,1650.0,80.0,82.0,5281.02,121.0,40.446491,-88.673096
3022126,IL,McLean County,Twin Groves I,2007.0,1650.0,80.0,82.0,5281.02,121.0,40.482094,-88.701996
3076000,IL,McLean County,Twin Groves I,2007.0,1650.0,80.0,82.0,5281.02,121.0,40.433067,-88.722954
3076157,IL,McLean County,Twin Groves I,2007.0,1650.0,80.0,82.0,5281.02,121.0,40.422203,-88.651344
3077611,IL,McLean County,Twin Groves I,2007.0,1650.0,80.0,82.0,5281.02,121.0,40.419067,-88.667923
3077181,IL,McLean County,Twin Groves I,2007.0,1650.0,80.0,82.0,5281.02,121.0,40.409924,-88.667915
3022184,IL,McLean County,Twin Groves I,2007.0,1650.0,80.0,82.0,5281.02,121.0,40.409691,-88.694496
3076844,IL,McLean County,Twin Groves I,2007.0,1650.0,80.0,82.0,5281.02,121.0,40.409775,-88.64756
3022132,IL,McLean County,Twin Groves I,2007.0,1650.0,80.0,82.0,5281.02,121.0,40.478691,-88.711594
3022137,IL,McLean County,Twin Groves I,2007.0,1650.0,80.0,82.0,5281.02,121.0,40.482193,-88.754295
3022161,IL,McLean County,Twin Groves I,2007.0,1650.0,80.0,82.0,5281.02,121.0,40.467194,-88.704391
3022177,IL,McLean County,Twin Groves I,2007.0,1650.0,80.0,82.0,5281.02,121.0,40.431091,-88.696594
3076091,IL,McLean County,Twin Groves I,2007.0,1650.0,80.0,82.0,5281.02,121.0,40.431351,-88.68914
3022181,IL,McLean County,Twin Groves I,2007.0,1650.0,80.0,82.0,5281.02,121.0,40.422993,-88.695396
3022118,IL,McLean County,Twin Groves I,2007.0,1650.0,80.0,82.0,5281.02,121.0,40.402592,-88.682793
3022097,IL,McLean County,Twin Groves I,2007.0,1650.0,80.0,82.0,5281.02,121.0,40.43819,-88.670395
3022088,IL,McLean County,Twin Groves I,2007.0,1650.0,80.0,82.0,5281.02,121.0,40.459591,-88.633492
3022157,IL,McLean County,Twin Groves I,2007.0,1650.0,80.0,82.0,5281.02,121.0,40.468693,-88.720192
3022160,IL,McLean County,Twin Groves I,2007.0,1650.0,80.0,82.0,5281.02,121.0,40.462494,-88.707596
3022153,IL,McLean County,Twin Groves I,2007.0,1650.0,80.0,82.0,5281.02,121.0,40.469193,-88.762291
3070422,IL,McLean County,Twin Groves I,2007.0,1650.0,80.0,82.0,5281.02,121.0,40.436695,-88.676544
3077626,IL,McLean County,Twin Groves I,2007.0,1650.0,80.0,82.0,5281.02,121.0,40.422798,-88.678635
3022145,IL,McLean County,Twin Groves I,2007.0,1650.0,80.0,82.0,5281.02,121.0,40.477692,-88.771996
3070424,IL,McLean County,Twin Groves I,2007.0,1650.0,80.0,82.0,5281.02,121.0,40.4086,-88.652382
3022135,IL,McLean County,Twin Groves I,2007.0,1650.0,80.0,82.0,5281.02,121.0,40.474792,-88.731094
3077270,IL,McLean County,Twin Groves I,2007.0,1650.0,80.0,82.0,5281.02,121.0,40.432056,-88.703041
3022083,IL,McLean County,Twin Groves I,2007.0,1650.0,80.0,82.0,5281.02,121.0,40.463593,-88.647697
3022102,IL,McLean County,Twin Groves I,2007.0,1650.0,80.0,82.0,5281.02,121.0,40.428993,-88.657494
3022100,IL,McLean County,Twin Groves I,2007.0,1650.0,80.0,82.0,5281.02,121.0,40.433693,-88.658394
3022144,IL,McLean County,Twin Groves I,2007.0,1650.0,80.0,82.0,5281.02,121.0,40.476093,-88.779396
3022092,IL,McLean County,Twin Groves I,2007.0,1650.0,80.0,82.0,5281.02,121.0,40.44709,-88.682198
3022123,IL,McLean County,Twin Groves I,2007.0,1650.0,80.0,82.0,5281.02,121.0,40.409191,-88.644096
3022169,IL,McLean County,Twin Groves I,2007.0,1650.0,80.0,82.0,5281.02,121.0,40.430492,-88.733498
3070420,IL,McLean County,Twin Groves I,2007.0,1650.0,80.0,82.0,5281.02,121.0,40.461735,-88.640457
3022183,IL,McLean County,Twin Groves I,2007.0,1650.0,80.0,82.0,5281.02,121.0,40.42749,-88.708992
3022076,IL,McLean County,Twin Groves I,2007.0,1650.0,80.0,82.0,5281.02,121.0,40.462292,-88.68029
3017892,IL,McLean County,Twin Groves I,2007.0,1650.0,80.0,82.0,5281.02,121.0,40.410461,-88.63652
3022099,IL,McLean County,Twin Groves I,2007.0,1650.0,80.0,82.0,5281.02,121.0,40.435593,-88.672096
3017728,IL,McLean County,Twin Groves I,2007.0,1650.0,80.0,82.0,5281.02,121.0,40.416664,-88.651642
3022077,IL,McLean County,Twin Groves I,2007.0,1650.0,80.0,82.0,5281.02,121.0,40.461292,-88.676796
3022154,IL,McLean County,Twin Groves I,2007.0,1650.0,80.0,82.0,5281.02,121.0,40.466892,-88.735092
3022089,IL,McLean County,Twin Groves I,2007.0,1650.0,80.0,82.0,5281.02,121.0,40.451893,-88.646591
3017730,IL,McLean County,Twin Groves I,2007.0,1650.0,80.0,82.0,5281.02,121.0,40.421951,-88.674866
3022146,IL,McLean County,Twin Groves I,2007.0,1650.0,80.0,82.0,5281.02,121.0,40.476593,-88.767494
3022117,IL,McLean County,Twin Groves I,2007.0,1650.0,80.0,82.0,5281.02,121.0,40.404491,-88.685692
3017736,IL,McLean County,Twin Groves I,2007.0,1650.0,80.0,82.0,5281.02,121.0,40.43475,-88.729645
3022108,IL,McLean County,Twin Groves I,2007.0,1650.0,80.0,82.0,5281.02,121.0,40.418491,-88.659096
3022078,IL,McLean County,Twin Groves I,2007.0,1650.0,80.0,82.0,5281.02,121.0,40.460091,-88.673195
3022149,IL,McLean County,Twin Groves I,2007.0,1650.0,80.0,82.0,5281.02,121.0,40.468391,-88.770996
3022116,IL,McLean County,Twin Groves I,2007.0,1650.0,80.0,82.0,5281.02,121.0,40.41909,-88.686394
3022119,IL,McLean County,Twin Groves I,2007.0,1650.0,80.0,82.0,5281.02,121.0,40.399792,-88.680893
3022174,IL,McLean County,Twin Groves I,2007.0,1650.0,80.0,82.0,5281.02,121.0,40.439293,-88.691498
3022162,IL,McLean County,Twin Groves I,2007.0,1650.0,80.0,82.0,5281.02,121.0,40.466694,-88.699493
3071108,IL,McLean County,Twin Groves I,2007.0,1650.0,80.0,82.0,5281.02,121.0,40.411991,-88.696854
3022158,IL,McLean County,Twin Groves I,2007.0,1650.0,80.0,82.0,5281.02,121.0,40.460194,-88.721893
3022074,IL,McLean County,Twin Groves I,2007.0,1650.0,80.0,82.0,5281.02,121.0,40.466393,-88.670593
3070426,IL,McLean County,Twin Groves I,2007.0,1650.0,80.0,82.0,5281.02,121.0,40.466434,-88.731239
3070423,IL,McLean County,Twin Groves I,2007.0,1650.0,80.0,82.0,5281.02,121.0,40.431301,-88.655983
3022079,IL,McLean County,Twin Groves I,2007.0,1650.0,80.0,82.0,5281.02,121.0,40.465393,-88.667091
3022071,IL,McLean County,Twin Groves I,2007.0,1650.0,80.0,82.0,5281.02,121.0,40.470093,-88.686295
3022111,IL,McLean County,Twin Groves I,2007.0,1650.0,80.0,82.0,5281.02,121.0,40.42329,-88.682198
3018272,IL,McLean County,Twin Groves II,2008.0,1650.0,80.0,82.0,5281.02,121.0,40.408192,-88.588394
3018284,IL,McLean County,Twin Groves II,2007.0,1650.0,80.0,82.0,5281.02,121.0,40.480694,-88.547096
3071038,IL,McLean County,Twin Groves II,2007.0,1650.0,80.0,82.0,5281.02,121.0,40.480347,-88.595955
3069838,IL,McLean County,Twin Groves II,2007.0,1650.0,80.0,82.0,5281.02,121.0,40.462158,-88.584465
3018236,IL,McLean County,Twin Groves II,2007.0,1650.0,80.0,82.0,5281.02,121.0,40.466091,-88.596893
3018229,IL,McLean County,Twin Groves II,2007.0,1650.0,80.0,82.0,5281.02,121.0,40.468491,-88.62989
3018291,IL,McLean County,Twin Groves II,2007.0,1650.0,80.0,82.0,5281.02,121.0,40.472691,-88.571693
3018278,IL,McLean County,Twin Groves II,2007.0,1650.0,80.0,82.0,5281.02,121.0,40.473991,-88.490097
3018265,IL,McLean County,Twin Groves II,2008.0,1650.0,80.0,82.0,5281.02,121.0,40.407192,-88.615196
3018299,IL,McLean County,Twin Groves II,2007.0,1650.0,80.0,82.0,5281.02,121.0,40.464691,-88.531097
3018287,IL,McLean County,Twin Groves II,2007.0,1650.0,80.0,82.0,5281.02,121.0,40.472794,-88.548897
3018244,IL,McLean County,Twin Groves II,2007.0,1650.0,80.0,82.0,5281.02,121.0,40.450493,-88.580994
3069844,IL,McLean County,Twin Groves II,2008.0,1650.0,80.0,82.0,5281.02,121.0,40.425774,-88.582237
3069847,IL,McLean County,Twin Groves II,2008.0,1650.0,80.0,82.0,5281.02,121.0,40.410904,-88.605995
3018225,IL,McLean County,Twin Groves II,2007.0,1650.0,80.0,82.0,5281.02,121.0,40.475491,-88.599892
3018308,IL,McLean County,Twin Groves II,2007.0,1650.0,80.0,82.0,5281.02,121.0,40.409492,-88.570694
3018233,IL,McLean County,Twin Groves II,2007.0,1650.0,80.0,82.0,5281.02,121.0,40.460693,-88.618195
3018253,IL,McLean County,Twin Groves II,2007.0,1650.0,80.0,82.0,5281.02,121.0,40.43729,-88.625893
3070416,IL,McLean County,Twin Groves II,2008.0,1650.0,80.0,82.0,5281.02,121.0,40.401516,-88.59848
3017709,IL,McLean County,Twin Groves II,2008.0,1650.0,80.0,82.0,5281.02,121.0,40.409794,-88.602295
3018247,IL,McLean County,Twin Groves II,2007.0,1650.0,80.0,82.0,5281.02,121.0,40.450291,-88.617393
3018259,IL,McLean County,Twin Groves II,2008.0,1650.0,80.0,82.0,5281.02,121.0,40.419594,-88.587997
3018309,IL,McLean County,Twin Groves II,2007.0,1650.0,80.0,82.0,5281.02,121.0,40.481392,-88.487396
3021984,IL,McLean County,Twin Groves II,2007.0,1650.0,80.0,82.0,5281.02,121.0,40.421494,-88.54689
3018270,IL,McLean County,Twin Groves II,2008.0,1650.0,80.0,82.0,5281.02,121.0,40.399391,-88.607292
3018223,IL,McLean County,Twin Groves II,2007.0,1650.0,80.0,82.0,5281.02,121.0,40.474892,-88.611794
3018281,IL,McLean County,Twin Groves II,2007.0,1650.0,80.0,82.0,5281.02,121.0,40.475792,-88.510696
3017707,IL,McLean County,Twin Groves II,2008.0,1650.0,80.0,82.0,5281.02,121.0,40.407791,-88.629494
3018288,IL,McLean County,Twin Groves II,2007.0,1650.0,80.0,82.0,5281.02,121.0,40.481392,-88.572693
3069839,IL,McLean County,Twin Groves II,2007.0,1650.0,80.0,82.0,5281.02,121.0,40.460537,-88.581024
3018266,IL,McLean County,Twin Groves II,2008.0,1650.0,80.0,82.0,5281.02,121.0,40.411491,-88.609596
3018239,IL,McLean County,Twin Groves II,2007.0,1650.0,80.0,82.0,5281.02,121.0,40.469391,-88.578194
3018301,IL,McLean County,Twin Groves II,2007.0,1650.0,80.0,82.0,5281.02,121.0,40.462494,-88.533592
3021982,IL,McLean County,Twin Groves II,2007.0,1650.0,80.0,82.0,5281.02,121.0,40.468391,-88.511391
3018290,IL,McLean County,Twin Groves II,2007.0,1650.0,80.0,82.0,5281.02,121.0,40.477692,-88.564896
3070417,IL,McLean County,Twin Groves II,2008.0,1650.0,80.0,82.0,5281.02,121.0,40.46859,-88.565926
3069853,IL,McLean County,Twin Groves II,2007.0,1650.0,80.0,82.0,5281.02,121.0,40.461735,-88.514275
3018310,IL,McLean County,Twin Groves II,2007.0,1650.0,80.0,82.0,5281.02,121.0,40.48439,-88.506592
3018238,IL,McLean County,Twin Groves II,2007.0,1650.0,80.0,82.0,5281.02,121.0,40.458794,-88.595192
3018262,IL,McLean County,Twin Groves II,2007.0,1650.0,80.0,82.0,5281.02,121.0,40.419292,-88.574791
3022396,IL,McLean County,Twin Groves II,2007.0,1650.0,80.0,82.0,5281.02,121.0,40.459591,-88.614594
3018292,IL,McLean County,Twin Groves II,2007.0,1650.0,80.0,82.0,5281.02,121.0,40.469391,-88.569595
3018285,IL,McLean County,Twin Groves II,2007.0,1650.0,80.0,82.0,5281.02,121.0,40.477493,-88.553291
3069845,IL,McLean County,Twin Groves II,2008.0,1650.0,80.0,82.0,5281.02,121.0,40.41769,-88.584892
3070402,IL,McLean County,Twin Groves II,2007.0,1650.0,80.0,82.0,5281.02,121.0,40.478008,-88.503647
3018276,IL,McLean County,Twin Groves II,2007.0,1650.0,80.0,82.0,5281.02,121.0,40.484592,-88.492592
3069837,IL,McLean County,Twin Groves II,2007.0,1650.0,80.0,82.0,5281.02,121.0,40.461349,-88.622086
3069851,IL,McLean County,Twin Groves II,2007.0,1650.0,80.0,82.0,5281.02,121.0,40.462303,-88.565697
3069842,IL,McLean County,Twin Groves II,2007.0,1650.0,80.0,82.0,5281.02,121.0,40.431824,-88.629265
3069840,IL,McLean County,Twin Groves II,2007.0,1650.0,80.0,82.0,5281.02,121.0,40.446774,-88.599388
3018306,IL,McLean County,Twin Groves II,2007.0,1650.0,80.0,82.0,5281.02,121.0,40.421391,-88.563896
3018304,IL,McLean County,Twin Groves II,2007.0,1650.0,80.0,82.0,5281.02,121.0,40.468891,-88.491692
3069848,IL,McLean County,Twin Groves II,2008.0,1650.0,80.0,82.0,5281.02,121.0,40.411186,-88.591675
3017712,IL,McLean County,Twin Groves II,2007.0,1650.0,80.0,82.0,5281.02,121.0,40.420391,-88.560493
3018243,IL,McLean County,Twin Groves II,2008.0,1650.0,80.0,82.0,5281.02,121.0,40.451492,-88.584694
3018273,IL,McLean County,Twin Groves II,2008.0,1650.0,80.0,82.0,5281.02,121.0,40.406792,-88.584991
3070452,IL,McLean County,Twin Groves II,2008.0,1650.0,80.0,82.0,5281.02,121.0,40.423374,-88.580254
3018289,IL,McLean County,Twin Groves II,2007.0,1650.0,80.0,82.0,5281.02,121.0,40.479893,-88.569496
3069846,IL,McLean County,Twin Groves II,2008.0,1650.0,80.0,82.0,5281.02,121.0,40.406979,-88.6259
3069843,IL,McLean County,Twin Groves II,2007.0,1650.0,80.0,82.0,5281.02,121.0,40.433819,-88.619408
3018230,IL,McLean County,Twin Groves II,2007.0,1650.0,80.0,82.0,5281.02,121.0,40.466694,-88.619293
3018241,IL,McLean County,Twin Groves II,2007.0,1650.0,80.0,82.0,5281.02,121.0,40.457691,-88.591591
3017706,IL,McLean County,Twin Groves II,2007.0,1650.0,80.0,82.0,5281.02,121.0,40.46339,-88.587494
3069849,IL,McLean County,Twin Groves II,2008.0,1650.0,80.0,82.0,5281.02,121.0,40.411247,-88.583122
3070403,IL,McLean County,Twin Groves II,2007.0,1650.0,80.0,82.0,5281.02,121.0,40.41861,-88.547836
3018234,IL,McLean County,Twin Groves II,2007.0,1650.0,80.0,82.0,5281.02,121.0,40.467892,-88.609695
3070430,IL,McLean County,Twin Groves II,2007.0,1650.0,80.0,82.0,5281.02,121.0,40.435261,-88.622963
3018297,IL,McLean County,Twin Groves II,2007.0,1650.0,80.0,82.0,5281.02,121.0,40.462093,-88.541397
3018268,IL,McLean County,Twin Groves II,2008.0,1650.0,80.0,82.0,5281.02,121.0,40.408493,-88.599091
3018269,IL,McLean County,Twin Groves II,2008.0,1650.0,80.0,82.0,5281.02,121.0,40.40089,-88.610596
3018237,IL,McLean County,Twin Groves II,2007.0,1650.0,80.0,82.0,5281.02,121.0,40.460491,-88.600296
3018245,IL,McLean County,Twin Groves II,2007.0,1650.0,80.0,82.0,5281.02,121.0,40.454594,-88.600891
3018232,IL,McLean County,Twin Groves II,2007.0,1650.0,80.0,82.0,5281.02,121.0,40.462791,-88.625397
3017704,IL,McLean County,Twin Groves II,2007.0,1650.0,80.0,82.0,5281.02,121.0,40.476692,-88.603592
3018251,IL,McLean County,Twin Groves II,2007.0,1650.0,80.0,82.0,5281.02,121.0,40.433292,-88.638397
3018221,IL,McLean County,Twin Groves II,2007.0,1650.0,80.0,82.0,5281.02,121.0,40.475594,-88.578491
3018235,IL,McLean County,Twin Groves II,2007.0,1650.0,80.0,82.0,5281.02,121.0,40.466991,-88.601097
3018283,IL,McLean County,Twin Groves II,2007.0,1650.0,80.0,82.0,5281.02,121.0,40.479893,-88.529495
3018305,IL,McLean County,Twin Groves II,2007.0,1650.0,80.0,82.0,5281.02,121.0,40.422791,-88.567291
3017708,IL,McLean County,Twin Groves II,2007.0,1650.0,80.0,82.0,5281.02,121.0,40.466591,-88.548294
3018228,IL,McLean County,Twin Groves II,2007.0,1650.0,80.0,82.0,5281.02,121.0,40.477192,-88.618591
3071036,IL,McLean County,Twin Groves II,2007.0,1650.0,80.0,82.0,5281.02,121.0,40.476681,-88.506775
3018279,IL,McLean County,Twin Groves II,2007.0,1650.0,80.0,82.0,5281.02,121.0,40.483292,-88.513596
3018277,IL,McLean County,Twin Groves II,2007.0,1650.0,80.0,82.0,5281.02,121.0,40.480492,-88.494095
3070453,IL,McLean County,Twin Groves II,2007.0,1650.0,80.0,82.0,5281.02,121.0,40.455074,-88.614944
3069835,IL,McLean County,Twin Groves II,2007.0,1650.0,80.0,82.0,5281.02,121.0,40.473885,-88.607849
3071037,IL,McLean County,Twin Groves II,2007.0,1650.0,80.0,82.0,5281.02,121.0,40.476776,-88.482742
3018298,IL,McLean County,Twin Groves II,2007.0,1650.0,80.0,82.0,5281.02,121.0,40.462994,-88.537895
3018295,IL,McLean County,Twin Groves II,2007.0,1650.0,80.0,82.0,5281.02,121.0,40.462093,-88.569794
3018307,IL,McLean County,Twin Groves II,2007.0,1650.0,80.0,82.0,5281.02,121.0,40.416592,-88.571198
3018271,IL,McLean County,Twin Groves II,2008.0,1650.0,80.0,82.0,5281.02,121.0,40.401192,-88.602295
3017710,IL,McLean County,Twin Groves II,2007.0,1650.0,80.0,82.0,5281.02,121.0,40.465191,-88.591095
3018264,IL,McLean County,Twin Groves II,2008.0,1650.0,80.0,82.0,5281.02,121.0,40.411591,-88.614098
3022009,IL,McLean County,Twin Groves II,2007.0,1650.0,80.0,82.0,5281.02,121.0,40.465591,-88.509895
3018248,IL,McLean County,Twin Groves II,2007.0,1650.0,80.0,82.0,5281.02,121.0,40.435791,-88.649391
3069841,IL,McLean County,Twin Groves II,2007.0,1650.0,80.0,82.0,5281.02,121.0,40.440647,-88.619469
3018249,IL,McLean County,Twin Groves II,2007.0,1650.0,80.0,82.0,5281.02,121.0,40.435593,-88.645592
3069850,IL,McLean County,Twin Groves II,2007.0,1650.0,80.0,82.0,5281.02,121.0,40.46616,-88.561134
3018302,IL,McLean County,Twin Groves II,2007.0,1650.0,80.0,82.0,5281.02,121.0,40.468491,-88.515091
3018258,IL,McLean County,Twin Groves II,2007.0,1650.0,80.0,82.0,5281.02,121.0,40.421494,-88.577194
3069836,IL,McLean County,Twin Groves II,2007.0,1650.0,80.0,82.0,5281.02,121.0,40.474483,-88.596558
3069852,IL,McLean County,Twin Groves II,2007.0,1650.0,80.0,82.0,5281.02,121.0,40.461246,-88.544945
3018222,IL,McLean County,Twin Groves II,2007.0,1650.0,80.0,82.0,5281.02,121.0,40.474091,-88.574997
3021985,IL,McLean County,Twin Groves II,2007.0,1650.0,80.0,82.0,5281.02,121.0,40.417793,-88.552193
3017705,IL,McLean County,Twin Groves II,2007.0,1650.0,80.0,82.0,5281.02,121.0,40.476093,-88.615196
3021979,IL,McLean County,Twin Groves II,2007.0,1650.0,80.0,82.0,5281.02,121.0,40.478992,-88.499596
3018280,IL,McLean County,Twin Groves II,2007.0,1650.0,80.0,82.0,5281.02,121.0,40.475792,-88.514694
3018286,IL,McLean County,Twin Groves II,2007.0,1650.0,80.0,82.0,5281.02,121.0,40.475292,-88.550797
3018311,IL,McLean County,Twin Groves II,2007.0,1650.0,80.0,82.0,5281.02,121.0,40.474194,-88.624397
3021981,IL,McLean County,Twin Groves II,2007.0,1650.0,80.0,82.0,5281.02,121.0,40.462593,-88.520195
3018220,IL,McLean County,Twin Groves II,2007.0,1650.0,80.0,82.0,5281.02,121.0,40.476891,-88.590492
3018252,IL,McLean County,Twin Groves II,2007.0,1650.0,80.0,82.0,5281.02,121.0,40.432293,-88.634697
3018261,IL,McLean County,Twin Groves II,2008.0,1650.0,80.0,82.0,5281.02,121.0,40.415493,-88.582291
3018250,IL,McLean County,Twin Groves II,2007.0,1650.0,80.0,82.0,5281.02,121.0,40.43449,-88.641891
3018282,IL,McLean County,Twin Groves II,2007.0,1650.0,80.0,82.0,5281.02,121.0,40.480991,-88.53289
3018227,IL,McLean County,Twin Groves II,2007.0,1650.0,80.0,82.0,5281.02,121.0,40.479691,-88.621193
3021983,IL,McLean County,Twin Groves II,2007.0,1650.0,80.0,82.0,5281.02,121.0,40.466492,-88.504395
3018294,IL,McLean County,Twin Groves II,2007.0,1650.0,80.0,82.0,5281.02,121.0,40.465393,-88.557297
3018300,IL,McLean County,Twin Groves II,2007.0,1650.0,80.0,82.0,5281.02,121.0,40.467793,-88.518593
3087613,IL,Bureau County,Walnut Ridge,2018.0,2000.0,95.0,110.0,9503.32,150.0,41.50404,-89.59594
3088395,IL,Bureau County,Walnut Ridge,2018.0,2000.0,95.0,110.0,9503.32,150.0,41.52552,-89.514526
3088337,IL,Bureau County,Walnut Ridge,2018.0,2000.0,95.0,110.0,9503.32,150.0,41.525558,-89.49321
3088406,IL,Bureau County,Walnut Ridge,2018.0,2000.0,95.0,110.0,9503.32,150.0,41.518391,-89.576958
3088416,IL,Bureau County,Walnut Ridge,2018.0,2000.0,95.0,110.0,9503.32,150.0,41.531216,-89.615753
3088409,IL,Bureau County,Walnut Ridge,2018.0,2000.0,95.0,110.0,9503.32,150.0,41.563599,-89.712646
3088179,IL,Bureau County,Walnut Ridge,2018.0,2000.0,95.0,110.0,9503.32,150.0,41.522556,-89.533218
3087154,IL,Bureau County,Walnut Ridge,2018.0,2000.0,95.0,110.0,9503.32,150.0,41.482716,-89.614372
3087749,IL,Bureau County,Walnut Ridge,2018.0,2000.0,95.0,110.0,9503.32,150.0,41.501621,-89.575882
3088218,IL,Bureau County,Walnut Ridge,2018.0,2000.0,95.0,110.0,9503.32,150.0,41.518463,-89.518097
3089090,IL,Bureau County,Walnut Ridge,2018.0,2000.0,95.0,110.0,9503.32,150.0,41.570213,-89.699203
3087061,IL,Bureau County,Walnut Ridge,2018.0,2000.0,95.0,110.0,9503.32,150.0,41.494896,-89.61248
3086485,IL,Bureau County,Walnut Ridge,2018.0,2000.0,95.0,110.0,9503.32,150.0,41.492344,-89.624565
3088255,IL,Bureau County,Walnut Ridge,2018.0,2000.0,95.0,110.0,9503.32,150.0,41.516838,-89.499893
3087396,IL,Bureau County,Walnut Ridge,2018.0,2000.0,95.0,110.0,9503.32,150.0,41.487164,-89.583527
3087448,IL,Bureau County,Walnut Ridge,2018.0,2000.0,95.0,110.0,9503.32,150.0,41.501339,-89.597801
3088223,IL,Bureau County,Walnut Ridge,2018.0,2000.0,95.0,110.0,9503.32,150.0,41.534748,-89.623962
3086749,IL,Bureau County,Walnut Ridge,2018.0,2000.0,95.0,110.0,9503.32,150.0,41.451328,-89.630028
3087639,IL,Bureau County,Walnut Ridge,2018.0,2000.0,95.0,110.0,9503.32,150.0,41.480175,-89.600746
3087308,IL,Bureau County,Walnut Ridge,2018.0,2000.0,95.0,110.0,9503.32,150.0,41.505863,-89.60421
3088814,IL,Bureau County,Walnut Ridge,2018.0,2000.0,95.0,110.0,9503.32,150.0,41.574528,-89.703339
3088137,IL,Bureau County,Walnut Ridge,2018.0,2000.0,95.0,110.0,9503.32,150.0,41.53278,-89.48661
3087052,IL,Bureau County,Walnut Ridge,2018.0,2000.0,95.0,110.0,9503.32,150.0,41.457996,-89.581352
3100534,IL,Bureau County,Walnut Ridge,2018.0,2000.0,95.0,110.0,9503.32,150.0,41.578377,-89.64019
3087463,IL,Bureau County,Walnut Ridge,2018.0,2000.0,95.0,110.0,9503.32,150.0,41.464363,-89.600204
3086882,IL,Bureau County,Walnut Ridge,2018.0,2000.0,95.0,110.0,9503.32,150.0,41.493946,-89.617752
3086694,IL,Bureau County,Walnut Ridge,2018.0,2000.0,95.0,110.0,9503.32,150.0,41.462074,-89.604729
3087453,IL,Bureau County,Walnut Ridge,2018.0,2000.0,95.0,110.0,9503.32,150.0,41.487709,-89.577965
3086777,IL,Bureau County,Walnut Ridge,2018.0,2000.0,95.0,110.0,9503.32,150.0,41.45628,-89.619797
3087020,IL,Bureau County,Walnut Ridge,2018.0,2000.0,95.0,110.0,9503.32,150.0,41.460602,-89.613815
3086842,IL,Bureau County,Walnut Ridge,2018.0,2000.0,95.0,110.0,9503.32,150.0,41.464771,-89.581329
3088219,IL,Bureau County,Walnut Ridge,2018.0,2000.0,95.0,110.0,9503.32,150.0,41.533352,-89.506065
3089795,IL,Bureau County,Walnut Ridge,2018.0,2000.0,95.0,110.0,9503.32,150.0,41.56591,-89.665062
3087131,IL,Bureau County,Walnut Ridge,2018.0,2000.0,95.0,110.0,9503.32,150.0,41.458,-89.575867
3088422,IL,Bureau County,Walnut Ridge,2018.0,2000.0,95.0,110.0,9503.32,150.0,41.529148,-89.499588
3088342,IL,Bureau County,Walnut Ridge,2018.0,2000.0,95.0,110.0,9503.32,150.0,41.51582,-89.562019
3087869,IL,Bureau County,Walnut Ridge,2018.0,2000.0,95.0,110.0,9503.32,150.0,41.515755,-89.579056
3087740,IL,Bureau County,Walnut Ridge,2018.0,2000.0,95.0,110.0,9503.32,150.0,41.487816,-89.571533
3089150,IL,Bureau County,Walnut Ridge,2018.0,2000.0,95.0,110.0,9503.32,150.0,41.572693,-89.696831
3086197,IL,Bureau County,Walnut Ridge,2018.0,2000.0,95.0,110.0,9503.32,150.0,41.494576,-89.63343
3087443,IL,Bureau County,Walnut Ridge,2018.0,2000.0,95.0,110.0,9503.32,150.0,41.531635,-89.640991
3088196,IL,Bureau County,Walnut Ridge,2018.0,2000.0,95.0,110.0,9503.32,150.0,41.519222,-89.562027
3088201,IL,Bureau County,Walnut Ridge,2018.0,2000.0,95.0,110.0,9503.32,150.0,41.52158,-89.486794
3087237,IL,Bureau County,Walnut Ridge,2018.0,2000.0,95.0,110.0,9503.32,150.0,41.49789,-89.59761
3087412,IL,Bureau County,Walnut Ridge,2018.0,2000.0,95.0,110.0,9503.32,150.0,41.477489,-89.597534
3089079,IL,Bureau County,Walnut Ridge,2018.0,2000.0,95.0,110.0,9503.32,150.0,41.570766,-89.691338
3087802,IL,Bureau County,Walnut Ridge,2018.0,2000.0,95.0,110.0,9503.32,150.0,41.520393,-89.592766
3088412,IL,Bureau County,Walnut Ridge,2018.0,2000.0,95.0,110.0,9503.32,150.0,41.568295,-89.713669
3086835,IL,Bureau County,Walnut Ridge,2018.0,2000.0,95.0,110.0,9503.32,150.0,41.457741,-89.595688
3087808,IL,Bureau County,Walnut Ridge,2018.0,2000.0,95.0,110.0,9503.32,150.0,41.533115,-89.53727
3086716,IL,Bureau County,Walnut Ridge,2018.0,2000.0,95.0,110.0,9503.32,150.0,41.476318,-89.634682
3089447,IL,Bureau County,Walnut Ridge,2018.0,2000.0,95.0,110.0,9503.32,150.0,41.574738,-89.693657
3087248,IL,Bureau County,Walnut Ridge,2018.0,2000.0,95.0,110.0,9503.32,150.0,41.483101,-89.595825
3087019,IL,Bureau County,Walnut Ridge,2018.0,2000.0,95.0,110.0,9503.32,150.0,41.479771,-89.615593
3087506,IL,Bureau County,Walnut Ridge,2018.0,2000.0,95.0,110.0,9503.32,150.0,41.487827,-89.592407
3088414,IL,Bureau County,Walnut Ridge,2018.0,2000.0,95.0,110.0,9503.32,150.0,41.522381,-89.542862
3089143,IL,Bureau County,Walnut Ridge,2018.0,2000.0,95.0,110.0,9503.32,150.0,41.569256,-89.665413
3088108,IL,Bureau County,Walnut Ridge,2018.0,2000.0,95.0,110.0,9503.32,150.0,41.511776,-89.561966
3087306,IL,Bureau County,Walnut Ridge,2018.0,2000.0,95.0,110.0,9503.32,150.0,41.472179,-89.599045
3089768,IL,Bureau County,Walnut Ridge,2018.0,2000.0,95.0,110.0,9503.32,150.0,41.569477,-89.705406
3086606,IL,Bureau County,Walnut Ridge,2018.0,2000.0,95.0,110.0,9503.32,150.0,41.457775,-89.60276
3088407,IL,Bureau County,Walnut Ridge,2018.0,2000.0,95.0,110.0,9503.32,150.0,41.574398,-89.712753
3087806,IL,Bureau County,Walnut Ridge,2018.0,2000.0,95.0,110.0,9503.32,150.0,41.519524,-89.53688
3087286,IL,Bureau County,Walnut Ridge,2018.0,2000.0,95.0,110.0,9503.32,150.0,41.491997,-89.580521
3089336,IL,Bureau County,Walnut Ridge,2018.0,2000.0,95.0,110.0,9503.32,150.0,41.563801,-89.684219
3089716,IL,Bureau County,Walnut Ridge,2018.0,2000.0,95.0,110.0,9503.32,150.0,41.556431,-89.669571
3088123,IL,Bureau County,Walnut Ridge,2018.0,2000.0,95.0,110.0,9503.32,150.0,41.518784,-89.542175
3087068,IL,Bureau County,Walnut Ridge,2018.0,2000.0,95.0,110.0,9503.32,150.0,41.464119,-89.613434
3087454,IL,Bureau County,Walnut Ridge,2018.0,2000.0,95.0,110.0,9503.32,150.0,41.490219,-89.599648
3088264,IL,Bureau County,Walnut Ridge,2018.0,2000.0,95.0,110.0,9503.32,150.0,41.534214,-89.495392
3086687,IL,Bureau County,Walnut Ridge,2018.0,2000.0,95.0,110.0,9503.32,150.0,41.486347,-89.615128
3087638,IL,Bureau County,Walnut Ridge,2018.0,2000.0,95.0,110.0,9503.32,150.0,41.486698,-89.598434
3087383,IL,Bureau County,Walnut Ridge,2018.0,2000.0,95.0,110.0,9503.32,150.0,41.468655,-89.595749
3087874,IL,Bureau County,Walnut Ridge,2018.0,2000.0,95.0,110.0,9503.32,150.0,41.53096,-89.6231
3086784,IL,Bureau County,Walnut Ridge,2018.0,2000.0,95.0,110.0,9503.32,150.0,41.45808,-89.616066
3086753,IL,Bureau County,Walnut Ridge,2018.0,2000.0,95.0,110.0,9503.32,150.0,41.461868,-89.632813
3087799,IL,Bureau County,Walnut Ridge,2018.0,2000.0,95.0,110.0,9503.32,150.0,41.529579,-89.486984
3087419,IL,Bureau County,Walnut Ridge,2018.0,2000.0,95.0,110.0,9503.32,150.0,41.489914,-89.566811
3089082,IL,Bureau County,Walnut Ridge,2018.0,2000.0,95.0,110.0,9503.32,150.0,41.560066,-89.689568
3087230,IL,Bureau County,Walnut Ridge,2018.0,2000.0,95.0,110.0,9503.32,150.0,41.508465,-89.600143
3086665,IL,Bureau County,Walnut Ridge,2018.0,2000.0,95.0,110.0,9503.32,150.0,41.465721,-89.634171
3087476,IL,Bureau County,Walnut Ridge,2018.0,2000.0,95.0,110.0,9503.32,150.0,41.499542,-89.578865
3088074,IL,Bureau County,Walnut Ridge,2018.0,2000.0,95.0,110.0,9503.32,150.0,41.530075,-89.50956
3087737,IL,Bureau County,Walnut Ridge,2018.0,2000.0,95.0,110.0,9503.32,150.0,41.475807,-89.590347
3089685,IL,Bureau County,Walnut Ridge,2018.0,2000.0,95.0,110.0,9503.32,150.0,41.573124,-89.665535
3088254,IL,Bureau County,Walnut Ridge,2018.0,2000.0,95.0,110.0,9503.32,150.0,41.519913,-89.508415
3087851,IL,Bureau County,Walnut Ridge,2018.0,2000.0,95.0,110.0,9503.32,150.0,41.531437,-89.496971
3089140,IL,Bureau County,Walnut Ridge,2018.0,2000.0,95.0,110.0,9503.32,150.0,41.575314,-89.641037
3088478,IL,Bureau County,Walnut Ridge,2018.0,2000.0,95.0,110.0,9503.32,150.0,41.511044,-89.502502
3087326,IL,Bureau County,Walnut Ridge,2018.0,2000.0,95.0,110.0,9503.32,150.0,41.509235,-89.594749
3087265,IL,Bureau County,Walnut Ridge,2018.0,2000.0,95.0,110.0,9503.32,150.0,41.523338,-89.591507
3087553,IL,Bureau County,Walnut Ridge,2018.0,2000.0,95.0,110.0,9503.32,150.0,41.489845,-89.561745
3088045,IL,Bureau County,Walnut Ridge,2018.0,2000.0,95.0,110.0,9503.32,150.0,41.526524,-89.487923
3089339,IL,Bureau County,Walnut Ridge,2018.0,2000.0,95.0,110.0,9503.32,150.0,41.581821,-89.662201
3088487,IL,Bureau County,Walnut Ridge,2018.0,2000.0,95.0,110.0,9503.32,150.0,41.563854,-89.70607
3087848,IL,Bureau County,Walnut Ridge,2018.0,2000.0,95.0,110.0,9503.32,150.0,41.519886,-89.514015
3087228,IL,Bureau County,Walnut Ridge,2018.0,2000.0,95.0,110.0,9503.32,150.0,41.501591,-89.586777
3086933,IL,Bureau County,Walnut Ridge,2018.0,2000.0,95.0,110.0,9503.32,150.0,41.448441,-89.630867
3086646,IL,Bureau County,Walnut Ridge,2018.0,2000.0,95.0,110.0,9503.32,150.0,41.472931,-89.634766
3088221,IL,Bureau County,Walnut Ridge,2018.0,2000.0,95.0,110.0,9503.32,150.0,41.513924,-89.501396
3086626,IL,Bureau County,Walnut Ridge,2018.0,2000.0,95.0,110.0,9503.32,150.0,41.480091,-89.634758
3086541,IL,Bureau County,Walnut Ridge,2018.0,2000.0,95.0,110.0,9503.32,150.0,41.491005,-89.639061
3088410,IL,Bureau County,Walnut Ridge,2018.0,2000.0,95.0,110.0,9503.32,150.0,41.535046,-89.525993
3086785,IL,Bureau County,Walnut Ridge,2018.0,2000.0,95.0,110.0,9503.32,150.0,41.469234,-89.634521
3087894,IL,Bureau County,Walnut Ridge,2018.0,2000.0,95.0,110.0,9503.32,150.0,41.529488,-89.473152
3088490,IL,Bureau County,Walnut Ridge,2018.0,2000.0,95.0,110.0,9503.32,150.0,41.52953,-89.537537
3031536,IL,McLean County,White Oak,2011.0,1500.0,80.0,82.5,5345.62,121.3,40.609192,-89.053497
3031600,IL,McLean County,White Oak,2011.0,1500.0,80.0,82.5,5345.62,121.3,40.602993,-89.088791
3031560,IL,McLean County,White Oak,2011.0,1500.0,80.0,82.5,5345.62,121.3,40.584793,-89.033493
3031582,IL,McLean County,White Oak,2011.0,1500.0,80.0,82.5,5345.62,121.3,40.58419,-89.057396
3031571,IL,McLean County,White Oak,2011.0,1500.0,80.0,82.5,5345.62,121.3,40.568592,-89.030693
3031591,IL,McLean County,White Oak,2011.0,1500.0,80.0,82.5,5345.62,121.3,40.596592,-89.050896
3071403,IL,McLean County,White Oak,2011.0,1500.0,80.0,82.5,5345.62,121.3,40.608875,-89.077583
3031598,IL,McLean County,White Oak,2011.0,1500.0,80.0,82.5,5345.62,121.3,40.609093,-89.058395
3031581,IL,McLean County,White Oak,2011.0,1500.0,80.0,82.5,5345.62,121.3,40.580994,-89.053497
3031575,IL,McLean County,White Oak,2011.0,1500.0,80.0,82.5,5345.62,121.3,40.564091,-89.092293
3071405,IL,McLean County,White Oak,2011.0,1500.0,80.0,82.5,5345.62,121.3,40.55571,-89.073311
3030739,IL,McLean County,White Oak,2011.0,1500.0,80.0,82.5,5345.62,121.3,40.55619,-89.036797
3031595,IL,McLean County,White Oak,2011.0,1500.0,80.0,82.5,5345.62,121.3,40.610291,-89.040596
3031607,IL,McLean County,White Oak,2011.0,1500.0,80.0,82.5,5345.62,121.3,40.55949,-89.092796
3031572,IL,McLean County,White Oak,2011.0,1500.0,80.0,82.5,5345.62,121.3,40.564693,-89.035591
3031592,IL,McLean County,White Oak,2011.0,1500.0,80.0,82.5,5345.62,121.3,40.597794,-89.092995
3031531,IL,McLean County,White Oak,2011.0,1500.0,80.0,82.5,5345.62,121.3,40.556091,-89.070091
3031565,IL,McLean County,White Oak,2011.0,1500.0,80.0,82.5,5345.62,121.3,40.584892,-89.040192
3071401,IL,McLean County,White Oak,2011.0,1500.0,80.0,82.5,5345.62,121.3,40.577026,-89.101631
3031541,IL,McLean County,White Oak,2011.0,1500.0,80.0,82.5,5345.62,121.3,40.618992,-89.045891
3031549,IL,McLean County,White Oak,2011.0,1500.0,80.0,82.5,5345.62,121.3,40.557194,-89.048897
3031532,IL,McLean County,White Oak,2011.0,1500.0,80.0,82.5,5345.62,121.3,40.606491,-89.069893
3071251,IL,McLean County,White Oak,2011.0,1500.0,80.0,82.5,5345.62,121.3,40.577,-89.105347
3031558,IL,McLean County,White Oak,2011.0,1500.0,80.0,82.5,5345.62,121.3,40.55759,-89.056297
3034999,IL,McLean County,White Oak,2011.0,1500.0,80.0,82.5,5345.62,121.3,40.560993,-89.095497
3031602,IL,McLean County,White Oak,2011.0,1500.0,80.0,82.5,5345.62,121.3,40.614491,-89.070694
3031603,IL,McLean County,White Oak,2011.0,1500.0,80.0,82.5,5345.62,121.3,40.615192,-89.046394
3031578,IL,McLean County,White Oak,2011.0,1500.0,80.0,82.5,5345.62,121.3,40.571991,-89.034492
3031537,IL,McLean County,White Oak,2011.0,1500.0,80.0,82.5,5345.62,121.3,40.60239,-89.073891
3031579,IL,McLean County,White Oak,2011.0,1500.0,80.0,82.5,5345.62,121.3,40.578693,-89.086594
3071255,IL,McLean County,White Oak,2011.0,1500.0,80.0,82.5,5345.62,121.3,40.601185,-89.03537
3031588,IL,McLean County,White Oak,2011.0,1500.0,80.0,82.5,5345.62,121.3,40.594593,-89.096092
3031559,IL,McLean County,White Oak,2011.0,1500.0,80.0,82.5,5345.62,121.3,40.56649,-89.053993
3071252,IL,McLean County,White Oak,2011.0,1500.0,80.0,82.5,5345.62,121.3,40.619293,-89.059952
3031573,IL,McLean County,White Oak,2011.0,1500.0,80.0,82.5,5345.62,121.3,40.566692,-89.039795
3071406,IL,McLean County,White Oak,2011.0,1500.0,80.0,82.5,5345.62,121.3,40.588497,-89.034637
3034998,IL,McLean County,White Oak,2011.0,1500.0,80.0,82.5,5345.62,121.3,40.55759,-89.086395
3071249,IL,McLean County,White Oak,2011.0,1500.0,80.0,82.5,5345.62,121.3,40.592575,-89.060204
3031554,IL,McLean County,White Oak,2011.0,1500.0,80.0,82.5,5345.62,121.3,40.563793,-89.076096
3031542,IL,McLean County,White Oak,2011.0,1500.0,80.0,82.5,5345.62,121.3,40.595894,-89.07019
3031562,IL,McLean County,White Oak,2011.0,1500.0,80.0,82.5,5345.62,121.3,40.595592,-89.086494
3031608,IL,McLean County,White Oak,2011.0,1500.0,80.0,82.5,5345.62,121.3,40.559593,-89.034195
3031521,IL,McLean County,White Oak,2011.0,1500.0,80.0,82.5,5345.62,121.3,40.570293,-89.072197
3031528,IL,McLean County,White Oak,2011.0,1500.0,80.0,82.5,5345.62,121.3,40.620693,-89.086296
3031534,IL,McLean County,White Oak,2011.0,1500.0,80.0,82.5,5345.62,121.3,40.595592,-89.033592
3031561,IL,McLean County,White Oak,2011.0,1500.0,80.0,82.5,5345.62,121.3,40.582092,-89.06369
3031539,IL,McLean County,White Oak,2011.0,1500.0,80.0,82.5,5345.62,121.3,40.583591,-89.068291
3031570,IL,McLean County,White Oak,2011.0,1500.0,80.0,82.5,5345.62,121.3,40.566593,-89.027695
3071254,IL,McLean County,White Oak,2011.0,1500.0,80.0,82.5,5345.62,121.3,40.596809,-89.056908
3031552,IL,McLean County,White Oak,2011.0,1500.0,80.0,82.5,5345.62,121.3,40.570591,-89.052795
3031553,IL,McLean County,White Oak,2011.0,1500.0,80.0,82.5,5345.62,121.3,40.577793,-89.071693
3031601,IL,McLean County,White Oak,2011.0,1500.0,80.0,82.5,5345.62,121.3,40.60799,-89.089996
3031548,IL,McLean County,White Oak,2011.0,1500.0,80.0,82.5,5345.62,121.3,40.573593,-89.024391
3031540,IL,McLean County,White Oak,2011.0,1500.0,80.0,82.5,5345.62,121.3,40.596893,-89.040192
3031517,IL,McLean County,White Oak,2011.0,1500.0,80.0,82.5,5345.62,121.3,40.62149,-89.055397
3031583,IL,McLean County,White Oak,2011.0,1500.0,80.0,82.5,5345.62,121.3,40.586193,-89.051392
3031518,IL,McLean County,White Oak,2011.0,1500.0,80.0,82.5,5345.62,121.3,40.57999,-89.075897
3031557,IL,McLean County,White Oak,2011.0,1500.0,80.0,82.5,5345.62,121.3,40.586491,-89.088493
3031584,IL,McLean County,White Oak,2011.0,1500.0,80.0,82.5,5345.62,121.3,40.586594,-89.072693
3071407,IL,McLean County,White Oak,2011.0,1500.0,80.0,82.5,5345.62,121.3,40.556675,-89.075432
3031522,IL,McLean County,White Oak,2011.0,1500.0,80.0,82.5,5345.62,121.3,40.616291,-89.041191
3031599,IL,McLean County,White Oak,2011.0,1500.0,80.0,82.5,5345.62,121.3,40.608692,-89.065697
3031580,IL,McLean County,White Oak,2011.0,1500.0,80.0,82.5,5345.62,121.3,40.57909,-89.050591
3031611,IL,McLean County,White Oak,2011.0,1500.0,80.0,82.5,5345.62,121.3,40.574093,-89.073692
3034228,IL,McLean County,White Oak,2011.0,1500.0,80.0,82.5,5345.62,121.3,40.553093,-89.077698
3031589,IL,McLean County,White Oak,2011.0,1500.0,80.0,82.5,5345.62,121.3,40.594692,-89.075592
3031604,IL,McLean County,White Oak,2011.0,1500.0,80.0,82.5,5345.62,121.3,40.616791,-89.037491
3031555,IL,McLean County,White Oak,2011.0,1500.0,80.0,82.5,5345.62,121.3,40.574593,-89.087097
3031596,IL,McLean County,White Oak,2011.0,1500.0,80.0,82.5,5345.62,121.3,40.610394,-89.045891
3030738,IL,McLean County,White Oak,2011.0,1500.0,80.0,82.5,5345.62,121.3,40.562492,-89.027397
3071250,IL,McLean County,White Oak,2011.0,1500.0,80.0,82.5,5345.62,121.3,40.564651,-89.068344
3031594,IL,McLean County,White Oak,2011.0,1500.0,80.0,82.5,5345.62,121.3,40.600594,-89.09819
3031533,IL,McLean County,White Oak,2011.0,1500.0,80.0,82.5,5345.62,121.3,40.556492,-89.053497
3031606,IL,McLean County,White Oak,2011.0,1500.0,80.0,82.5,5345.62,121.3,40.619793,-89.089691
3031590,IL,McLean County,White Oak,2011.0,1500.0,80.0,82.5,5345.62,121.3,40.594692,-89.065491
3031530,IL,McLean County,White Oak,2011.0,1500.0,80.0,82.5,5345.62,121.3,40.623192,-89.071693
3031519,IL,McLean County,White Oak,2011.0,1500.0,80.0,82.5,5345.62,121.3,40.622391,-89.079292
3031568,IL,McLean County,White Oak,2011.0,1500.0,80.0,82.5,5345.62,121.3,40.55619,-89.067093
3031567,IL,McLean County,White Oak,2011.0,1500.0,80.0,82.5,5345.62,121.3,40.593594,-89.045197
3038937,IL,McLean County,White Oak,2011.0,1500.0,80.0,82.5,5345.62,121.3,40.62149,-89.082794
3031526,IL,McLean County,White Oak,2011.0,1500.0,80.0,82.5,5345.62,121.3,40.58049,-89.089592
3035000,IL,McLean County,White Oak,2011.0,1500.0,80.0,82.5,5345.62,121.3,40.557293,-89.089592
3031577,IL,McLean County,White Oak,2011.0,1500.0,80.0,82.5,5345.62,121.3,40.569992,-89.066895
3031610,IL,McLean County,White Oak,2011.0,1500.0,80.0,82.5,5345.62,121.3,40.565891,-89.048996
3031587,IL,McLean County,White Oak,2011.0,1500.0,80.0,82.5,5345.62,121.3,40.584991,-89.094994
3031585,IL,McLean County,White Oak,2011.0,1500.0,80.0,82.5,5345.62,121.3,40.586391,-89.082794
3071257,IL,McLean County,White Oak,2011.0,1500.0,80.0,82.5,5345.62,121.3,40.6022,-89.051308
3031543,IL,McLean County,White Oak,2011.0,1500.0,80.0,82.5,5345.62,121.3,40.606991,-89.085991
3071256,IL,McLean County,White Oak,2011.0,1500.0,80.0,82.5,5345.62,121.3,40.600674,-89.103264
3071408,IL,McLean County,White Oak,2011.0,1500.0,80.0,82.5,5345.62,121.3,40.619019,-89.066933
3071402,IL,McLean County,White Oak,2011.0,1500.0,80.0,82.5,5345.62,121.3,40.562416,-89.087006
3031523,IL,McLean County,White Oak,2011.0,1500.0,80.0,82.5,5345.62,121.3,40.581692,-89.030495
3031527,IL,McLean County,White Oak,2011.0,1500.0,80.0,82.5,5345.62,121.3,40.624992,-89.075592
3031564,IL,McLean County,White Oak,2011.0,1500.0,80.0,82.5,5345.62,121.3,40.555492,-89.059196
3071253,IL,McLean County,White Oak,2011.0,1500.0,80.0,82.5,5345.62,121.3,40.588322,-89.044983
3031563,IL,McLean County,White Oak,2011.0,1500.0,80.0,82.5,5345.62,121.3,40.606693,-89.074692
3031569,IL,McLean County,White Oak,2011.0,1500.0,80.0,82.5,5345.62,121.3,40.564091,-89.057892
3031551,IL,McLean County,White Oak,2011.0,1500.0,80.0,82.5,5345.62,121.3,40.58049,-89.093697
3031574,IL,McLean County,White Oak,2011.0,1500.0,80.0,82.5,5345.62,121.3,40.567692,-89.063591
3031605,IL,McLean County,White Oak,2011.0,1500.0,80.0,82.5,5345.62,121.3,40.61729,-89.082893
3096018,IL,Logan County,Whitney Hill,2019.0,2720.0,90.0,116.0,10568.32,148.1,39.958649,-89.259636
3095871,IL,Logan County,Whitney Hill,2019.0,2720.0,90.0,116.0,10568.32,148.1,39.969952,-89.240021
3097622,IL,Logan County,Whitney Hill,2019.0,2720.0,90.0,116.0,10568.32,148.1,39.982555,-89.220833
3096282,IL,Logan County,Whitney Hill,2019.0,2720.0,90.0,116.0,10568.32,148.1,39.954838,-89.235733
3097923,IL,Logan County,Whitney Hill,2019.0,2720.0,90.0,116.0,10568.32,148.1,39.949722,-89.349457
3093542,IL,Logan County,Whitney Hill,2019.0,2720.0,90.0,116.0,10568.32,148.1,39.953133,-89.345673
3094762,IL,Logan County,Whitney Hill,2019.0,2720.0,90.0,116.0,10568.32,148.1,39.954823,-89.22924
3096226,IL,Logan County,Whitney Hill,2019.0,2720.0,90.0,116.0,10568.32,148.1,39.970665,-89.251053
3096187,IL,Logan County,Whitney Hill,2019.0,2720.0,90.0,116.0,10568.32,148.1,39.96759,-89.257988
3097593,IL,Logan County,Whitney Hill,2019.0,2720.0,90.0,116.0,10568.32,148.1,39.986298,-89.233391
3096446,IL,Logan County,Whitney Hill,2019.0,2720.0,90.0,116.0,10568.32,148.1,39.962643,-89.253021
3097308,IL,Logan County,Whitney Hill,2019.0,2720.0,90.0,116.0,10568.32,148.1,39.981152,-89.235687
3096994,IL,Logan County,Whitney Hill,2019.0,2720.0,90.0,116.0,10568.32,148.1,39.973358,-89.222221
3097753,IL,Logan County,Whitney Hill,2019.0,2720.0,90.0,116.0,10568.32,148.1,39.992252,-89.254272
3093740,IL,Logan County,Whitney Hill,2019.0,2720.0,90.0,116.0,10568.32,148.1,39.948944,-89.32151
3096550,IL,Logan County,Whitney Hill,2019.0,2720.0,90.0,116.0,10568.32,148.1,39.977253,-89.251442
3096253,IL,Logan County,Whitney Hill,2019.0,2720.0,90.0,116.0,10568.32,148.1,39.976959,-89.230804
3097359,IL,Logan County,Whitney Hill,2019.0,2720.0,90.0,116.0,10568.32,148.1,39.984463,-89.252197
3094600,IL,Logan County,Whitney Hill,2019.0,2720.0,90.0,116.0,10568.32,148.1,39.952084,-89.334152
3093591,IL,Logan County,Whitney Hill,2019.0,2720.0,90.0,116.0,10568.32,148.1,39.950031,-89.299271
3094487,IL,Logan County,Whitney Hill,2019.0,2720.0,90.0,116.0,10568.32,148.1,39.945652,-89.307144
3096561,IL,Logan County,Whitney Hill,2019.0,2720.0,90.0,116.0,10568.32,148.1,39.954845,-89.241241
3093872,IL,Logan County,Whitney Hill,2019.0,2720.0,90.0,116.0,10568.32,148.1,39.944813,-89.296738
3095926,IL,Logan County,Whitney Hill,2019.0,2720.0,90.0,116.0,10568.32,148.1,39.954933,-89.248039
3041263,CO,Yuma County,Wray School District,2008.0,900.0,75.0,54.0,2290.22,102.1,40.050995,-102.223289
3042424,NY,Ontario County,Zotos,2011.0,1650.0,70.0,82.0,5281.02,110.9,42.887146,-76.968452
3042425,NY,Ontario County,Zotos,2011.0,1650.0,70.0,82.0,5281.02,110.9,42.886246,-76.967651
3136919,NY,Allegany County,unknown Allegany County,,,,,,,42.497959,-78.273659
3136997,NY,Allegany County,unknown Allegany County,,,,,,,42.482738,-78.258766
3137087,NY,Allegany County,unknown Allegany County,,,,,,,42.461136,-78.285461
3136936,NY,Allegany County,unknown Allegany County,,,,,,,42.47234,-78.299667
3136952,NY,Allegany County,unknown Allegany County,,,,,,,42.423855,-78.299034
3137110,NY,Allegany County,unknown Allegany County,,,,,,,42.451996,-78.255821
3137067,NY,Allegany County,unknown Allegany County,,,,,,,42.450577,-78.278824
3136943,NY,Allegany County,unknown Allegany County,,,,,,,42.413685,-78.2938
3137023,NY,Allegany County,unknown Allegany County,,,,,,,42.455017,-78.255081
3136930,NY,Allegany County,unknown Allegany County,,,,,,,42.436047,-78.271461
3137109,NY,Allegany County,unknown Allegany County,,,,,,,42.516251,-78.241234
3137127,NY,Allegany County,unknown Allegany County,,,,,,,42.488674,-78.280525
3136995,NY,Allegany County,unknown Allegany County,,,,,,,42.519608,-78.243591
3137128,NY,Allegany County,unknown Allegany County,,,,,,,42.483681,-78.282867
3137027,NY,Allegany County,unknown Allegany County,,,,,,,42.431919,-78.267906
3136932,NY,Allegany County,unknown Allegany County,,,,,,,42.46582,-78.298729
3067288,NY,Allegany County,unknown Allegany County,2017.0,,,,,,42.519878,-78.307854
3136988,NY,Allegany County,unknown Allegany County,,,,,,,42.473549,-78.264984
3137013,NY,Allegany County,unknown Allegany County,,,,,,,42.464878,-78.285484
3137064,NY,Allegany County,unknown Allegany County,,,,,,,42.494286,-78.283363
3137080,NY,Allegany County,unknown Allegany County,,,,,,,42.432098,-78.300682
3137098,NY,Allegany County,unknown Allegany County,,,,,,,42.487061,-78.255234
3136954,NY,Allegany County,unknown Allegany County,,,,,,,42.432434,-78.237869
3136956,NY,Allegany County,unknown Allegany County,,,,,,,42.511593,-78.243965
3137063,NY,Allegany County,unknown Allegany County,,,,,,,42.496124,-78.230446
3137103,NY,Allegany County,unknown Allegany County,,,,,,,42.501297,-78.276985
3136934,NY,Allegany County,unknown Allegany County,,,,,,,42.51807,-78.2612
3136957,NY,Allegany County,unknown Allegany County,,,,,,,42.443691,-78.276016
3137095,NY,Allegany County,unknown Allegany County,,,,,,,42.428196,-78.302017
3137086,NY,Allegany County,unknown Allegany County,,,,,,,42.43895,-78.259499
3136971,NY,Allegany County,unknown Allegany County,,,,,,,42.439808,-78.274727
3137066,NY,Allegany County,unknown Allegany County,,,,,,,42.476952,-78.297501
3136939,NY,Allegany County,unknown Allegany County,,,,,,,42.3988,-78.283409
3134676,IL,Bureau County,unknown Bureau County,,,,,,,41.225613,-89.569115
3134669,IL,Bureau County,unknown Bureau County,,,,,,,41.222858,-89.577171
3134657,IL,Bureau County,unknown Bureau County,,,,,,,41.243591,-89.564735
3117347,IL,Bureau County,unknown Bureau County,2021.0,,,,,,41.246693,-89.566574
3134666,IL,Bureau County,unknown Bureau County,,,,,,,41.240826,-89.567215
3118144,IL,Bureau County,unknown Bureau County,2021.0,,,,,,41.249874,-89.565491
3134667,IL,Bureau County,unknown Bureau County,,,,,,,41.237869,-89.568596
3117908,IL,Bureau County,unknown Bureau County,2021.0,,,,,,41.250053,-89.570717
3116959,IL,Bureau County,unknown Bureau County,2021.0,,,,,,41.230957,-89.573135
3117016,IL,Bureau County,unknown Bureau County,2021.0,,,,,,41.253738,-89.570679
3134663,IL,Bureau County,unknown Bureau County,,,,,,,41.235321,-89.57077
3117281,IL,Bureau County,unknown Bureau County,2021.0,,,,,,41.246346,-89.579041
3123942,IL,Bureau County,unknown Bureau County,2021.0,,,,,,41.218113,-89.584671
3134671,IL,Bureau County,unknown Bureau County,,,,,,,41.226181,-89.577179
3134658,IL,Bureau County,unknown Bureau County,,,,,,,41.230118,-89.577187
3117179,IL,Bureau County,unknown Bureau County,2021.0,,,,,,41.257221,-89.578125
3123697,IL,Bureau County,unknown Bureau County,2021.0,,,,,,41.219898,-89.590416
3117802,IL,Bureau County,unknown Bureau County,2021.0,,,,,,41.265427,-89.579254
3117025,IL,Bureau County,unknown Bureau County,2021.0,,,,,,41.241123,-89.580078
3134668,IL,Bureau County,unknown Bureau County,,,,,,,41.228119,-89.565552
3116643,IL,Bureau County,unknown Bureau County,2021.0,,,,,,41.232159,-89.569038
3117149,IL,Bureau County,unknown Bureau County,2021.0,,,,,,41.237408,-89.578781
3136973,NY,Cattaraugus County,unknown Cattaraugus County,,,,,,,42.446854,-78.354752
3137089,NY,Cattaraugus County,unknown Cattaraugus County,,,,,,,42.451225,-78.32412
3137054,NY,Cattaraugus County,unknown Cattaraugus County,,,,,,,42.41761,-78.351814
3136938,NY,Cattaraugus County,unknown Cattaraugus County,,,,,,,42.44458,-78.442139
3137130,NY,Cattaraugus County,unknown Cattaraugus County,,,,,,,42.463581,-78.323486
3137069,NY,Cattaraugus County,unknown Cattaraugus County,,,,,,,42.471813,-78.361313
3137021,NY,Cattaraugus County,unknown Cattaraugus County,,,,,,,42.406368,-78.433708
3137113,NY,Cattaraugus County,unknown Cattaraugus County,,,,,,,42.492413,-78.339134
3137012,NY,Cattaraugus County,unknown Cattaraugus County,,,,,,,42.459454,-78.325676
3137124,NY,Cattaraugus County,unknown Cattaraugus County,,,,,,,42.441628,-78.365494
3137017,NY,Cattaraugus County,unknown Cattaraugus County,,,,,,,42.42561,-78.422302
3136920,NY,Cattaraugus County,unknown Cattaraugus County,,,,,,,42.409569,-78.43988
3136928,NY,Cattaraugus County,unknown Cattaraugus County,,,,,,,42.416958,-78.420876
3137040,NY,Cattaraugus County,unknown Cattaraugus County,,,,,,,42.48328,-78.407906
3137093,NY,Cattaraugus County,unknown Cattaraugus County,,,,,,,42.413239,-78.420235
3137025,NY,Cattaraugus County,unknown Cattaraugus County,,,,,,,42.45536,-78.324142
3137062,NY,Cattaraugus County,unknown Cattaraugus County,,,,,,,42.411327,-78.397575
3136974,NY,Cattaraugus County,unknown Cattaraugus County,,,,,,,42.468754,-78.355843
3137019,NY,Cattaraugus County,unknown Cattaraugus County,,,,,,,42.413059,-78.442871
3137070,NY,Cattaraugus County,unknown Cattaraugus County,,,,,,,42.496155,-78.339027
3137121,NY,Cattaraugus County,unknown Cattaraugus County,,,,,,,42.445496,-78.374153
3136978,NY,Cattaraugus County,unknown Cattaraugus County,,,,,,,42.452244,-78.353737
3137090,NY,Cattaraugus County,unknown Cattaraugus County,,,,,,,42.488346,-78.405556
3137004,NY,Cattaraugus County,unknown Cattaraugus County,,,,,,,42.456421,-78.355438
3137032,NY,Cattaraugus County,unknown Cattaraugus County,,,,,,,42.505466,-78.338837
3136909,NY,Cattaraugus County,unknown Cattaraugus County,,,,,,,42.420704,-78.422089
3137006,NY,Cattaraugus County,unknown Cattaraugus County,,,,,,,42.40744,-78.412003
3137038,NY,Cattaraugus County,unknown Cattaraugus County,,,,,,,42.465008,-78.353012
3137079,NY,Cattaraugus County,unknown Cattaraugus County,,,,,,,42.42001,-78.446815
3136996,NY,Cattaraugus County,unknown Cattaraugus County,,,,,,,42.416325,-78.446686
3137068,NY,Cattaraugus County,unknown Cattaraugus County,,,,,,,42.500748,-78.335602
3137085,NY,Cattaraugus County,unknown Cattaraugus County,,,,,,,42.460915,-78.352364
3049842,NY,Cayuga County,unknown Cayuga County,2016.0,,,,,,42.663563,-76.582039
3122996,NY,Chautauqua County,unknown Chautauqua County,,,,,,,42.55933,-79.116371
3142094,CO,Cheyenne County,unknown Cheyenne County,2025.0,,,,,,39.03257,-102.681381
3052682,NY,Erie County,unknown Erie County,2016.0,100.0,37.0,21.0,346.36,47.5,42.977005,-78.931122
3086867,NY,Erie County,unknown Erie County,2017.0,,,,,,42.977791,-78.929062
3096483,NY,Genesee County,unknown Genesee County,2019.0,,,,,,43.000549,-78.403236
3029778,NY,Greene County,unknown Greene County,2011.0,,,,,,42.353592,-74.043701
3110782,IL,Grundy County,unknown Grundy County,2020.0,,,,,,41.115932,-88.410423
3049389,NY,Kings County,unknown Kings County,2015.0,,,,,,40.663235,-74.008804
3145191,CO,Kit Carson County,unknown Kit Carson County,2025.0,,,,,,39.090992,-102.449165
3144100,CO,Kit Carson County,unknown Kit Carson County,2026.0,,,,,,39.114502,-102.635529
3144210,CO,Kit Carson County,unknown Kit Carson County,2026.0,,,,,,39.188496,-102.673203
3145579,CO,Kit Carson County,unknown Kit Carson County,2026.0,,,,,,39.231564,-102.653801
3144088,CO,Kit Carson County,unknown Kit Carson County,2026.0,,,,,,39.21653,-102.661316
3144691,CO,Kit Carson County,unknown Kit Carson County,2026.0,,,,,,39.183746,-102.570023
3145307,CO,Kit Carson County,unknown Kit Carson County,2026.0,,,,,,39.130322,-102.641937
3143897,CO,Kit Carson County,unknown Kit Carson County,2026.0,,,,,,39.148174,-102.466576
3146138,CO,Kit Carson County,unknown Kit Carson County,,,,,,,39.193974,-102.680611
3145292,CO,Kit Carson County,unknown Kit Carson County,2025.0,,,,,,39.087143,-102.573677
3145571,CO,Kit Carson County,unknown Kit Carson County,2026.0,,,,,,39.182487,-102.545052
3145063,CO,Kit Carson County,unknown Kit Carson County,2026.0,,,,,,39.144726,-102.593239
3144761,CO,Kit Carson County,unknown Kit Carson County,2026.0,,,,,,39.144714,-102.433922
3144286,CO,Kit Carson County,unknown Kit Carson County,2025.0,,,,,,39.114655,-102.640228
3144055,CO,Kit Carson County,unknown Kit Carson County,2026.0,,,,,,39.135242,-102.54483
3145141,CO,Kit Carson County,unknown Kit Carson County,2026.0,,,,,,39.237919,-102.692253
3144846,CO,Kit Carson County,unknown Kit Carson County,2025.0,,,,,,39.101223,-102.598145
3145221,CO,Kit Carson County,unknown Kit Carson County,2026.0,,,,,,39.195904,-102.568489
3145083,CO,Kit Carson County,unknown Kit Carson County,2026.0,,,,,,39.135643,-102.598274
3145799,CO,Kit Carson County,unknown Kit Carson County,2026.0,,,,,,39.147476,-102.470993
3146124,CO,Kit Carson County,unknown Kit Carson County,,,,,,,39.193062,-102.519463
3144832,CO,Kit Carson County,unknown Kit Carson County,2026.0,,,,,,39.138672,-102.554184
3144875,CO,Kit Carson County,unknown Kit Carson County,2025.0,,,,,,39.236073,-102.640442
3145340,CO,Kit Carson County,unknown Kit Carson County,2026.0,,,,,,39.204887,-102.598259
3145678,CO,Kit Carson County,unknown Kit Carson County,2026.0,,,,,,39.133774,-102.617043
3145492,CO,Kit Carson County,unknown Kit Carson County,2025.0,,,,,,39.072544,-102.565125
3145013,CO,Kit Carson County,unknown Kit Carson County,2025.0,,,,,,39.102386,-102.611893
3145767,CO,Kit Carson County,unknown Kit Carson County,2026.0,,,,,,39.139557,-102.523758
3097360,CO,Kit Carson County,unknown Kit Carson County,2020.0,,,,,,39.07095,-102.263847
3144899,CO,Kit Carson County,unknown Kit Carson County,2026.0,,,,,,39.137768,-102.518112
3144787,CO,Kit Carson County,unknown Kit Carson County,2026.0,,,,,,39.139755,-102.494232
3143994,CO,Kit Carson County,unknown Kit Carson County,2026.0,,,,,,39.160282,-102.532303
3143895,CO,Kit Carson County,unknown Kit Carson County,2026.0,,,,,,39.130001,-102.64653
3145311,CO,Kit Carson County,unknown Kit Carson County,2026.0,,,,,,39.139893,-102.640396
3145653,CO,Kit Carson County,unknown Kit Carson County,2026.0,,,,,,39.159992,-102.654976
3143982,CO,Kit Carson County,unknown Kit Carson County,2026.0,,,,,,39.195721,-102.510376
3143924,CO,Kit Carson County,unknown Kit Carson County,2026.0,,,,,,39.238552,-102.711067
3144623,CO,Kit Carson County,unknown Kit Carson County,2026.0,,,,,,39.149624,-102.630547
3144344,CO,Kit Carson County,unknown Kit Carson County,2026.0,,,,,,39.165024,-102.561104
3144767,CO,Kit Carson County,unknown Kit Carson County,2026.0,,,,,,39.144516,-102.442833
3145766,CO,Kit Carson County,unknown Kit Carson County,2026.0,,,,,,39.196579,-102.588921
3144665,CO,Kit Carson County,unknown Kit Carson County,2026.0,,,,,,39.169376,-102.516396
3143798,CO,Kit Carson County,unknown Kit Carson County,2025.0,,,,,,39.09306,-102.625137
3145305,CO,Kit Carson County,unknown Kit Carson County,2026.0,,,,,,39.130531,-102.624268
3144771,CO,Kit Carson County,unknown Kit Carson County,2026.0,,,,,,39.158699,-102.492867
3144450,CO,Kit Carson County,unknown Kit Carson County,2025.0,,,,,,39.073593,-102.628906
3144224,CO,Kit Carson County,unknown Kit Carson County,2025.0,,,,,,39.10915,-102.587341
3144247,CO,Kit Carson County,unknown Kit Carson County,2026.0,,,,,,39.196621,-102.593231
3143802,CO,Kit Carson County,unknown Kit Carson County,2026.0,,,,,,39.161442,-102.588272
3144384,CO,Kit Carson County,unknown Kit Carson County,2026.0,,,,,,39.188393,-102.556244
3143698,CO,Kit Carson County,unknown Kit Carson County,2026.0,,,,,,39.226265,-102.606155
3144238,CO,Kit Carson County,unknown Kit Carson County,2026.0,,,,,,39.247219,-102.666931
3143778,CO,Kit Carson County,unknown Kit Carson County,2026.0,,,,,,39.226433,-102.611267
3145271,CO,Kit Carson County,unknown Kit Carson County,2025.0,,,,,,39.113274,-102.435379
3145516,CO,Kit Carson County,unknown Kit Carson County,2026.0,,,,,,39.125038,-102.610207
3145490,CO,Kit Carson County,unknown Kit Carson County,2025.0,,,,,,39.09024,-102.444046
3145306,CO,Kit Carson County,unknown Kit Carson County,2026.0,,,,,,39.129154,-102.630577
3145062,CO,Kit Carson County,unknown Kit Carson County,2026.0,,,,,,39.182068,-102.643707
3145580,CO,Kit Carson County,unknown Kit Carson County,2026.0,,,,,,39.154976,-102.580933
3146134,CO,Kit Carson County,unknown Kit Carson County,,,,,,,39.20211,-102.748108
3143735,CO,Kit Carson County,unknown Kit Carson County,2026.0,,,,,,39.184971,-102.560989
3143854,CO,Kit Carson County,unknown Kit Carson County,2026.0,,,,,,39.188095,-102.515038
3145178,CO,Kit Carson County,unknown Kit Carson County,2026.0,,,,,,39.165119,-102.488846
3145363,CO,Kit Carson County,unknown Kit Carson County,2026.0,,,,,,39.145557,-102.455666
3143739,CO,Kit Carson County,unknown Kit Carson County,2026.0,,,,,,39.25592,-102.650383
3143666,CO,Kit Carson County,unknown Kit Carson County,2026.0,,,,,,39.216743,-102.606049
3144796,CO,Kit Carson County,unknown Kit Carson County,2026.0,,,,,,39.199726,-102.561226
3145573,CO,Kit Carson County,unknown Kit Carson County,2026.0,,,,,,39.106682,-102.524193
3144715,CO,Kit Carson County,unknown Kit Carson County,2025.0,,,,,,39.100693,-102.602661
3145316,CO,Kit Carson County,unknown Kit Carson County,2026.0,,,,,,39.202232,-102.603104
3145564,CO,Kit Carson County,unknown Kit Carson County,2026.0,,,,,,39.133289,-102.560753
3145556,CO,Kit Carson County,unknown Kit Carson County,2026.0,,,,,,39.108124,-102.574783
3144002,CO,Kit Carson County,unknown Kit Carson County,2026.0,,,,,,39.105286,-102.518494
3144497,CO,Kit Carson County,unknown Kit Carson County,2026.0,,,,,,39.129524,-102.509583
3143679,CO,Kit Carson County,unknown Kit Carson County,2026.0,,,,,,39.123337,-102.53257
3145236,CO,Kit Carson County,unknown Kit Carson County,2026.0,,,,,,39.124077,-102.561493
3145559,CO,Kit Carson County,unknown Kit Carson County,2026.0,,,,,,39.123371,-102.53701
3144984,CO,Kit Carson County,unknown Kit Carson County,2026.0,,,,,,39.129528,-102.567017
3144146,CO,Kit Carson County,unknown Kit Carson County,2025.0,,,,,,39.077438,-102.593353
3144169,CO,Kit Carson County,unknown Kit Carson County,2025.0,,,,,,39.112797,-102.45369
3145322,CO,Kit Carson County,unknown Kit Carson County,2026.0,,,,,,39.16441,-102.567078
3144596,CO,Kit Carson County,unknown Kit Carson County,2026.0,,,,,,39.10284,-102.510056
3145367,CO,Kit Carson County,unknown Kit Carson County,2026.0,,,,,,39.155663,-102.448318
3144770,CO,Kit Carson County,unknown Kit Carson County,2026.0,,,,,,39.195984,-102.505783
3143769,CO,Kit Carson County,unknown Kit Carson County,2025.0,,,,,,39.087467,-102.554955
3145010,CO,Kit Carson County,unknown Kit Carson County,2026.0,,,,,,39.154137,-102.611755
3145226,CO,Kit Carson County,unknown Kit Carson County,2026.0,,,,,,39.143257,-102.547234
3144278,CO,Kit Carson County,unknown Kit Carson County,2026.0,,,,,,39.19289,-102.564369
3145260,CO,Kit Carson County,unknown Kit Carson County,2025.0,,,,,,39.093002,-102.493492
3145160,CO,Kit Carson County,unknown Kit Carson County,2026.0,,,,,,39.231693,-102.660583
3143995,CO,Kit Carson County,unknown Kit Carson County,2026.0,,,,,,39.252666,-102.702133
3145066,CO,Kit Carson County,unknown Kit Carson County,2025.0,,,,,,39.07156,-102.586983
3145324,CO,Kit Carson County,unknown Kit Carson County,2026.0,,,,,,39.181427,-102.523186
3144976,CO,Kit Carson County,unknown Kit Carson County,2026.0,,,,,,39.160557,-102.542152
3145254,CO,Kit Carson County,unknown Kit Carson County,2026.0,,,,,,39.10709,-102.570351
3143955,CO,Kit Carson County,unknown Kit Carson County,2025.0,,,,,,39.075123,-102.598663
3145536,CO,Kit Carson County,unknown Kit Carson County,2025.0,,,,,,39.110332,-102.601906
3145380,CO,Kit Carson County,unknown Kit Carson County,2026.0,,,,,,39.193649,-102.649788
3145499,CO,Kit Carson County,unknown Kit Carson County,2026.0,,,,,,39.148273,-102.601067
3144018,CO,Kit Carson County,unknown Kit Carson County,2026.0,,,,,,39.142998,-102.529892
3143889,CO,Kit Carson County,unknown Kit Carson County,2026.0,,,,,,39.144985,-102.541504
3145051,CO,Kit Carson County,unknown Kit Carson County,2026.0,,,,,,39.196892,-102.636719
3144219,CO,Kit Carson County,unknown Kit Carson County,2025.0,,,,,,39.080521,-102.60244
3145329,CO,Kit Carson County,unknown Kit Carson County,2026.0,,,,,,39.183769,-102.565575
3144090,CO,Kit Carson County,unknown Kit Carson County,2026.0,,,,,,39.146915,-102.450302
3144191,CO,Kit Carson County,unknown Kit Carson County,2026.0,,,,,,39.129604,-102.637138
3144096,CO,Kit Carson County,unknown Kit Carson County,2026.0,,,,,,39.160534,-102.630333
3143968,CO,Kit Carson County,unknown Kit Carson County,2025.0,,,,,,39.106865,-102.591911
3145308,CO,Kit Carson County,unknown Kit Carson County,2026.0,,,,,,39.13686,-102.536964
3144336,CO,Kit Carson County,unknown Kit Carson County,2026.0,,,,,,39.195251,-102.686539
3145357,CO,Kit Carson County,unknown Kit Carson County,2026.0,,,,,,39.147789,-102.566902
3145302,CO,Kit Carson County,unknown Kit Carson County,2026.0,,,,,,39.137665,-102.51355
3145558,CO,Kit Carson County,unknown Kit Carson County,2026.0,,,,,,39.112076,-102.510567
3145342,CO,Kit Carson County,unknown Kit Carson County,2026.0,,,,,,39.227409,-102.733475
3143763,CO,Kit Carson County,unknown Kit Carson County,2026.0,,,,,,39.227951,-102.727676
3144013,CO,Kit Carson County,unknown Kit Carson County,2025.0,,,,,,39.097965,-102.45858
3144535,CO,Kit Carson County,unknown Kit Carson County,2025.0,,,,,,39.086712,-102.580177
3145255,CO,Kit Carson County,unknown Kit Carson County,2025.0,,,,,,39.097122,-102.462997
3144801,CO,Kit Carson County,unknown Kit Carson County,2025.0,,,,,,39.113152,-102.440361
3145267,CO,Kit Carson County,unknown Kit Carson County,2026.0,,,,,,39.103107,-102.5047
3145272,CO,Kit Carson County,unknown Kit Carson County,2026.0,,,,,,39.211582,-102.655907
3144537,CO,Kit Carson County,unknown Kit Carson County,2025.0,,,,,,39.096458,-102.591553
3144733,CO,Kit Carson County,unknown Kit Carson County,2026.0,,,,,,39.230835,-102.709221
3145578,CO,Kit Carson County,unknown Kit Carson County,2026.0,,,,,,39.151684,-102.643753
3144562,CO,Kit Carson County,unknown Kit Carson County,2025.0,,,,,,39.097504,-102.480164
3144420,CO,Kit Carson County,unknown Kit Carson County,2026.0,,,,,,39.256565,-102.695274
3144634,CO,Kit Carson County,unknown Kit Carson County,2026.0,,,,,,39.137962,-102.509041
3144300,CO,Kit Carson County,unknown Kit Carson County,2026.0,,,,,,39.245647,-102.655495
3144255,CO,Kit Carson County,unknown Kit Carson County,2025.0,,,,,,39.091045,-102.611443
3146125,CO,Kit Carson County,unknown Kit Carson County,,,,,,,39.210247,-102.753349
3144509,CO,Kit Carson County,unknown Kit Carson County,2026.0,,,,,,39.12328,-102.528053
3145604,CO,Kit Carson County,unknown Kit Carson County,2026.0,,,,,,39.116547,-102.646957
3145131,CO,Kit Carson County,unknown Kit Carson County,2026.0,,,,,,39.115673,-102.517723
3144744,CO,Kit Carson County,unknown Kit Carson County,2026.0,,,,,,39.164482,-102.552475
3145312,CO,Kit Carson County,unknown Kit Carson County,2026.0,,,,,,39.143398,-102.645279
3145289,CO,Kit Carson County,unknown Kit Carson County,2025.0,,,,,,39.073082,-102.560638
3144292,CO,Kit Carson County,unknown Kit Carson County,2026.0,,,,,,39.117237,-102.569611
3144310,CO,Kit Carson County,unknown Kit Carson County,2026.0,,,,,,39.160549,-102.53685
3144111,CO,Kit Carson County,unknown Kit Carson County,2025.0,,,,,,39.102818,-102.430939
3144884,CO,Kit Carson County,unknown Kit Carson County,2026.0,,,,,,39.231426,-102.666618
3144893,CO,Kit Carson County,unknown Kit Carson County,2026.0,,,,,,39.15976,-102.635689
3144637,CO,Kit Carson County,unknown Kit Carson County,2026.0,,,,,,39.159576,-102.648018
3145384,CO,Kit Carson County,unknown Kit Carson County,2026.0,,,,,,39.202904,-102.646591
3144985,CO,Kit Carson County,unknown Kit Carson County,2026.0,,,,,,39.11586,-102.565094
3145382,CO,Kit Carson County,unknown Kit Carson County,2026.0,,,,,,39.226509,-102.599586
3145012,CO,Kit Carson County,unknown Kit Carson County,2025.0,,,,,,39.103939,-102.489616
3144999,CO,Kit Carson County,unknown Kit Carson County,2026.0,,,,,,39.204956,-102.683884
3145263,CO,Kit Carson County,unknown Kit Carson County,2025.0,,,,,,39.093456,-102.499374
3144765,CO,Kit Carson County,unknown Kit Carson County,2025.0,,,,,,39.097546,-102.474167
3144641,CO,Kit Carson County,unknown Kit Carson County,2026.0,,,,,,39.153393,-102.617264
3144773,CO,Kit Carson County,unknown Kit Carson County,2026.0,,,,,,39.167629,-102.493423
3146132,CO,Kit Carson County,unknown Kit Carson County,,,,,,,39.201946,-102.75338
3145389,CO,Kit Carson County,unknown Kit Carson County,2026.0,,,,,,39.25642,-102.641365
3143721,CO,Kit Carson County,unknown Kit Carson County,2026.0,,,,,,39.169918,-102.500206
3144404,CO,Kit Carson County,unknown Kit Carson County,2026.0,,,,,,39.137222,-102.628082
3145323,CO,Kit Carson County,unknown Kit Carson County,2026.0,,,,,,39.172718,-102.531563
3145550,CO,Kit Carson County,unknown Kit Carson County,2026.0,,,,,,39.196587,-102.584389
3144334,CO,Kit Carson County,unknown Kit Carson County,2026.0,,,,,,39.136215,-102.591751
3144688,CO,Kit Carson County,unknown Kit Carson County,2026.0,,,,,,39.131569,-102.526367
3145464,CO,Kit Carson County,unknown Kit Carson County,2026.0,,,,,,39.148518,-102.574005
3145288,CO,Kit Carson County,unknown Kit Carson County,2026.0,,,,,,39.160633,-102.498344
3144748,CO,Kit Carson County,unknown Kit Carson County,2026.0,,,,,,39.173538,-102.574654
3145243,CO,Kit Carson County,unknown Kit Carson County,2026.0,,,,,,39.158237,-102.527344
3144556,CO,Kit Carson County,unknown Kit Carson County,2026.0,,,,,,39.153751,-102.654167
3145251,CO,Kit Carson County,unknown Kit Carson County,2026.0,,,,,,39.233875,-102.589973
3145383,CO,Kit Carson County,unknown Kit Carson County,2025.0,,,,,,39.235893,-102.645554
3145591,CO,Kit Carson County,unknown Kit Carson County,2026.0,,,,,,39.177734,-102.501259
3146140,CO,Kit Carson County,unknown Kit Carson County,,,,,,,39.195793,-102.603096
3145560,CO,Kit Carson County,unknown Kit Carson County,2025.0,,,,,,39.10078,-102.607414
3145549,CO,Kit Carson County,unknown Kit Carson County,2026.0,,,,,,39.125149,-102.657486
3145566,CO,Kit Carson County,unknown Kit Carson County,2026.0,,,,,,39.137657,-102.649429
3144937,CO,Kit Carson County,unknown Kit Carson County,2025.0,,,,,,39.110817,-102.611488
3144892,CO,Kit Carson County,unknown Kit Carson County,2026.0,,,,,,39.112297,-102.527672
3146129,CO,Kit Carson County,unknown Kit Carson County,,,,,,,39.196659,-102.598206
3144929,CO,Kit Carson County,unknown Kit Carson County,2026.0,,,,,,39.263412,-102.648415
3144789,CO,Kit Carson County,unknown Kit Carson County,2025.0,,,,,,39.231602,-102.624519
3143953,CO,Kit Carson County,unknown Kit Carson County,2026.0,,,,,,39.182545,-102.535202
3145259,CO,Kit Carson County,unknown Kit Carson County,2025.0,,,,,,39.109524,-102.494652
3143862,CO,Kit Carson County,unknown Kit Carson County,2026.0,,,,,,39.175915,-102.630386
3146128,CO,Kit Carson County,unknown Kit Carson County,,,,,,,39.213474,-102.746994
3144225,CO,Kit Carson County,unknown Kit Carson County,2025.0,,,,,,39.095409,-102.584167
3144890,CO,Kit Carson County,unknown Kit Carson County,2026.0,,,,,,39.208511,-102.739052
3145241,CO,Kit Carson County,unknown Kit Carson County,2025.0,,,,,,39.081135,-102.635109
3145287,CO,Kit Carson County,unknown Kit Carson County,2026.0,,,,,,39.154232,-102.476418
3144348,CO,Kit Carson County,unknown Kit Carson County,2026.0,,,,,,39.183041,-102.55175
3144252,CO,Kit Carson County,unknown Kit Carson County,2026.0,,,,,,39.111835,-102.536896
3144145,CO,Kit Carson County,unknown Kit Carson County,2026.0,,,,,,39.175434,-102.508659
3145605,CO,Kit Carson County,unknown Kit Carson County,2026.0,,,,,,39.231091,-102.7145
3145352,CO,Kit Carson County,unknown Kit Carson County,2026.0,,,,,,39.239414,-102.702065
3145563,CO,Kit Carson County,unknown Kit Carson County,2026.0,,,,,,39.131207,-102.499969
3144353,CO,Kit Carson County,unknown Kit Carson County,2025.0,,,,,,39.087482,-102.47802
3143819,CO,Kit Carson County,unknown Kit Carson County,2025.0,,,,,,39.236477,-102.629044
3143970,CO,Kit Carson County,unknown Kit Carson County,2026.0,,,,,,39.167896,-102.611595
3144682,CO,Kit Carson County,unknown Kit Carson County,2025.0,,,,,,39.118076,-102.506012
3145713,CO,Kit Carson County,unknown Kit Carson County,2026.0,,,,,,39.205307,-102.665565
3146130,CO,Kit Carson County,unknown Kit Carson County,,,,,,,39.193745,-102.528511
3144610,CO,Kit Carson County,unknown Kit Carson County,2026.0,,,,,,39.131874,-102.489182
3145310,CO,Kit Carson County,unknown Kit Carson County,2026.0,,,,,,39.13802,-102.610619
3144652,CO,Kit Carson County,unknown Kit Carson County,2026.0,,,,,,39.152229,-102.54464
3145285,CO,Kit Carson County,unknown Kit Carson County,2026.0,,,,,,39.155243,-102.455963
3144187,CO,Kit Carson County,unknown Kit Carson County,2026.0,,,,,,39.165932,-102.619972
3145568,CO,Kit Carson County,unknown Kit Carson County,2026.0,,,,,,39.203239,-102.60894
3145572,CO,Kit Carson County,unknown Kit Carson County,2026.0,,,,,,39.17458,-102.549103
3143734,CO,Kit Carson County,unknown Kit Carson County,2026.0,,,,,,39.118305,-102.574081
3144337,CO,Kit Carson County,unknown Kit Carson County,2026.0,,,,,,39.152397,-102.523575
3144262,CO,Kit Carson County,unknown Kit Carson County,2026.0,,,,,,39.230873,-102.720589
3145733,CO,Kit Carson County,unknown Kit Carson County,2026.0,,,,,,39.125114,-102.605034
3143983,CO,Kit Carson County,unknown Kit Carson County,2026.0,,,,,,39.183578,-102.528343
3145077,CO,Kit Carson County,unknown Kit Carson County,2026.0,,,,,,39.164257,-102.606087
3144864,CO,Kit Carson County,unknown Kit Carson County,2026.0,,,,,,39.144238,-102.588226
3145248,CO,Kit Carson County,unknown Kit Carson County,2025.0,,,,,,39.10289,-102.498291
3143836,CO,Kit Carson County,unknown Kit Carson County,2026.0,,,,,,39.178574,-102.517242
3145130,CO,Kit Carson County,unknown Kit Carson County,2026.0,,,,,,39.247952,-102.630989
3145484,CO,Kit Carson County,unknown Kit Carson County,2026.0,,,,,,39.154106,-102.48101
3145277,CO,Kit Carson County,unknown Kit Carson County,2026.0,,,,,,39.122475,-102.514519
3144104,CO,Kit Carson County,unknown Kit Carson County,2025.0,,,,,,39.118843,-102.495895
3145400,CO,Kit Carson County,unknown Kit Carson County,2026.0,,,,,,39.174297,-102.564751
3145164,CO,Kit Carson County,unknown Kit Carson County,2025.0,,,,,,39.12426,-102.617088
3145520,CO,Kit Carson County,unknown Kit Carson County,2026.0,,,,,,39.103168,-102.548943
3145142,CO,Kit Carson County,unknown Kit Carson County,2026.0,,,,,,39.198807,-102.57267
3145387,CO,Kit Carson County,unknown Kit Carson County,2026.0,,,,,,39.183594,-102.574493
3144284,CO,Kit Carson County,unknown Kit Carson County,2025.0,,,,,,39.218487,-102.61972
3144488,CO,Kit Carson County,unknown Kit Carson County,2026.0,,,,,,39.162918,-102.574692
3144696,CO,Kit Carson County,unknown Kit Carson County,2026.0,,,,,,39.245728,-102.660912
3145270,CO,Kit Carson County,unknown Kit Carson County,2025.0,,,,,,39.097599,-102.469383
3144424,CO,Kit Carson County,unknown Kit Carson County,2026.0,,,,,,39.120617,-102.553139
3145570,CO,Kit Carson County,unknown Kit Carson County,2026.0,,,,,,39.144951,-102.534325
3145346,CO,Kit Carson County,unknown Kit Carson County,2025.0,,,,,,39.071346,-102.623909
3143950,CO,Kit Carson County,unknown Kit Carson County,2025.0,,,,,,39.086731,-102.569191
3145297,CO,Kit Carson County,unknown Kit Carson County,2026.0,,,,,,39.125118,-102.593224
3145505,CO,Kit Carson County,unknown Kit Carson County,2026.0,,,,,,39.166248,-102.639061
3146133,CO,Kit Carson County,unknown Kit Carson County,,,,,,,39.190422,-102.524185
3145538,CO,Kit Carson County,unknown Kit Carson County,2026.0,,,,,,39.118801,-102.523972
3143062,IL,Knox County,unknown Knox County,,,,,,,41.079369,-90.150047
3143193,IL,Knox County,unknown Knox County,,,,,,,41.132889,-90.018074
3143194,IL,Knox County,unknown Knox County,,,,,,,41.044559,-90.186615
3143014,IL,Knox County,unknown Knox County,,,,,,,41.072823,-90.139214
3143456,IL,Knox County,unknown Knox County,,,,,,,41.075676,-90.159599
3143151,IL,Knox County,unknown Knox County,,,,,,,41.12286,-90.077301
3143583,IL,Knox County,unknown Knox County,,,,,,,41.060745,-90.12915
3143653,IL,Knox County,unknown Knox County,,,,,,,41.108849,-90.119774
3143352,IL,Knox County,unknown Knox County,,,,,,,41.108994,-90.105003
3143402,IL,Knox County,unknown Knox County,,,,,,,41.103931,-90.086273
3143539,IL,Knox County,unknown Knox County,,,,,,,41.139271,-90.156708
3143585,IL,Knox County,unknown Knox County,,,,,,,41.094013,-90.209198
3143415,IL,Knox County,unknown Knox County,,,,,,,41.068844,-90.201202
3133568,IL,LaSalle County,unknown LaSalle County,,,,,,,40.937473,-88.94664
3133486,IL,LaSalle County,unknown LaSalle County,,,,,,,40.952209,-88.992989
3133647,IL,LaSalle County,unknown LaSalle County,,,,,,,40.980244,-88.947319
3133602,IL,LaSalle County,unknown LaSalle County,,,,,,,40.950752,-89.023453
3133573,IL,LaSalle County,unknown LaSalle County,,,,,,,40.945015,-89.021378
3133621,IL,LaSalle County,unknown LaSalle County,,,,,,,40.945499,-89.034599
3133622,IL,LaSalle County,unknown LaSalle County,,,,,,,40.960953,-88.964066
3133674,IL,LaSalle County,unknown LaSalle County,,,,,,,40.936314,-89.043648
3133750,IL,LaSalle County,unknown LaSalle County,,,,,,,40.936333,-88.984726
3133668,IL,LaSalle County,unknown LaSalle County,,,,,,,40.962475,-89.035927
3133864,IL,LaSalle County,unknown LaSalle County,,,,,,,40.990116,-88.963638
3133526,IL,LaSalle County,unknown LaSalle County,,,,,,,41.011818,-88.974525
3133509,IL,LaSalle County,unknown LaSalle County,,,,,,,40.936199,-88.934631
3133565,IL,LaSalle County,unknown LaSalle County,,,,,,,41.024563,-88.943214
3133928,IL,LaSalle County,unknown LaSalle County,,,,,,,40.929916,-88.965904
3133909,IL,LaSalle County,unknown LaSalle County,,,,,,,40.968262,-88.945526
3133861,IL,LaSalle County,unknown LaSalle County,,,,,,,40.948116,-89.003044
3133705,IL,LaSalle County,unknown LaSalle County,,,,,,,40.930721,-89.016876
3133739,IL,LaSalle County,unknown LaSalle County,,,,,,,40.944927,-88.984673
3133874,IL,LaSalle County,unknown LaSalle County,,,,,,,40.946121,-88.95948
3133751,IL,LaSalle County,unknown LaSalle County,,,,,,,40.939026,-88.973572
3133487,IL,LaSalle County,unknown LaSalle County,,,,,,,40.960167,-89.019089
3133931,IL,LaSalle County,unknown LaSalle County,,,,,,,40.995899,-89.014153
3133527,IL,LaSalle County,unknown LaSalle County,,,,,,,40.975376,-88.994095
3133762,IL,LaSalle County,unknown LaSalle County,,,,,,,41.018085,-88.953384
3133626,IL,LaSalle County,unknown LaSalle County,,,,,,,41.003166,-88.975433
3133926,IL,LaSalle County,unknown LaSalle County,,,,,,,40.960144,-89.004387
3132286,IL,LaSalle County,unknown LaSalle County,2023.0,,,,,,41.621239,-89.112198
3133744,IL,LaSalle County,unknown LaSalle County,,,,,,,40.930473,-88.954849
3133654,IL,LaSalle County,unknown LaSalle County,,,,,,,41.004269,-88.934273
3133727,IL,LaSalle County,unknown LaSalle County,,,,,,,41.010231,-88.964172
3133733,IL,LaSalle County,unknown LaSalle County,,,,,,,41.00457,-88.994904
3133470,IL,LaSalle County,unknown LaSalle County,,,,,,,40.988331,-88.982109
3133932,IL,LaSalle County,unknown LaSalle County,,,,,,,40.938484,-88.95916
3133624,IL,LaSalle County,unknown LaSalle County,,,,,,,41.017593,-88.964012
3133673,IL,LaSalle County,unknown LaSalle County,,,,,,,40.953461,-88.984436
3133567,IL,LaSalle County,unknown LaSalle County,,,,,,,40.946636,-88.935143
3133623,IL,LaSalle County,unknown LaSalle County,,,,,,,41.005081,-88.953835
3133726,IL,LaSalle County,unknown LaSalle County,,,,,,,40.931671,-88.99498
3133564,IL,LaSalle County,unknown LaSalle County,,,,,,,40.960918,-88.977951
3133879,IL,LaSalle County,unknown LaSalle County,,,,,,,40.952682,-88.973358
3133627,IL,LaSalle County,unknown LaSalle County,,,,,,,41.018536,-88.983849
3133712,IL,LaSalle County,unknown LaSalle County,,,,,,,40.994881,-88.994972
3133760,IL,LaSalle County,unknown LaSalle County,,,,,,,40.929611,-88.976906
3133901,IL,LaSalle County,unknown LaSalle County,,,,,,,40.981991,-88.999382
3133853,IL,LaSalle County,unknown LaSalle County,,,,,,,41.010059,-88.984398
3142018,IL,Macon County,unknown Macon County,,,,,,,39.892559,-89.099991
3143198,IL,Macoupin County,unknown Macoupin County,,,,,,,39.49366,-89.955589
3143240,IL,Macoupin County,unknown Macoupin County,,,,,,,39.461021,-89.833206
3143146,IL,Macoupin County,unknown Macoupin County,,,,,,,39.489716,-89.941124
3143112,IL,Macoupin County,unknown Macoupin County,,,,,,,39.49033,-89.904915
3143330,IL,Macoupin County,unknown Macoupin County,,,,,,,39.509991,-89.845192
3143184,IL,Macoupin County,unknown Macoupin County,,,,,,,39.520115,-89.909676
3143325,IL,Macoupin County,unknown Macoupin County,,,,,,,39.479622,-89.851639
3143043,IL,Macoupin County,unknown Macoupin County,,,,,,,39.459263,-89.838142
3143015,IL,Macoupin County,unknown Macoupin County,,,,,,,39.481819,-89.87236
3142969,IL,Macoupin County,unknown Macoupin County,,,,,,,39.477333,-89.876701
3143534,IL,Macoupin County,unknown Macoupin County,2025.0,,,,,,39.509537,-89.839294
3143155,IL,Macoupin County,unknown Macoupin County,,,,,,,39.477581,-89.820541
3143507,IL,Macoupin County,unknown Macoupin County,,,,,,,39.487247,-89.836929
3143432,IL,Macoupin County,unknown Macoupin County,,,,,,,39.484814,-89.908264
3143648,IL,Macoupin County,unknown Macoupin County,,,,,,,39.486191,-89.949799
3143191,IL,Macoupin County,unknown Macoupin County,,,,,,,39.469326,-89.829895
3143093,IL,Macoupin County,unknown Macoupin County,,,,,,,39.497723,-89.918915
3143377,IL,Macoupin County,unknown Macoupin County,,,,,,,39.517982,-89.913887
3143545,IL,Macoupin County,unknown Macoupin County,2025.0,,,,,,39.458931,-89.844162
3143189,IL,Macoupin County,unknown Macoupin County,2025.0,,,,,,39.45903,-89.849693
3143410,IL,Macoupin County,unknown Macoupin County,2025.0,,,,,,39.459641,-89.856995
3143037,IL,Macoupin County,unknown Macoupin County,,,,,,,39.487209,-89.955917
3143039,IL,Macoupin County,unknown Macoupin County,,,,,,,39.495907,-89.914291
3143173,IL,Macoupin County,unknown Macoupin County,,,,,,,39.473904,-89.829735
3143269,IL,Macoupin County,unknown Macoupin County,,,,,,,39.485874,-89.827568
3143458,IL,Macoupin County,unknown Macoupin County,,,,,,,39.475014,-89.837692
3143192,IL,Macoupin County,unknown Macoupin County,2025.0,,,,,,39.505081,-89.834496
3131623,IL,McLean County,unknown McLean County,2023.0,2800.0,89.0,127.0,12667.69,152.5,40.512859,-89.049507
3066633,NY,Montgomery County,unknown Montgomery County,2017.0,,,,,,42.951988,-74.560989
3052515,NY,Montgomery County,unknown Montgomery County,2015.0,,,,,,42.858387,-74.459503
3086886,NY,Niagara County,unknown Niagara County,2017.0,,,,,,43.282898,-78.493965
3077968,NY,Oneida County,unknown Oneida County,2017.0,,,,,,42.976818,-75.445847
3086750,NY,Oneida County,unknown Oneida County,2017.0,,,,,,42.974724,-75.448891
3143636,NY,Orleans County,unknown Orleans County,,,,,,,43.204556,-78.124542
3143393,NY,Orleans County,unknown Orleans County,,,,,,,43.210022,-78.126137
3143137,NY,Orleans County,unknown Orleans County,,,,,,,43.150333,-78.18074
3143645,NY,Orleans County,unknown Orleans County,,,,,,,43.202641,-78.120811
3143336,NY,Orleans County,unknown Orleans County,,,,,,,43.207142,-78.126045
3143639,NY,Orleans County,unknown Orleans County,,,,,,,43.180511,-78.20163
3143241,NY,Steuben County,unknown Steuben County,,,,,,,42.478733,-77.408775
3143079,NY,Steuben County,unknown Steuben County,,,,,,,42.469193,-77.447395
3143075,NY,Steuben County,unknown Steuben County,,,,,,,42.493805,-77.360451
3143342,NY,Steuben County,unknown Steuben County,,,,,,,42.510059,-77.415077
3143398,NY,Steuben County,unknown Steuben County,,,,,,,42.438232,-77.508354
3143570,NY,Steuben County,unknown Steuben County,,,,,,,42.531136,-77.351402
3143451,NY,Steuben County,unknown Steuben County,,,,,,,42.455204,-77.36586
3143652,NY,Steuben County,unknown Steuben County,,,,,,,42.503025,-77.348549
3143482,NY,Steuben County,unknown Steuben County,,,,,,,42.441586,-77.495049
3143136,NY,Steuben County,unknown Steuben County,,,,,,,42.380966,-77.497398
3143363,NY,Steuben County,unknown Steuben County,,,,,,,42.414688,-77.520432
3142971,NY,Steuben County,unknown Steuben County,,,,,,,42.443676,-77.360016
3143549,NY,Steuben County,unknown Steuben County,,,,,,,42.479404,-77.46344
3143378,NY,Steuben County,unknown Steuben County,,,,,,,42.436028,-77.51725
3143400,NY,Steuben County,unknown Steuben County,,,,,,,42.473194,-77.420746
3143158,NY,Steuben County,unknown Steuben County,,,,,,,42.481625,-77.380463
3143086,NY,Steuben County,unknown Steuben County,,,,,,,42.507015,-77.345161
3143399,NY,Steuben County,unknown Steuben County,,,,,,,42.388912,-77.545601
3143095,NY,Steuben County,unknown Steuben County,,,,,,,42.501839,-77.413887
3143038,NY,Steuben County,unknown Steuben County,,,,,,,42.518105,-77.370369
3143334,NY,Steuben County,unknown Steuben County,,,,,,,42.456657,-77.42849
3143375,NY,Steuben County,unknown Steuben County,,,,,,,42.482231,-77.44915
3143439,NY,Steuben County,unknown Steuben County,,,,,,,42.442432,-77.487167
3143401,NY,Steuben County,unknown Steuben County,,,,,,,42.383652,-77.55674
3143132,NY,Steuben County,unknown Steuben County,,,,,,,42.415356,-77.503136
3143177,NY,Steuben County,unknown Steuben County,,,,,,,42.452972,-77.404938
3143176,NY,Steuben County,unknown Steuben County,,,,,,,42.417118,-77.539665
3143394,NY,Steuben County,unknown Steuben County,,,,,,,42.414871,-77.512871
3143474,NY,Steuben County,unknown Steuben County,,,,,,,42.522991,-77.351242
3142998,NY,Steuben County,unknown Steuben County,,,,,,,42.490963,-77.370667
3143044,NY,Steuben County,unknown Steuben County,,,,,,,42.378563,-77.487465
3143343,NY,Steuben County,unknown Steuben County,,,,,,,42.484886,-77.372742
3143380,NY,Steuben County,unknown Steuben County,,,,,,,42.451599,-77.434219
3142995,NY,Steuben County,unknown Steuben County,,,,,,,42.537205,-77.334648
3143016,NY,Steuben County,unknown Steuben County,,,,,,,42.48946,-77.440796
3143290,NY,Steuben County,unknown Steuben County,,,,,,,42.376938,-77.52269
3143056,NY,Steuben County,unknown Steuben County,,,,,,,42.490395,-77.457375
3134858,CO,Washington County,unknown Washington County,2024.0,,,,,,40.149403,-103.1744
3136990,CO,Washington County,unknown Washington County,2024.0,,,,,,40.14883,-103.172028
3137925,IL,Woodford County,unknown Woodford County,,,,,,,40.814308,-89.145149
3139348,IL,Woodford County,unknown Woodford County,,,,,,,40.767464,-89.166367
3137947,IL,Woodford County,unknown Woodford County,,,,,,,40.833946,-89.031578
3139240,IL,Woodford County,unknown Woodford County,,,,,,,40.828754,-89.101204
3137960,IL,Woodford County,unknown Woodford County,,,,,,,40.844692,-88.984573
3139405,IL,Woodford County,unknown Woodford County,,,,,,,40.816925,-89.116463
3137985,IL,Woodford County,unknown Woodford County,,,,,,,40.842918,-88.99897
3139300,IL,Woodford County,unknown Woodford County,,,,,,,40.816341,-88.952507
3139368,IL,Woodford County,unknown Woodford County,,,,,,,40.819836,-88.97625
3139385,IL,Woodford County,unknown Woodford County,,,,,,,40.86953,-89.044479
3138044,IL,Woodford County,unknown Woodford County,,,,,,,40.829456,-89.073067
3146126,IL,Woodford County,unknown Woodford County,,,,,,,40.864742,-89.040718
3139400,IL,Woodford County,unknown Woodford County,,,,,,,40.830208,-89.051666
3146135,IL,Woodford County,unknown Woodford County,,,,,,,40.848408,-89.00486
3138009,IL,Woodford County,unknown Woodford County,,,,,,,40.799858,-89.105759
3139452,IL,Woodford County,unknown Woodford County,,,,,,,40.815327,-89.101784
3139269,IL,Woodford County,unknown Woodford County,,,,,,,40.770237,-89.137749
3139254,IL,Woodford County,unknown Woodford County,,,,,,,40.820866,-89.097992
3137864,IL,Woodford County,unknown Woodford County,,,,,,,40.818787,-89.041901
3138142,IL,Woodford County,unknown Woodford County,,,,,,,40.847488,-89.050278
3144587,IL,Woodford County,unknown Woodford County,2025.0,,,,,,40.829075,-88.971497
3137883,IL,Woodford County,unknown Woodford County,,,,,,,40.844429,-88.992661
3137946,IL,Woodford County,unknown Woodford County,,,,,,,40.80637,-89.123871
3137998,IL,Woodford County,unknown Woodford County,,,,,,,40.841152,-89.033203
3139454,IL,Woodford County,unknown Woodford County,,,,,,,40.806671,-89.135628
3139262,IL,Woodford County,unknown Woodford County,,,,,,,40.773838,-89.161484
3137893,IL,Woodford County,unknown Woodford County,,,,,,,40.86562,-89.016251
3146136,IL,Woodford County,unknown Woodford County,,,,,,,40.818726,-88.990509
3145614,IL,Woodford County,unknown Woodford County,2025.0,,,,,,40.83392,-88.981941
3139298,IL,Woodford County,unknown Woodford County,,,,,,,40.81358,-89.078629
3139399,IL,Woodford County,unknown Woodford County,,,,,,,40.817669,-89.128723
3138067,IL,Woodford County,unknown Woodford County,,,,,,,40.813232,-88.998215
3145391,IL,Woodford County,unknown Woodford County,2025.0,,,,,,40.829174,-88.985374
3137847,IL,Woodford County,unknown Woodford County,,,,,,,40.792309,-89.13839
3138127,IL,Woodford County,unknown Woodford County,,,,,,,40.835583,-89.078178
3137957,IL,Woodford County,unknown Woodford County,,,,,,,40.830177,-89.000427
3138027,IL,Woodford County,unknown Woodford County,,,,,,,40.836239,-88.996506
3138123,IL,Woodford County,unknown Woodford County,,,,,,,40.813866,-89.135414
3139251,IL,Woodford County,unknown Woodford County,,,,,,,40.799866,-89.128487
3138011,IL,Woodford County,unknown Woodford County,,,,,,,40.783123,-89.082207
3139291,IL,Woodford County,unknown Woodford County,,,,,,,40.864677,-89.050972
3137889,IL,Woodford County,unknown Woodford County,,,,,,,40.792835,-89.115334
3139460,IL,Woodford County,unknown Woodford County,,,,,,,40.800568,-89.119652
3146137,IL,Woodford County,unknown Woodford County,,,,,,,40.816383,-89.004372
3138010,IL,Woodford County,unknown Woodford County,,,,,,,40.830048,-89.01107
3139398,IL,Woodford County,unknown Woodford County,,,,,,,40.77718,-89.147644
3139297,IL,Woodford County,unknown Woodford County,,,,,,,40.7845,-89.095596
3139299,IL,Woodford County,unknown Woodford County,,,,,,,40.762058,-89.165916
3146131,IL,Woodford County,unknown Woodford County,,,,,,,40.819908,-88.961967
3139378,IL,Woodford County,unknown Woodford County,,,,,,,40.770313,-89.155296
3146127,IL,Woodford County,unknown Woodford County,,,,,,,40.84325,-88.976265
3137926,IL,Woodford County,unknown Woodford County,,,,,,,40.815708,-89.076836
3053232,NY,Wyoming County,unknown Wyoming County,2016.0,,,,,,42.740818,-78.187935
3137112,NY,Wyoming County,unknown Wyoming County,,,,,,,42.528683,-78.315376
3137060,NY,Wyoming County,unknown Wyoming County,,,,,,,42.526249,-78.348793
3137020,NY,Wyoming County,unknown Wyoming County,,,,,,,42.525234,-78.313118
3136993,NY,Wyoming County,unknown Wyoming County,,,,,,,42.535385,-78.311478
3137050,NY,Wyoming County,unknown Wyoming County,,,,,,,42.529613,-78.34549
3137018,NY,Wyoming County,unknown Wyoming County,,,,,,,42.525211,-78.375504
3055917,CO,Yuma County,unknown Yuma County,2016.0,,,,,,40.035072,-102.717171
3055918,CO,Yuma County,unknown Yuma County,2016.0,,,,,,40.037548,-102.716949
